seqName;initialSeqLength;nbKeep;nbTrim;nbInformativeTrim;percentKeepExcludingExtremities;percentKeepIncludingExtremities;keptSequences
Acanthisitta_chloris_1;1365;999;366;366;1.0;0.731;true
Acanthisitta_chloris_2;1365;999;366;366;1.0;0.731;true
Accipiter_superciliosus_1;1068;1002;66;66;1.0;0.938;true
Accipiter_superciliosus_2;1068;1002;66;66;1.0;0.938;true
Aegotheles_insignis_1;1161;993;168;168;1.0;0.855;true
Aegotheles_insignis_2;1161;993;168;168;1.0;0.855;true
Alcedo_quadribrachys_1;369;369;0;0;1.0;1.0;true
Alcedo_quadribrachys_2;369;369;0;0;1.0;1.0;true
Anas_superciliosa_1;1161;993;168;168;1.0;0.855;true
Anas_superciliosa_2;1161;993;168;168;1.0;0.855;true
Anhinga_anhinga_1;1098;993;105;105;1.0;0.904;true
Anhinga_anhinga_2;1098;993;105;105;1.0;0.904;true
Anser_canagicus_1;1053;993;60;60;1.0;0.943;true
Anser_canagicus_2;1053;993;60;60;1.0;0.943;true
Anseranas_semipalmata_1;972;972;0;0;1.0;1.0;true
Anseranas_semipalmata_2;972;972;0;0;1.0;1.0;true
Apaloderma_aequatoriale_1;1047;1002;45;45;1.0;0.957;true
Apaloderma_aequatoriale_2;1047;1002;45;45;1.0;0.957;true
Apteryx_sp._1;1059;990;69;69;1.0;0.934;true
Apteryx_sp._2;1059;990;69;69;1.0;0.934;true
Aramus_guarauna_1;1035;996;39;39;1.0;0.962;true
Aramus_guarauna_2;1035;996;39;39;1.0;0.962;true
Archilochus_colubris_1;1140;993;147;147;1.0;0.871;true
Archilochus_colubris_2;1140;993;147;147;1.0;0.871;true
Ardea_herodias_1;1077;996;81;81;1.0;0.924;true
Ardea_herodias_2;1077;996;81;81;1.0;0.924;true
Ardeotis_kori_1;1236;993;243;243;1.0;0.803;true
Ardeotis_kori_2;1236;993;243;243;1.0;0.803;true
Arenaria_interpres_1;1074;993;81;81;1.0;0.924;true
Arenaria_interpres_2;1074;993;81;81;1.0;0.924;true
Atelornis_pittoides_1;1131;996;135;135;1.0;0.88;true
Atelornis_pittoides_2;1131;996;135;135;1.0;0.88;true
Aythya_valisineria_1;1074;993;81;81;1.0;0.924;true
Aythya_valisineria_2;1074;993;81;81;1.0;0.924;true
Balaeniceps_rex_1;1281;987;294;294;1.0;0.77;true
Balaeniceps_rex_2;1281;987;294;294;1.0;0.77;true
Balearica_regulorum_1;1179;993;186;186;1.0;0.842;true
Balearica_regulorum_2;1179;993;186;186;1.0;0.842;true
Barnardius_zonarius_1;1050;990;60;60;1.0;0.942;true
Barnardius_zonarius_2;1050;990;60;60;1.0;0.942;true
Bonasa_umbellus_1;1035;993;42;42;1.0;0.959;true
Bonasa_umbellus_2;1035;993;42;42;1.0;0.959;true
Buccanodon_duchaillui_1;1053;993;60;60;1.0;0.943;true
Buccanodon_duchaillui_2;1053;993;60;60;1.0;0.943;true
Bucco_capensis_1;1104;993;111;111;1.0;0.899;true
Bucco_capensis_2;1104;993;111;111;1.0;0.899;true
Bucorvus_leadbeateri_1;1035;993;42;42;1.0;0.959;true
Bucorvus_leadbeateri_2;1035;993;42;42;1.0;0.959;true
Burhinus_oedicnemus_1;987;987;0;0;1.0;1.0;true
Burhinus_oedicnemus_2;987;987;0;0;1.0;1.0;true
Buteo_jamaicensis_1;1128;1002;126;126;1.0;0.888;true
Buteo_jamaicensis_2;1128;1002;126;126;1.0;0.888;true
Caiman_croccodilus_1;660;660;0;0;1.0;1.0;true
Caiman_croccodilus_2;660;660;0;0;1.0;1.0;true
Calandrella_brachydactyla_1;1188;996;192;192;1.0;0.838;true
Calandrella_brachydactyla_2;1188;996;192;192;1.0;0.838;true
Calyptomena_viridis_1;993;993;0;0;1.0;1.0;true
Calyptomena_viridis_2;993;993;0;0;1.0;1.0;true
Capito_niger_1;1011;996;15;15;1.0;0.985;true
Capito_niger_2;1011;996;15;15;1.0;0.985;true
Caprimulgus_europaeus_1;1188;993;195;195;1.0;0.835;true
Caprimulgus_europaeus_2;1188;993;195;195;1.0;0.835;true
Caracara_cheriway_1;1218;993;225;225;1.0;0.815;true
Caracara_cheriway_2;1218;993;225;225;1.0;0.815;true
Cariama_cristata_1;1080;993;87;87;1.0;0.919;true
Cariama_cristata_2;1080;993;87;87;1.0;0.919;true
Casuarius_bennetti_1;1149;993;156;156;1.0;0.864;true
Casuarius_bennetti_2;1149;993;156;156;1.0;0.864;true
Cathartes_burrovianus_1;879;879;0;0;1.0;1.0;true
Cathartes_burrovianus_2;879;879;0;0;1.0;1.0;true
Centropus_bengalensis_1;987;987;0;0;1.0;1.0;true
Centropus_bengalensis_2;987;987;0;0;1.0;1.0;true
Chaetura_brachyura_1;1200;996;204;204;1.0;0.83;true
Chaetura_brachyura_2;1200;996;204;204;1.0;0.83;true
Charadrius_hiaticula_1;1059;993;66;66;1.0;0.937;true
Charadrius_hiaticula_2;1059;993;66;66;1.0;0.937;true
Chauna_torquata_1;1329;993;336;336;1.0;0.747;true
Chauna_torquata_2;1329;993;336;336;1.0;0.747;true
Chelidoptera_tenebrosa_1;1191;993;198;198;1.0;0.833;true
Chelidoptera_tenebrosa_2;1191;993;198;198;1.0;0.833;true
Chloroceryle_inda_1;936;936;0;0;1.0;1.0;true
Chloroceryle_inda_2;936;936;0;0;1.0;1.0;true
Chordeiles_pusillus_1;1110;993;117;117;1.0;0.894;true
Chordeiles_pusillus_2;1110;993;117;117;1.0;0.894;true
Chroicocephalus_cirrocephalus_1;825;825;0;0;1.0;1.0;true
Chroicocephalus_cirrocephalus_2;825;825;0;0;1.0;1.0;true
Chunga_burmeisteri_1;1293;993;300;300;1.0;0.767;true
Chunga_burmeisteri_2;1293;993;300;300;1.0;0.767;true
Ciconia_nigra_1;1035;993;42;42;1.0;0.959;true
Ciconia_nigra_2;1035;993;42;42;1.0;0.959;true
Climacteris_melanura_1;1233;996;237;237;1.0;0.807;true
Climacteris_melanura_2;1233;996;237;237;1.0;0.807;true
Coccyzus_melacoryphus_1;1065;993;72;72;1.0;0.932;true
Coccyzus_melacoryphus_2;1065;993;72;72;1.0;0.932;true
Colinus_cristatus_1;915;915;0;0;1.0;1.0;true
Colinus_cristatus_2;915;915;0;0;1.0;1.0;true
Colius_colius_1;1017;993;24;24;1.0;0.976;true
Colius_colius_2;1017;993;24;24;1.0;0.976;true
Columba_livia_1;1029;993;36;36;1.0;0.965;true
Columba_livia_2;1029;993;36;36;1.0;0.965;true
Columbina_minuta_1;975;975;0;0;1.0;1.0;true
Columbina_minuta_2;975;975;0;0;1.0;1.0;true
Coracias_cyanogaster_1;534;534;0;0;1.0;1.0;true
Coracias_cyanogaster_2;534;534;0;0;1.0;1.0;true
Corvus_albus_1;993;993;0;0;1.0;1.0;true
Corvus_albus_2;993;993;0;0;1.0;1.0;true
Corythaeola_cristata_1;1020;990;30;30;1.0;0.97;true
Corythaeola_cristata_2;1020;990;30;30;1.0;0.97;true
Cotinga_cayana_1;1167;996;171;171;1.0;0.853;true
Cotinga_cayana_2;1167;996;171;171;1.0;0.853;true
Crax_alector_1;993;990;3;3;1.0;0.996;true
Crax_alector_2;993;990;3;3;1.0;0.996;true
Crocodylus_porosus_1;816;816;0;0;1.0;1.0;true
Crocodylus_porosus_2;816;816;0;0;1.0;1.0;true
Cryptopipo_aenigma_1;906;906;0;0;1.0;1.0;true
Cryptopipo_aenigma_2;906;906;0;0;1.0;1.0;true
Crypturellus_tataupa_1;960;960;0;0;1.0;1.0;true
Crypturellus_tataupa_2;960;960;0;0;1.0;1.0;true
Cuculus_optatus_1;1170;993;177;177;1.0;0.848;true
Cuculus_optatus_2;1170;993;177;177;1.0;0.848;true
Dendrocygna_viduata_1;843;843;0;0;1.0;1.0;true
Dendrocygna_viduata_2;843;843;0;0;1.0;1.0;true
Deroptyus_accipitrinus_1;1128;990;138;138;1.0;0.877;true
Deroptyus_accipitrinus_2;1128;990;138;138;1.0;0.877;true
Dromaius_novaehollandiae_1;1092;993;99;99;1.0;0.909;true
Dromaius_novaehollandiae_2;1092;993;99;99;1.0;0.909;true
Elaenia_flavogaster_1;999;996;3;3;1.0;0.996;true
Elaenia_flavogaster_2;999;996;3;3;1.0;0.996;true
Elanus_leucurus_1;669;639;30;30;1.0;0.955;true
Elanus_leucurus_2;669;639;30;30;1.0;0.955;true
Eudromia_elegans_1;969;969;0;0;1.0;1.0;true
Eudromia_elegans_2;969;969;0;0;1.0;1.0;true
Eurostopodus_macrotis_1;1035;996;39;39;1.0;0.962;true
Eurostopodus_macrotis_2;1035;996;39;39;1.0;0.962;true
Eurylaimus_ochromalus_1;831;831;0;0;1.0;1.0;true
Eurylaimus_ochromalus_2;831;831;0;0;1.0;1.0;true
Eurypyga_helias_1;939;909;30;30;1.0;0.968;true
Eurypyga_helias_2;939;909;30;30;1.0;0.968;true
Falco_sparverius_1;1194;993;201;201;1.0;0.831;true
Falco_sparverius_2;1194;993;201;201;1.0;0.831;true
Fregata_magnificens_1;1125;993;132;132;1.0;0.882;true
Fregata_magnificens_2;1125;993;132;132;1.0;0.882;true
Fringilla_coelebs_1;993;993;0;0;1.0;1.0;true
Fringilla_coelebs_2;993;993;0;0;1.0;1.0;true
Fulmarus_glacialoides_1;1062;993;69;69;1.0;0.935;true
Fulmarus_glacialoides_2;1062;993;69;69;1.0;0.935;true
Furnarius_rufus_1;987;987;0;0;1.0;1.0;true
Furnarius_rufus_2;987;987;0;0;1.0;1.0;true
Galbula_dea_1;1332;993;339;339;1.0;0.745;true
Galbula_dea_2;1332;993;339;339;1.0;0.745;true
Gallus_gallus_1;1191;993;198;198;1.0;0.833;true
Gallus_gallus_2;1191;993;198;198;1.0;0.833;true
Gavia_immer_1;1071;993;78;78;1.0;0.927;true
Gavia_immer_2;1071;993;78;78;1.0;0.927;true
Glareola_nuchalis_1;1125;993;132;132;1.0;0.882;true
Glareola_nuchalis_2;1125;993;132;132;1.0;0.882;true
Grus_canadensis_1;894;894;0;0;1.0;1.0;true
Grus_canadensis_2;894;894;0;0;1.0;1.0;true
Haematopus_palliatus_1;1167;993;174;174;1.0;0.85;true
Haematopus_palliatus_2;1167;993;174;174;1.0;0.85;true
Heliornis_fulica_1;1248;1002;246;246;1.0;0.802;true
Heliornis_fulica_2;1248;1002;246;246;1.0;0.802;true
Hemiprocne_comata_1;1029;990;39;39;1.0;0.962;true
Hemiprocne_comata_2;1029;990;39;39;1.0;0.962;true
Hirundinea_ferruginea_1;1116;996;120;120;1.0;0.892;true
Hirundinea_ferruginea_2;1116;996;120;120;1.0;0.892;true
Hymenops_perspicillatus_1;996;996;0;0;1.0;1.0;true
Hymenops_perspicillatus_2;996;996;0;0;1.0;1.0;true
Ibycter_americanus_1;1218;993;225;225;1.0;0.815;true
Ibycter_americanus_2;1218;993;225;225;1.0;0.815;true
Indicator_exilis_1;1008;996;12;12;1.0;0.988;true
Indicator_exilis_2;1008;996;12;12;1.0;0.988;true
Ixobrychus_minutus_1;1137;993;144;144;1.0;0.873;true
Ixobrychus_minutus_2;1137;993;144;144;1.0;0.873;true
Jacana_jacana_1;1161;993;168;168;1.0;0.855;true
Jacana_jacana_2;1161;993;168;168;1.0;0.855;true
Jynx_torquilla_1;1089;996;93;93;1.0;0.914;true
Jynx_torquilla_2;1089;996;93;93;1.0;0.914;true
Leipoa_ocellata_1;975;975;0;0;1.0;1.0;true
Leipoa_ocellata_2;975;975;0;0;1.0;1.0;true
Lepidocolaptes_angustirostr_1;981;981;0;0;1.0;1.0;true
Lepidocolaptes_angustirostr_2;981;981;0;0;1.0;1.0;true
Leptoptilos_crumeniferus_1;1164;993;171;171;1.0;0.853;true
Leptoptilos_crumeniferus_2;1164;993;171;171;1.0;0.853;true
Leptosomus_discolor_1;1038;993;45;45;1.0;0.956;true
Leptosomus_discolor_2;1038;993;45;45;1.0;0.956;true
Leptotila_rufaxilla_1;951;951;0;0;1.0;1.0;true
Leptotila_rufaxilla_2;951;951;0;0;1.0;1.0;true
Limosa_lapponica_1;1089;993;96;96;1.0;0.911;true
Limosa_lapponica_2;1089;993;96;96;1.0;0.911;true
Lophorina_superba_1;969;969;0;0;1.0;1.0;true
Lophorina_superba_2;969;969;0;0;1.0;1.0;true
Malurus_splendens_1;840;840;0;0;1.0;1.0;true
Malurus_splendens_2;840;840;0;0;1.0;1.0;true
Megalaima_chrysopogon_1;996;996;0;0;1.0;1.0;true
Megalaima_chrysopogon_2;996;996;0;0;1.0;1.0;true
Melanopareia_maximilian_1;987;987;0;0;1.0;1.0;true
Melanopareia_maximilian_2;987;987;0;0;1.0;1.0;true
Menura_novaehollandiae_1;972;972;0;0;1.0;1.0;true
Menura_novaehollandiae_2;972;972;0;0;1.0;1.0;true
Merops_muelleri_1;1050;999;51;51;1.0;0.951;true
Merops_muelleri_2;1050;999;51;51;1.0;0.951;true
Mesitornis_unicolor_1;951;951;0;0;1.0;1.0;true
Mesitornis_unicolor_2;951;951;0;0;1.0;1.0;true
Micrastur_gilvicollis_1;1221;993;228;228;1.0;0.813;true
Micrastur_gilvicollis_2;1221;993;228;228;1.0;0.813;true
Micropygia_schomburgkii_1;1287;993;294;294;1.0;0.771;true
Micropygia_schomburgkii_2;1287;993;294;294;1.0;0.771;true
Momotus_lessonii_1;1194;996;198;198;1.0;0.834;true
Momotus_lessonii_2;1194;996;198;198;1.0;0.834;true
Monias_benschi_1;1254;993;261;261;1.0;0.791;true
Monias_benschi_2;1254;993;261;261;1.0;0.791;true
Morus_serrator_1;1119;993;126;126;1.0;0.887;true
Morus_serrator_2;1119;993;126;126;1.0;0.887;true
Myiobius_barbatus_1;942;942;0;0;1.0;1.0;true
Myiobius_barbatus_2;942;942;0;0;1.0;1.0;true
Myrmornis_torquata_1;1074;996;78;78;1.0;0.927;true
Myrmornis_torquata_2;1074;996;78;78;1.0;0.927;true
Myrmothera_campanisona_1;771;771;0;0;1.0;1.0;true
Myrmothera_campanisona_2;771;771;0;0;1.0;1.0;true
Neodrepanis_coruscans_1;1005;996;9;9;1.0;0.991;true
Neodrepanis_coruscans_2;1005;996;9;9;1.0;0.991;true
Neopelma_chrysocephalum_1;1002;996;6;6;1.0;0.994;true
Neopelma_chrysocephalum_2;1002;996;6;6;1.0;0.994;true
Nestor_meridionalis_1;1047;993;54;54;1.0;0.948;true
Nestor_meridionalis_2;1047;993;54;54;1.0;0.948;true
Nothoprocta_ornata_1;939;939;0;0;1.0;1.0;true
Nothoprocta_ornata_2;939;939;0;0;1.0;1.0;true
Numida_malagris_1;1110;993;117;117;1.0;0.894;true
Numida_malagris_2;1110;993;117;117;1.0;0.894;true
Nyctibius_griseus_1;1071;993;78;78;1.0;0.927;true
Nyctibius_griseus_2;1071;993;78;78;1.0;0.927;true
Oceanites_oceanicus_1;1164;990;174;174;1.0;0.85;true
Oceanites_oceanicus_2;1164;990;174;174;1.0;0.85;true
Oceanodroma_leucorhoa_1;954;954;0;0;1.0;1.0;true
Oceanodroma_leucorhoa_2;954;954;0;0;1.0;1.0;true
Odontophorus_gujanensis_1;1077;993;84;84;1.0;0.922;true
Odontophorus_gujanensis_2;1077;993;84;84;1.0;0.922;true
Opisthocomus_hoazin_1;1053;993;60;60;1.0;0.943;true
Opisthocomus_hoazin_2;1053;993;60;60;1.0;0.943;true
Ortalis_motmot_1;990;990;0;0;1.0;1.0;true
Ortalis_motmot_2;990;990;0;0;1.0;1.0;true
Oxyruncus_cristatus_1;933;933;0;0;1.0;1.0;true
Oxyruncus_cristatus_2;933;933;0;0;1.0;1.0;true
Oxyura_jamaicensis_1;1074;993;81;81;1.0;0.924;true
Oxyura_jamaicensis_2;1074;993;81;81;1.0;0.924;true
Pandion_haliaetus_1;1122;990;132;132;1.0;0.882;true
Pandion_haliaetus_2;1122;990;132;132;1.0;0.882;true
Pedionomus_torquatus_1;1242;993;249;249;1.0;0.799;true
Pedionomus_torquatus_2;1242;993;249;249;1.0;0.799;true
Pelagodroma_marina_1;1086;990;96;96;1.0;0.911;true
Pelagodroma_marina_2;1086;990;96;96;1.0;0.911;true
Pelecanoides_urinatrix_1;1026;993;33;33;1.0;0.967;true
Pelecanoides_urinatrix_2;1026;993;33;33;1.0;0.967;true
Pelecanus_occidentalis_1;1209;993;216;216;1.0;0.821;true
Pelecanus_occidentalis_2;1209;993;216;216;1.0;0.821;true
Phaethon_rubricauda_1;1074;993;81;81;1.0;0.924;true
Phaethon_rubricauda_2;1074;993;81;81;1.0;0.924;true
Phaethornis_superciliosus_1;1077;993;84;84;1.0;0.922;true
Phaethornis_superciliosus_2;1077;993;84;84;1.0;0.922;true
Phalacrocorax_brasili_1;1281;993;288;288;1.0;0.775;true
Phalacrocorax_brasili_2;1281;993;288;288;1.0;0.775;true
Phoebastria_nigripes_1;1005;993;12;12;1.0;0.988;true
Phoebastria_nigripes_2;1005;993;12;12;1.0;0.988;true
Phoenicopterus_ruber_1;1290;993;297;297;1.0;0.769;true
Phoenicopterus_ruber_2;1290;993;297;297;1.0;0.769;true
Phoeniculus_purpureus_1;939;939;0;0;1.0;1.0;true
Phoeniculus_purpureus_2;939;939;0;0;1.0;1.0;true
Picus_canus_1;1008;990;18;18;1.0;0.982;true
Picus_canus_2;1008;990;18;18;1.0;0.982;true
Pipra_erythrocephala_1;1269;996;273;273;1.0;0.784;true
Pipra_erythrocephala_2;1269;996;273;273;1.0;0.784;true
Piprites_chloris_1;1146;996;150;150;1.0;0.869;true
Piprites_chloris_2;1146;996;150;150;1.0;0.869;true
Pitta_angolensis_1;1062;996;66;66;1.0;0.937;true
Pitta_angolensis_2;1062;996;66;66;1.0;0.937;true
Podargus_strigoides_1;1086;993;93;93;1.0;0.914;true
Podargus_strigoides_2;1086;993;93;93;1.0;0.914;true
Poecile_lugubris_1;993;993;0;0;1.0;1.0;true
Poecile_lugubris_2;993;993;0;0;1.0;1.0;true
Porphyrio_porphyrio_1;1176;993;183;183;1.0;0.844;true
Porphyrio_porphyrio_2;1176;993;183;183;1.0;0.844;true
Probosciger_aterrimus_1;468;468;0;0;1.0;1.0;true
Probosciger_aterrimus_2;468;468;0;0;1.0;1.0;true
Psittacus_erithacus_1;1113;984;129;129;1.0;0.884;true
Psittacus_erithacus_2;1113;984;129;129;1.0;0.884;true
Psittrichas_fulgidus_1;1167;990;177;177;1.0;0.848;true
Psittrichas_fulgidus_2;1167;990;177;177;1.0;0.848;true
Psophia_crepitans_1;1065;993;72;72;1.0;0.932;true
Psophia_crepitans_2;1065;993;72;72;1.0;0.932;true
Pterocles_bicinctus_1;1206;987;219;219;1.0;0.818;true
Pterocles_bicinctus_2;1206;987;219;219;1.0;0.818;true
Pterodroma_externa_1;1293;993;300;300;1.0;0.767;true
Pterodroma_externa_2;1293;993;300;300;1.0;0.767;true
Ptilinopus_magnificus_1;1134;993;141;141;1.0;0.875;true
Ptilinopus_magnificus_2;1134;993;141;141;1.0;0.875;true
Ptilonorhynchus_violaceus_1;1041;996;45;45;1.0;0.956;true
Ptilonorhynchus_violaceus_2;1041;996;45;45;1.0;0.956;true
Puffinus_griseus_1;1131;993;138;138;1.0;0.877;true
Puffinus_griseus_2;1131;993;138;138;1.0;0.877;true
Pycnonotus_macrotis_1;993;993;0;0;1.0;1.0;true
Pycnonotus_macrotis_2;993;993;0;0;1.0;1.0;true
Rallus_longirostris_1;609;609;0;0;1.0;1.0;true
Rallus_longirostris_2;609;609;0;0;1.0;1.0;true
Ramphastos_ambiguus_1;1251;1002;249;249;1.0;0.8;true
Ramphastos_ambiguus_2;1251;1002;249;249;1.0;0.8;true
Recurvirostra_americana_1;978;978;0;0;1.0;1.0;true
Recurvirostra_americana_2;978;978;0;0;1.0;1.0;true
Regulus_ignicapilla_1;993;993;0;0;1.0;1.0;true
Regulus_ignicapilla_2;993;993;0;0;1.0;1.0;true
Rhea_americana_1;1128;993;135;135;1.0;0.88;true
Rhea_americana_2;1128;993;135;135;1.0;0.88;true
Rhynchocyclus_olivaceus_1;990;990;0;0;1.0;1.0;true
Rhynchocyclus_olivaceus_2;990;990;0;0;1.0;1.0;true
Rollandia_rolland_1;1035;993;42;42;1.0;0.959;true
Rollandia_rolland_2;1035;993;42;42;1.0;0.959;true
Rollulus_rouloul_1;831;831;0;0;1.0;1.0;true
Rollulus_rouloul_2;831;831;0;0;1.0;1.0;true
Rostratula_benghalensis_1;1131;996;135;135;1.0;0.88;true
Rostratula_benghalensis_2;1131;996;135;135;1.0;0.88;true
Rupicola_rupicola_1;864;864;0;0;1.0;1.0;true
Rupicola_rupicola_2;864;864;0;0;1.0;1.0;true
Rynchops_niger_1;1059;993;66;66;1.0;0.937;true
Rynchops_niger_2;1059;993;66;66;1.0;0.937;true
Sagittarius_serpentarius_1;597;597;0;0;1.0;1.0;true
Sagittarius_serpentarius_2;597;597;0;0;1.0;1.0;true
Sarothrura_rufa_1;1101;984;117;117;1.0;0.893;true
Sarothrura_rufa_2;1101;984;117;117;1.0;0.893;true
Schiffornis_turdina_1;777;777;0;0;1.0;1.0;true
Schiffornis_turdina_2;777;777;0;0;1.0;1.0;true
Sclerurus_mexicanus_1;1221;996;225;225;1.0;0.815;true
Sclerurus_mexicanus_2;1221;996;225;225;1.0;0.815;true
Scopus_umbretta_1;1071;993;78;78;1.0;0.927;true
Scopus_umbretta_2;1071;993;78;78;1.0;0.927;true
Sericulus_bakeri_1;1347;996;351;351;1.0;0.739;true
Sericulus_bakeri_2;1347;996;351;351;1.0;0.739;true
Smithornis_rufolateralis_1;993;993;0;0;1.0;1.0;true
Smithornis_rufolateralis_2;993;993;0;0;1.0;1.0;true
Spheniscus_humboldti_1;1014;993;21;21;1.0;0.979;true
Spheniscus_humboldti_2;1014;993;21;21;1.0;0.979;true
Spizella_arborea_1;1056;996;60;60;1.0;0.943;true
Spizella_arborea_2;1056;996;60;60;1.0;0.943;true
Steatornis_caripensi_1;393;393;0;0;1.0;1.0;true
Steatornis_caripensi_2;393;393;0;0;1.0;1.0;true
Sterna_hirundo_1;984;981;3;3;0.996;0.996;true
Sterna_hirundo_2;984;981;3;3;0.996;0.996;true
Streptoprocne_zonaris_1;1014;993;21;21;1.0;0.979;true
Streptoprocne_zonaris_2;1014;993;21;21;1.0;0.979;true
Strix_varia_1;1077;993;84;84;1.0;0.922;true
Strix_varia_2;1077;993;84;84;1.0;0.922;true
Struthio_camelus_1;966;966;0;0;1.0;1.0;true
Struthio_camelus_2;966;966;0;0;1.0;1.0;true
Sylvia_melanocephala_1;1059;996;63;63;1.0;0.94;true
Sylvia_melanocephala_2;1059;996;63;63;1.0;0.94;true
Syrrhaptes_paradoxus_1;1080;981;99;99;1.0;0.908;true
Syrrhaptes_paradoxus_2;1080;981;99;99;1.0;0.908;true
Tapera_naevia_1;1095;993;102;102;1.0;0.906;true
Tapera_naevia_2;1095;993;102;102;1.0;0.906;true
Tauraco_macrorhynchus_1;1032;993;39;39;1.0;0.962;true
Tauraco_macrorhynchus_2;1032;993;39;39;1.0;0.962;true
Terenura_callinota_1;1131;996;135;135;1.0;0.88;true
Terenura_callinota_2;1131;996;135;135;1.0;0.88;true
Thamnophilus_ruficapillu_1;1185;996;189;189;1.0;0.84;true
Thamnophilus_ruficapillu_2;1185;996;189;189;1.0;0.84;true
Theristicus_caerulescens_1;1095;990;105;105;1.0;0.904;true
Theristicus_caerulescens_2;1095;990;105;105;1.0;0.904;true
Tigrisoma_lineatum_1;1119;993;126;126;1.0;0.887;true
Tigrisoma_lineatum_2;1119;993;126;126;1.0;0.887;true
Tinamus_major_1;825;825;0;0;1.0;1.0;true
Tinamus_major_2;825;825;0;0;1.0;1.0;true
Tityra_cayana_1;972;972;0;0;1.0;1.0;true
Tityra_cayana_2;972;972;0;0;1.0;1.0;true
Tockus_camurus_1;942;942;0;0;1.0;1.0;true
Tockus_camurus_2;942;942;0;0;1.0;1.0;true
Todus_mexicanus_1;1005;996;9;9;1.0;0.991;true
Todus_mexicanus_2;1005;996;9;9;1.0;0.991;true
Topaza_pella_1;1101;993;108;108;1.0;0.901;true
Topaza_pella_2;1101;993;108;108;1.0;0.901;true
Treron_calvus_1;990;978;12;12;1.0;0.987;true
Treron_calvus_2;990;978;12;12;1.0;0.987;true
Tringa_solitaria_1;1140;993;147;147;1.0;0.871;true
Tringa_solitaria_2;1140;993;147;147;1.0;0.871;true
Trogon_elegans_1;1200;996;204;204;1.0;0.83;true
Trogon_elegans_2;1200;996;204;204;1.0;0.83;true
Turdus_olivater_1;996;996;0;0;1.0;1.0;true
Turdus_olivater_2;996;996;0;0;1.0;1.0;true
Turnix_ocellata_1;1032;984;48;48;1.0;0.953;true
Turnix_ocellata_2;1032;984;48;48;1.0;0.953;true
Tyrannus_albogularis_1;1023;996;27;27;1.0;0.973;true
Tyrannus_albogularis_2;1023;996;27;27;1.0;0.973;true
Tyto_alba_1;474;474;0;0;1.0;1.0;true
Tyto_alba_2;474;474;0;0;1.0;1.0;true
Upupa_epops_1;969;969;0;0;1.0;1.0;true
Upupa_epops_2;969;969;0;0;1.0;1.0;true
Uria_aalge_1;1017;996;21;21;1.0;0.979;true
Uria_aalge_2;1017;996;21;21;1.0;0.979;true
Urocolius_indicus_1;1056;993;63;63;1.0;0.94;true
Urocolius_indicus_2;1056;993;63;63;1.0;0.94;true
Vultur_gryphus_1;1071;993;78;78;1.0;0.927;true
Vultur_gryphus_2;1071;993;78;78;1.0;0.927;true
