seqName;initialSeqLength;nbKeep;nbTrim;nbInformativeTrim;percentKeepExcludingExtremities;percentKeepIncludingExtremities;keptSequences
Acanthisitta_chloris_1;2040;1821;219;219;1.0;0.892;true
Acanthisitta_chloris_2;2040;1821;219;219;1.0;0.892;true
Accipiter_superciliosus_1;1956;1821;135;135;1.0;0.93;true
Accipiter_superciliosus_2;1956;1821;135;135;1.0;0.93;true
Aegotheles_insignis_1;1818;1788;30;30;1.0;0.983;true
Aegotheles_insignis_2;1818;1788;30;30;1.0;0.983;true
Alcedo_quadribrachys_1;1890;1779;111;111;1.0;0.941;true
Alcedo_quadribrachys_2;1890;1779;111;111;1.0;0.941;true
Anas_superciliosa_1;1692;1689;3;3;1.0;0.998;true
Anas_superciliosa_2;1692;1689;3;3;1.0;0.998;true
Anhinga_anhinga_1;1830;1821;9;9;1.0;0.995;true
Anhinga_anhinga_2;1830;1821;9;9;1.0;0.995;true
Anser_canagicus_1;1881;1824;57;57;1.0;0.969;true
Anser_canagicus_2;1881;1824;57;57;1.0;0.969;true
Anseranas_semipalmata_1;1839;1824;15;15;1.0;0.991;true
Anseranas_semipalmata_2;1839;1824;15;15;1.0;0.991;true
Apaloderma_aequatoriale_1;1962;1821;141;141;1.0;0.928;true
Apaloderma_aequatoriale_2;1962;1821;141;141;1.0;0.928;true
Apteryx_sp._1;1728;1728;0;0;1.0;1.0;true
Apteryx_sp._2;1728;1728;0;0;1.0;1.0;true
Aramus_guarauna_1;1899;1821;78;78;1.0;0.958;true
Aramus_guarauna_2;1899;1821;78;78;1.0;0.958;true
Archilochus_colubris_1;1914;1821;93;93;1.0;0.951;true
Archilochus_colubris_2;1914;1821;93;93;1.0;0.951;true
Ardea_herodias_1;1965;1821;144;144;1.0;0.926;true
Ardea_herodias_2;1965;1821;144;144;1.0;0.926;true
Ardeotis_kori_1;1914;1821;93;93;1.0;0.951;true
Ardeotis_kori_2;1914;1821;93;93;1.0;0.951;true
Arenaria_interpres_1;1788;1728;60;60;1.0;0.966;true
Arenaria_interpres_2;1788;1728;60;60;1.0;0.966;true
Atelornis_pittoides_1;1929;1821;108;108;1.0;0.944;true
Atelornis_pittoides_2;1929;1821;108;108;1.0;0.944;true
Aythya_valisineria_1;2010;1824;186;186;1.0;0.907;true
Aythya_valisineria_2;2010;1824;186;186;1.0;0.907;true
Balaeniceps_rex_1;1947;1821;126;126;1.0;0.935;true
Balaeniceps_rex_2;1947;1821;126;126;1.0;0.935;true
Balearica_regulorum_1;1707;1707;0;0;1.0;1.0;true
Balearica_regulorum_2;1707;1707;0;0;1.0;1.0;true
Barnardius_zonarius_1;1335;1275;60;60;1.0;0.955;true
Barnardius_zonarius_2;1335;1275;60;60;1.0;0.955;true
Bonasa_umbellus_1;1854;1824;30;30;1.0;0.983;true
Bonasa_umbellus_2;1854;1824;30;30;1.0;0.983;true
Buccanodon_duchaillui_1;1977;1818;159;159;1.0;0.919;true
Buccanodon_duchaillui_2;1977;1818;159;159;1.0;0.919;true
Bucco_capensis_1;2040;1821;219;219;1.0;0.892;true
Bucco_capensis_2;2040;1821;219;219;1.0;0.892;true
Bucorvus_leadbeateri_1;1728;1728;0;0;1.0;1.0;true
Bucorvus_leadbeateri_2;1728;1728;0;0;1.0;1.0;true
Burhinus_oedicnemus_1;1932;1815;117;117;1.0;0.939;true
Burhinus_oedicnemus_2;1932;1815;117;117;1.0;0.939;true
Buteo_jamaicensis_1;1986;1821;165;165;1.0;0.916;true
Buteo_jamaicensis_2;1986;1821;165;165;1.0;0.916;true
Caiman_croccodilus_1;1287;1287;0;0;1.0;1.0;true
Caiman_croccodilus_2;1287;1287;0;0;1.0;1.0;true
Calandrella_brachydactyla_1;1848;1788;60;60;1.0;0.967;true
Calandrella_brachydactyla_2;1848;1788;60;60;1.0;0.967;true
Calyptomena_viridis_1;1845;1818;27;27;1.0;0.985;true
Calyptomena_viridis_2;1845;1818;27;27;1.0;0.985;true
Capito_niger_1;1851;1818;33;33;1.0;0.982;true
Capito_niger_2;1851;1818;33;33;1.0;0.982;true
Caprimulgus_europaeus_1;1926;1821;105;105;1.0;0.945;true
Caprimulgus_europaeus_2;1926;1821;105;105;1.0;0.945;true
Caracara_cheriway_1;1719;1719;0;0;1.0;1.0;true
Caracara_cheriway_2;1719;1719;0;0;1.0;1.0;true
Cariama_cristata_1;2058;1821;237;237;1.0;0.884;true
Cariama_cristata_2;2058;1821;237;237;1.0;0.884;true
Casuarius_bennetti_1;1854;1794;60;60;1.0;0.967;true
Casuarius_bennetti_2;1854;1794;60;60;1.0;0.967;true
Cathartes_burrovianus_1;1860;1821;39;39;1.0;0.979;true
Cathartes_burrovianus_2;1860;1821;39;39;1.0;0.979;true
Centropus_bengalensis_1;2031;1821;210;210;1.0;0.896;true
Centropus_bengalensis_2;2031;1821;210;210;1.0;0.896;true
Chaetura_brachyura_1;1695;1623;72;72;0.964;0.957;true
Chaetura_brachyura_2;1695;1683;12;12;1.0;0.992;true
Charadrius_hiaticula_1;1920;1818;102;102;1.0;0.946;true
Charadrius_hiaticula_2;1920;1818;102;102;1.0;0.946;true
Chauna_torquata_1;2193;1824;369;369;1.0;0.831;true
Chauna_torquata_2;2193;1824;369;369;1.0;0.831;true
Chelidoptera_tenebrosa_1;1854;1818;36;36;1.0;0.98;true
Chelidoptera_tenebrosa_2;1854;1818;36;36;1.0;0.98;true
Chloroceryle_inda_1;1860;1803;57;57;1.0;0.969;true
Chloroceryle_inda_2;1860;1803;57;57;1.0;0.969;true
Chordeiles_pusillus_1;2064;1821;243;243;1.0;0.882;true
Chordeiles_pusillus_2;2064;1821;243;243;1.0;0.882;true
Chroicocephalus_cirrocephalus_1;1476;1434;42;42;1.0;0.971;true
Chroicocephalus_cirrocephalus_2;1476;1434;42;42;1.0;0.971;true
Chunga_burmeisteri_1;1959;1821;138;138;1.0;0.929;true
Chunga_burmeisteri_2;1959;1821;138;138;1.0;0.929;true
Ciconia_nigra_1;1821;1737;84;84;1.0;0.953;true
Ciconia_nigra_2;1821;1737;84;84;1.0;0.953;true
Climacteris_melanura_1;1704;1704;0;0;1.0;1.0;true
Climacteris_melanura_2;1704;1704;0;0;1.0;1.0;true
Coccyzus_melacoryphus_1;1908;1821;87;87;1.0;0.954;true
Coccyzus_melacoryphus_2;1908;1821;87;87;1.0;0.954;true
Colinus_cristatus_1;1896;1824;72;72;1.0;0.962;true
Colinus_cristatus_2;1896;1824;72;72;1.0;0.962;true
Colius_colius_1;1662;1602;60;60;1.0;0.963;true
Colius_colius_2;1662;1602;60;60;1.0;0.963;true
Columba_livia_1;1863;1821;42;42;1.0;0.977;true
Columba_livia_2;1863;1821;42;42;1.0;0.977;true
Columbina_minuta_1;2007;1821;186;186;1.0;0.907;true
Columbina_minuta_2;2007;1821;186;186;1.0;0.907;true
Coracias_cyanogaster_1;1884;1821;63;63;1.0;0.966;true
Coracias_cyanogaster_2;1884;1821;63;63;1.0;0.966;true
Corvus_albus_1;1839;1821;18;18;1.0;0.99;true
Corvus_albus_2;1839;1821;18;18;1.0;0.99;true
Corythaeola_cristata_1;1596;1596;0;0;1.0;1.0;true
Corythaeola_cristata_2;1596;1596;0;0;1.0;1.0;true
Cotinga_cayana_1;1815;1713;102;102;1.0;0.943;true
Cotinga_cayana_2;1815;1713;102;102;1.0;0.943;true
Crax_alector_1;1956;1824;132;132;1.0;0.932;true
Crax_alector_2;1956;1824;132;132;1.0;0.932;true
Crocodylus_porosus_1;1734;1734;0;0;1.0;1.0;true
Crocodylus_porosus_2;1734;1734;0;0;1.0;1.0;true
Cryptopipo_aenigma_1;2214;1821;393;393;1.0;0.822;true
Cryptopipo_aenigma_2;2214;1821;393;393;1.0;0.822;true
Crypturellus_tataupa_1;1881;1821;60;60;1.0;0.968;true
Crypturellus_tataupa_2;1881;1821;60;60;1.0;0.968;true
Cuculus_optatus_1;1875;1821;54;54;1.0;0.971;true
Cuculus_optatus_2;1875;1821;54;54;1.0;0.971;true
Dendrocygna_viduata_1;1716;1710;6;6;1.0;0.996;true
Dendrocygna_viduata_2;1716;1710;6;6;1.0;0.996;true
Deroptyus_accipitrinus_1;1824;1764;60;60;1.0;0.967;true
Deroptyus_accipitrinus_2;1824;1764;60;60;1.0;0.967;true
Dromaius_novaehollandiae_1;1965;1821;144;144;1.0;0.926;true
Dromaius_novaehollandiae_2;1965;1821;144;144;1.0;0.926;true
Elaenia_flavogaster_1;1902;1821;81;81;1.0;0.957;true
Elaenia_flavogaster_2;1902;1821;81;81;1.0;0.957;true
Elanus_leucurus_1;2040;1821;219;219;1.0;0.892;true
Elanus_leucurus_2;2040;1821;219;219;1.0;0.892;true
Eudromia_elegans_1;1941;1821;120;120;1.0;0.938;true
Eudromia_elegans_2;1941;1821;120;120;1.0;0.938;true
Eurostopodus_macrotis_1;1938;1821;117;117;1.0;0.939;true
Eurostopodus_macrotis_2;1938;1821;117;117;1.0;0.939;true
Eurylaimus_ochromalus_1;1743;1743;0;0;1.0;1.0;true
Eurylaimus_ochromalus_2;1743;1743;0;0;1.0;1.0;true
Eurypyga_helias_1;1749;1743;6;6;1.0;0.996;true
Eurypyga_helias_2;1749;1743;6;6;1.0;0.996;true
Falco_sparverius_1;1932;1821;111;111;1.0;0.942;true
Falco_sparverius_2;1932;1821;111;111;1.0;0.942;true
Fregata_magnificens_1;1947;1818;129;129;1.0;0.933;true
Fregata_magnificens_2;1947;1818;129;129;1.0;0.933;true
Fringilla_coelebs_1;1890;1821;69;69;1.0;0.963;true
Fringilla_coelebs_2;1890;1821;69;69;1.0;0.963;true
Fulmarus_glacialoides_1;1902;1821;81;81;1.0;0.957;true
Fulmarus_glacialoides_2;1902;1821;81;81;1.0;0.957;true
Furnarius_rufus_1;1905;1824;81;81;1.0;0.957;true
Furnarius_rufus_2;1905;1824;81;81;1.0;0.957;true
Galbula_dea_1;2076;1821;255;255;1.0;0.877;true
Galbula_dea_2;2076;1821;255;255;1.0;0.877;true
Gallus_gallus_1;1998;1824;174;174;1.0;0.912;true
Gallus_gallus_2;1998;1824;174;174;1.0;0.912;true
Gavia_immer_1;1965;1821;144;144;1.0;0.926;true
Gavia_immer_2;1965;1821;144;144;1.0;0.926;true
Glareola_nuchalis_1;2115;1821;294;294;1.0;0.86;true
Glareola_nuchalis_2;2115;1821;294;294;1.0;0.86;true
Grus_canadensis_1;1887;1821;66;66;1.0;0.965;true
Grus_canadensis_2;1887;1821;66;66;1.0;0.965;true
Haematopus_palliatus_1;2166;1821;345;345;1.0;0.84;true
Haematopus_palliatus_2;2166;1821;345;345;1.0;0.84;true
Heliornis_fulica_1;2088;1821;267;267;1.0;0.872;true
Heliornis_fulica_2;2088;1821;267;267;1.0;0.872;true
Hemiprocne_comata_1;1074;1032;42;42;0.997;0.96;true
Hemiprocne_comata_2;1074;1032;42;42;0.997;0.96;true
Hirundinea_ferruginea_1;1992;1821;171;171;1.0;0.914;true
Hirundinea_ferruginea_2;1992;1821;171;171;1.0;0.914;true
Hymenops_perspicillatus_1;1719;1683;36;36;1.0;0.979;true
Hymenops_perspicillatus_2;1719;1683;36;36;1.0;0.979;true
Ibycter_americanus_1;1908;1818;90;90;1.0;0.952;true
Ibycter_americanus_2;1908;1818;90;90;1.0;0.952;true
Indicator_exilis_1;2043;1821;222;222;1.0;0.891;true
Indicator_exilis_2;2043;1821;222;222;1.0;0.891;true
Ixobrychus_minutus_1;1815;1815;0;0;1.0;1.0;true
Ixobrychus_minutus_2;1815;1815;0;0;1.0;1.0;true
Jacana_jacana_1;2019;1821;198;198;1.0;0.901;true
Jacana_jacana_2;2019;1821;198;198;1.0;0.901;true
Jynx_torquilla_1;1863;1803;60;60;1.0;0.967;true
Jynx_torquilla_2;1863;1803;60;60;1.0;0.967;true
Leipoa_ocellata_1;1839;1764;75;75;1.0;0.959;true
Leipoa_ocellata_2;1839;1764;75;75;1.0;0.959;true
Lepidocolaptes_angustirostr_1;1785;1758;27;27;1.0;0.984;true
Lepidocolaptes_angustirostr_2;1785;1758;27;27;1.0;0.984;true
Leptoptilos_crumeniferus_1;1827;1821;6;6;1.0;0.996;true
Leptoptilos_crumeniferus_2;1827;1821;6;6;1.0;0.996;true
Leptosomus_discolor_1;1797;1779;18;18;1.0;0.989;true
Leptosomus_discolor_2;1797;1779;18;18;1.0;0.989;true
Leptotila_rufaxilla_1;1860;1800;60;60;1.0;0.967;true
Leptotila_rufaxilla_2;1860;1800;60;60;1.0;0.967;true
Limosa_lapponica_1;1770;1770;0;0;1.0;1.0;true
Limosa_lapponica_2;1770;1770;0;0;1.0;1.0;true
Lophorina_superba_1;1782;1770;12;12;1.0;0.993;true
Lophorina_superba_2;1782;1770;12;12;1.0;0.993;true
Malurus_splendens_1;1941;1821;120;120;1.0;0.938;true
Malurus_splendens_2;1941;1821;120;120;1.0;0.938;true
Megalaima_chrysopogon_1;1908;1812;96;96;1.0;0.949;true
Megalaima_chrysopogon_2;1908;1812;96;96;1.0;0.949;true
Melanopareia_maximilian_1;1932;1821;111;111;1.0;0.942;true
Melanopareia_maximilian_2;1932;1821;111;111;1.0;0.942;true
Menura_novaehollandiae_1;1899;1821;78;78;1.0;0.958;true
Menura_novaehollandiae_2;1899;1821;78;78;1.0;0.958;true
Merops_muelleri_1;2040;1821;219;219;1.0;0.892;true
Merops_muelleri_2;2040;1821;219;219;1.0;0.892;true
Mesitornis_unicolor_1;1851;1803;48;48;1.0;0.974;true
Mesitornis_unicolor_2;1851;1803;48;48;1.0;0.974;true
Micrastur_gilvicollis_1;1914;1821;93;93;1.0;0.951;true
Micrastur_gilvicollis_2;1914;1821;93;93;1.0;0.951;true
Micropygia_schomburgkii_1;1908;1821;87;87;1.0;0.954;true
Micropygia_schomburgkii_2;1908;1821;87;87;1.0;0.954;true
Momotus_lessonii_1;1824;1752;72;72;1.0;0.96;true
Momotus_lessonii_2;1824;1752;72;72;1.0;0.96;true
Monias_benschi_1;1965;1821;144;144;1.0;0.926;true
Monias_benschi_2;1965;1821;144;144;1.0;0.926;true
Morus_serrator_1;1902;1815;87;87;1.0;0.954;true
Morus_serrator_2;1902;1815;87;87;1.0;0.954;true
Myiobius_barbatus_1;1833;1821;12;12;1.0;0.993;true
Myiobius_barbatus_2;1833;1821;12;12;1.0;0.993;true
Myrmornis_torquata_1;1827;1821;6;6;1.0;0.996;true
Myrmornis_torquata_2;1827;1821;6;6;1.0;0.996;true
Myrmothera_campanisona_1;1830;1746;84;84;1.0;0.954;true
Myrmothera_campanisona_2;1830;1746;84;84;1.0;0.954;true
Neodrepanis_coruscans_1;1872;1821;51;51;1.0;0.972;true
Neodrepanis_coruscans_2;1872;1821;51;51;1.0;0.972;true
Neopelma_chrysocephalum_1;1899;1821;78;78;1.0;0.958;true
Neopelma_chrysocephalum_2;1899;1821;78;78;1.0;0.958;true
Nestor_meridionalis_1;1797;1797;0;0;1.0;1.0;true
Nestor_meridionalis_2;1797;1797;0;0;1.0;1.0;true
Nothoprocta_ornata_1;1938;1821;117;117;1.0;0.939;true
Nothoprocta_ornata_2;1938;1821;117;117;1.0;0.939;true
Numida_malagris_1;1860;1731;129;129;1.0;0.93;true
Numida_malagris_2;1860;1731;129;129;1.0;0.93;true
Nyctibius_griseus_1;2100;1821;279;279;1.0;0.867;true
Nyctibius_griseus_2;2100;1821;279;279;1.0;0.867;true
Oceanites_oceanicus_1;1899;1821;78;78;1.0;0.958;true
Oceanites_oceanicus_2;1899;1821;78;78;1.0;0.958;true
Oceanodroma_leucorhoa_1;1782;1758;24;24;1.0;0.986;true
Oceanodroma_leucorhoa_2;1782;1758;24;24;1.0;0.986;true
Odontophorus_gujanensis_1;1833;1791;42;42;1.0;0.977;true
Odontophorus_gujanensis_2;1833;1791;42;42;1.0;0.977;true
Opisthocomus_hoazin_1;1866;1812;54;54;1.0;0.971;true
Opisthocomus_hoazin_2;1866;1812;54;54;1.0;0.971;true
Ortalis_motmot_1;1857;1797;60;60;1.0;0.967;true
Ortalis_motmot_2;1857;1797;60;60;1.0;0.967;true
Oxyruncus_cristatus_1;1890;1821;69;69;1.0;0.963;true
Oxyruncus_cristatus_2;1890;1821;69;69;1.0;0.963;true
Oxyura_jamaicensis_1;1956;1824;132;132;1.0;0.932;true
Oxyura_jamaicensis_2;1956;1824;132;132;1.0;0.932;true
Pandion_haliaetus_1;861;861;0;0;1.0;1.0;true
Pandion_haliaetus_2;861;861;0;0;1.0;1.0;true
Pedionomus_torquatus_1;2133;1821;312;312;1.0;0.853;true
Pedionomus_torquatus_2;2133;1821;312;312;1.0;0.853;true
Pelagodroma_marina_1;1389;1251;138;138;1.0;0.9;true
Pelagodroma_marina_2;1389;1251;138;138;1.0;0.9;true
Pelecanoides_urinatrix_1;1128;1128;0;0;1.0;1.0;true
Pelecanoides_urinatrix_2;1128;1128;0;0;1.0;1.0;true
Pelecanus_occidentalis_1;1986;1821;165;165;1.0;0.916;true
Pelecanus_occidentalis_2;1986;1821;165;165;1.0;0.916;true
Phaethon_rubricauda_1;1908;1821;87;87;1.0;0.954;true
Phaethon_rubricauda_2;1908;1821;87;87;1.0;0.954;true
Phaethornis_superciliosus_1;1854;1812;42;42;1.0;0.977;true
Phaethornis_superciliosus_2;1854;1812;42;42;1.0;0.977;true
Phalacrocorax_brasili_1;1887;1821;66;66;1.0;0.965;true
Phalacrocorax_brasili_2;1887;1821;66;66;1.0;0.965;true
Phoebastria_nigripes_1;1320;1260;60;60;1.0;0.954;true
Phoebastria_nigripes_2;1320;1260;60;60;1.0;0.954;true
Phoenicopterus_ruber_1;1899;1791;108;108;1.0;0.943;true
Phoenicopterus_ruber_2;1899;1791;108;108;1.0;0.943;true
Phoeniculus_purpureus_1;1764;1755;9;9;1.0;0.994;true
Phoeniculus_purpureus_2;1764;1755;9;9;1.0;0.994;true
Picus_canus_1;1872;1818;54;54;1.0;0.971;true
Picus_canus_2;1872;1818;54;54;1.0;0.971;true
Pipra_erythrocephala_1;1932;1821;111;111;1.0;0.942;true
Pipra_erythrocephala_2;1932;1821;111;111;1.0;0.942;true
Piprites_chloris_1;1908;1821;87;87;1.0;0.954;true
Piprites_chloris_2;1908;1821;87;87;1.0;0.954;true
Pitta_angolensis_1;1881;1818;63;63;1.0;0.966;true
Pitta_angolensis_2;1881;1818;63;63;1.0;0.966;true
Podargus_strigoides_1;1875;1815;60;60;1.0;0.968;true
Podargus_strigoides_2;1875;1815;60;60;1.0;0.968;true
Poecile_lugubris_1;1785;1725;60;60;1.0;0.966;true
Poecile_lugubris_2;1785;1725;60;60;1.0;0.966;true
Porphyrio_porphyrio_1;1332;1272;60;60;1.0;0.954;true
Porphyrio_porphyrio_2;1332;1272;60;60;1.0;0.954;true
Probosciger_aterrimus_1;1515;1494;21;21;1.0;0.986;true
Probosciger_aterrimus_2;1515;1494;21;21;1.0;0.986;true
Psittacus_erithacus_1;1911;1821;90;90;1.0;0.952;true
Psittacus_erithacus_2;1911;1821;90;90;1.0;0.952;true
Psittrichas_fulgidus_1;1956;1818;138;138;1.0;0.929;true
Psittrichas_fulgidus_2;1956;1818;138;138;1.0;0.929;true
Psophia_crepitans_1;2061;1821;240;240;1.0;0.883;true
Psophia_crepitans_2;2061;1821;240;240;1.0;0.883;true
Pterocles_bicinctus_1;1923;1821;102;102;1.0;0.946;true
Pterocles_bicinctus_2;1923;1821;102;102;1.0;0.946;true
Pterodroma_externa_1;1950;1821;129;129;1.0;0.933;true
Pterodroma_externa_2;1950;1821;129;129;1.0;0.933;true
Ptilinopus_magnificus_1;1938;1821;117;117;1.0;0.939;true
Ptilinopus_magnificus_2;1938;1821;117;117;1.0;0.939;true
Ptilonorhynchus_violaceus_1;2007;1821;186;186;1.0;0.907;true
Ptilonorhynchus_violaceus_2;2007;1821;186;186;1.0;0.907;true
Puffinus_griseus_1;900;900;0;0;1.0;1.0;true
Puffinus_griseus_2;900;900;0;0;1.0;1.0;true
Pycnonotus_macrotis_1;1908;1821;87;87;1.0;0.954;true
Pycnonotus_macrotis_2;1908;1821;87;87;1.0;0.954;true
Rallus_longirostris_1;1266;1266;0;0;1.0;1.0;true
Rallus_longirostris_2;1266;1266;0;0;1.0;1.0;true
Ramphastos_ambiguus_1;1929;1818;111;111;1.0;0.942;true
Ramphastos_ambiguus_2;1929;1818;111;111;1.0;0.942;true
Recurvirostra_americana_1;1992;1821;171;171;1.0;0.914;true
Recurvirostra_americana_2;1992;1821;171;171;1.0;0.914;true
Regulus_ignicapilla_1;2016;1821;195;195;1.0;0.903;true
Regulus_ignicapilla_2;2016;1821;195;195;1.0;0.903;true
Rhea_americana_1;1677;1677;0;0;1.0;1.0;true
Rhea_americana_2;1677;1677;0;0;1.0;1.0;true
Rhynchocyclus_olivaceus_1;1956;1821;135;135;1.0;0.93;true
Rhynchocyclus_olivaceus_2;1956;1821;135;135;1.0;0.93;true
Rollandia_rolland_1;1857;1797;60;60;1.0;0.967;true
Rollandia_rolland_2;1857;1797;60;60;1.0;0.967;true
Rollulus_rouloul_1;1815;1755;60;60;1.0;0.966;true
Rollulus_rouloul_2;1815;1755;60;60;1.0;0.966;true
Rostratula_benghalensis_1;1818;1800;18;18;1.0;0.99;true
Rostratula_benghalensis_2;1818;1800;18;18;1.0;0.99;true
Rupicola_rupicola_1;1848;1788;60;60;1.0;0.967;true
Rupicola_rupicola_2;1848;1788;60;60;1.0;0.967;true
Rynchops_niger_1;1881;1812;69;69;1.0;0.963;true
Rynchops_niger_2;1881;1812;69;69;1.0;0.963;true
Sagittarius_serpentarius_1;1725;1725;0;0;1.0;1.0;true
Sagittarius_serpentarius_2;1725;1725;0;0;1.0;1.0;true
Sarothrura_rufa_1;903;873;30;30;1.0;0.966;true
Sarothrura_rufa_2;903;873;30;30;1.0;0.966;true
Schiffornis_turdina_1;1905;1821;84;84;1.0;0.955;true
Schiffornis_turdina_2;1905;1821;84;84;1.0;0.955;true
Sclerurus_mexicanus_1;2025;1821;204;204;1.0;0.899;true
Sclerurus_mexicanus_2;2025;1821;204;204;1.0;0.899;true
Scopus_umbretta_1;1938;1821;117;117;1.0;0.939;true
Scopus_umbretta_2;1938;1821;117;117;1.0;0.939;true
Sericulus_bakeri_1;1989;1821;168;168;1.0;0.915;true
Sericulus_bakeri_2;1989;1821;168;168;1.0;0.915;true
Smithornis_rufolateralis_1;2097;1821;276;276;1.0;0.868;true
Smithornis_rufolateralis_2;2097;1821;276;276;1.0;0.868;true
Spheniscus_humboldti_1;1827;1758;69;69;1.0;0.962;true
Spheniscus_humboldti_2;1827;1758;69;69;1.0;0.962;true
Spizella_arborea_1;990;990;0;0;1.0;1.0;true
Spizella_arborea_2;990;990;0;0;1.0;1.0;true
Steatornis_caripensi_1;531;531;0;0;1.0;1.0;true
Steatornis_caripensi_2;531;531;0;0;1.0;1.0;true
Sterna_hirundo_1;1788;1716;72;72;1.0;0.959;true
Sterna_hirundo_2;1788;1716;72;72;1.0;0.959;true
Streptoprocne_zonaris_1;1836;1800;36;36;1.0;0.98;true
Streptoprocne_zonaris_2;1836;1800;36;36;1.0;0.98;true
Strix_varia_1;1647;1647;0;0;1.0;1.0;true
Strix_varia_2;1647;1647;0;0;1.0;1.0;true
Struthio_camelus_1;1767;1707;60;60;1.0;0.966;true
Struthio_camelus_2;1767;1707;60;60;1.0;0.966;true
Sylvia_melanocephala_1;1794;1761;33;33;1.0;0.981;true
Sylvia_melanocephala_2;1794;1761;33;33;1.0;0.981;true
Syrrhaptes_paradoxus_1;1812;1788;24;24;1.0;0.986;true
Syrrhaptes_paradoxus_2;1812;1788;24;24;1.0;0.986;true
Tapera_naevia_1;1818;1797;21;21;1.0;0.988;true
Tapera_naevia_2;1818;1797;21;21;1.0;0.988;true
Tauraco_macrorhynchus_1;1617;1617;0;0;1.0;1.0;true
Tauraco_macrorhynchus_2;1617;1617;0;0;1.0;1.0;true
Terenura_callinota_1;1830;1818;12;12;1.0;0.993;true
Terenura_callinota_2;1830;1818;12;12;1.0;0.993;true
Thamnophilus_ruficapillu_1;1770;1692;78;78;1.0;0.955;true
Thamnophilus_ruficapillu_2;1770;1692;78;78;1.0;0.955;true
Theristicus_caerulescens_1;1881;1821;60;60;1.0;0.968;true
Theristicus_caerulescens_2;1881;1821;60;60;1.0;0.968;true
Tigrisoma_lineatum_1;1290;1287;3;3;1.0;0.997;true
Tigrisoma_lineatum_2;1290;1287;3;3;1.0;0.997;true
Tinamus_major_1;1842;1782;60;60;1.0;0.967;true
Tinamus_major_2;1842;1782;60;60;1.0;0.967;true
Tityra_cayana_1;1644;1641;3;3;1.0;0.998;true
Tityra_cayana_2;1644;1641;3;3;1.0;0.998;true
Tockus_camurus_1;1890;1821;69;69;1.0;0.963;true
Tockus_camurus_2;1890;1821;69;69;1.0;0.963;true
Todus_mexicanus_1;1866;1809;57;57;1.0;0.969;true
Todus_mexicanus_2;1866;1809;57;57;1.0;0.969;true
Topaza_pella_1;1857;1821;36;36;1.0;0.98;true
Topaza_pella_2;1857;1821;36;36;1.0;0.98;true
Treron_calvus_1;2025;1821;204;204;1.0;0.899;true
Treron_calvus_2;2025;1821;204;204;1.0;0.899;true
Tringa_solitaria_1;1854;1800;54;54;1.0;0.97;true
Tringa_solitaria_2;1854;1800;54;54;1.0;0.97;true
Trogon_elegans_1;1887;1821;66;66;1.0;0.965;true
Trogon_elegans_2;1887;1821;66;66;1.0;0.965;true
Turdus_olivater_1;1965;1821;144;144;1.0;0.926;true
Turdus_olivater_2;1965;1821;144;144;1.0;0.926;true
Turnix_ocellata_1;1752;1752;0;0;1.0;1.0;true
Turnix_ocellata_2;1752;1752;0;0;1.0;1.0;true
Tyrannus_albogularis_1;1965;1821;144;144;1.0;0.926;true
Tyrannus_albogularis_2;1965;1821;144;144;1.0;0.926;true
Tyto_alba_1;1608;1608;0;0;1.0;1.0;true
Tyto_alba_2;1608;1608;0;0;1.0;1.0;true
Upupa_epops_1;1311;1311;0;0;1.0;1.0;true
Upupa_epops_2;1311;1311;0;0;1.0;1.0;true
Uria_aalge_1;1695;1695;0;0;1.0;1.0;true
Uria_aalge_2;1695;1695;0;0;1.0;1.0;true
Urocolius_indicus_1;1866;1821;45;45;1.0;0.975;true
Urocolius_indicus_2;1866;1821;45;45;1.0;0.975;true
Vultur_gryphus_1;1722;1719;3;3;1.0;0.998;true
Vultur_gryphus_2;1722;1719;3;3;1.0;0.998;true
