seqName;initialSeqLength;nbKeep;nbTrim;nbInformativeTrim;percentHomologExcludingExtremities;percentHomologIncludingExtremities;keptSequences
Acanthisitta_chloris_1;2241;2241;0;0;1.0;1.0;true
Acanthisitta_chloris_2;2241;2241;0;0;1.0;1.0;true
Accipiter_superciliosus_1;2028;2028;0;0;1.0;1.0;true
Accipiter_superciliosus_2;2028;2028;0;0;1.0;1.0;true
Aegotheles_insignis_1;2016;2016;0;0;1.0;1.0;true
Aegotheles_insignis_2;2016;2016;0;0;1.0;1.0;true
Alcedo_quadribrachys_1;1977;1977;0;0;1.0;1.0;true
Alcedo_quadribrachys_2;1977;1977;0;0;1.0;1.0;true
Anas_superciliosa_1;2097;2097;0;0;1.0;1.0;true
Anas_superciliosa_2;2097;2097;0;0;1.0;1.0;true
Anhinga_anhinga_1;2004;2004;0;0;1.0;1.0;true
Anhinga_anhinga_2;2004;2004;0;0;1.0;1.0;true
Anser_canagicus_1;2040;2040;0;0;1.0;1.0;true
Anser_canagicus_2;2040;2040;0;0;1.0;1.0;true
Anseranas_semipalmata_1;1983;1983;0;0;1.0;1.0;true
Anseranas_semipalmata_2;1983;1983;0;0;1.0;1.0;true
Apaloderma_aequatoriale_1;1887;1887;0;0;1.0;1.0;true
Apaloderma_aequatoriale_2;1887;1887;0;0;1.0;1.0;true
Apteryx_sp._1;1971;1971;0;0;1.0;1.0;true
Apteryx_sp._2;1971;1971;0;0;1.0;1.0;true
Aramus_guarauna_1;1980;1980;0;0;1.0;1.0;true
Aramus_guarauna_2;1980;1980;0;0;1.0;1.0;true
Archilochus_colubris_1;2112;2112;0;0;1.0;1.0;true
Archilochus_colubris_2;2112;2112;0;0;1.0;1.0;true
Ardea_herodias_1;2085;2085;0;0;1.0;1.0;true
Ardea_herodias_2;2085;2085;0;0;1.0;1.0;true
Ardeotis_kori_1;2166;2166;0;0;1.0;1.0;true
Ardeotis_kori_2;2166;2166;0;0;1.0;1.0;true
Arenaria_interpres_1;2115;2115;0;0;1.0;1.0;true
Arenaria_interpres_2;2115;2115;0;0;1.0;1.0;true
Atelornis_pittoides_1;2118;2118;0;0;1.0;1.0;true
Atelornis_pittoides_2;2118;2118;0;0;1.0;1.0;true
Aythya_valisineria_1;2022;2022;0;0;1.0;1.0;true
Aythya_valisineria_2;2022;2022;0;0;1.0;1.0;true
Balaeniceps_rex_1;1920;1920;0;0;1.0;1.0;true
Balaeniceps_rex_2;1920;1920;0;0;1.0;1.0;true
Balearica_regulorum_1;1857;1857;0;0;1.0;1.0;true
Balearica_regulorum_2;1857;1857;0;0;1.0;1.0;true
Barnardius_zonarius_1;1989;1989;0;0;1.0;1.0;true
Barnardius_zonarius_2;1989;1989;0;0;1.0;1.0;true
Bonasa_umbellus_1;1995;1995;0;0;1.0;1.0;true
Bonasa_umbellus_2;1995;1995;0;0;1.0;1.0;true
Buccanodon_duchaillui_1;2013;2013;0;0;1.0;1.0;true
Buccanodon_duchaillui_2;2013;2013;0;0;1.0;1.0;true
Bucco_capensis_1;2082;2082;0;0;1.0;1.0;true
Bucco_capensis_2;2082;2082;0;0;1.0;1.0;true
Bucorvus_leadbeateri_1;2043;2043;0;0;1.0;1.0;true
Bucorvus_leadbeateri_2;2043;2043;0;0;1.0;1.0;true
Burhinus_oedicnemus_1;1920;1920;0;0;1.0;1.0;true
Burhinus_oedicnemus_2;1920;1920;0;0;1.0;1.0;true
Buteo_jamaicensis_1;2034;2034;0;0;1.0;1.0;true
Buteo_jamaicensis_2;2034;2034;0;0;1.0;1.0;true
Caiman_croccodilus_1;1812;1812;0;0;1.0;1.0;true
Caiman_croccodilus_2;1812;1812;0;0;1.0;1.0;true
Calandrella_brachydactyla_1;2070;2070;0;0;1.0;1.0;true
Calandrella_brachydactyla_2;2070;2070;0;0;1.0;1.0;true
Calyptomena_viridis_1;1980;1980;0;0;1.0;1.0;true
Calyptomena_viridis_2;1980;1980;0;0;1.0;1.0;true
Capito_niger_1;2028;2028;0;0;1.0;1.0;true
Capito_niger_2;2028;2028;0;0;1.0;1.0;true
Caprimulgus_europaeus_1;2040;2040;0;0;1.0;1.0;true
Caprimulgus_europaeus_2;2040;2040;0;0;1.0;1.0;true
Caracara_cheriway_1;2097;2097;0;0;1.0;1.0;true
Caracara_cheriway_2;2097;2097;0;0;1.0;1.0;true
Cariama_cristata_1;2106;2106;0;0;1.0;1.0;true
Cariama_cristata_2;2106;2106;0;0;1.0;1.0;true
Casuarius_bennetti_1;2052;2052;0;0;1.0;1.0;true
Casuarius_bennetti_2;2052;2052;0;0;1.0;1.0;true
Cathartes_burrovianus_1;1878;1878;0;0;1.0;1.0;true
Cathartes_burrovianus_2;1878;1878;0;0;1.0;1.0;true
Centropus_bengalensis_1;2199;2199;0;0;1.0;1.0;true
Centropus_bengalensis_2;2199;2199;0;0;1.0;1.0;true
Chaetura_brachyura_1;2025;2025;0;0;1.0;1.0;true
Chaetura_brachyura_2;2025;2025;0;0;1.0;1.0;true
Charadrius_hiaticula_1;1893;1893;0;0;1.0;1.0;true
Charadrius_hiaticula_2;1893;1893;0;0;1.0;1.0;true
Chauna_torquata_1;2154;2154;0;0;1.0;1.0;true
Chauna_torquata_2;2154;2154;0;0;1.0;1.0;true
Chelidoptera_tenebrosa_1;2055;2055;0;0;1.0;1.0;true
Chelidoptera_tenebrosa_2;2055;2055;0;0;1.0;1.0;true
Chloroceryle_inda_1;1953;1953;0;0;1.0;1.0;true
Chloroceryle_inda_2;1953;1953;0;0;1.0;1.0;true
Chordeiles_pusillus_1;2118;2118;0;0;1.0;1.0;true
Chordeiles_pusillus_2;2118;2118;0;0;1.0;1.0;true
Chroicocephalus_cirrocephalus_1;1902;1902;0;0;1.0;1.0;true
Chroicocephalus_cirrocephalus_2;1902;1902;0;0;1.0;1.0;true
Chunga_burmeisteri_1;2142;2142;0;0;1.0;1.0;true
Chunga_burmeisteri_2;2142;2142;0;0;1.0;1.0;true
Ciconia_nigra_1;1809;1809;0;0;1.0;1.0;true
Ciconia_nigra_2;1809;1809;0;0;1.0;1.0;true
Climacteris_melanura_1;2010;2010;0;0;1.0;1.0;true
Climacteris_melanura_2;2010;2010;0;0;1.0;1.0;true
Coccyzus_melacoryphus_1;1932;1932;0;0;1.0;1.0;true
Coccyzus_melacoryphus_2;1932;1932;0;0;1.0;1.0;true
Colinus_cristatus_1;2019;2019;0;0;1.0;1.0;true
Colinus_cristatus_2;2019;2019;0;0;1.0;1.0;true
Colius_colius_1;2118;2118;0;0;1.0;1.0;true
Colius_colius_2;2118;2118;0;0;1.0;1.0;true
Columba_livia_1;1968;1968;0;0;1.0;1.0;true
Columba_livia_2;1968;1968;0;0;1.0;1.0;true
Columbina_minuta_1;1983;1983;0;0;1.0;1.0;true
Columbina_minuta_2;1983;1983;0;0;1.0;1.0;true
Coracias_cyanogaster_1;2349;2349;0;0;1.0;1.0;true
Coracias_cyanogaster_2;2349;2349;0;0;1.0;1.0;true
Corvus_albus_1;1947;1947;0;0;1.0;1.0;true
Corvus_albus_2;1947;1947;0;0;1.0;1.0;true
Corythaeola_cristata_1;1902;1902;0;0;1.0;1.0;true
Corythaeola_cristata_2;1902;1902;0;0;1.0;1.0;true
Cotinga_cayana_1;2034;2034;0;0;1.0;1.0;true
Cotinga_cayana_2;2034;2034;0;0;1.0;1.0;true
Crax_alector_1;2109;2109;0;0;1.0;1.0;true
Crax_alector_2;2109;2109;0;0;1.0;1.0;true
Crocodylus_porosus_1;1968;1968;0;0;1.0;1.0;true
Crocodylus_porosus_2;1968;1968;0;0;1.0;1.0;true
Cryptopipo_aenigma_1;2067;2067;0;0;1.0;1.0;true
Cryptopipo_aenigma_2;2067;2067;0;0;1.0;1.0;true
Crypturellus_tataupa_1;2037;2037;0;0;1.0;1.0;true
Crypturellus_tataupa_2;2037;2037;0;0;1.0;1.0;true
Cuculus_optatus_1;1968;1968;0;0;1.0;1.0;true
Cuculus_optatus_2;1968;1968;0;0;1.0;1.0;true
Dendrocygna_viduata_1;1671;1671;0;0;1.0;1.0;true
Dendrocygna_viduata_2;1671;1671;0;0;1.0;1.0;true
Deroptyus_accipitrinus_1;1962;1962;0;0;1.0;1.0;true
Deroptyus_accipitrinus_2;1962;1962;0;0;1.0;1.0;true
Dromaius_novaehollandiae_1;1989;1989;0;0;1.0;1.0;true
Dromaius_novaehollandiae_2;1989;1989;0;0;1.0;1.0;true
Elaenia_flavogaster_1;2160;2160;0;0;1.0;1.0;true
Elaenia_flavogaster_2;2160;2160;0;0;1.0;1.0;true
Elanus_leucurus_1;1008;1008;0;0;1.0;1.0;true
Elanus_leucurus_2;1008;1008;0;0;1.0;1.0;true
Eudromia_elegans_1;2169;2169;0;0;1.0;1.0;true
Eudromia_elegans_2;2169;2169;0;0;1.0;1.0;true
Eurostopodus_macrotis_1;2082;2082;0;0;1.0;1.0;true
Eurostopodus_macrotis_2;2082;2082;0;0;1.0;1.0;true
Eurylaimus_ochromalus_1;2007;2007;0;0;1.0;1.0;true
Eurylaimus_ochromalus_2;2007;2007;0;0;1.0;1.0;true
Eurypyga_helias_1;1695;1695;0;0;1.0;1.0;true
Eurypyga_helias_2;1695;1695;0;0;1.0;1.0;true
Falco_sparverius_1;2262;2262;0;0;1.0;1.0;true
Falco_sparverius_2;2262;2262;0;0;1.0;1.0;true
Fregata_magnificens_1;1836;1836;0;0;1.0;1.0;true
Fregata_magnificens_2;1836;1836;0;0;1.0;1.0;true
Fringilla_coelebs_1;2073;2073;0;0;1.0;1.0;true
Fringilla_coelebs_2;2073;2073;0;0;1.0;1.0;true
Fulmarus_glacialoides_1;1983;1983;0;0;1.0;1.0;true
Fulmarus_glacialoides_2;1983;1983;0;0;1.0;1.0;true
Furnarius_rufus_1;1977;1977;0;0;1.0;1.0;true
Furnarius_rufus_2;1977;1977;0;0;1.0;1.0;true
Galbula_dea_1;2205;2205;0;0;1.0;1.0;true
Galbula_dea_2;2205;2205;0;0;1.0;1.0;true
Gallus_gallus_1;2208;2208;0;0;1.0;1.0;true
Gallus_gallus_2;2208;2208;0;0;1.0;1.0;true
Gavia_immer_1;1980;1980;0;0;1.0;1.0;true
Gavia_immer_2;1980;1980;0;0;1.0;1.0;true
Glareola_nuchalis_1;2049;2049;0;0;1.0;1.0;true
Glareola_nuchalis_2;2049;2049;0;0;1.0;1.0;true
Grus_canadensis_1;1980;1980;0;0;1.0;1.0;true
Grus_canadensis_2;1980;1980;0;0;1.0;1.0;true
Haematopus_palliatus_1;2169;2169;0;0;1.0;1.0;true
Haematopus_palliatus_2;2169;2169;0;0;1.0;1.0;true
Heliornis_fulica_1;2229;2229;0;0;1.0;1.0;true
Heliornis_fulica_2;2229;2229;0;0;1.0;1.0;true
Hemiprocne_comata_1;1407;1407;0;0;1.0;1.0;true
Hemiprocne_comata_2;1407;1407;0;0;1.0;1.0;true
Hirundinea_ferruginea_1;1929;1929;0;0;1.0;1.0;true
Hirundinea_ferruginea_2;1929;1929;0;0;1.0;1.0;true
Hymenops_perspicillatus_1;2235;2235;0;0;1.0;1.0;true
Hymenops_perspicillatus_2;2235;2235;0;0;1.0;1.0;true
Ibycter_americanus_1;1956;1956;0;0;1.0;1.0;true
Ibycter_americanus_2;1956;1956;0;0;1.0;1.0;true
Indicator_exilis_1;2187;2187;0;0;1.0;1.0;true
Indicator_exilis_2;2187;2187;0;0;1.0;1.0;true
Ixobrychus_minutus_1;1032;1032;0;0;1.0;1.0;true
Ixobrychus_minutus_2;1032;1032;0;0;1.0;1.0;true
Jacana_jacana_1;2286;2286;0;0;1.0;1.0;true
Jacana_jacana_2;2286;2286;0;0;1.0;1.0;true
Jynx_torquilla_1;2103;2103;0;0;1.0;1.0;true
Jynx_torquilla_2;2103;2103;0;0;1.0;1.0;true
Leipoa_ocellata_1;1971;1971;0;0;1.0;1.0;true
Leipoa_ocellata_2;1971;1971;0;0;1.0;1.0;true
Lepidocolaptes_angustirostr_1;2070;2070;0;0;1.0;1.0;true
Lepidocolaptes_angustirostr_2;2070;2070;0;0;1.0;1.0;true
Leptoptilos_crumeniferus_1;1980;1980;0;0;1.0;1.0;true
Leptoptilos_crumeniferus_2;1980;1980;0;0;1.0;1.0;true
Leptosomus_discolor_1;1830;1830;0;0;1.0;1.0;true
Leptosomus_discolor_2;1830;1830;0;0;1.0;1.0;true
Leptotila_rufaxilla_1;2025;2025;0;0;1.0;1.0;true
Leptotila_rufaxilla_2;2025;2025;0;0;1.0;1.0;true
Limosa_lapponica_1;2019;2019;0;0;1.0;1.0;true
Limosa_lapponica_2;2019;2019;0;0;1.0;1.0;true
Lophorina_superba_1;1719;1719;0;0;1.0;1.0;true
Lophorina_superba_2;1719;1719;0;0;1.0;1.0;true
Malurus_splendens_1;1845;1845;0;0;1.0;1.0;true
Malurus_splendens_2;1845;1845;0;0;1.0;1.0;true
Megalaima_chrysopogon_1;2178;2178;0;0;1.0;1.0;true
Megalaima_chrysopogon_2;2178;2178;0;0;1.0;1.0;true
Melanopareia_maximilian_1;2046;2046;0;0;1.0;1.0;true
Melanopareia_maximilian_2;2046;2046;0;0;1.0;1.0;true
Menura_novaehollandiae_1;1851;1851;0;0;1.0;1.0;true
Menura_novaehollandiae_2;1851;1851;0;0;1.0;1.0;true
Merops_muelleri_1;2103;2103;0;0;1.0;1.0;true
Merops_muelleri_2;2103;2103;0;0;1.0;1.0;true
Mesitornis_unicolor_1;1914;1914;0;0;1.0;1.0;true
Mesitornis_unicolor_2;1914;1914;0;0;1.0;1.0;true
Micrastur_gilvicollis_1;2118;2118;0;0;1.0;1.0;true
Micrastur_gilvicollis_2;2118;2118;0;0;1.0;1.0;true
Micropygia_schomburgkii_1;2094;2094;0;0;1.0;1.0;true
Micropygia_schomburgkii_2;2094;2094;0;0;1.0;1.0;true
Momotus_lessonii_1;1920;1920;0;0;1.0;1.0;true
Momotus_lessonii_2;1920;1920;0;0;1.0;1.0;true
Monias_benschi_1;2139;2139;0;0;1.0;1.0;true
Monias_benschi_2;2139;2139;0;0;1.0;1.0;true
Morus_serrator_1;2106;2106;0;0;1.0;1.0;true
Morus_serrator_2;2106;2106;0;0;1.0;1.0;true
Myiobius_barbatus_1;1797;1797;0;0;1.0;1.0;true
Myiobius_barbatus_2;1797;1797;0;0;1.0;1.0;true
Myrmornis_torquata_1;1956;1956;0;0;1.0;1.0;true
Myrmornis_torquata_2;1956;1956;0;0;1.0;1.0;true
Myrmothera_campanisona_1;1677;1677;0;0;1.0;1.0;true
Myrmothera_campanisona_2;1677;1677;0;0;1.0;1.0;true
Neodrepanis_coruscans_1;1899;1899;0;0;1.0;1.0;true
Neodrepanis_coruscans_2;1899;1899;0;0;1.0;1.0;true
Neopelma_chrysocephalum_1;1983;1983;0;0;1.0;1.0;true
Neopelma_chrysocephalum_2;1983;1983;0;0;1.0;1.0;true
Nestor_meridionalis_1;1941;1941;0;0;1.0;1.0;true
Nestor_meridionalis_2;1941;1941;0;0;1.0;1.0;true
Nothoprocta_ornata_1;2040;2040;0;0;1.0;1.0;true
Nothoprocta_ornata_2;2040;2040;0;0;1.0;1.0;true
Numida_malagris_1;2076;2076;0;0;1.0;1.0;true
Numida_malagris_2;2076;2076;0;0;1.0;1.0;true
Nyctibius_griseus_1;2319;2319;0;0;1.0;1.0;true
Nyctibius_griseus_2;2319;2319;0;0;1.0;1.0;true
Oceanites_oceanicus_1;1962;1962;0;0;1.0;1.0;true
Oceanites_oceanicus_2;1962;1962;0;0;1.0;1.0;true
Oceanodroma_leucorhoa_1;2007;2007;0;0;1.0;1.0;true
Oceanodroma_leucorhoa_2;2007;2007;0;0;1.0;1.0;true
Odontophorus_gujanensis_1;2031;2031;0;0;1.0;1.0;true
Odontophorus_gujanensis_2;2031;2031;0;0;1.0;1.0;true
Opisthocomus_hoazin_1;2007;2007;0;0;1.0;1.0;true
Opisthocomus_hoazin_2;2007;2007;0;0;1.0;1.0;true
Ortalis_motmot_1;1977;1977;0;0;1.0;1.0;true
Ortalis_motmot_2;1977;1977;0;0;1.0;1.0;true
Oxyruncus_cristatus_1;2067;2067;0;0;1.0;1.0;true
Oxyruncus_cristatus_2;2067;2067;0;0;1.0;1.0;true
Oxyura_jamaicensis_1;1932;1932;0;0;1.0;1.0;true
Oxyura_jamaicensis_2;1932;1932;0;0;1.0;1.0;true
Pandion_haliaetus_1;1452;1452;0;0;1.0;1.0;true
Pandion_haliaetus_2;1452;1452;0;0;1.0;1.0;true
Pedionomus_torquatus_1;2247;2172;75;13;1.0;0.966;true
Pedionomus_torquatus_2;2247;2172;75;13;1.0;0.966;true
Pelagodroma_marina_1;1344;1344;0;0;1.0;1.0;true
Pelagodroma_marina_2;1344;1344;0;0;1.0;1.0;true
Pelecanoides_urinatrix_1;1908;1908;0;0;1.0;1.0;true
Pelecanoides_urinatrix_2;1908;1908;0;0;1.0;1.0;true
Pelecanus_occidentalis_1;1887;1887;0;0;1.0;1.0;true
Pelecanus_occidentalis_2;1887;1887;0;0;1.0;1.0;true
Phaethon_rubricauda_1;2187;2187;0;0;1.0;1.0;true
Phaethon_rubricauda_2;2187;2187;0;0;1.0;1.0;true
Phaethornis_superciliosus_1;1944;1944;0;0;1.0;1.0;true
Phaethornis_superciliosus_2;1944;1944;0;0;1.0;1.0;true
Phalacrocorax_brasili_1;1971;1971;0;0;1.0;1.0;true
Phalacrocorax_brasili_2;1971;1971;0;0;1.0;1.0;true
Phoebastria_nigripes_1;1653;1653;0;0;1.0;1.0;true
Phoebastria_nigripes_2;1653;1653;0;0;1.0;1.0;true
Phoenicopterus_ruber_1;1965;1965;0;0;1.0;1.0;true
Phoenicopterus_ruber_2;1965;1965;0;0;1.0;1.0;true
Phoeniculus_purpureus_1;1308;1308;0;0;1.0;1.0;true
Phoeniculus_purpureus_2;1308;1308;0;0;1.0;1.0;true
Picus_canus_1;2001;2001;0;0;1.0;1.0;true
Picus_canus_2;2001;2001;0;0;1.0;1.0;true
Pipra_erythrocephala_1;2163;2163;0;0;1.0;1.0;true
Pipra_erythrocephala_2;2163;2163;0;0;1.0;1.0;true
Piprites_chloris_1;1911;1911;0;0;1.0;1.0;true
Piprites_chloris_2;1911;1911;0;0;1.0;1.0;true
Pitta_angolensis_1;1272;1272;0;0;1.0;1.0;true
Pitta_angolensis_2;1272;1272;0;0;1.0;1.0;true
Podargus_strigoides_1;2184;2184;0;0;1.0;1.0;true
Podargus_strigoides_2;2184;2184;0;0;1.0;1.0;true
Poecile_lugubris_1;2148;2148;0;0;1.0;1.0;true
Poecile_lugubris_2;2148;2148;0;0;1.0;1.0;true
Porphyrio_porphyrio_1;2265;2265;0;0;1.0;1.0;true
Porphyrio_porphyrio_2;2265;2265;0;0;1.0;1.0;true
Probosciger_aterrimus_1;1971;1971;0;0;1.0;1.0;true
Probosciger_aterrimus_2;1971;1971;0;0;1.0;1.0;true
Psittacus_erithacus_1;2088;2088;0;0;1.0;1.0;true
Psittacus_erithacus_2;2088;2088;0;0;1.0;1.0;true
Psittrichas_fulgidus_1;1263;1263;0;0;1.0;1.0;true
Psittrichas_fulgidus_2;1263;1263;0;0;1.0;1.0;true
Psophia_crepitans_1;2049;2049;0;0;1.0;1.0;true
Psophia_crepitans_2;2049;2049;0;0;1.0;1.0;true
Pterocles_bicinctus_1;2055;2055;0;0;1.0;1.0;true
Pterocles_bicinctus_2;2055;2055;0;0;1.0;1.0;true
Pterodroma_externa_1;1986;1986;0;0;1.0;1.0;true
Pterodroma_externa_2;1986;1986;0;0;1.0;1.0;true
Ptilinopus_magnificus_1;2112;2112;0;0;1.0;1.0;true
Ptilinopus_magnificus_2;2112;2112;0;0;1.0;1.0;true
Ptilonorhynchus_violaceus_1;2373;2373;0;0;1.0;1.0;true
Ptilonorhynchus_violaceus_2;2373;2373;0;0;1.0;1.0;true
Puffinus_griseus_1;1896;1896;0;0;1.0;1.0;true
Puffinus_griseus_2;1896;1896;0;0;1.0;1.0;true
Pycnonotus_macrotis_1;2046;2046;0;0;1.0;1.0;true
Pycnonotus_macrotis_2;2046;2046;0;0;1.0;1.0;true
Rallus_longirostris_1;1560;1560;0;0;1.0;1.0;true
Rallus_longirostris_2;1560;1560;0;0;1.0;1.0;true
Ramphastos_ambiguus_1;2196;2196;0;0;1.0;1.0;true
Ramphastos_ambiguus_2;2196;2196;0;0;1.0;1.0;true
Recurvirostra_americana_1;1887;1887;0;0;1.0;1.0;true
Recurvirostra_americana_2;1887;1887;0;0;1.0;1.0;true
Regulus_ignicapilla_1;2235;2235;0;0;1.0;1.0;true
Regulus_ignicapilla_2;2235;2235;0;0;1.0;1.0;true
Rhea_americana_1;1968;1968;0;0;1.0;1.0;true
Rhea_americana_2;1968;1968;0;0;1.0;1.0;true
Rhynchocyclus_olivaceus_1;2256;2256;0;0;1.0;1.0;true
Rhynchocyclus_olivaceus_2;2256;2256;0;0;1.0;1.0;true
Rollandia_rolland_1;2076;2076;0;0;1.0;1.0;true
Rollandia_rolland_2;2076;2076;0;0;1.0;1.0;true
Rollulus_rouloul_1;1839;1839;0;0;1.0;1.0;true
Rollulus_rouloul_2;1839;1839;0;0;1.0;1.0;true
Rostratula_benghalensis_1;1950;1950;0;0;1.0;1.0;true
Rostratula_benghalensis_2;1950;1950;0;0;1.0;1.0;true
Rupicola_rupicola_1;2067;2067;0;0;1.0;1.0;true
Rupicola_rupicola_2;2067;2067;0;0;1.0;1.0;true
Rynchops_niger_1;1743;1743;0;0;1.0;1.0;true
Rynchops_niger_2;1743;1743;0;0;1.0;1.0;true
Sagittarius_serpentarius_1;1986;1986;0;0;1.0;1.0;true
Sagittarius_serpentarius_2;1986;1986;0;0;1.0;1.0;true
Sarothrura_rufa_1;1917;1917;0;0;1.0;1.0;true
Sarothrura_rufa_2;1917;1917;0;0;1.0;1.0;true
Schiffornis_turdina_1;1983;1983;0;0;1.0;1.0;true
Schiffornis_turdina_2;1983;1983;0;0;1.0;1.0;true
Sclerurus_mexicanus_1;2097;2097;0;0;1.0;1.0;true
Sclerurus_mexicanus_2;2097;2097;0;0;1.0;1.0;true
Scopus_umbretta_1;1974;1974;0;0;1.0;1.0;true
Scopus_umbretta_2;1974;1974;0;0;1.0;1.0;true
Sericulus_bakeri_1;2196;2196;0;0;1.0;1.0;true
Sericulus_bakeri_2;2196;2196;0;0;1.0;1.0;true
Smithornis_rufolateralis_1;2115;2115;0;0;1.0;1.0;true
Smithornis_rufolateralis_2;2115;2115;0;0;1.0;1.0;true
Spheniscus_humboldti_1;1710;1710;0;0;1.0;1.0;true
Spheniscus_humboldti_2;1710;1710;0;0;1.0;1.0;true
Spizella_arborea_1;1089;1089;0;0;1.0;1.0;true
Spizella_arborea_2;1089;1089;0;0;1.0;1.0;true
Steatornis_caripensi_1;825;825;0;0;1.0;1.0;true
Steatornis_caripensi_2;825;825;0;0;1.0;1.0;true
Sterna_hirundo_1;1968;1968;0;0;1.0;1.0;true
Sterna_hirundo_2;1968;1968;0;0;1.0;1.0;true
Streptoprocne_zonaris_1;1926;1926;0;0;1.0;1.0;true
Streptoprocne_zonaris_2;1926;1926;0;0;1.0;1.0;true
Strix_varia_1;1662;1662;0;0;1.0;1.0;true
Strix_varia_2;1662;1662;0;0;1.0;1.0;true
Struthio_camelus_1;1392;1392;0;0;1.0;1.0;true
Struthio_camelus_2;1392;1392;0;0;1.0;1.0;true
Sylvia_melanocephala_1;1914;1914;0;0;1.0;1.0;true
Sylvia_melanocephala_2;1914;1914;0;0;1.0;1.0;true
Syrrhaptes_paradoxus_1;2163;2163;0;0;1.0;1.0;true
Syrrhaptes_paradoxus_2;2163;2163;0;0;1.0;1.0;true
Tapera_naevia_1;2040;2040;0;0;1.0;1.0;true
Tapera_naevia_2;2040;2040;0;0;1.0;1.0;true
Tauraco_macrorhynchus_1;1836;1836;0;0;1.0;1.0;true
Tauraco_macrorhynchus_2;1836;1836;0;0;1.0;1.0;true
Terenura_callinota_1;2109;2109;0;0;1.0;1.0;true
Terenura_callinota_2;2109;2109;0;0;1.0;1.0;true
Thamnophilus_ruficapillu_1;1902;1902;0;0;1.0;1.0;true
Thamnophilus_ruficapillu_2;1902;1902;0;0;1.0;1.0;true
Theristicus_caerulescens_1;1788;1788;0;0;1.0;1.0;true
Theristicus_caerulescens_2;1788;1788;0;0;1.0;1.0;true
Tigrisoma_lineatum_1;1995;1995;0;0;1.0;1.0;true
Tigrisoma_lineatum_2;1995;1995;0;0;1.0;1.0;true
Tinamus_major_1;1953;1953;0;0;1.0;1.0;true
Tinamus_major_2;1953;1953;0;0;1.0;1.0;true
Tityra_cayana_1;948;948;0;0;1.0;1.0;true
Tityra_cayana_2;948;948;0;0;1.0;1.0;true
Tockus_camurus_1;1902;1902;0;0;1.0;1.0;true
Tockus_camurus_2;1902;1902;0;0;1.0;1.0;true
Todus_mexicanus_1;1866;1866;0;0;1.0;1.0;true
Todus_mexicanus_2;1866;1866;0;0;1.0;1.0;true
Topaza_pella_1;1899;1899;0;0;1.0;1.0;true
Topaza_pella_2;1899;1899;0;0;1.0;1.0;true
Treron_calvus_1;2019;2019;0;0;1.0;1.0;true
Treron_calvus_2;2019;2019;0;0;1.0;1.0;true
Tringa_solitaria_1;1983;1983;0;0;1.0;1.0;true
Tringa_solitaria_2;1983;1983;0;0;1.0;1.0;true
Trogon_elegans_1;2046;2046;0;0;1.0;1.0;true
Trogon_elegans_2;2046;2046;0;0;1.0;1.0;true
Turdus_olivater_1;2079;2079;0;0;1.0;1.0;true
Turdus_olivater_2;2079;2079;0;0;1.0;1.0;true
Turnix_ocellata_1;1203;1203;0;0;1.0;1.0;true
Turnix_ocellata_2;1203;1203;0;0;1.0;1.0;true
Tyrannus_albogularis_1;2082;2082;0;0;1.0;1.0;true
Tyrannus_albogularis_2;2082;2082;0;0;1.0;1.0;true
Tyto_alba_1;675;675;0;0;1.0;1.0;true
Tyto_alba_2;675;675;0;0;1.0;1.0;true
Upupa_epops_1;2043;2043;0;0;1.0;1.0;true
Upupa_epops_2;2043;2043;0;0;1.0;1.0;true
Uria_aalge_1;969;969;0;0;1.0;1.0;true
Uria_aalge_2;969;969;0;0;1.0;1.0;true
Urocolius_indicus_1;2148;2148;0;0;1.0;1.0;true
Urocolius_indicus_2;2148;2148;0;0;1.0;1.0;true
Vultur_gryphus_1;1089;1089;0;0;1.0;1.0;true
Vultur_gryphus_2;1089;1089;0;0;1.0;1.0;true
