seqName;initialSeqLength;nbKeep;nbTrim;nbInformativeTrim;percentKeepExcludingExtremities;percentKeepIncludingExtremities;keptSequences
Acanthisitta_chloris_1;2241;1929;312;312;1.0;0.86;true
Acanthisitta_chloris_2;2241;1929;312;312;1.0;0.86;true
Accipiter_superciliosus_1;2028;1929;99;99;1.0;0.951;true
Accipiter_superciliosus_2;2028;1929;99;99;1.0;0.951;true
Aegotheles_insignis_1;2016;1929;87;87;1.0;0.956;true
Aegotheles_insignis_2;2016;1929;87;87;1.0;0.956;true
Alcedo_quadribrachys_1;1977;1872;105;105;1.0;0.946;true
Alcedo_quadribrachys_2;1977;1872;105;105;1.0;0.946;true
Anas_superciliosa_1;2097;1929;168;168;1.0;0.919;true
Anas_superciliosa_2;2097;1929;168;168;1.0;0.919;true
Anhinga_anhinga_1;2004;1926;78;78;1.0;0.961;true
Anhinga_anhinga_2;2004;1926;78;78;1.0;0.961;true
Anser_canagicus_1;2040;1929;111;111;1.0;0.945;true
Anser_canagicus_2;2040;1929;111;111;1.0;0.945;true
Anseranas_semipalmata_1;1983;1929;54;54;1.0;0.972;true
Anseranas_semipalmata_2;1983;1929;54;54;1.0;0.972;true
Apaloderma_aequatoriale_1;1887;1869;18;18;1.0;0.99;true
Apaloderma_aequatoriale_2;1887;1869;18;18;1.0;0.99;true
Apteryx_sp._1;1971;1911;60;60;1.0;0.969;true
Apteryx_sp._2;1971;1911;60;60;1.0;0.969;true
Aramus_guarauna_1;1980;1929;51;51;1.0;0.974;true
Aramus_guarauna_2;1980;1929;51;51;1.0;0.974;true
Archilochus_colubris_1;2112;1929;183;183;1.0;0.913;true
Archilochus_colubris_2;2112;1929;183;183;1.0;0.913;true
Ardea_herodias_1;2085;1929;156;156;1.0;0.925;true
Ardea_herodias_2;2085;1929;156;156;1.0;0.925;true
Ardeotis_kori_1;2166;1929;237;237;1.0;0.89;true
Ardeotis_kori_2;2166;1929;237;237;1.0;0.89;true
Arenaria_interpres_1;2115;1923;192;192;1.0;0.909;true
Arenaria_interpres_2;2115;1923;192;192;1.0;0.909;true
Atelornis_pittoides_1;2118;1929;189;189;1.0;0.91;true
Atelornis_pittoides_2;2118;1929;189;189;1.0;0.91;true
Aythya_valisineria_1;2022;1908;114;114;1.0;0.943;true
Aythya_valisineria_2;2022;1908;114;114;1.0;0.943;true
Balaeniceps_rex_1;1920;1905;15;15;1.0;0.992;true
Balaeniceps_rex_2;1920;1905;15;15;1.0;0.992;true
Balearica_regulorum_1;1857;1848;9;9;1.0;0.995;true
Balearica_regulorum_2;1857;1848;9;9;1.0;0.995;true
Barnardius_zonarius_1;1989;1929;60;60;1.0;0.969;true
Barnardius_zonarius_2;1989;1929;60;60;1.0;0.969;true
Bonasa_umbellus_1;1995;1929;66;66;1.0;0.966;true
Bonasa_umbellus_2;1995;1929;66;66;1.0;0.966;true
Buccanodon_duchaillui_1;2013;1923;90;90;1.0;0.955;true
Buccanodon_duchaillui_2;2013;1923;90;90;1.0;0.955;true
Bucco_capensis_1;2082;1923;159;159;1.0;0.923;true
Bucco_capensis_2;2082;1923;159;159;1.0;0.923;true
Bucorvus_leadbeateri_1;2043;1929;114;114;1.0;0.944;true
Bucorvus_leadbeateri_2;2043;1929;114;114;1.0;0.944;true
Burhinus_oedicnemus_1;1920;1917;3;3;1.0;0.998;true
Burhinus_oedicnemus_2;1920;1917;3;3;1.0;0.998;true
Buteo_jamaicensis_1;2034;1929;105;105;1.0;0.948;true
Buteo_jamaicensis_2;2034;1929;105;105;1.0;0.948;true
Caiman_croccodilus_1;1812;1812;0;0;1.0;1.0;true
Caiman_croccodilus_2;1812;1812;0;0;1.0;1.0;true
Calandrella_brachydactyla_1;2070;1929;141;141;1.0;0.931;true
Calandrella_brachydactyla_2;2070;1929;141;141;1.0;0.931;true
Calyptomena_viridis_1;1980;1929;51;51;1.0;0.974;true
Calyptomena_viridis_2;1980;1929;51;51;1.0;0.974;true
Capito_niger_1;2028;1929;99;99;1.0;0.951;true
Capito_niger_2;2028;1929;99;99;1.0;0.951;true
Caprimulgus_europaeus_1;2040;1917;123;123;1.0;0.939;true
Caprimulgus_europaeus_2;2040;1917;123;123;1.0;0.939;true
Caracara_cheriway_1;2097;1929;168;168;1.0;0.919;true
Caracara_cheriway_2;2097;1929;168;168;1.0;0.919;true
Cariama_cristata_1;2106;1929;177;177;1.0;0.915;true
Cariama_cristata_2;2106;1929;177;177;1.0;0.915;true
Casuarius_bennetti_1;2052;1926;126;126;1.0;0.938;true
Casuarius_bennetti_2;2052;1926;126;126;1.0;0.938;true
Cathartes_burrovianus_1;1878;1878;0;0;1.0;1.0;true
Cathartes_burrovianus_2;1878;1878;0;0;1.0;1.0;true
Centropus_bengalensis_1;2199;1929;270;270;1.0;0.877;true
Centropus_bengalensis_2;2199;1929;270;270;1.0;0.877;true
Chaetura_brachyura_1;2025;1929;96;96;1.0;0.952;true
Chaetura_brachyura_2;2025;1929;96;96;1.0;0.952;true
Charadrius_hiaticula_1;1893;1893;0;0;1.0;1.0;true
Charadrius_hiaticula_2;1893;1893;0;0;1.0;1.0;true
Chauna_torquata_1;2154;1929;225;225;1.0;0.895;true
Chauna_torquata_2;2154;1929;225;225;1.0;0.895;true
Chelidoptera_tenebrosa_1;2055;1923;132;132;1.0;0.935;true
Chelidoptera_tenebrosa_2;2055;1923;132;132;1.0;0.935;true
Chloroceryle_inda_1;1953;1884;69;69;1.0;0.964;true
Chloroceryle_inda_2;1953;1884;69;69;1.0;0.964;true
Chordeiles_pusillus_1;2118;1929;189;189;1.0;0.91;true
Chordeiles_pusillus_2;2118;1929;189;189;1.0;0.91;true
Chroicocephalus_cirrocephalus_1;1902;1737;165;165;1.0;0.913;true
Chroicocephalus_cirrocephalus_2;1902;1737;165;165;1.0;0.913;true
Chunga_burmeisteri_1;2142;1929;213;213;1.0;0.9;true
Chunga_burmeisteri_2;2142;1929;213;213;1.0;0.9;true
Ciconia_nigra_1;1809;1809;0;0;1.0;1.0;true
Ciconia_nigra_2;1809;1809;0;0;1.0;1.0;true
Climacteris_melanura_1;2010;1929;81;81;1.0;0.959;true
Climacteris_melanura_2;2010;1929;81;81;1.0;0.959;true
Coccyzus_melacoryphus_1;1932;1911;21;21;1.0;0.989;true
Coccyzus_melacoryphus_2;1932;1911;21;21;1.0;0.989;true
Colinus_cristatus_1;2019;1911;108;108;1.0;0.946;true
Colinus_cristatus_2;2019;1911;108;108;1.0;0.946;true
Colius_colius_1;2118;1929;189;189;1.0;0.91;true
Colius_colius_2;2118;1929;189;189;1.0;0.91;true
Columba_livia_1;1968;1926;42;42;1.0;0.978;true
Columba_livia_2;1968;1926;42;42;1.0;0.978;true
Columbina_minuta_1;1983;1929;54;54;1.0;0.972;true
Columbina_minuta_2;1983;1929;54;54;1.0;0.972;true
Coracias_cyanogaster_1;2349;1929;420;420;1.0;0.821;true
Coracias_cyanogaster_2;2349;1929;420;420;1.0;0.821;true
Corvus_albus_1;1947;1899;48;48;1.0;0.975;true
Corvus_albus_2;1947;1899;48;48;1.0;0.975;true
Corythaeola_cristata_1;1902;1884;18;18;1.0;0.99;true
Corythaeola_cristata_2;1902;1884;18;18;1.0;0.99;true
Cotinga_cayana_1;2034;1929;105;105;1.0;0.948;true
Cotinga_cayana_2;2034;1929;105;105;1.0;0.948;true
Crax_alector_1;2109;1929;180;180;1.0;0.914;true
Crax_alector_2;2109;1929;180;180;1.0;0.914;true
Crocodylus_porosus_1;1968;1926;42;42;1.0;0.978;true
Crocodylus_porosus_2;1968;1926;42;42;1.0;0.978;true
Cryptopipo_aenigma_1;2067;1929;138;138;1.0;0.933;true
Cryptopipo_aenigma_2;2067;1929;138;138;1.0;0.933;true
Crypturellus_tataupa_1;2037;1908;129;129;1.0;0.936;true
Crypturellus_tataupa_2;2037;1908;129;129;1.0;0.936;true
Cuculus_optatus_1;1968;1887;81;81;1.0;0.958;true
Cuculus_optatus_2;1968;1887;81;81;1.0;0.958;true
Dendrocygna_viduata_1;1671;1581;90;90;1.0;0.946;true
Dendrocygna_viduata_2;1671;1581;90;90;1.0;0.946;true
Deroptyus_accipitrinus_1;1962;1929;33;33;1.0;0.983;true
Deroptyus_accipitrinus_2;1962;1929;33;33;1.0;0.983;true
Dromaius_novaehollandiae_1;1989;1926;63;63;1.0;0.968;true
Dromaius_novaehollandiae_2;1989;1926;63;63;1.0;0.968;true
Elaenia_flavogaster_1;2160;1929;231;231;1.0;0.893;true
Elaenia_flavogaster_2;2160;1929;231;231;1.0;0.893;true
Elanus_leucurus_1;1008;1008;0;0;1.0;1.0;true
Elanus_leucurus_2;1008;1008;0;0;1.0;1.0;true
Eudromia_elegans_1;2169;1929;240;240;1.0;0.889;true
Eudromia_elegans_2;2169;1929;240;240;1.0;0.889;true
Eurostopodus_macrotis_1;2082;1929;153;153;1.0;0.926;true
Eurostopodus_macrotis_2;2082;1929;153;153;1.0;0.926;true
Eurylaimus_ochromalus_1;2007;1929;78;78;1.0;0.961;true
Eurylaimus_ochromalus_2;2007;1929;78;78;1.0;0.961;true
Eurypyga_helias_1;1695;1695;0;0;1.0;1.0;true
Eurypyga_helias_2;1695;1695;0;0;1.0;1.0;true
Falco_sparverius_1;2262;1929;333;333;1.0;0.852;true
Falco_sparverius_2;2262;1929;333;333;1.0;0.852;true
Fregata_magnificens_1;1836;1770;66;66;1.0;0.964;true
Fregata_magnificens_2;1836;1770;66;66;1.0;0.964;true
Fringilla_coelebs_1;2073;1929;144;144;1.0;0.93;true
Fringilla_coelebs_2;2073;1929;144;144;1.0;0.93;true
Fulmarus_glacialoides_1;1983;1929;54;54;1.0;0.972;true
Fulmarus_glacialoides_2;1983;1929;54;54;1.0;0.972;true
Furnarius_rufus_1;1977;1905;72;72;1.0;0.963;true
Furnarius_rufus_2;1977;1905;72;72;1.0;0.963;true
Galbula_dea_1;2205;1929;276;276;1.0;0.874;true
Galbula_dea_2;2205;1929;276;276;1.0;0.874;true
Gallus_gallus_1;2208;1929;279;279;1.0;0.873;true
Gallus_gallus_2;2208;1929;279;279;1.0;0.873;true
Gavia_immer_1;1980;1884;96;96;1.0;0.951;true
Gavia_immer_2;1980;1884;96;96;1.0;0.951;true
Glareola_nuchalis_1;2049;1929;120;120;1.0;0.941;true
Glareola_nuchalis_2;2049;1929;120;120;1.0;0.941;true
Grus_canadensis_1;1980;1929;51;51;1.0;0.974;true
Grus_canadensis_2;1980;1929;51;51;1.0;0.974;true
Haematopus_palliatus_1;2169;1929;240;240;1.0;0.889;true
Haematopus_palliatus_2;2169;1929;240;240;1.0;0.889;true
Heliornis_fulica_1;2229;1929;300;300;1.0;0.865;true
Heliornis_fulica_2;2229;1929;300;300;1.0;0.865;true
Hemiprocne_comata_1;1407;1323;84;84;1.0;0.94;true
Hemiprocne_comata_2;1407;1323;84;84;1.0;0.94;true
Hirundinea_ferruginea_1;1929;1920;9;9;1.0;0.995;true
Hirundinea_ferruginea_2;1929;1920;9;9;1.0;0.995;true
Hymenops_perspicillatus_1;2235;1923;312;312;1.0;0.86;true
Hymenops_perspicillatus_2;2235;1923;312;312;1.0;0.86;true
Ibycter_americanus_1;1956;1929;27;27;1.0;0.986;true
Ibycter_americanus_2;1956;1929;27;27;1.0;0.986;true
Indicator_exilis_1;2187;1929;258;258;1.0;0.882;true
Indicator_exilis_2;2187;1929;258;258;1.0;0.882;true
Ixobrychus_minutus_1;1032;1032;0;0;1.0;1.0;true
Ixobrychus_minutus_2;1032;1032;0;0;1.0;1.0;true
Jacana_jacana_1;2286;1929;357;357;1.0;0.843;true
Jacana_jacana_2;2286;1929;357;357;1.0;0.843;true
Jynx_torquilla_1;2103;1929;174;174;1.0;0.917;true
Jynx_torquilla_2;2103;1929;174;174;1.0;0.917;true
Leipoa_ocellata_1;1971;1923;48;48;0.998;0.975;true
Leipoa_ocellata_2;1971;1923;48;48;0.998;0.975;true
Lepidocolaptes_angustirostr_1;2070;1902;168;168;1.0;0.918;true
Lepidocolaptes_angustirostr_2;2070;1902;168;168;1.0;0.918;true
Leptoptilos_crumeniferus_1;1980;1929;51;51;1.0;0.974;true
Leptoptilos_crumeniferus_2;1980;1929;51;51;1.0;0.974;true
Leptosomus_discolor_1;1830;1830;0;0;1.0;1.0;true
Leptosomus_discolor_2;1830;1830;0;0;1.0;1.0;true
Leptotila_rufaxilla_1;2025;1929;96;96;1.0;0.952;true
Leptotila_rufaxilla_2;2025;1929;96;96;1.0;0.952;true
Limosa_lapponica_1;2019;1923;96;96;1.0;0.952;true
Limosa_lapponica_2;2019;1923;96;96;1.0;0.952;true
Lophorina_superba_1;1719;1719;0;0;1.0;1.0;true
Lophorina_superba_2;1719;1719;0;0;1.0;1.0;true
Malurus_splendens_1;1845;1842;3;3;0.998;0.998;true
Malurus_splendens_2;1845;1842;3;3;0.998;0.998;true
Megalaima_chrysopogon_1;2178;1929;249;249;1.0;0.885;true
Megalaima_chrysopogon_2;2178;1929;249;249;1.0;0.885;true
Melanopareia_maximilian_1;2046;1929;117;117;1.0;0.942;true
Melanopareia_maximilian_2;2046;1929;117;117;1.0;0.942;true
Menura_novaehollandiae_1;1851;1851;0;0;1.0;1.0;true
Menura_novaehollandiae_2;1851;1851;0;0;1.0;1.0;true
Merops_muelleri_1;2103;1929;174;174;1.0;0.917;true
Merops_muelleri_2;2103;1929;174;174;1.0;0.917;true
Mesitornis_unicolor_1;1914;1896;18;18;1.0;0.99;true
Mesitornis_unicolor_2;1914;1896;18;18;1.0;0.99;true
Micrastur_gilvicollis_1;2118;1929;189;189;1.0;0.91;true
Micrastur_gilvicollis_2;2118;1929;189;189;1.0;0.91;true
Micropygia_schomburgkii_1;2094;1929;165;165;1.0;0.921;true
Micropygia_schomburgkii_2;2094;1929;165;165;1.0;0.921;true
Momotus_lessonii_1;1920;1902;18;18;1.0;0.99;true
Momotus_lessonii_2;1920;1902;18;18;1.0;0.99;true
Monias_benschi_1;2139;1926;213;213;1.0;0.9;true
Monias_benschi_2;2139;1926;213;213;1.0;0.9;true
Morus_serrator_1;2106;1929;177;177;1.0;0.915;true
Morus_serrator_2;2106;1929;177;177;1.0;0.915;true
Myiobius_barbatus_1;1797;1797;0;0;1.0;1.0;true
Myiobius_barbatus_2;1797;1797;0;0;1.0;1.0;true
Myrmornis_torquata_1;1956;1911;45;45;1.0;0.976;true
Myrmornis_torquata_2;1956;1911;45;45;1.0;0.976;true
Myrmothera_campanisona_1;1677;1590;87;87;1.0;0.948;true
Myrmothera_campanisona_2;1677;1590;87;87;1.0;0.948;true
Neodrepanis_coruscans_1;1899;1869;30;30;1.0;0.984;true
Neodrepanis_coruscans_2;1899;1869;30;30;1.0;0.984;true
Neopelma_chrysocephalum_1;1983;1929;54;54;1.0;0.972;true
Neopelma_chrysocephalum_2;1983;1929;54;54;1.0;0.972;true
Nestor_meridionalis_1;1941;1914;27;27;1.0;0.986;true
Nestor_meridionalis_2;1941;1914;27;27;1.0;0.986;true
Nothoprocta_ornata_1;2040;1830;210;210;0.998;0.897;true
Nothoprocta_ornata_2;2040;1830;210;210;0.998;0.897;true
Numida_malagris_1;2076;1929;147;147;1.0;0.929;true
Numida_malagris_2;2076;1929;147;147;1.0;0.929;true
Nyctibius_griseus_1;2319;1929;390;390;1.0;0.831;true
Nyctibius_griseus_2;2319;1929;390;390;1.0;0.831;true
Oceanites_oceanicus_1;1962;1929;33;33;1.0;0.983;true
Oceanites_oceanicus_2;1962;1929;33;33;1.0;0.983;true
Oceanodroma_leucorhoa_1;2007;1908;99;99;1.0;0.95;true
Oceanodroma_leucorhoa_2;2007;1908;99;99;1.0;0.95;true
Odontophorus_gujanensis_1;2031;1929;102;102;1.0;0.949;true
Odontophorus_gujanensis_2;2031;1929;102;102;1.0;0.949;true
Opisthocomus_hoazin_1;2007;1929;78;78;1.0;0.961;true
Opisthocomus_hoazin_2;2007;1929;78;78;1.0;0.961;true
Ortalis_motmot_1;1977;1929;48;48;1.0;0.975;true
Ortalis_motmot_2;1977;1929;48;48;1.0;0.975;true
Oxyruncus_cristatus_1;2067;1929;138;138;1.0;0.933;true
Oxyruncus_cristatus_2;2067;1929;138;138;1.0;0.933;true
Oxyura_jamaicensis_1;1932;1884;48;48;1.0;0.975;true
Oxyura_jamaicensis_2;1932;1884;48;48;1.0;0.975;true
Pandion_haliaetus_1;1452;1452;0;0;1.0;1.0;true
Pandion_haliaetus_2;1452;1452;0;0;1.0;1.0;true
Pedionomus_torquatus_1;2247;1929;318;256;1.0;0.858;true
Pedionomus_torquatus_2;2247;1929;318;256;1.0;0.858;true
Pelagodroma_marina_1;1344;1344;0;0;1.0;1.0;true
Pelagodroma_marina_2;1344;1344;0;0;1.0;1.0;true
Pelecanoides_urinatrix_1;1908;1869;39;39;1.0;0.979;true
Pelecanoides_urinatrix_2;1908;1869;39;39;1.0;0.979;true
Pelecanus_occidentalis_1;1887;1887;0;0;1.0;1.0;true
Pelecanus_occidentalis_2;1887;1887;0;0;1.0;1.0;true
Phaethon_rubricauda_1;2187;1929;258;258;1.0;0.882;true
Phaethon_rubricauda_2;2187;1929;258;258;1.0;0.882;true
Phaethornis_superciliosus_1;1944;1926;18;18;1.0;0.99;true
Phaethornis_superciliosus_2;1944;1926;18;18;1.0;0.99;true
Phalacrocorax_brasili_1;1971;1929;42;42;1.0;0.978;true
Phalacrocorax_brasili_2;1971;1929;42;42;1.0;0.978;true
Phoebastria_nigripes_1;1653;1653;0;0;1.0;1.0;true
Phoebastria_nigripes_2;1653;1653;0;0;1.0;1.0;true
Phoenicopterus_ruber_1;1965;1878;87;87;1.0;0.955;true
Phoenicopterus_ruber_2;1965;1878;87;87;1.0;0.955;true
Phoeniculus_purpureus_1;1308;1308;0;0;1.0;1.0;true
Phoeniculus_purpureus_2;1308;1308;0;0;1.0;1.0;true
Picus_canus_1;2001;1923;78;78;1.0;0.961;true
Picus_canus_2;2001;1923;78;78;1.0;0.961;true
Pipra_erythrocephala_1;2163;1929;234;234;1.0;0.891;true
Pipra_erythrocephala_2;2163;1929;234;234;1.0;0.891;true
Piprites_chloris_1;1911;1863;48;48;1.0;0.974;true
Piprites_chloris_2;1911;1863;48;48;1.0;0.974;true
Pitta_angolensis_1;1272;1152;120;120;1.0;0.905;true
Pitta_angolensis_2;1272;1152;120;120;1.0;0.905;true
Podargus_strigoides_1;2184;1926;258;258;1.0;0.881;true
Podargus_strigoides_2;2184;1926;258;258;1.0;0.881;true
Poecile_lugubris_1;2148;1929;219;219;1.0;0.898;true
Poecile_lugubris_2;2148;1929;219;219;1.0;0.898;true
Porphyrio_porphyrio_1;2265;1929;336;336;1.0;0.851;true
Porphyrio_porphyrio_2;2265;1929;336;336;1.0;0.851;true
Probosciger_aterrimus_1;1971;1929;42;42;1.0;0.978;true
Probosciger_aterrimus_2;1971;1929;42;42;1.0;0.978;true
Psittacus_erithacus_1;2088;1929;159;159;1.0;0.923;true
Psittacus_erithacus_2;2088;1929;159;159;1.0;0.923;true
Psittrichas_fulgidus_1;1263;1122;141;141;1.0;0.888;true
Psittrichas_fulgidus_2;1263;1122;141;141;1.0;0.888;true
Psophia_crepitans_1;2049;1929;120;120;1.0;0.941;true
Psophia_crepitans_2;2049;1929;120;120;1.0;0.941;true
Pterocles_bicinctus_1;2055;1908;147;147;1.0;0.928;true
Pterocles_bicinctus_2;2055;1908;147;147;1.0;0.928;true
Pterodroma_externa_1;1986;1923;63;63;1.0;0.968;true
Pterodroma_externa_2;1986;1923;63;63;1.0;0.968;true
Ptilinopus_magnificus_1;2112;1929;183;183;1.0;0.913;true
Ptilinopus_magnificus_2;2112;1929;183;183;1.0;0.913;true
Ptilonorhynchus_violaceus_1;2373;1929;444;444;1.0;0.812;true
Ptilonorhynchus_violaceus_2;2373;1929;444;444;1.0;0.812;true
Puffinus_griseus_1;1896;1896;0;0;1.0;1.0;true
Puffinus_griseus_2;1896;1896;0;0;1.0;1.0;true
Pycnonotus_macrotis_1;2046;1929;117;117;1.0;0.942;true
Pycnonotus_macrotis_2;2046;1929;117;117;1.0;0.942;true
Rallus_longirostris_1;1560;1560;0;0;1.0;1.0;true
Rallus_longirostris_2;1560;1560;0;0;1.0;1.0;true
Ramphastos_ambiguus_1;2196;1929;267;267;1.0;0.878;true
Ramphastos_ambiguus_2;2196;1929;267;267;1.0;0.878;true
Recurvirostra_americana_1;1887;1887;0;0;1.0;1.0;true
Recurvirostra_americana_2;1887;1887;0;0;1.0;1.0;true
Regulus_ignicapilla_1;2235;1929;306;306;1.0;0.863;true
Regulus_ignicapilla_2;2235;1929;306;306;1.0;0.863;true
Rhea_americana_1;1968;1929;39;39;1.0;0.98;true
Rhea_americana_2;1968;1929;39;39;1.0;0.98;true
Rhynchocyclus_olivaceus_1;2256;1929;327;327;1.0;0.855;true
Rhynchocyclus_olivaceus_2;2256;1929;327;327;1.0;0.855;true
Rollandia_rolland_1;2076;1929;147;147;1.0;0.929;true
Rollandia_rolland_2;2076;1929;147;147;1.0;0.929;true
Rollulus_rouloul_1;1839;1839;0;0;1.0;1.0;true
Rollulus_rouloul_2;1839;1839;0;0;1.0;1.0;true
Rostratula_benghalensis_1;1950;1872;78;78;1.0;0.96;true
Rostratula_benghalensis_2;1950;1872;78;78;1.0;0.96;true
Rupicola_rupicola_1;2067;1929;138;138;1.0;0.933;true
Rupicola_rupicola_2;2067;1929;138;138;1.0;0.933;true
Rynchops_niger_1;1743;1725;18;18;1.0;0.989;true
Rynchops_niger_2;1743;1725;18;18;1.0;0.989;true
Sagittarius_serpentarius_1;1986;1929;57;57;1.0;0.971;true
Sagittarius_serpentarius_2;1986;1929;57;57;1.0;0.971;true
Sarothrura_rufa_1;1917;1917;0;0;1.0;1.0;true
Sarothrura_rufa_2;1917;1917;0;0;1.0;1.0;true
Schiffornis_turdina_1;1983;1929;54;54;1.0;0.972;true
Schiffornis_turdina_2;1983;1929;54;54;1.0;0.972;true
Sclerurus_mexicanus_1;2097;1929;168;168;1.0;0.919;true
Sclerurus_mexicanus_2;2097;1929;168;168;1.0;0.919;true
Scopus_umbretta_1;1974;1929;45;45;1.0;0.977;true
Scopus_umbretta_2;1974;1929;45;45;1.0;0.977;true
Sericulus_bakeri_1;2196;1929;267;267;1.0;0.878;true
Sericulus_bakeri_2;2196;1929;267;267;1.0;0.878;true
Smithornis_rufolateralis_1;2115;1929;186;186;1.0;0.912;true
Smithornis_rufolateralis_2;2115;1929;186;186;1.0;0.912;true
Spheniscus_humboldti_1;1710;1707;3;3;1.0;0.998;true
Spheniscus_humboldti_2;1710;1707;3;3;1.0;0.998;true
Spizella_arborea_1;1089;1038;51;51;1.0;0.953;true
Spizella_arborea_2;1089;1038;51;51;1.0;0.953;true
Steatornis_caripensi_1;825;825;0;0;1.0;1.0;true
Steatornis_caripensi_2;825;825;0;0;1.0;1.0;true
Sterna_hirundo_1;1968;1929;39;39;1.0;0.98;true
Sterna_hirundo_2;1968;1929;39;39;1.0;0.98;true
Streptoprocne_zonaris_1;1926;1914;12;12;1.0;0.993;true
Streptoprocne_zonaris_2;1926;1914;12;12;1.0;0.993;true
Strix_varia_1;1662;1662;0;0;1.0;1.0;true
Strix_varia_2;1662;1662;0;0;1.0;1.0;true
Struthio_camelus_1;1392;1392;0;0;1.0;1.0;true
Struthio_camelus_2;1392;1392;0;0;1.0;1.0;true
Sylvia_melanocephala_1;1914;1899;15;15;1.0;0.992;true
Sylvia_melanocephala_2;1914;1899;15;15;1.0;0.992;true
Syrrhaptes_paradoxus_1;2163;1929;234;234;1.0;0.891;true
Syrrhaptes_paradoxus_2;2163;1929;234;234;1.0;0.891;true
Tapera_naevia_1;2040;1929;111;111;1.0;0.945;true
Tapera_naevia_2;2040;1929;111;111;1.0;0.945;true
Tauraco_macrorhynchus_1;1836;1836;0;0;1.0;1.0;true
Tauraco_macrorhynchus_2;1836;1836;0;0;1.0;1.0;true
Terenura_callinota_1;2109;1929;180;180;1.0;0.914;true
Terenura_callinota_2;2109;1929;180;180;1.0;0.914;true
Thamnophilus_ruficapillu_1;1902;1761;141;141;1.0;0.925;true
Thamnophilus_ruficapillu_2;1902;1761;141;141;1.0;0.925;true
Theristicus_caerulescens_1;1788;1788;0;0;1.0;1.0;true
Theristicus_caerulescens_2;1788;1788;0;0;1.0;1.0;true
Tigrisoma_lineatum_1;1995;1929;66;66;1.0;0.966;true
Tigrisoma_lineatum_2;1995;1929;66;66;1.0;0.966;true
Tinamus_major_1;1953;1929;24;24;1.0;0.987;true
Tinamus_major_2;1953;1929;24;24;1.0;0.987;true
Tityra_cayana_1;948;948;0;0;1.0;1.0;true
Tityra_cayana_2;948;948;0;0;1.0;1.0;true
Tockus_camurus_1;1902;1899;3;3;0.998;0.998;true
Tockus_camurus_2;1902;1899;3;3;0.998;0.998;true
Todus_mexicanus_1;1866;1866;0;0;1.0;1.0;true
Todus_mexicanus_2;1866;1866;0;0;1.0;1.0;true
Topaza_pella_1;1899;1899;0;0;1.0;1.0;true
Topaza_pella_2;1899;1899;0;0;1.0;1.0;true
Treron_calvus_1;2019;1827;192;192;1.0;0.904;true
Treron_calvus_2;2019;1827;192;192;1.0;0.904;true
Tringa_solitaria_1;1983;1917;66;66;1.0;0.966;true
Tringa_solitaria_2;1983;1917;66;66;1.0;0.966;true
Trogon_elegans_1;2046;1929;117;117;1.0;0.942;true
Trogon_elegans_2;2046;1929;117;117;1.0;0.942;true
Turdus_olivater_1;2079;1929;150;150;1.0;0.927;true
Turdus_olivater_2;2079;1929;150;150;1.0;0.927;true
Turnix_ocellata_1;1203;1149;54;54;1.0;0.955;true
Turnix_ocellata_2;1203;1149;54;54;1.0;0.955;true
Tyrannus_albogularis_1;2082;1929;153;153;1.0;0.926;true
Tyrannus_albogularis_2;2082;1929;153;153;1.0;0.926;true
Tyto_alba_1;675;675;0;0;1.0;1.0;true
Tyto_alba_2;675;675;0;0;1.0;1.0;true
Upupa_epops_1;2043;1929;114;114;1.0;0.944;true
Upupa_epops_2;2043;1929;114;114;1.0;0.944;true
Uria_aalge_1;969;891;78;78;1.0;0.919;true
Uria_aalge_2;969;891;78;78;1.0;0.919;true
Urocolius_indicus_1;2148;1929;219;219;1.0;0.898;true
Urocolius_indicus_2;2148;1929;219;219;1.0;0.898;true
Vultur_gryphus_1;1089;1086;3;3;1.0;0.997;true
Vultur_gryphus_2;1089;1086;3;3;1.0;0.997;true
