seqName;initialSeqLength;nbKeep;nbTrim;nbInformativeTrim;percentKeepExcludingExtremities;percentKeepIncludingExtremities;keptSequences
Acanthisitta_chloris_1;648;618;30;30;1.0;0.953;true
Acanthisitta_chloris_2;648;618;30;30;1.0;0.953;true
Accipiter_superciliosus_1;648;618;30;30;1.0;0.953;true
Accipiter_superciliosus_2;648;618;30;30;1.0;0.953;true
Aegotheles_insignis_1;618;618;0;0;1.0;1.0;true
Aegotheles_insignis_2;618;618;0;0;1.0;1.0;true
Alcedo_quadribrachys_1;648;618;30;30;1.0;0.953;true
Alcedo_quadribrachys_2;648;618;30;30;1.0;0.953;true
Anas_superciliosa_1;648;618;30;30;1.0;0.953;true
Anas_superciliosa_2;648;618;30;30;1.0;0.953;true
Anhinga_anhinga_1;648;618;30;30;1.0;0.953;true
Anhinga_anhinga_2;648;618;30;30;1.0;0.953;true
Anser_canagicus_1;648;618;30;30;1.0;0.953;true
Anser_canagicus_2;648;618;30;30;1.0;0.953;true
Anseranas_semipalmata_1;618;618;0;0;1.0;1.0;true
Anseranas_semipalmata_2;618;618;0;0;1.0;1.0;true
Apaloderma_aequatoriale_1;618;618;0;0;1.0;1.0;true
Apaloderma_aequatoriale_2;618;618;0;0;1.0;1.0;true
Apteryx_sp._1;618;618;0;0;1.0;1.0;true
Apteryx_sp._2;618;618;0;0;1.0;1.0;true
Aramus_guarauna_1;648;618;30;30;1.0;0.953;true
Aramus_guarauna_2;648;618;30;30;1.0;0.953;true
Archilochus_colubris_1;618;618;0;0;1.0;1.0;true
Archilochus_colubris_2;618;618;0;0;1.0;1.0;true
Ardea_herodias_1;648;618;30;30;1.0;0.953;true
Ardea_herodias_2;648;618;30;30;1.0;0.953;true
Ardeotis_kori_1;642;618;24;24;1.0;0.962;true
Ardeotis_kori_2;642;618;24;24;1.0;0.962;true
Arenaria_interpres_1;648;618;30;30;1.0;0.953;true
Arenaria_interpres_2;648;618;30;30;1.0;0.953;true
Atelornis_pittoides_1;612;612;0;0;1.0;1.0;true
Atelornis_pittoides_2;612;612;0;0;1.0;1.0;true
Aythya_valisineria_1;648;618;30;30;1.0;0.953;true
Aythya_valisineria_2;648;618;30;30;1.0;0.953;true
Balaeniceps_rex_1;648;618;30;30;1.0;0.953;true
Balaeniceps_rex_2;648;618;30;30;1.0;0.953;true
Balearica_regulorum_1;648;618;30;30;1.0;0.953;true
Balearica_regulorum_2;648;618;30;30;1.0;0.953;true
Barnardius_zonarius_1;648;618;30;30;1.0;0.953;true
Barnardius_zonarius_2;648;618;30;30;1.0;0.953;true
Bonasa_umbellus_1;618;618;0;0;1.0;1.0;true
Bonasa_umbellus_2;618;618;0;0;1.0;1.0;true
Buccanodon_duchaillui_1;618;618;0;0;1.0;1.0;true
Buccanodon_duchaillui_2;618;618;0;0;1.0;1.0;true
Bucco_capensis_1;648;618;30;30;1.0;0.953;true
Bucco_capensis_2;648;618;30;30;1.0;0.953;true
Bucorvus_leadbeateri_1;648;618;30;30;1.0;0.953;true
Bucorvus_leadbeateri_2;648;618;30;30;1.0;0.953;true
Burhinus_oedicnemus_1;648;618;30;30;1.0;0.953;true
Burhinus_oedicnemus_2;648;618;30;30;1.0;0.953;true
Buteo_jamaicensis_1;648;618;30;30;1.0;0.953;true
Buteo_jamaicensis_2;648;618;30;30;1.0;0.953;true
Caiman_croccodilus_1;660;618;42;42;1.0;0.936;true
Caiman_croccodilus_2;660;618;42;42;1.0;0.936;true
Calandrella_brachydactyla_1;648;618;30;30;1.0;0.953;true
Calandrella_brachydactyla_2;648;618;30;30;1.0;0.953;true
Calyptomena_viridis_1;648;618;30;30;1.0;0.953;true
Calyptomena_viridis_2;648;618;30;30;1.0;0.953;true
Capito_niger_1;618;618;0;0;1.0;1.0;true
Capito_niger_2;618;618;0;0;1.0;1.0;true
Caprimulgus_europaeus_1;624;624;0;0;1.0;1.0;true
Caprimulgus_europaeus_2;624;624;0;0;1.0;1.0;true
Caracara_cheriway_1;648;618;30;30;1.0;0.953;true
Caracara_cheriway_2;648;618;30;30;1.0;0.953;true
Cariama_cristata_1;648;618;30;30;1.0;0.953;true
Cariama_cristata_2;648;618;30;30;1.0;0.953;true
Casuarius_bennetti_1;618;618;0;0;1.0;1.0;true
Casuarius_bennetti_2;618;618;0;0;1.0;1.0;true
Cathartes_burrovianus_1;648;618;30;30;1.0;0.953;true
Cathartes_burrovianus_2;648;618;30;30;1.0;0.953;true
Centropus_bengalensis_1;648;618;30;30;1.0;0.953;true
Centropus_bengalensis_2;648;618;30;30;1.0;0.953;true
Chaetura_brachyura_1;618;618;0;0;1.0;1.0;true
Chaetura_brachyura_2;618;618;0;0;1.0;1.0;true
Charadrius_hiaticula_1;648;618;30;30;1.0;0.953;true
Charadrius_hiaticula_2;648;618;30;30;1.0;0.953;true
Chauna_torquata_1;618;618;0;0;1.0;1.0;true
Chauna_torquata_2;618;618;0;0;1.0;1.0;true
Chelidoptera_tenebrosa_1;648;618;30;30;1.0;0.953;true
Chelidoptera_tenebrosa_2;648;618;30;30;1.0;0.953;true
Chloroceryle_inda_1;648;618;30;30;1.0;0.953;true
Chloroceryle_inda_2;648;618;30;30;1.0;0.953;true
Chordeiles_pusillus_1;624;624;0;0;1.0;1.0;true
Chordeiles_pusillus_2;624;624;0;0;1.0;1.0;true
Chroicocephalus_cirrocephalus_1;648;618;30;30;1.0;0.953;true
Chroicocephalus_cirrocephalus_2;648;618;30;30;1.0;0.953;true
Chunga_burmeisteri_1;648;618;30;30;1.0;0.953;true
Chunga_burmeisteri_2;648;618;30;30;1.0;0.953;true
Ciconia_nigra_1;618;618;0;0;1.0;1.0;true
Ciconia_nigra_2;618;618;0;0;1.0;1.0;true
Climacteris_melanura_1;618;618;0;0;1.0;1.0;true
Climacteris_melanura_2;618;618;0;0;1.0;1.0;true
Coccyzus_melacoryphus_1;648;618;30;30;1.0;0.953;true
Coccyzus_melacoryphus_2;648;618;30;30;1.0;0.953;true
Colinus_cristatus_1;618;618;0;0;1.0;1.0;true
Colinus_cristatus_2;618;618;0;0;1.0;1.0;true
Colius_colius_1;648;618;30;30;1.0;0.953;true
Colius_colius_2;648;618;30;30;1.0;0.953;true
Columba_livia_1;618;618;0;0;1.0;1.0;true
Columba_livia_2;618;618;0;0;1.0;1.0;true
Columbina_minuta_1;618;618;0;0;1.0;1.0;true
Columbina_minuta_2;618;618;0;0;1.0;1.0;true
Coracias_cyanogaster_1;648;618;30;30;1.0;0.953;true
Coracias_cyanogaster_2;648;618;30;30;1.0;0.953;true
Corvus_albus_1;645;618;27;27;1.0;0.958;true
Corvus_albus_2;645;618;27;27;1.0;0.958;true
Corythaeola_cristata_1;618;618;0;0;1.0;1.0;true
Corythaeola_cristata_2;618;618;0;0;1.0;1.0;true
Cotinga_cayana_1;618;618;0;0;1.0;1.0;true
Cotinga_cayana_2;618;618;0;0;1.0;1.0;true
Crax_alector_1;648;618;30;30;1.0;0.953;true
Crax_alector_2;648;618;30;30;1.0;0.953;true
Crocodylus_porosus_1;660;618;42;42;1.0;0.936;true
Crocodylus_porosus_2;660;618;42;42;1.0;0.936;true
Cryptopipo_aenigma_1;618;618;0;0;1.0;1.0;true
Cryptopipo_aenigma_2;618;618;0;0;1.0;1.0;true
Crypturellus_tataupa_1;618;618;0;0;1.0;1.0;true
Crypturellus_tataupa_2;618;618;0;0;1.0;1.0;true
Cuculus_optatus_1;618;618;0;0;1.0;1.0;true
Cuculus_optatus_2;618;618;0;0;1.0;1.0;true
Dendrocygna_viduata_1;648;618;30;30;1.0;0.953;true
Dendrocygna_viduata_2;648;618;30;30;1.0;0.953;true
Deroptyus_accipitrinus_1;648;618;30;30;1.0;0.953;true
Deroptyus_accipitrinus_2;648;618;30;30;1.0;0.953;true
Dromaius_novaehollandiae_1;618;618;0;0;1.0;1.0;true
Dromaius_novaehollandiae_2;618;618;0;0;1.0;1.0;true
Elaenia_flavogaster_1;618;618;0;0;1.0;1.0;true
Elaenia_flavogaster_2;618;618;0;0;1.0;1.0;true
Elanus_leucurus_1;648;618;30;30;1.0;0.953;true
Elanus_leucurus_2;648;618;30;30;1.0;0.953;true
Eudromia_elegans_1;618;618;0;0;1.0;1.0;true
Eudromia_elegans_2;618;618;0;0;1.0;1.0;true
Eurostopodus_macrotis_1;624;624;0;0;1.0;1.0;true
Eurostopodus_macrotis_2;624;624;0;0;1.0;1.0;true
Eurylaimus_ochromalus_1;648;618;30;30;1.0;0.953;true
Eurylaimus_ochromalus_2;648;618;30;30;1.0;0.953;true
Eurypyga_helias_1;618;618;0;0;1.0;1.0;true
Eurypyga_helias_2;618;618;0;0;1.0;1.0;true
Falco_sparverius_1;648;618;30;30;1.0;0.953;true
Falco_sparverius_2;648;618;30;30;1.0;0.953;true
Fregata_magnificens_1;648;618;30;30;1.0;0.953;true
Fregata_magnificens_2;648;618;30;30;1.0;0.953;true
Fringilla_coelebs_1;648;618;30;30;1.0;0.953;true
Fringilla_coelebs_2;648;618;30;30;1.0;0.953;true
Fulmarus_glacialoides_1;648;618;30;30;1.0;0.953;true
Fulmarus_glacialoides_2;648;618;30;30;1.0;0.953;true
Furnarius_rufus_1;648;618;30;30;1.0;0.953;true
Furnarius_rufus_2;648;618;30;30;1.0;0.953;true
Galbula_dea_1;618;618;0;0;1.0;1.0;true
Galbula_dea_2;618;618;0;0;1.0;1.0;true
Gallus_gallus_1;618;618;0;0;1.0;1.0;true
Gallus_gallus_2;618;618;0;0;1.0;1.0;true
Gavia_immer_1;648;618;30;30;1.0;0.953;true
Gavia_immer_2;648;618;30;30;1.0;0.953;true
Glareola_nuchalis_1;645;618;27;27;1.0;0.958;true
Glareola_nuchalis_2;645;618;27;27;1.0;0.958;true
Grus_canadensis_1;648;618;30;30;1.0;0.953;true
Grus_canadensis_2;648;618;30;30;1.0;0.953;true
Haematopus_palliatus_1;648;618;30;30;1.0;0.953;true
Haematopus_palliatus_2;648;618;30;30;1.0;0.953;true
Heliornis_fulica_1;648;618;30;30;1.0;0.953;true
Heliornis_fulica_2;648;618;30;30;1.0;0.953;true
Hemiprocne_comata_1;648;618;30;30;1.0;0.953;true
Hemiprocne_comata_2;648;618;30;30;1.0;0.953;true
Hirundinea_ferruginea_1;618;618;0;0;1.0;1.0;true
Hirundinea_ferruginea_2;618;618;0;0;1.0;1.0;true
Hymenops_perspicillatus_1;618;618;0;0;1.0;1.0;true
Hymenops_perspicillatus_2;618;618;0;0;1.0;1.0;true
Ibycter_americanus_1;648;618;30;30;1.0;0.953;true
Ibycter_americanus_2;648;618;30;30;1.0;0.953;true
Indicator_exilis_1;618;618;0;0;1.0;1.0;true
Indicator_exilis_2;618;618;0;0;1.0;1.0;true
Ixobrychus_minutus_1;648;618;30;30;1.0;0.953;true
Ixobrychus_minutus_2;648;618;30;30;1.0;0.953;true
Jacana_jacana_1;639;618;21;21;1.0;0.967;true
Jacana_jacana_2;639;618;21;21;1.0;0.967;true
Jynx_torquilla_1;618;618;0;0;1.0;1.0;true
Jynx_torquilla_2;618;618;0;0;1.0;1.0;true
Leipoa_ocellata_1;648;618;30;30;1.0;0.953;true
Leipoa_ocellata_2;648;618;30;30;1.0;0.953;true
Lepidocolaptes_angustirostr_1;648;618;30;30;1.0;0.953;true
Lepidocolaptes_angustirostr_2;648;618;30;30;1.0;0.953;true
Leptoptilos_crumeniferus_1;618;618;0;0;1.0;1.0;true
Leptoptilos_crumeniferus_2;618;618;0;0;1.0;1.0;true
Leptosomus_discolor_1;648;618;30;30;1.0;0.953;true
Leptosomus_discolor_2;648;618;30;30;1.0;0.953;true
Leptotila_rufaxilla_1;618;618;0;0;1.0;1.0;true
Leptotila_rufaxilla_2;618;618;0;0;1.0;1.0;true
Limosa_lapponica_1;618;618;0;0;1.0;1.0;true
Limosa_lapponica_2;618;618;0;0;1.0;1.0;true
Lophorina_superba_1;648;618;30;30;1.0;0.953;true
Lophorina_superba_2;648;618;30;30;1.0;0.953;true
Malurus_splendens_1;627;618;9;9;1.0;0.985;true
Malurus_splendens_2;627;618;9;9;1.0;0.985;true
Megalaima_chrysopogon_1;618;618;0;0;1.0;1.0;true
Megalaima_chrysopogon_2;618;618;0;0;1.0;1.0;true
Melanopareia_maximilian_1;648;618;30;30;1.0;0.953;true
Melanopareia_maximilian_2;648;618;30;30;1.0;0.953;true
Menura_novaehollandiae_1;618;618;0;0;1.0;1.0;true
Menura_novaehollandiae_2;618;618;0;0;1.0;1.0;true
Merops_muelleri_1;615;615;0;0;1.0;1.0;true
Merops_muelleri_2;615;615;0;0;1.0;1.0;true
Mesitornis_unicolor_1;651;618;33;33;1.0;0.949;true
Mesitornis_unicolor_2;651;618;33;33;1.0;0.949;true
Micrastur_gilvicollis_1;648;618;30;30;1.0;0.953;true
Micrastur_gilvicollis_2;648;618;30;30;1.0;0.953;true
Micropygia_schomburgkii_1;618;618;0;0;1.0;1.0;true
Micropygia_schomburgkii_2;618;618;0;0;1.0;1.0;true
Momotus_lessonii_1;639;618;21;21;1.0;0.967;true
Momotus_lessonii_2;639;618;21;21;1.0;0.967;true
Monias_benschi_1;618;618;0;0;1.0;1.0;true
Monias_benschi_2;618;618;0;0;1.0;1.0;true
Morus_serrator_1;648;618;30;30;1.0;0.953;true
Morus_serrator_2;648;618;30;30;1.0;0.953;true
Myiobius_barbatus_1;624;618;6;6;0.99;0.99;true
Myiobius_barbatus_2;624;618;6;6;0.99;0.99;true
Myrmornis_torquata_1;636;612;24;24;1.0;0.962;true
Myrmornis_torquata_2;636;612;24;24;1.0;0.962;true
Myrmothera_campanisona_1;648;618;30;30;1.0;0.953;true
Myrmothera_campanisona_2;648;618;30;30;1.0;0.953;true
Neodrepanis_coruscans_1;639;618;21;21;1.0;0.967;true
Neodrepanis_coruscans_2;639;618;21;21;1.0;0.967;true
Neopelma_chrysocephalum_1;618;618;0;0;1.0;1.0;true
Neopelma_chrysocephalum_2;618;618;0;0;1.0;1.0;true
Nestor_meridionalis_1;648;618;30;30;1.0;0.953;true
Nestor_meridionalis_2;648;618;30;30;1.0;0.953;true
Nothoprocta_ornata_1;609;609;0;0;1.0;1.0;true
Nothoprocta_ornata_2;609;609;0;0;1.0;1.0;true
Numida_malagris_1;618;618;0;0;1.0;1.0;true
Numida_malagris_2;618;618;0;0;1.0;1.0;true
Nyctibius_griseus_1;648;618;30;30;1.0;0.953;true
Nyctibius_griseus_2;648;618;30;30;1.0;0.953;true
Oceanites_oceanicus_1;648;618;30;30;1.0;0.953;true
Oceanites_oceanicus_2;648;618;30;30;1.0;0.953;true
Oceanodroma_leucorhoa_1;645;618;27;27;1.0;0.958;true
Oceanodroma_leucorhoa_2;645;618;27;27;1.0;0.958;true
Odontophorus_gujanensis_1;618;618;0;0;1.0;1.0;true
Odontophorus_gujanensis_2;618;618;0;0;1.0;1.0;true
Opisthocomus_hoazin_1;648;618;30;30;1.0;0.953;true
Opisthocomus_hoazin_2;648;618;30;30;1.0;0.953;true
Ortalis_motmot_1;648;618;30;30;1.0;0.953;true
Ortalis_motmot_2;648;618;30;30;1.0;0.953;true
Oxyruncus_cristatus_1;618;618;0;0;1.0;1.0;true
Oxyruncus_cristatus_2;618;618;0;0;1.0;1.0;true
Oxyura_jamaicensis_1;648;618;30;30;1.0;0.953;true
Oxyura_jamaicensis_2;648;618;30;30;1.0;0.953;true
Pandion_haliaetus_1;648;618;30;30;1.0;0.953;true
Pandion_haliaetus_2;648;618;30;30;1.0;0.953;true
Pedionomus_torquatus_1;648;618;30;30;1.0;0.953;true
Pedionomus_torquatus_2;648;618;30;30;1.0;0.953;true
Pelagodroma_marina_1;648;618;30;30;1.0;0.953;true
Pelagodroma_marina_2;648;618;30;30;1.0;0.953;true
Pelecanoides_urinatrix_1;648;618;30;30;1.0;0.953;true
Pelecanoides_urinatrix_2;648;618;30;30;1.0;0.953;true
Pelecanus_occidentalis_1;648;618;30;30;1.0;0.953;true
Pelecanus_occidentalis_2;648;618;30;30;1.0;0.953;true
Phaethon_rubricauda_1;618;618;0;0;1.0;1.0;true
Phaethon_rubricauda_2;618;618;0;0;1.0;1.0;true
Phaethornis_superciliosus_1;618;618;0;0;1.0;1.0;true
Phaethornis_superciliosus_2;618;618;0;0;1.0;1.0;true
Phalacrocorax_brasili_1;618;618;0;0;1.0;1.0;true
Phalacrocorax_brasili_2;618;618;0;0;1.0;1.0;true
Phoebastria_nigripes_1;507;477;30;30;1.0;0.94;true
Phoebastria_nigripes_2;507;477;30;30;1.0;0.94;true
Phoenicopterus_ruber_1;648;618;30;30;1.0;0.953;true
Phoenicopterus_ruber_2;648;618;30;30;1.0;0.953;true
Phoeniculus_purpureus_1;618;618;0;0;1.0;1.0;true
Phoeniculus_purpureus_2;618;618;0;0;1.0;1.0;true
Picus_canus_1;618;618;0;0;1.0;1.0;true
Picus_canus_2;618;618;0;0;1.0;1.0;true
Pipra_erythrocephala_1;618;618;0;0;1.0;1.0;true
Pipra_erythrocephala_2;618;618;0;0;1.0;1.0;true
Piprites_chloris_1;618;618;0;0;1.0;1.0;true
Piprites_chloris_2;618;618;0;0;1.0;1.0;true
Pitta_angolensis_1;618;618;0;0;1.0;1.0;true
Pitta_angolensis_2;618;618;0;0;1.0;1.0;true
Podargus_strigoides_1;618;618;0;0;1.0;1.0;true
Podargus_strigoides_2;618;618;0;0;1.0;1.0;true
Poecile_lugubris_1;648;618;30;30;1.0;0.953;true
Poecile_lugubris_2;648;618;30;30;1.0;0.953;true
Porphyrio_porphyrio_1;648;618;30;30;1.0;0.953;true
Porphyrio_porphyrio_2;648;618;30;30;1.0;0.953;true
Probosciger_aterrimus_1;648;618;30;30;1.0;0.953;true
Probosciger_aterrimus_2;648;618;30;30;1.0;0.953;true
Psittacus_erithacus_1;648;618;30;30;1.0;0.953;true
Psittacus_erithacus_2;648;618;30;30;1.0;0.953;true
Psittrichas_fulgidus_1;648;618;30;30;1.0;0.953;true
Psittrichas_fulgidus_2;648;618;30;30;1.0;0.953;true
Psophia_crepitans_1;648;618;30;30;1.0;0.953;true
Psophia_crepitans_2;648;618;30;30;1.0;0.953;true
Pterocles_bicinctus_1;648;618;30;30;1.0;0.953;true
Pterocles_bicinctus_2;648;618;30;30;1.0;0.953;true
Pterodroma_externa_1;648;618;30;30;1.0;0.953;true
Pterodroma_externa_2;648;618;30;30;1.0;0.953;true
Ptilinopus_magnificus_1;615;615;0;0;1.0;1.0;true
Ptilinopus_magnificus_2;615;615;0;0;1.0;1.0;true
Ptilonorhynchus_violaceus_1;648;618;30;30;1.0;0.953;true
Ptilonorhynchus_violaceus_2;648;618;30;30;1.0;0.953;true
Puffinus_griseus_1;648;618;30;30;1.0;0.953;true
Puffinus_griseus_2;648;618;30;30;1.0;0.953;true
Pycnonotus_macrotis_1;648;618;30;30;1.0;0.953;true
Pycnonotus_macrotis_2;648;618;30;30;1.0;0.953;true
Rallus_longirostris_1;333;333;0;0;1.0;1.0;true
Rallus_longirostris_2;333;333;0;0;1.0;1.0;true
Ramphastos_ambiguus_1;618;618;0;0;1.0;1.0;true
Ramphastos_ambiguus_2;618;618;0;0;1.0;1.0;true
Recurvirostra_americana_1;648;618;30;30;1.0;0.953;true
Recurvirostra_americana_2;648;618;30;30;1.0;0.953;true
Regulus_ignicapilla_1;648;618;30;30;1.0;0.953;true
Regulus_ignicapilla_2;648;618;30;30;1.0;0.953;true
Rhea_americana_1;582;582;0;0;1.0;1.0;true
Rhea_americana_2;582;582;0;0;1.0;1.0;true
Rhynchocyclus_olivaceus_1;618;618;0;0;1.0;1.0;true
Rhynchocyclus_olivaceus_2;618;618;0;0;1.0;1.0;true
Rollandia_rolland_1;648;618;30;30;1.0;0.953;true
Rollandia_rolland_2;648;618;30;30;1.0;0.953;true
Rollulus_rouloul_1;618;618;0;0;1.0;1.0;true
Rollulus_rouloul_2;618;618;0;0;1.0;1.0;true
Rostratula_benghalensis_1;645;618;27;27;1.0;0.958;true
Rostratula_benghalensis_2;645;618;27;27;1.0;0.958;true
Rupicola_rupicola_1;618;618;0;0;1.0;1.0;true
Rupicola_rupicola_2;618;618;0;0;1.0;1.0;true
Rynchops_niger_1;648;618;30;30;1.0;0.953;true
Rynchops_niger_2;648;618;30;30;1.0;0.953;true
Sagittarius_serpentarius_1;648;618;30;30;1.0;0.953;true
Sagittarius_serpentarius_2;648;618;30;30;1.0;0.953;true
Sarothrura_rufa_1;648;618;30;30;1.0;0.953;true
Sarothrura_rufa_2;648;618;30;30;1.0;0.953;true
Schiffornis_turdina_1;618;618;0;0;1.0;1.0;true
Schiffornis_turdina_2;618;618;0;0;1.0;1.0;true
Sclerurus_mexicanus_1;648;618;30;30;1.0;0.953;true
Sclerurus_mexicanus_2;648;618;30;30;1.0;0.953;true
Scopus_umbretta_1;618;618;0;0;1.0;1.0;true
Scopus_umbretta_2;618;618;0;0;1.0;1.0;true
Sericulus_bakeri_1;648;618;30;30;1.0;0.953;true
Sericulus_bakeri_2;648;618;30;30;1.0;0.953;true
Smithornis_rufolateralis_1;645;618;27;27;1.0;0.958;true
Smithornis_rufolateralis_2;645;618;27;27;1.0;0.958;true
Spheniscus_humboldti_1;648;618;30;30;1.0;0.953;true
Spheniscus_humboldti_2;648;618;30;30;1.0;0.953;true
Spizella_arborea_1;321;321;0;0;1.0;1.0;true
Spizella_arborea_2;321;321;0;0;1.0;1.0;true
Steatornis_caripensi_1;600;570;30;30;1.0;0.95;true
Steatornis_caripensi_2;600;570;30;30;1.0;0.95;true
Sterna_hirundo_1;648;618;30;30;1.0;0.953;true
Sterna_hirundo_2;648;618;30;30;1.0;0.953;true
Streptoprocne_zonaris_1;648;618;30;30;1.0;0.953;true
Streptoprocne_zonaris_2;648;618;30;30;1.0;0.953;true
Strix_varia_1;648;618;30;30;1.0;0.953;true
Strix_varia_2;648;618;30;30;1.0;0.953;true
Struthio_camelus_1;618;618;0;0;1.0;1.0;true
Struthio_camelus_2;618;618;0;0;1.0;1.0;true
Sylvia_melanocephala_1;648;618;30;30;1.0;0.953;true
Sylvia_melanocephala_2;648;618;30;30;1.0;0.953;true
Syrrhaptes_paradoxus_1;642;618;24;24;1.0;0.962;true
Syrrhaptes_paradoxus_2;642;618;24;24;1.0;0.962;true
Tapera_naevia_1;618;618;0;0;1.0;1.0;true
Tapera_naevia_2;618;618;0;0;1.0;1.0;true
Tauraco_macrorhynchus_1;618;618;0;0;1.0;1.0;true
Tauraco_macrorhynchus_2;618;618;0;0;1.0;1.0;true
Terenura_callinota_1;636;612;24;24;1.0;0.962;true
Terenura_callinota_2;636;612;24;24;1.0;0.962;true
Thamnophilus_ruficapillu_1;609;609;0;0;1.0;1.0;true
Thamnophilus_ruficapillu_2;609;609;0;0;1.0;1.0;true
Theristicus_caerulescens_1;648;618;30;30;1.0;0.953;true
Theristicus_caerulescens_2;648;618;30;30;1.0;0.953;true
Tigrisoma_lineatum_1;648;618;30;30;1.0;0.953;true
Tigrisoma_lineatum_2;648;618;30;30;1.0;0.953;true
Tinamus_major_1;618;618;0;0;1.0;1.0;true
Tinamus_major_2;618;618;0;0;1.0;1.0;true
Tityra_cayana_1;618;618;0;0;1.0;1.0;true
Tityra_cayana_2;618;618;0;0;1.0;1.0;true
Tockus_camurus_1;648;618;30;30;1.0;0.953;true
Tockus_camurus_2;648;618;30;30;1.0;0.953;true
Todus_mexicanus_1;648;618;30;30;1.0;0.953;true
Todus_mexicanus_2;648;618;30;30;1.0;0.953;true
Topaza_pella_1;618;618;0;0;1.0;1.0;true
Topaza_pella_2;618;618;0;0;1.0;1.0;true
Treron_calvus_1;618;618;0;0;1.0;1.0;true
Treron_calvus_2;618;618;0;0;1.0;1.0;true
Tringa_solitaria_1;648;618;30;30;1.0;0.953;true
Tringa_solitaria_2;648;618;30;30;1.0;0.953;true
Trogon_elegans_1;618;618;0;0;1.0;1.0;true
Trogon_elegans_2;618;618;0;0;1.0;1.0;true
Turdus_olivater_1;648;618;30;30;1.0;0.953;true
Turdus_olivater_2;648;618;30;30;1.0;0.953;true
Turnix_ocellata_1;648;618;30;30;1.0;0.953;true
Turnix_ocellata_2;648;618;30;30;1.0;0.953;true
Tyrannus_albogularis_1;618;618;0;0;1.0;1.0;true
Tyrannus_albogularis_2;618;618;0;0;1.0;1.0;true
Tyto_alba_1;648;618;30;30;1.0;0.953;true
Tyto_alba_2;648;618;30;30;1.0;0.953;true
Upupa_epops_1;618;618;0;0;1.0;1.0;true
Upupa_epops_2;618;618;0;0;1.0;1.0;true
Uria_aalge_1;645;618;27;27;1.0;0.958;true
Uria_aalge_2;645;618;27;27;1.0;0.958;true
Urocolius_indicus_1;648;618;30;30;1.0;0.953;true
Urocolius_indicus_2;648;618;30;30;1.0;0.953;true
Vultur_gryphus_1;648;618;30;30;1.0;0.953;true
Vultur_gryphus_2;648;618;30;30;1.0;0.953;true
