seqName;initialSeqLength;nbKeep;nbTrim;nbInformativeTrim;percentKeepExcludingExtremities;percentKeepIncludingExtremities;keptSequences
Acanthisitta_chloris_1;1386;1215;171;171;1.0;0.876;true
Acanthisitta_chloris_2;1386;1215;171;171;1.0;0.876;true
Accipiter_superciliosus_1;1323;1212;111;111;1.0;0.916;true
Accipiter_superciliosus_2;1323;1212;111;111;1.0;0.916;true
Aegotheles_insignis_1;1236;1209;27;27;1.0;0.978;true
Aegotheles_insignis_2;1236;1209;27;27;1.0;0.978;true
Alcedo_quadribrachys_1;922;898;24;24;1.0;0.973;true
Alcedo_quadribrachys_2;922;898;24;24;1.0;0.973;true
Anas_superciliosa_1;1053;1047;6;6;1.0;0.994;true
Anas_superciliosa_2;1053;1047;6;6;1.0;0.994;true
Anhinga_anhinga_1;1437;1215;222;222;1.0;0.845;true
Anhinga_anhinga_2;1437;1215;222;222;1.0;0.845;true
Anser_canagicus_1;1170;1161;9;9;1.0;0.992;true
Anser_canagicus_2;1170;1161;9;9;1.0;0.992;true
Anseranas_semipalmata_1;1376;1200;176;176;0.987;0.872;true
Anseranas_semipalmata_2;1376;1200;176;176;0.987;0.872;true
Apaloderma_aequatoriale_1;1236;1215;21;21;1.0;0.983;true
Apaloderma_aequatoriale_2;1236;1215;21;21;1.0;0.983;true
Apteryx_sp._1;1239;1212;27;27;1.0;0.978;true
Apteryx_sp._2;1239;1212;27;27;1.0;0.978;true
Aramus_guarauna_1;1398;1215;183;183;1.0;0.869;true
Aramus_guarauna_2;1398;1215;183;183;1.0;0.869;true
Archilochus_colubris_1;1473;1209;264;264;1.0;0.82;true
Archilochus_colubris_2;1473;1209;264;264;1.0;0.82;true
Ardea_herodias_1;1311;1215;96;96;1.0;0.926;true
Ardea_herodias_2;1311;1215;96;96;1.0;0.926;true
Ardeotis_kori_1;1290;1215;75;75;1.0;0.941;true
Ardeotis_kori_2;1290;1215;75;75;1.0;0.941;true
Arenaria_interpres_1;1236;1209;27;27;1.0;0.978;true
Arenaria_interpres_2;1236;1209;27;27;1.0;0.978;true
Atelornis_pittoides_1;1446;1209;237;237;1.0;0.836;true
Atelornis_pittoides_2;1446;1209;237;237;1.0;0.836;true
Aythya_valisineria_1;1485;1215;270;270;1.0;0.818;true
Aythya_valisineria_2;1485;1215;270;270;1.0;0.818;true
Balaeniceps_rex_1;1311;1215;96;96;1.0;0.926;true
Balaeniceps_rex_2;1311;1215;96;96;1.0;0.926;true
Balearica_regulorum_1;1374;1215;159;159;1.0;0.884;true
Balearica_regulorum_2;1374;1215;159;159;1.0;0.884;true
Barnardius_zonarius_1;1257;1209;48;48;1.0;0.961;true
Barnardius_zonarius_2;1257;1209;48;48;1.0;0.961;true
Bonasa_umbellus_1;1368;1215;153;153;1.0;0.888;true
Bonasa_umbellus_2;1368;1215;153;153;1.0;0.888;true
Buccanodon_duchaillui_1;1386;1215;171;171;0.997;0.876;true
Buccanodon_duchaillui_2;1386;1215;171;171;0.997;0.876;true
Bucco_capensis_1;1296;1206;90;90;0.99;0.93;true
Bucco_capensis_2;1296;1206;90;90;0.99;0.93;true
Bucorvus_leadbeateri_1;1305;1215;90;90;1.0;0.931;true
Bucorvus_leadbeateri_2;1305;1215;90;90;1.0;0.931;true
Burhinus_oedicnemus_1;1269;1215;54;54;1.0;0.957;true
Burhinus_oedicnemus_2;1269;1215;54;54;1.0;0.957;true
Buteo_jamaicensis_1;1236;1209;27;27;0.995;0.978;true
Buteo_jamaicensis_2;1236;1209;27;27;0.995;0.978;true
Caiman_croccodilus_1;411;399;12;12;1.0;0.97;true
Caiman_croccodilus_2;411;399;12;12;1.0;0.97;true
Calandrella_brachydactyla_1;1305;1215;90;90;1.0;0.931;true
Calandrella_brachydactyla_2;1305;1215;90;90;1.0;0.931;true
Calyptomena_viridis_1;1311;1215;96;96;1.0;0.926;true
Calyptomena_viridis_2;1311;1215;96;96;1.0;0.926;true
Capito_niger_1;1176;1158;18;18;1.0;0.984;true
Capito_niger_2;1176;1158;18;18;1.0;0.984;true
Caprimulgus_europaeus_1;1347;1194;153;153;1.0;0.886;true
Caprimulgus_europaeus_2;1347;1194;153;153;1.0;0.886;true
Caracara_cheriway_1;1458;1215;243;243;1.0;0.833;true
Caracara_cheriway_2;1458;1215;243;243;1.0;0.833;true
Cariama_cristata_1;1359;1215;144;144;1.0;0.894;true
Cariama_cristata_2;1359;1215;144;144;1.0;0.894;true
Casuarius_bennetti_1;1351;1185;166;166;1.0;0.877;true
Casuarius_bennetti_2;1351;1185;166;166;1.0;0.877;true
Cathartes_burrovianus_1;1284;1215;69;69;1.0;0.946;true
Cathartes_burrovianus_2;1284;1215;69;69;1.0;0.946;true
Centropus_bengalensis_1;1332;1215;117;117;1.0;0.912;true
Centropus_bengalensis_2;1332;1215;117;117;1.0;0.912;true
Chaetura_brachyura_1;1317;1209;108;108;1.0;0.917;true
Chaetura_brachyura_2;1317;1209;108;108;1.0;0.917;true
Charadrius_hiaticula_1;927;903;24;24;1.0;0.974;true
Charadrius_hiaticula_2;927;903;24;24;1.0;0.974;true
Chauna_torquata_1;1362;1215;147;147;1.0;0.892;true
Chauna_torquata_2;1362;1215;147;147;1.0;0.892;true
Chelidoptera_tenebrosa_1;1290;1206;84;84;0.99;0.934;true
Chelidoptera_tenebrosa_2;1290;1206;84;84;0.99;0.934;true
Chloroceryle_inda_1;1299;1218;81;81;1.0;0.937;true
Chloroceryle_inda_2;1299;1218;81;81;1.0;0.937;true
Chordeiles_pusillus_1;1218;1188;30;30;1.0;0.975;true
Chordeiles_pusillus_2;1218;1188;30;30;1.0;0.975;true
Chroicocephalus_cirrocephalus_1;1266;1215;51;51;1.0;0.959;true
Chroicocephalus_cirrocephalus_2;1266;1215;51;51;1.0;0.959;true
Chunga_burmeisteri_1;1509;1215;294;294;1.0;0.805;true
Chunga_burmeisteri_2;1509;1215;294;294;1.0;0.805;true
Ciconia_nigra_1;1269;1215;54;54;1.0;0.957;true
Ciconia_nigra_2;1269;1215;54;54;1.0;0.957;true
Climacteris_melanura_1;1394;1214;180;180;0.997;0.87;true
Climacteris_melanura_2;1394;1214;180;180;0.997;0.87;true
Coccyzus_melacoryphus_1;1249;1213;36;36;1.0;0.971;true
Coccyzus_melacoryphus_2;1249;1213;36;36;1.0;0.971;true
Colinus_cristatus_1;1269;1185;84;84;1.0;0.933;true
Colinus_cristatus_2;1269;1185;84;84;1.0;0.933;true
Colius_colius_1;1314;1209;105;105;1.0;0.92;true
Colius_colius_2;1314;1209;105;105;1.0;0.92;true
Columba_livia_1;1359;1215;144;144;1.0;0.894;true
Columba_livia_2;1359;1215;144;144;1.0;0.894;true
Columbina_minuta_1;1242;1215;27;27;1.0;0.978;true
Columbina_minuta_2;1242;1215;27;27;1.0;0.978;true
Coracias_cyanogaster_1;1401;1218;183;183;1.0;0.869;true
Coracias_cyanogaster_2;1401;1218;183;183;1.0;0.869;true
Corvus_albus_1;1188;1164;24;24;1.0;0.979;true
Corvus_albus_2;1188;1164;24;24;1.0;0.979;true
Corythaeola_cristata_1;930;906;24;24;1.0;0.974;true
Corythaeola_cristata_2;930;906;24;24;1.0;0.974;true
Cotinga_cayana_1;1359;1215;144;144;1.0;0.894;true
Cotinga_cayana_2;1359;1215;144;144;1.0;0.894;true
Crax_alector_1;1455;1215;240;240;1.0;0.835;true
Crax_alector_2;1455;1215;240;240;1.0;0.835;true
Crocodylus_porosus_1;837;825;12;12;1.0;0.985;true
Crocodylus_porosus_2;837;825;12;12;1.0;0.985;true
Cryptopipo_aenigma_1;1161;1116;45;45;1.0;0.961;true
Cryptopipo_aenigma_2;1161;1116;45;45;1.0;0.961;true
Crypturellus_tataupa_1;744;744;0;0;1.0;1.0;true
Crypturellus_tataupa_2;744;744;0;0;1.0;1.0;true
Cuculus_optatus_1;1194;1170;24;24;1.0;0.979;true
Cuculus_optatus_2;1194;1170;24;24;1.0;0.979;true
Dendrocygna_viduata_1;984;978;6;6;1.0;0.993;true
Dendrocygna_viduata_2;984;978;6;6;1.0;0.993;true
Deroptyus_accipitrinus_1;1338;1209;129;129;1.0;0.903;true
Deroptyus_accipitrinus_2;1338;1209;129;129;1.0;0.903;true
Dromaius_novaehollandiae_1;1327;1185;142;142;1.0;0.892;true
Dromaius_novaehollandiae_2;1327;1185;142;142;1.0;0.892;true
Elaenia_flavogaster_1;1428;1215;213;213;1.0;0.85;true
Elaenia_flavogaster_2;1428;1215;213;213;1.0;0.85;true
Elanus_leucurus_1;1320;1215;105;105;1.0;0.92;true
Elanus_leucurus_2;1320;1215;105;105;1.0;0.92;true
Eudromia_elegans_1;1347;1206;141;141;1.0;0.895;true
Eudromia_elegans_2;1347;1206;141;141;1.0;0.895;true
Eurostopodus_macrotis_1;1401;1215;186;186;1.0;0.867;true
Eurostopodus_macrotis_2;1401;1215;186;186;1.0;0.867;true
Eurylaimus_ochromalus_1;1026;1020;6;6;1.0;0.994;true
Eurylaimus_ochromalus_2;1026;1020;6;6;1.0;0.994;true
Eurypyga_helias_1;1320;1215;105;105;1.0;0.92;true
Eurypyga_helias_2;1320;1215;105;105;1.0;0.92;true
Falco_sparverius_1;1344;1215;129;129;1.0;0.904;true
Falco_sparverius_2;1344;1215;129;129;1.0;0.904;true
Fregata_magnificens_1;1326;1215;111;111;1.0;0.916;true
Fregata_magnificens_2;1326;1215;111;111;1.0;0.916;true
Fringilla_coelebs_1;1338;1215;123;123;1.0;0.908;true
Fringilla_coelebs_2;1338;1215;123;123;1.0;0.908;true
Fulmarus_glacialoides_1;1371;1215;156;156;1.0;0.886;true
Fulmarus_glacialoides_2;1371;1215;156;156;1.0;0.886;true
Furnarius_rufus_1;1092;1089;3;3;1.0;0.997;true
Furnarius_rufus_2;1092;1089;3;3;1.0;0.997;true
Galbula_dea_1;1371;1218;153;153;1.0;0.888;true
Galbula_dea_2;1371;1218;153;153;1.0;0.888;true
Gallus_gallus_1;1350;1215;135;135;1.0;0.9;true
Gallus_gallus_2;1350;1215;135;135;1.0;0.9;true
Gavia_immer_1;1293;1215;78;78;1.0;0.939;true
Gavia_immer_2;1293;1215;78;78;1.0;0.939;true
Glareola_nuchalis_1;1266;1215;51;51;1.0;0.959;true
Glareola_nuchalis_2;1266;1215;51;51;1.0;0.959;true
Grus_canadensis_1;1218;1194;24;24;1.0;0.98;true
Grus_canadensis_2;1218;1194;24;24;1.0;0.98;true
Haematopus_palliatus_1;1434;1215;219;219;1.0;0.847;true
Haematopus_palliatus_2;1434;1215;219;219;1.0;0.847;true
Heliornis_fulica_1;1437;1191;246;246;1.0;0.828;true
Heliornis_fulica_2;1437;1191;246;246;1.0;0.828;true
Hemiprocne_comata_1;1182;1116;66;66;0.981;0.944;true
Hemiprocne_comata_2;1182;1116;66;66;0.981;0.944;true
Hirundinea_ferruginea_1;1251;1209;42;42;1.0;0.966;true
Hirundinea_ferruginea_2;1251;1209;42;42;1.0;0.966;true
Hymenops_perspicillatus_1;1344;1215;129;129;1.0;0.904;true
Hymenops_perspicillatus_2;1344;1215;129;129;1.0;0.904;true
Ibycter_americanus_1;1470;1215;255;255;1.0;0.826;true
Ibycter_americanus_2;1470;1215;255;255;1.0;0.826;true
Indicator_exilis_1;1227;1209;18;18;1.0;0.985;true
Indicator_exilis_2;1227;1209;18;18;1.0;0.985;true
Ixobrychus_minutus_1;1368;1215;153;153;1.0;0.888;true
Ixobrychus_minutus_2;1368;1215;153;153;1.0;0.888;true
Jacana_jacana_1;1416;1215;201;201;1.0;0.858;true
Jacana_jacana_2;1416;1215;201;201;1.0;0.858;true
Jynx_torquilla_1;1308;1215;93;93;1.0;0.928;true
Jynx_torquilla_2;1308;1215;93;93;1.0;0.928;true
Leipoa_ocellata_1;1047;1044;3;3;1.0;0.997;true
Leipoa_ocellata_2;1047;1044;3;3;1.0;0.997;true
Lepidocolaptes_angustirostr_1;1242;1215;27;27;1.0;0.978;true
Lepidocolaptes_angustirostr_2;1242;1215;27;27;1.0;0.978;true
Leptoptilos_crumeniferus_1;1260;1215;45;45;1.0;0.964;true
Leptoptilos_crumeniferus_2;1260;1215;45;45;1.0;0.964;true
Leptosomus_discolor_1;1143;1137;6;6;1.0;0.994;true
Leptosomus_discolor_2;1143;1137;6;6;1.0;0.994;true
Leptotila_rufaxilla_1;1248;1209;39;39;1.0;0.968;true
Leptotila_rufaxilla_2;1248;1209;39;39;1.0;0.968;true
Limosa_lapponica_1;1404;1215;189;189;1.0;0.865;true
Limosa_lapponica_2;1404;1215;189;189;1.0;0.865;true
Lophorina_superba_1;822;822;0;0;1.0;1.0;true
Lophorina_superba_2;822;822;0;0;1.0;1.0;true
Malurus_splendens_1;939;921;18;18;1.0;0.98;true
Malurus_splendens_2;939;921;18;18;1.0;0.98;true
Megalaima_chrysopogon_1;1260;1218;42;42;1.0;0.966;true
Megalaima_chrysopogon_2;1260;1218;42;42;1.0;0.966;true
Melanopareia_maximilian_1;1338;1215;123;123;1.0;0.908;true
Melanopareia_maximilian_2;1338;1215;123;123;1.0;0.908;true
Menura_novaehollandiae_1;1362;1215;147;147;1.0;0.892;true
Menura_novaehollandiae_2;1362;1215;147;147;1.0;0.892;true
Merops_muelleri_1;1464;1218;246;246;1.0;0.831;true
Merops_muelleri_2;1464;1218;246;246;1.0;0.831;true
Mesitornis_unicolor_1;1341;1215;126;126;1.0;0.906;true
Mesitornis_unicolor_2;1341;1215;126;126;1.0;0.906;true
Micrastur_gilvicollis_1;1359;1215;144;144;1.0;0.894;true
Micrastur_gilvicollis_2;1359;1215;144;144;1.0;0.894;true
Micropygia_schomburgkii_1;1422;1215;207;207;1.0;0.854;true
Micropygia_schomburgkii_2;1422;1215;207;207;1.0;0.854;true
Momotus_lessonii_1;1137;1137;0;0;1.0;1.0;true
Momotus_lessonii_2;1137;1137;0;0;1.0;1.0;true
Monias_benschi_1;1359;1215;144;144;1.0;0.894;true
Monias_benschi_2;1359;1215;144;144;1.0;0.894;true
Morus_serrator_1;1290;1215;75;75;1.0;0.941;true
Morus_serrator_2;1290;1215;75;75;1.0;0.941;true
Myiobius_barbatus_1;1215;1188;27;27;1.0;0.977;true
Myiobius_barbatus_2;1215;1188;27;27;1.0;0.977;true
Myrmornis_torquata_1;1413;1215;198;198;1.0;0.859;true
Myrmornis_torquata_2;1413;1215;198;198;1.0;0.859;true
Myrmothera_campanisona_1;1223;1197;26;26;1.0;0.978;true
Myrmothera_campanisona_2;1223;1197;26;26;1.0;0.978;true
Neodrepanis_coruscans_1;1323;1215;108;108;1.0;0.918;true
Neodrepanis_coruscans_2;1323;1215;108;108;1.0;0.918;true
Neopelma_chrysocephalum_1;1323;1215;108;108;1.0;0.918;true
Neopelma_chrysocephalum_2;1323;1215;108;108;1.0;0.918;true
Nestor_meridionalis_1;1230;1209;21;21;1.0;0.982;true
Nestor_meridionalis_2;1230;1209;21;21;1.0;0.982;true
Nothoprocta_ornata_1;1320;1185;135;135;1.0;0.897;true
Nothoprocta_ornata_2;1320;1185;135;135;1.0;0.897;true
Numida_malagris_1;1086;1080;6;6;1.0;0.994;true
Numida_malagris_2;1086;1080;6;6;1.0;0.994;true
Nyctibius_griseus_1;1497;1209;288;288;1.0;0.807;true
Nyctibius_griseus_2;1497;1209;288;288;1.0;0.807;true
Oceanites_oceanicus_1;1341;1215;126;126;1.0;0.906;true
Oceanites_oceanicus_2;1341;1215;126;126;1.0;0.906;true
Oceanodroma_leucorhoa_1;771;693;78;78;1.0;0.898;true
Oceanodroma_leucorhoa_2;771;693;78;78;1.0;0.898;true
Odontophorus_gujanensis_1;1251;1185;66;66;1.0;0.947;true
Odontophorus_gujanensis_2;1251;1185;66;66;1.0;0.947;true
Opisthocomus_hoazin_1;1305;1212;93;93;1.0;0.928;true
Opisthocomus_hoazin_2;1305;1212;93;93;1.0;0.928;true
Ortalis_motmot_1;732;723;9;9;1.0;0.987;true
Ortalis_motmot_2;732;723;9;9;1.0;0.987;true
Oxyruncus_cristatus_1;1332;1215;117;117;1.0;0.912;true
Oxyruncus_cristatus_2;1332;1215;117;117;1.0;0.912;true
Oxyura_jamaicensis_1;1341;1215;126;126;1.0;0.906;true
Oxyura_jamaicensis_2;1341;1215;126;126;1.0;0.906;true
Pandion_haliaetus_1;912;888;24;24;1.0;0.973;true
Pandion_haliaetus_2;912;888;24;24;1.0;0.973;true
Pedionomus_torquatus_1;1386;1215;171;171;1.0;0.876;true
Pedionomus_torquatus_2;1386;1215;171;171;1.0;0.876;true
Pelagodroma_marina_1;1281;1215;66;66;1.0;0.948;true
Pelagodroma_marina_2;1281;1215;66;66;1.0;0.948;true
Pelecanoides_urinatrix_1;1341;1215;126;126;1.0;0.906;true
Pelecanoides_urinatrix_2;1341;1215;126;126;1.0;0.906;true
Pelecanus_occidentalis_1;1251;1215;36;36;1.0;0.971;true
Pelecanus_occidentalis_2;1251;1215;36;36;1.0;0.971;true
Phaethon_rubricauda_1;1212;1194;18;18;1.0;0.985;true
Phaethon_rubricauda_2;1212;1194;18;18;1.0;0.985;true
Phaethornis_superciliosus_1;1173;1167;6;6;1.0;0.994;true
Phaethornis_superciliosus_2;1173;1167;6;6;1.0;0.994;true
Phalacrocorax_brasili_1;1371;1215;156;156;1.0;0.886;true
Phalacrocorax_brasili_2;1371;1215;156;156;1.0;0.886;true
Phoebastria_nigripes_1;1272;1215;57;57;1.0;0.955;true
Phoebastria_nigripes_2;1272;1215;57;57;1.0;0.955;true
Phoenicopterus_ruber_1;1215;1185;30;30;1.0;0.975;true
Phoenicopterus_ruber_2;1215;1185;30;30;1.0;0.975;true
Phoeniculus_purpureus_1;1149;1125;24;24;1.0;0.979;true
Phoeniculus_purpureus_2;1149;1125;24;24;1.0;0.979;true
Picus_canus_1;1302;1191;111;111;1.0;0.914;true
Picus_canus_2;1302;1191;111;111;1.0;0.914;true
Pipra_erythrocephala_1;1371;1200;171;171;1.0;0.875;true
Pipra_erythrocephala_2;1371;1200;171;171;1.0;0.875;true
Piprites_chloris_1;1380;1215;165;165;1.0;0.88;true
Piprites_chloris_2;1380;1215;165;165;1.0;0.88;true
Pitta_angolensis_1;918;894;24;24;1.0;0.973;true
Pitta_angolensis_2;918;894;24;24;1.0;0.973;true
Podargus_strigoides_1;1356;1209;147;147;1.0;0.891;true
Podargus_strigoides_2;1356;1209;147;147;1.0;0.891;true
Poecile_lugubris_1;1392;1161;231;231;1.0;0.834;true
Poecile_lugubris_2;1392;1161;231;231;1.0;0.834;true
Porphyrio_porphyrio_1;1254;1215;39;39;1.0;0.968;true
Porphyrio_porphyrio_2;1254;1215;39;39;1.0;0.968;true
Probosciger_aterrimus_1;1065;1005;60;60;1.0;0.943;true
Probosciger_aterrimus_2;1065;1005;60;60;1.0;0.943;true
Psittacus_erithacus_1;1446;1191;255;255;1.0;0.823;true
Psittacus_erithacus_2;1446;1191;255;255;1.0;0.823;true
Psittrichas_fulgidus_1;1197;1179;18;18;1.0;0.984;true
Psittrichas_fulgidus_2;1197;1179;18;18;1.0;0.984;true
Psophia_crepitans_1;1254;1215;39;39;1.0;0.968;true
Psophia_crepitans_2;1254;1215;39;39;1.0;0.968;true
Pterocles_bicinctus_1;1272;1215;57;57;1.0;0.955;true
Pterocles_bicinctus_2;1272;1215;57;57;1.0;0.955;true
Pterodroma_externa_1;1326;1215;111;111;1.0;0.916;true
Pterodroma_externa_2;1326;1215;111;111;1.0;0.916;true
Ptilinopus_magnificus_1;1326;1215;111;111;1.0;0.916;true
Ptilinopus_magnificus_2;1326;1215;111;111;1.0;0.916;true
Ptilonorhynchus_violaceus_1;1347;1215;132;132;1.0;0.902;true
Ptilonorhynchus_violaceus_2;1347;1215;132;132;1.0;0.902;true
Puffinus_griseus_1;1383;1215;168;168;1.0;0.878;true
Puffinus_griseus_2;1383;1215;168;168;1.0;0.878;true
Pycnonotus_macrotis_1;1286;1203;83;83;1.0;0.935;true
Pycnonotus_macrotis_2;1286;1203;83;83;1.0;0.935;true
Rallus_longirostris_1;1221;1215;6;6;1.0;0.995;true
Rallus_longirostris_2;1221;1215;6;6;1.0;0.995;true
Ramphastos_ambiguus_1;1338;1218;120;120;1.0;0.91;true
Ramphastos_ambiguus_2;1338;1218;120;120;1.0;0.91;true
Recurvirostra_americana_1;1335;1215;120;120;1.0;0.91;true
Recurvirostra_americana_2;1335;1215;120;120;1.0;0.91;true
Regulus_ignicapilla_1;1413;1215;198;198;1.0;0.859;true
Regulus_ignicapilla_2;1413;1215;198;198;1.0;0.859;true
Rhea_americana_1;1209;1185;24;24;1.0;0.98;true
Rhea_americana_2;1209;1185;24;24;1.0;0.98;true
Rhynchocyclus_olivaceus_1;1323;1215;108;108;1.0;0.918;true
Rhynchocyclus_olivaceus_2;1323;1215;108;108;1.0;0.918;true
Rollandia_rolland_1;1290;1215;75;75;1.0;0.941;true
Rollandia_rolland_2;1290;1215;75;75;1.0;0.941;true
Rollulus_rouloul_1;1080;1077;3;3;1.0;0.997;true
Rollulus_rouloul_2;1080;1077;3;3;1.0;0.997;true
Rostratula_benghalensis_1;1437;1216;221;221;1.0;0.846;true
Rostratula_benghalensis_2;1437;1216;221;221;1.0;0.846;true
Rupicola_rupicola_1;1218;1194;24;24;1.0;0.98;true
Rupicola_rupicola_2;1218;1194;24;24;1.0;0.98;true
Rynchops_niger_1;1341;1215;126;126;1.0;0.906;true
Rynchops_niger_2;1341;1215;126;126;1.0;0.906;true
Sagittarius_serpentarius_1;1281;1203;78;78;1.0;0.939;true
Sagittarius_serpentarius_2;1281;1203;78;78;1.0;0.939;true
Sarothrura_rufa_1;1359;1191;168;168;1.0;0.876;true
Sarothrura_rufa_2;1359;1191;168;168;1.0;0.876;true
Schiffornis_turdina_1;1083;1059;24;24;1.0;0.977;true
Schiffornis_turdina_2;1083;1059;24;24;1.0;0.977;true
Sclerurus_mexicanus_1;1335;1185;150;150;1.0;0.887;true
Sclerurus_mexicanus_2;1335;1185;150;150;1.0;0.887;true
Scopus_umbretta_1;1191;1170;21;21;1.0;0.982;true
Scopus_umbretta_2;1191;1170;21;21;1.0;0.982;true
Sericulus_bakeri_1;1416;1215;201;201;1.0;0.858;true
Sericulus_bakeri_2;1416;1215;201;201;1.0;0.858;true
Smithornis_rufolateralis_1;1371;1215;156;156;1.0;0.886;true
Smithornis_rufolateralis_2;1371;1215;156;156;1.0;0.886;true
Spheniscus_humboldti_1;1113;1095;18;18;1.0;0.983;true
Spheniscus_humboldti_2;1113;1095;18;18;1.0;0.983;true
Spizella_arborea_1;712;648;64;64;1.0;0.91;true
Spizella_arborea_2;712;648;64;64;1.0;0.91;true
Steatornis_caripensi_1;354;354;0;0;1.0;1.0;true
Steatornis_caripensi_2;354;354;0;0;1.0;1.0;true
Sterna_hirundo_1;846;741;105;105;1.0;0.875;true
Sterna_hirundo_2;846;741;105;105;1.0;0.875;true
Streptoprocne_zonaris_1;1218;1173;45;45;1.0;0.963;true
Streptoprocne_zonaris_2;1218;1173;45;45;1.0;0.963;true
Strix_varia_1;876;861;15;15;1.0;0.982;true
Strix_varia_2;876;861;15;15;1.0;0.982;true
Struthio_camelus_1;1017;1008;9;9;1.0;0.991;true
Struthio_camelus_2;1017;1008;9;9;1.0;0.991;true
Sylvia_melanocephala_1;1351;1188;163;163;1.0;0.879;true
Sylvia_melanocephala_2;1351;1188;163;163;1.0;0.879;true
Syrrhaptes_paradoxus_1;1200;1176;24;24;1.0;0.98;true
Syrrhaptes_paradoxus_2;1200;1176;24;24;1.0;0.98;true
Tapera_naevia_1;1416;1215;201;201;1.0;0.858;true
Tapera_naevia_2;1416;1215;201;201;1.0;0.858;true
Tauraco_macrorhynchus_1;957;933;24;24;1.0;0.974;true
Tauraco_macrorhynchus_2;957;933;24;24;1.0;0.974;true
Terenura_callinota_1;1305;1215;90;90;1.0;0.931;true
Terenura_callinota_2;1305;1215;90;90;1.0;0.931;true
Thamnophilus_ruficapillu_1;1266;1215;51;51;1.0;0.959;true
Thamnophilus_ruficapillu_2;1266;1215;51;51;1.0;0.959;true
Theristicus_caerulescens_1;1431;1215;216;216;1.0;0.849;true
Theristicus_caerulescens_2;1431;1215;216;216;1.0;0.849;true
Tigrisoma_lineatum_1;567;567;0;0;1.0;1.0;true
Tigrisoma_lineatum_2;567;567;0;0;1.0;1.0;true
Tinamus_major_1;1068;1068;0;0;1.0;1.0;true
Tinamus_major_2;1068;1068;0;0;1.0;1.0;true
Tityra_cayana_1;1275;1215;60;60;1.0;0.952;true
Tityra_cayana_2;1275;1215;60;60;1.0;0.952;true
Tockus_camurus_1;1338;1215;123;123;1.0;0.908;true
Tockus_camurus_2;1338;1215;123;123;1.0;0.908;true
Todus_mexicanus_1;1182;1158;24;24;1.0;0.979;true
Todus_mexicanus_2;1182;1158;24;24;1.0;0.979;true
Topaza_pella_1;1257;1209;48;48;1.0;0.961;true
Topaza_pella_2;1257;1209;48;48;1.0;0.961;true
Treron_calvus_1;1245;1215;30;30;1.0;0.975;true
Treron_calvus_2;1245;1215;30;30;1.0;0.975;true
Tringa_solitaria_1;1269;1215;54;54;1.0;0.957;true
Tringa_solitaria_2;1269;1215;54;54;1.0;0.957;true
Trogon_elegans_1;1383;1215;168;168;1.0;0.878;true
Trogon_elegans_2;1383;1215;168;168;1.0;0.878;true
Turdus_olivater_1;1491;1215;276;276;1.0;0.814;true
Turdus_olivater_2;1491;1215;276;276;1.0;0.814;true
Turnix_ocellata_1;1224;1179;45;45;1.0;0.963;true
Turnix_ocellata_2;1224;1179;45;45;1.0;0.963;true
Tyrannus_albogularis_1;1323;1215;108;108;1.0;0.918;true
Tyrannus_albogularis_2;1323;1215;108;108;1.0;0.918;true
Tyto_alba_1;915;891;24;24;1.0;0.973;true
Tyto_alba_2;915;891;24;24;1.0;0.973;true
Upupa_epops_1;1218;1176;42;42;1.0;0.965;true
Upupa_epops_2;1218;1176;42;42;1.0;0.965;true
Uria_aalge_1;1296;1215;81;81;1.0;0.937;true
Uria_aalge_2;1296;1215;81;81;1.0;0.937;true
Urocolius_indicus_1;1227;1197;30;30;1.0;0.975;true
Urocolius_indicus_2;1227;1197;30;30;1.0;0.975;true
Vultur_gryphus_1;546;546;0;0;1.0;1.0;true
Vultur_gryphus_2;546;546;0;0;1.0;1.0;true
