seqName;initialSeqLength;nbKeep;nbTrim;nbInformativeTrim;percentKeepExcludingExtremities;percentKeepIncludingExtremities;keptSequences
Acanthisitta_chloris_1;254;252;2;2;1.0;0.992;true
Acanthisitta_chloris_2;254;252;2;2;1.0;0.992;true
Accipiter_superciliosus_1;710;630;80;80;1.0;0.887;true
Accipiter_superciliosus_2;710;630;80;80;1.0;0.887;true
Aegotheles_insignis_1;755;630;125;125;1.0;0.834;true
Aegotheles_insignis_2;755;630;125;125;1.0;0.834;true
Alcedo_quadribrachys_1;755;630;125;125;1.0;0.834;true
Alcedo_quadribrachys_2;755;630;125;125;1.0;0.834;true
Anas_superciliosa_1;404;402;2;2;1.0;0.995;true
Anas_superciliosa_2;404;402;2;2;1.0;0.995;true
Anhinga_anhinga_1;755;630;125;125;1.0;0.834;true
Anhinga_anhinga_2;755;630;125;125;1.0;0.834;true
Anser_canagicus_1;755;630;125;125;1.0;0.834;true
Anser_canagicus_2;755;630;125;125;1.0;0.834;true
Anseranas_semipalmata_1;755;630;125;125;1.0;0.834;true
Anseranas_semipalmata_2;755;630;125;125;1.0;0.834;true
Apaloderma_aequatoriale_1;440;438;2;2;1.0;0.995;true
Apaloderma_aequatoriale_2;440;438;2;2;1.0;0.995;true
Apteryx_sp._1;660;630;30;30;1.0;0.954;true
Apteryx_sp._2;660;630;30;30;1.0;0.954;true
Aramus_guarauna_1;755;630;125;125;1.0;0.834;true
Aramus_guarauna_2;755;630;125;125;1.0;0.834;true
Archilochus_colubris_1;665;630;35;35;1.0;0.947;true
Archilochus_colubris_2;665;630;35;35;1.0;0.947;true
Ardea_herodias_1;485;483;2;2;1.0;0.995;true
Ardea_herodias_2;485;483;2;2;1.0;0.995;true
Ardeotis_kori_1;755;630;125;125;1.0;0.834;true
Ardeotis_kori_2;755;630;125;125;1.0;0.834;true
Arenaria_interpres_1;737;630;107;107;1.0;0.854;true
Arenaria_interpres_2;737;630;107;107;1.0;0.854;true
Atelornis_pittoides_1;755;630;125;125;1.0;0.834;true
Atelornis_pittoides_2;755;630;125;125;1.0;0.834;true
Aythya_valisineria_1;863;630;233;233;1.0;0.73;true
Aythya_valisineria_2;863;630;233;233;1.0;0.73;true
Balaeniceps_rex_1;755;630;125;125;1.0;0.834;true
Balaeniceps_rex_2;755;630;125;125;1.0;0.834;true
Balearica_regulorum_1;603;480;123;123;1.0;0.796;true
Balearica_regulorum_2;603;480;123;123;1.0;0.796;true
Barnardius_zonarius_1;812;630;182;182;1.0;0.775;true
Barnardius_zonarius_2;812;630;182;182;1.0;0.775;true
Bonasa_umbellus_1;698;630;68;68;1.0;0.902;true
Bonasa_umbellus_2;698;630;68;68;1.0;0.902;true
Buccanodon_duchaillui_1;716;630;86;86;1.0;0.879;true
Buccanodon_duchaillui_2;716;630;86;86;1.0;0.879;true
Bucco_capensis_1;755;630;125;125;1.0;0.834;true
Bucco_capensis_2;755;630;125;125;1.0;0.834;true
Bucorvus_leadbeateri_1;743;630;113;113;1.0;0.847;true
Bucorvus_leadbeateri_2;743;630;113;113;1.0;0.847;true
Burhinus_oedicnemus_1;359;357;2;2;1.0;0.994;true
Burhinus_oedicnemus_2;359;357;2;2;1.0;0.994;true
Buteo_jamaicensis_1;755;630;125;125;1.0;0.834;true
Buteo_jamaicensis_2;755;630;125;125;1.0;0.834;true
Calandrella_brachydactyla_1;824;630;194;194;1.0;0.764;true
Calandrella_brachydactyla_2;824;630;194;194;1.0;0.764;true
Calyptomena_viridis_1;824;630;194;194;1.0;0.764;true
Calyptomena_viridis_2;824;630;194;194;1.0;0.764;true
Capito_niger_1;323;321;2;2;1.0;0.993;true
Capito_niger_2;323;321;2;2;1.0;0.993;true
Caprimulgus_europaeus_1;755;630;125;125;1.0;0.834;true
Caprimulgus_europaeus_2;755;630;125;125;1.0;0.834;true
Caracara_cheriway_1;803;630;173;173;1.0;0.784;true
Caracara_cheriway_2;803;630;173;173;1.0;0.784;true
Cariama_cristata_1;803;630;173;173;1.0;0.784;true
Cariama_cristata_2;803;630;173;173;1.0;0.784;true
Casuarius_bennetti_1;755;630;125;125;1.0;0.834;true
Casuarius_bennetti_2;755;630;125;125;1.0;0.834;true
Cathartes_burrovianus_1;260;258;2;2;1.0;0.992;true
Cathartes_burrovianus_2;260;258;2;2;1.0;0.992;true
Centropus_bengalensis_1;512;510;2;2;1.0;0.996;true
Centropus_bengalensis_2;512;510;2;2;1.0;0.996;true
Chaetura_brachyura_1;431;429;2;2;1.0;0.995;true
Chaetura_brachyura_2;431;429;2;2;1.0;0.995;true
Charadrius_hiaticula_1;462;459;3;3;1.0;0.993;true
Charadrius_hiaticula_2;462;459;3;3;1.0;0.993;true
Chauna_torquata_1;842;630;212;212;1.0;0.748;true
Chauna_torquata_2;842;630;212;212;1.0;0.748;true
Chelidoptera_tenebrosa_1;755;630;125;125;1.0;0.834;true
Chelidoptera_tenebrosa_2;755;630;125;125;1.0;0.834;true
Chloroceryle_inda_1;260;258;2;2;1.0;0.992;true
Chloroceryle_inda_2;260;258;2;2;1.0;0.992;true
Chordeiles_pusillus_1;755;630;125;125;1.0;0.834;true
Chordeiles_pusillus_2;755;630;125;125;1.0;0.834;true
Chroicocephalus_cirrocephalus_1;581;579;2;2;1.0;0.996;true
Chroicocephalus_cirrocephalus_2;581;579;2;2;1.0;0.996;true
Chunga_burmeisteri_1;812;630;182;182;1.0;0.775;true
Chunga_burmeisteri_2;812;630;182;182;1.0;0.775;true
Ciconia_nigra_1;722;630;92;92;1.0;0.872;true
Ciconia_nigra_2;722;630;92;92;1.0;0.872;true
Climacteris_melanura_1;776;630;146;146;1.0;0.811;true
Climacteris_melanura_2;776;630;146;146;1.0;0.811;true
Coccyzus_melacoryphus_1;395;393;2;2;1.0;0.994;true
Coccyzus_melacoryphus_2;395;393;2;2;1.0;0.994;true
Colinus_cristatus_1;819;630;189;189;1.0;0.769;true
Colinus_cristatus_2;819;630;189;189;1.0;0.769;true
Colius_colius_1;821;630;191;191;1.0;0.767;true
Colius_colius_2;821;630;191;191;1.0;0.767;true
Columba_livia_1;755;630;125;125;1.0;0.834;true
Columba_livia_2;755;630;125;125;1.0;0.834;true
Columbina_minuta_1;755;630;125;125;1.0;0.834;true
Columbina_minuta_2;755;630;125;125;1.0;0.834;true
Coracias_cyanogaster_1;755;630;125;125;1.0;0.834;true
Coracias_cyanogaster_2;755;630;125;125;1.0;0.834;true
Corvus_albus_1;428;426;2;2;1.0;0.995;true
Corvus_albus_2;428;426;2;2;1.0;0.995;true
Corythaeola_cristata_1;608;606;2;2;1.0;0.996;true
Corythaeola_cristata_2;608;606;2;2;1.0;0.996;true
Cotinga_cayana_1;758;630;128;128;1.0;0.831;true
Cotinga_cayana_2;758;630;128;128;1.0;0.831;true
Crax_alector_1;755;630;125;125;1.0;0.834;true
Crax_alector_2;755;630;125;125;1.0;0.834;true
Cryptopipo_aenigma_1;752;630;122;122;1.0;0.837;true
Cryptopipo_aenigma_2;752;630;122;122;1.0;0.837;true
Crypturellus_tataupa_1;428;426;2;2;1.0;0.995;true
Crypturellus_tataupa_2;428;426;2;2;1.0;0.995;true
Cuculus_optatus_1;320;318;2;2;1.0;0.993;true
Cuculus_optatus_2;320;318;2;2;1.0;0.993;true
Dendrocygna_viduata_1;333;330;3;3;1.0;0.99;true
Dendrocygna_viduata_2;333;330;3;3;1.0;0.99;true
Deroptyus_accipitrinus_1;743;630;113;113;1.0;0.847;true
Deroptyus_accipitrinus_2;743;630;113;113;1.0;0.847;true
Dromaius_novaehollandiae_1;755;630;125;125;1.0;0.834;true
Dromaius_novaehollandiae_2;755;630;125;125;1.0;0.834;true
Elaenia_flavogaster_1;823;630;193;193;1.0;0.765;true
Elaenia_flavogaster_2;823;630;193;193;1.0;0.765;true
Elanus_leucurus_1;389;387;2;2;1.0;0.994;true
Elanus_leucurus_2;389;387;2;2;1.0;0.994;true
Eudromia_elegans_1;347;345;2;2;1.0;0.994;true
Eudromia_elegans_2;347;345;2;2;1.0;0.994;true
Eurostopodus_macrotis_1;755;630;125;125;1.0;0.834;true
Eurostopodus_macrotis_2;755;630;125;125;1.0;0.834;true
Eurypyga_helias_1;690;624;66;66;1.0;0.904;true
Eurypyga_helias_2;690;624;66;66;1.0;0.904;true
Falco_sparverius_1;755;630;125;125;1.0;0.834;true
Falco_sparverius_2;755;630;125;125;1.0;0.834;true
Fregata_magnificens_1;704;630;74;74;1.0;0.894;true
Fregata_magnificens_2;704;630;74;74;1.0;0.894;true
Fringilla_coelebs_1;809;630;179;179;1.0;0.778;true
Fringilla_coelebs_2;809;630;179;179;1.0;0.778;true
Fulmarus_glacialoides_1;755;630;125;125;1.0;0.834;true
Fulmarus_glacialoides_2;755;630;125;125;1.0;0.834;true
Furnarius_rufus_1;824;630;194;194;1.0;0.764;true
Furnarius_rufus_2;824;630;194;194;1.0;0.764;true
Galbula_dea_1;755;630;125;125;1.0;0.834;true
Galbula_dea_2;755;630;125;125;1.0;0.834;true
Gallus_gallus_1;794;630;164;164;1.0;0.793;true
Gallus_gallus_2;794;630;164;164;1.0;0.793;true
Gavia_immer_1;281;279;2;2;1.0;0.992;true
Gavia_immer_2;281;279;2;2;1.0;0.992;true
Glareola_nuchalis_1;713;630;83;83;1.0;0.883;true
Glareola_nuchalis_2;713;630;83;83;1.0;0.883;true
Grus_canadensis_1;755;630;125;125;1.0;0.834;true
Grus_canadensis_2;755;630;125;125;1.0;0.834;true
Haematopus_palliatus_1;755;630;125;125;1.0;0.834;true
Haematopus_palliatus_2;755;630;125;125;1.0;0.834;true
Heliornis_fulica_1;755;630;125;125;1.0;0.834;true
Heliornis_fulica_2;755;630;125;125;1.0;0.834;true
Hemiprocne_comata_1;395;393;2;2;1.0;0.994;true
Hemiprocne_comata_2;395;393;2;2;1.0;0.994;true
Hirundinea_ferruginea_1;788;630;158;158;1.0;0.799;true
Hirundinea_ferruginea_2;788;630;158;158;1.0;0.799;true
Hymenops_perspicillatus_1;824;630;194;194;1.0;0.764;true
Hymenops_perspicillatus_2;824;630;194;194;1.0;0.764;true
Ibycter_americanus_1;395;393;2;2;1.0;0.994;true
Ibycter_americanus_2;395;393;2;2;1.0;0.994;true
Indicator_exilis_1;755;630;125;125;1.0;0.834;true
Indicator_exilis_2;755;630;125;125;1.0;0.834;true
Ixobrychus_minutus_1;707;630;77;77;1.0;0.891;true
Ixobrychus_minutus_2;707;630;77;77;1.0;0.891;true
Jacana_jacana_1;755;630;125;125;1.0;0.834;true
Jacana_jacana_2;755;630;125;125;1.0;0.834;true
Jynx_torquilla_1;755;630;125;125;1.0;0.834;true
Jynx_torquilla_2;755;630;125;125;1.0;0.834;true
Leipoa_ocellata_1;755;630;125;125;1.0;0.834;true
Leipoa_ocellata_2;755;630;125;125;1.0;0.834;true
Lepidocolaptes_angustirostr_1;824;630;194;194;1.0;0.764;true
Lepidocolaptes_angustirostr_2;824;630;194;194;1.0;0.764;true
Leptoptilos_crumeniferus_1;755;630;125;125;1.0;0.834;true
Leptoptilos_crumeniferus_2;755;630;125;125;1.0;0.834;true
Leptosomus_discolor_1;242;240;2;2;1.0;0.991;true
Leptosomus_discolor_2;242;240;2;2;1.0;0.991;true
Leptotila_rufaxilla_1;752;630;122;122;1.0;0.837;true
Leptotila_rufaxilla_2;752;630;122;122;1.0;0.837;true
Limosa_lapponica_1;755;630;125;125;1.0;0.834;true
Limosa_lapponica_2;755;630;125;125;1.0;0.834;true
Lophorina_superba_1;824;630;194;194;1.0;0.764;true
Lophorina_superba_2;824;630;194;194;1.0;0.764;true
Megalaima_chrysopogon_1;671;630;41;41;1.0;0.938;true
Megalaima_chrysopogon_2;671;630;41;41;1.0;0.938;true
Melanopareia_maximilian_1;800;630;170;170;1.0;0.787;true
Melanopareia_maximilian_2;800;630;170;170;1.0;0.787;true
Menura_novaehollandiae_1;287;285;2;2;1.0;0.993;true
Menura_novaehollandiae_2;287;285;2;2;1.0;0.993;true
Merops_muelleri_1;356;354;2;2;1.0;0.994;true
Merops_muelleri_2;356;354;2;2;1.0;0.994;true
Mesitornis_unicolor_1;383;381;2;2;1.0;0.994;true
Mesitornis_unicolor_2;383;381;2;2;1.0;0.994;true
Micrastur_gilvicollis_1;722;630;92;92;1.0;0.872;true
Micrastur_gilvicollis_2;722;630;92;92;1.0;0.872;true
Micropygia_schomburgkii_1;740;630;110;110;1.0;0.851;true
Micropygia_schomburgkii_2;740;630;110;110;1.0;0.851;true
Momotus_lessonii_1;419;417;2;2;1.0;0.995;true
Momotus_lessonii_2;419;417;2;2;1.0;0.995;true
Monias_benschi_1;755;630;125;125;1.0;0.834;true
Monias_benschi_2;755;630;125;125;1.0;0.834;true
Morus_serrator_1;398;396;2;2;1.0;0.994;true
Morus_serrator_2;398;396;2;2;1.0;0.994;true
Myiobius_barbatus_1;782;630;152;152;1.0;0.805;true
Myiobius_barbatus_2;782;630;152;152;1.0;0.805;true
Myrmornis_torquata_1;596;594;2;2;1.0;0.996;true
Myrmornis_torquata_2;596;594;2;2;1.0;0.996;true
Myrmothera_campanisona_1;632;630;2;2;1.0;0.996;true
Myrmothera_campanisona_2;632;630;2;2;1.0;0.996;true
Neodrepanis_coruscans_1;731;630;101;101;1.0;0.861;true
Neodrepanis_coruscans_2;731;630;101;101;1.0;0.861;true
Neopelma_chrysocephalum_1;824;630;194;194;1.0;0.764;true
Neopelma_chrysocephalum_2;824;630;194;194;1.0;0.764;true
Nestor_meridionalis_1;755;630;125;125;1.0;0.834;true
Nestor_meridionalis_2;755;630;125;125;1.0;0.834;true
Nothoprocta_ornata_1;338;336;2;2;1.0;0.994;true
Nothoprocta_ornata_2;338;336;2;2;1.0;0.994;true
Numida_malagris_1;770;630;140;140;1.0;0.818;true
Numida_malagris_2;770;630;140;140;1.0;0.818;true
Nyctibius_griseus_1;755;630;125;125;1.0;0.834;true
Nyctibius_griseus_2;755;630;125;125;1.0;0.834;true
Oceanites_oceanicus_1;755;630;125;125;1.0;0.834;true
Oceanites_oceanicus_2;755;630;125;125;1.0;0.834;true
Oceanodroma_leucorhoa_1;756;630;126;126;1.0;0.833;true
Oceanodroma_leucorhoa_2;756;630;126;126;1.0;0.833;true
Odontophorus_gujanensis_1;789;630;159;159;1.0;0.798;true
Odontophorus_gujanensis_2;789;630;159;159;1.0;0.798;true
Opisthocomus_hoazin_1;173;171;2;2;1.0;0.988;true
Opisthocomus_hoazin_2;173;171;2;2;1.0;0.988;true
Ortalis_motmot_1;527;525;2;2;1.0;0.996;true
Ortalis_motmot_2;527;525;2;2;1.0;0.996;true
Oxyruncus_cristatus_1;824;630;194;194;1.0;0.764;true
Oxyruncus_cristatus_2;824;630;194;194;1.0;0.764;true
Oxyura_jamaicensis_1;755;630;125;125;1.0;0.834;true
Oxyura_jamaicensis_2;755;630;125;125;1.0;0.834;true
Pandion_haliaetus_1;182;180;2;2;1.0;0.989;true
Pandion_haliaetus_2;182;180;2;2;1.0;0.989;true
Pedionomus_torquatus_1;755;630;125;125;1.0;0.834;true
Pedionomus_torquatus_2;755;630;125;125;1.0;0.834;true
Pelecanoides_urinatrix_1;805;630;175;175;1.0;0.782;true
Pelecanoides_urinatrix_2;805;630;175;175;1.0;0.782;true
Pelecanus_occidentalis_1;692;630;62;62;1.0;0.91;true
Pelecanus_occidentalis_2;692;630;62;62;1.0;0.91;true
Phaethon_rubricauda_1;752;630;122;122;1.0;0.837;true
Phaethon_rubricauda_2;752;630;122;122;1.0;0.837;true
Phaethornis_superciliosus_1;335;333;2;2;1.0;0.994;true
Phaethornis_superciliosus_2;335;333;2;2;1.0;0.994;true
Phalacrocorax_brasili_1;755;630;125;125;1.0;0.834;true
Phalacrocorax_brasili_2;755;630;125;125;1.0;0.834;true
Phoebastria_nigripes_1;755;630;125;125;1.0;0.834;true
Phoebastria_nigripes_2;755;630;125;125;1.0;0.834;true
Phoenicopterus_ruber_1;698;630;68;68;1.0;0.902;true
Phoenicopterus_ruber_2;698;630;68;68;1.0;0.902;true
Phoeniculus_purpureus_1;338;336;2;2;1.0;0.994;true
Phoeniculus_purpureus_2;338;336;2;2;1.0;0.994;true
Picus_canus_1;755;630;125;125;1.0;0.834;true
Picus_canus_2;755;630;125;125;1.0;0.834;true
Pipra_erythrocephala_1;866;630;236;236;1.0;0.727;true
Pipra_erythrocephala_2;866;630;236;236;1.0;0.727;true
Piprites_chloris_1;824;630;194;194;1.0;0.764;true
Piprites_chloris_2;824;630;194;194;1.0;0.764;true
Pitta_angolensis_1;823;630;193;193;1.0;0.765;true
Pitta_angolensis_2;823;630;193;193;1.0;0.765;true
Podargus_strigoides_1;740;630;110;110;1.0;0.851;true
Podargus_strigoides_2;740;630;110;110;1.0;0.851;true
Poecile_lugubris_1;818;630;188;188;1.0;0.77;true
Poecile_lugubris_2;818;630;188;188;1.0;0.77;true
Porphyrio_porphyrio_1;755;630;125;125;1.0;0.834;true
Porphyrio_porphyrio_2;755;630;125;125;1.0;0.834;true
Probosciger_aterrimus_1;752;630;122;122;1.0;0.837;true
Probosciger_aterrimus_2;752;630;122;122;1.0;0.837;true
Psittacus_erithacus_1;812;630;182;182;1.0;0.775;true
Psittacus_erithacus_2;812;630;182;182;1.0;0.775;true
Psittrichas_fulgidus_1;383;381;2;2;1.0;0.994;true
Psittrichas_fulgidus_2;383;381;2;2;1.0;0.994;true
Psophia_crepitans_1;755;630;125;125;1.0;0.834;true
Psophia_crepitans_2;755;630;125;125;1.0;0.834;true
Pterocles_bicinctus_1;755;630;125;125;1.0;0.834;true
Pterocles_bicinctus_2;755;630;125;125;1.0;0.834;true
Pterodroma_externa_1;755;630;125;125;1.0;0.834;true
Pterodroma_externa_2;755;630;125;125;1.0;0.834;true
Ptilinopus_magnificus_1;755;630;125;125;1.0;0.834;true
Ptilinopus_magnificus_2;755;630;125;125;1.0;0.834;true
Ptilonorhynchus_violaceus_1;824;630;194;194;1.0;0.764;true
Ptilonorhynchus_violaceus_2;824;630;194;194;1.0;0.764;true
Puffinus_griseus_1;755;630;125;125;1.0;0.834;true
Puffinus_griseus_2;755;630;125;125;1.0;0.834;true
Pycnonotus_macrotis_1;785;630;155;155;1.0;0.802;true
Pycnonotus_macrotis_2;785;630;155;155;1.0;0.802;true
Rallus_longirostris_1;459;429;30;30;1.0;0.934;true
Rallus_longirostris_2;459;429;30;30;1.0;0.934;true
Ramphastos_ambiguus_1;755;630;125;125;1.0;0.834;true
Ramphastos_ambiguus_2;755;630;125;125;1.0;0.834;true
Recurvirostra_americana_1;350;348;2;2;1.0;0.994;true
Recurvirostra_americana_2;350;348;2;2;1.0;0.994;true
Regulus_ignicapilla_1;461;459;2;2;1.0;0.995;true
Regulus_ignicapilla_2;461;459;2;2;1.0;0.995;true
Rhea_americana_1;737;630;107;107;1.0;0.854;true
Rhea_americana_2;737;630;107;107;1.0;0.854;true
Rhynchocyclus_olivaceus_1;767;630;137;137;1.0;0.821;true
Rhynchocyclus_olivaceus_2;767;630;137;137;1.0;0.821;true
Rollandia_rolland_1;440;438;2;2;1.0;0.995;true
Rollandia_rolland_2;440;438;2;2;1.0;0.995;true
Rollulus_rouloul_1;770;630;140;140;1.0;0.818;true
Rollulus_rouloul_2;770;630;140;140;1.0;0.818;true
Rostratula_benghalensis_1;713;630;83;83;1.0;0.883;true
Rostratula_benghalensis_2;713;630;83;83;1.0;0.883;true
Rupicola_rupicola_1;824;630;194;194;1.0;0.764;true
Rupicola_rupicola_2;824;630;194;194;1.0;0.764;true
Rynchops_niger_1;755;630;125;125;1.0;0.834;true
Rynchops_niger_2;755;630;125;125;1.0;0.834;true
Sagittarius_serpentarius_1;752;630;122;122;1.0;0.837;true
Sagittarius_serpentarius_2;752;630;122;122;1.0;0.837;true
Sarothrura_rufa_1;482;480;2;2;1.0;0.995;true
Sarothrura_rufa_2;482;480;2;2;1.0;0.995;true
Schiffornis_turdina_1;825;630;195;195;1.0;0.763;true
Schiffornis_turdina_2;825;630;195;195;1.0;0.763;true
Sclerurus_mexicanus_1;383;381;2;2;1.0;0.994;true
Sclerurus_mexicanus_2;383;381;2;2;1.0;0.994;true
Scopus_umbretta_1;659;630;29;29;1.0;0.955;true
Scopus_umbretta_2;659;630;29;29;1.0;0.955;true
Sericulus_bakeri_1;800;630;170;170;1.0;0.787;true
Sericulus_bakeri_2;800;630;170;170;1.0;0.787;true
Smithornis_rufolateralis_1;755;630;125;125;1.0;0.834;true
Smithornis_rufolateralis_2;755;630;125;125;1.0;0.834;true
Spheniscus_humboldti_1;218;216;2;2;1.0;0.99;true
Spheniscus_humboldti_2;218;216;2;2;1.0;0.99;true
Spizella_arborea_1;767;630;137;137;1.0;0.821;true
Spizella_arborea_2;767;630;137;137;1.0;0.821;true
Steatornis_caripensi_1;414;360;54;54;1.0;0.869;true
Steatornis_caripensi_2;414;360;54;54;1.0;0.869;true
Sterna_hirundo_1;485;483;2;2;1.0;0.995;true
Sterna_hirundo_2;485;483;2;2;1.0;0.995;true
Streptoprocne_zonaris_1;755;630;125;125;1.0;0.834;true
Streptoprocne_zonaris_2;755;630;125;125;1.0;0.834;true
Strix_varia_1;464;462;2;2;1.0;0.995;true
Strix_varia_2;464;462;2;2;1.0;0.995;true
Struthio_camelus_1;687;630;57;57;1.0;0.917;true
Struthio_camelus_2;687;630;57;57;1.0;0.917;true
Sylvia_melanocephala_1;281;279;2;2;1.0;0.992;true
Sylvia_melanocephala_2;281;279;2;2;1.0;0.992;true
Syrrhaptes_paradoxus_1;680;630;50;50;1.0;0.926;true
Syrrhaptes_paradoxus_2;680;630;50;50;1.0;0.926;true
Tapera_naevia_1;152;150;2;2;1.0;0.986;true
Tapera_naevia_2;152;150;2;2;1.0;0.986;true
Tauraco_macrorhynchus_1;227;225;2;2;1.0;0.991;true
Tauraco_macrorhynchus_2;227;225;2;2;1.0;0.991;true
Terenura_callinota_1;665;630;35;35;1.0;0.947;true
Terenura_callinota_2;665;630;35;35;1.0;0.947;true
Thamnophilus_ruficapillu_1;659;630;29;29;1.0;0.955;true
Thamnophilus_ruficapillu_2;659;630;29;29;1.0;0.955;true
Theristicus_caerulescens_1;287;285;2;2;1.0;0.993;true
Theristicus_caerulescens_2;287;285;2;2;1.0;0.993;true
Tigrisoma_lineatum_1;756;630;126;126;1.0;0.833;true
Tigrisoma_lineatum_2;756;630;126;126;1.0;0.833;true
Tinamus_major_1;74;0;74;74;0.0;0.0;false
Tinamus_major_2;74;0;74;74;0.0;0.0;false
Tityra_cayana_1;791;630;161;161;1.0;0.796;true
Tityra_cayana_2;791;630;161;161;1.0;0.796;true
Tockus_camurus_1;569;567;2;2;1.0;0.996;true
Tockus_camurus_2;569;567;2;2;1.0;0.996;true
Todus_mexicanus_1;500;498;2;2;1.0;0.996;true
Todus_mexicanus_2;500;498;2;2;1.0;0.996;true
Topaza_pella_1;476;474;2;2;1.0;0.995;true
Topaza_pella_2;476;474;2;2;1.0;0.995;true
Treron_calvus_1;755;630;125;125;1.0;0.834;true
Treron_calvus_2;755;630;125;125;1.0;0.834;true
Tringa_solitaria_1;755;630;125;125;1.0;0.834;true
Tringa_solitaria_2;755;630;125;125;1.0;0.834;true
Trogon_elegans_1;755;630;125;125;1.0;0.834;true
Trogon_elegans_2;755;630;125;125;1.0;0.834;true
Turdus_olivater_1;440;438;2;2;1.0;0.995;true
Turdus_olivater_2;440;438;2;2;1.0;0.995;true
Turnix_ocellata_1;362;360;2;2;1.0;0.994;true
Turnix_ocellata_2;362;360;2;2;1.0;0.994;true
Tyrannus_albogularis_1;824;630;194;194;1.0;0.764;true
Tyrannus_albogularis_2;824;630;194;194;1.0;0.764;true
Upupa_epops_1;741;618;123;123;1.0;0.834;true
Upupa_epops_2;741;618;123;123;1.0;0.834;true
Uria_aalge_1;329;327;2;2;1.0;0.993;true
Uria_aalge_2;329;327;2;2;1.0;0.993;true
Urocolius_indicus_1;287;285;2;2;1.0;0.993;true
Urocolius_indicus_2;287;285;2;2;1.0;0.993;true
Vultur_gryphus_1;527;525;2;2;1.0;0.996;true
Vultur_gryphus_2;527;525;2;2;1.0;0.996;true
