seqName;initialSeqLength;nbKeep;nbTrim;nbInformativeTrim;percentHomologExcludingExtremities;percentHomologIncludingExtremities;keptSequences
Acanthisitta_chloris_1;213;213;0;0;1.0;1.0;true
Acanthisitta_chloris_2;213;213;0;0;1.0;1.0;true
Accipiter_superciliosus_1;306;306;0;0;1.0;1.0;true
Accipiter_superciliosus_2;306;306;0;0;1.0;1.0;true
Alcedo_quadribrachys_1;189;189;0;0;1.0;1.0;true
Alcedo_quadribrachys_2;189;189;0;0;1.0;1.0;true
Anas_superciliosa_1;156;156;0;0;1.0;1.0;true
Anas_superciliosa_2;156;156;0;0;1.0;1.0;true
Anhinga_anhinga_1;189;189;0;0;1.0;1.0;true
Anhinga_anhinga_2;189;189;0;0;1.0;1.0;true
Anser_canagicus_1;219;219;0;0;1.0;1.0;true
Anser_canagicus_2;219;219;0;0;1.0;1.0;true
Anseranas_semipalmata_1;288;288;0;0;1.0;1.0;true
Anseranas_semipalmata_2;288;288;0;0;1.0;1.0;true
Aramus_guarauna_1;195;195;0;0;1.0;1.0;true
Aramus_guarauna_2;195;195;0;0;1.0;1.0;true
Archilochus_colubris_1;159;159;0;0;1.0;1.0;true
Archilochus_colubris_2;159;159;0;0;1.0;1.0;true
Ardea_herodias_1;249;249;0;0;1.0;1.0;true
Ardea_herodias_2;249;249;0;0;1.0;1.0;true
Ardeotis_kori_1;321;321;0;0;1.0;1.0;true
Ardeotis_kori_2;321;321;0;0;1.0;1.0;true
Atelornis_pittoides_1;300;300;0;0;1.0;1.0;true
Atelornis_pittoides_2;300;300;0;0;1.0;1.0;true
Aythya_valisineria_1;195;195;0;0;1.0;1.0;true
Aythya_valisineria_2;195;195;0;0;1.0;1.0;true
Balaeniceps_rex_1;174;174;0;0;1.0;1.0;true
Balaeniceps_rex_2;174;174;0;0;1.0;1.0;true
Balearica_regulorum_1;96;96;0;0;1.0;1.0;true
Balearica_regulorum_2;96;96;0;0;1.0;1.0;true
Barnardius_zonarius_1;231;231;0;0;1.0;1.0;true
Barnardius_zonarius_2;231;231;0;0;1.0;1.0;true
Bonasa_umbellus_1;219;219;0;0;1.0;1.0;true
Bonasa_umbellus_2;219;219;0;0;1.0;1.0;true
Buccanodon_duchaillui_1;252;252;0;0;1.0;1.0;true
Buccanodon_duchaillui_2;252;252;0;0;1.0;1.0;true
Bucco_capensis_1;285;285;0;0;1.0;1.0;true
Bucco_capensis_2;285;285;0;0;1.0;1.0;true
Burhinus_oedicnemus_1;180;180;0;0;1.0;1.0;true
Burhinus_oedicnemus_2;180;180;0;0;1.0;1.0;true
Buteo_jamaicensis_1;180;180;0;0;1.0;1.0;true
Buteo_jamaicensis_2;180;180;0;0;1.0;1.0;true
Calandrella_brachydactyla_1;171;171;0;0;1.0;1.0;true
Calandrella_brachydactyla_2;171;171;0;0;1.0;1.0;true
Caprimulgus_europaeus_1;207;207;0;0;1.0;1.0;true
Caprimulgus_europaeus_2;207;207;0;0;1.0;1.0;true
Caracara_cheriway_1;204;204;0;0;1.0;1.0;true
Caracara_cheriway_2;204;204;0;0;1.0;1.0;true
Cariama_cristata_1;264;264;0;0;1.0;1.0;true
Cariama_cristata_2;264;264;0;0;1.0;1.0;true
Casuarius_bennetti_1;141;141;0;0;1.0;1.0;true
Casuarius_bennetti_2;141;141;0;0;1.0;1.0;true
Cathartes_burrovianus_1;141;141;0;0;1.0;1.0;true
Cathartes_burrovianus_2;141;141;0;0;1.0;1.0;true
Centropus_bengalensis_1;249;249;0;0;1.0;1.0;true
Centropus_bengalensis_2;249;249;0;0;1.0;1.0;true
Chaetura_brachyura_1;207;207;0;0;1.0;1.0;true
Chaetura_brachyura_2;207;207;0;0;1.0;1.0;true
Charadrius_hiaticula_1;165;165;0;0;1.0;1.0;true
Charadrius_hiaticula_2;165;165;0;0;1.0;1.0;true
Chauna_torquata_1;438;360;78;78;1.0;0.821;true
Chauna_torquata_2;438;360;78;78;1.0;0.821;true
Chelidoptera_tenebrosa_1;159;159;0;0;1.0;1.0;true
Chelidoptera_tenebrosa_2;159;159;0;0;1.0;1.0;true
Chloroceryle_inda_1;192;192;0;0;1.0;1.0;true
Chloroceryle_inda_2;192;192;0;0;1.0;1.0;true
Chordeiles_pusillus_1;252;252;0;0;1.0;1.0;true
Chordeiles_pusillus_2;252;252;0;0;1.0;1.0;true
Chunga_burmeisteri_1;303;303;0;0;1.0;1.0;true
Chunga_burmeisteri_2;303;303;0;0;1.0;1.0;true
Ciconia_nigra_1;153;153;0;0;1.0;1.0;true
Ciconia_nigra_2;153;153;0;0;1.0;1.0;true
Climacteris_melanura_1;162;162;0;0;1.0;1.0;true
Climacteris_melanura_2;162;162;0;0;1.0;1.0;true
Coccyzus_melacoryphus_1;147;147;0;0;1.0;1.0;true
Coccyzus_melacoryphus_2;147;147;0;0;1.0;1.0;true
Colinus_cristatus_1;150;150;0;0;1.0;1.0;true
Colinus_cristatus_2;150;150;0;0;1.0;1.0;true
Colius_colius_1;123;123;0;0;1.0;1.0;true
Colius_colius_2;123;123;0;0;1.0;1.0;true
Columba_livia_1;162;162;0;0;1.0;1.0;true
Columba_livia_2;162;162;0;0;1.0;1.0;true
Columbina_minuta_1;312;312;0;0;1.0;1.0;true
Columbina_minuta_2;312;312;0;0;1.0;1.0;true
Coracias_cyanogaster_1;216;216;0;0;1.0;1.0;true
Coracias_cyanogaster_2;216;216;0;0;1.0;1.0;true
Corvus_albus_1;147;147;0;0;1.0;1.0;true
Corvus_albus_2;147;147;0;0;1.0;1.0;true
Corythaeola_cristata_1;147;147;0;0;1.0;1.0;true
Corythaeola_cristata_2;147;147;0;0;1.0;1.0;true
Cotinga_cayana_1;180;180;0;0;1.0;1.0;true
Cotinga_cayana_2;180;180;0;0;1.0;1.0;true
Crax_alector_1;273;273;0;0;1.0;1.0;true
Crax_alector_2;273;273;0;0;1.0;1.0;true
Cryptopipo_aenigma_1;174;174;0;0;1.0;1.0;true
Cryptopipo_aenigma_2;174;174;0;0;1.0;1.0;true
Cuculus_optatus_1;171;171;0;0;1.0;1.0;true
Cuculus_optatus_2;171;171;0;0;1.0;1.0;true
Elaenia_flavogaster_1;276;276;0;0;1.0;1.0;true
Elaenia_flavogaster_2;276;276;0;0;1.0;1.0;true
Eudromia_elegans_1;246;246;0;0;1.0;1.0;true
Eudromia_elegans_2;246;246;0;0;1.0;1.0;true
Eurostopodus_macrotis_1;177;177;0;0;1.0;1.0;true
Eurostopodus_macrotis_2;177;177;0;0;1.0;1.0;true
Eurypyga_helias_1;171;171;0;0;1.0;1.0;true
Eurypyga_helias_2;171;171;0;0;1.0;1.0;true
Falco_sparverius_1;249;249;0;0;1.0;1.0;true
Falco_sparverius_2;249;249;0;0;1.0;1.0;true
Fringilla_coelebs_1;162;162;0;0;1.0;1.0;true
Fringilla_coelebs_2;162;162;0;0;1.0;1.0;true
Fulmarus_glacialoides_1;195;195;0;0;1.0;1.0;true
Fulmarus_glacialoides_2;195;195;0;0;1.0;1.0;true
Galbula_dea_1;231;231;0;0;1.0;1.0;true
Galbula_dea_2;231;231;0;0;1.0;1.0;true
Gallus_gallus_1;324;324;0;0;1.0;1.0;true
Gallus_gallus_2;324;324;0;0;1.0;1.0;true
Gavia_immer_1;168;168;0;0;1.0;1.0;true
Gavia_immer_2;168;168;0;0;1.0;1.0;true
Glareola_nuchalis_1;312;312;0;0;1.0;1.0;true
Glareola_nuchalis_2;312;312;0;0;1.0;1.0;true
Haematopus_palliatus_1;222;222;0;0;1.0;1.0;true
Haematopus_palliatus_2;222;222;0;0;1.0;1.0;true
Heliornis_fulica_1;246;246;0;0;1.0;1.0;true
Heliornis_fulica_2;246;246;0;0;1.0;1.0;true
Hirundinea_ferruginea_1;180;180;0;0;1.0;1.0;true
Hirundinea_ferruginea_2;180;180;0;0;1.0;1.0;true
Hymenops_perspicillatus_1;216;216;0;0;1.0;1.0;true
Hymenops_perspicillatus_2;216;216;0;0;1.0;1.0;true
Ibycter_americanus_1;186;186;0;0;1.0;1.0;true
Ibycter_americanus_2;186;186;0;0;1.0;1.0;true
Indicator_exilis_1;228;228;0;0;1.0;1.0;true
Indicator_exilis_2;228;228;0;0;1.0;1.0;true
Jacana_jacana_1;189;189;0;0;1.0;1.0;true
Jacana_jacana_2;189;189;0;0;1.0;1.0;true
Jynx_torquilla_1;198;198;0;0;1.0;1.0;true
Jynx_torquilla_2;198;198;0;0;1.0;1.0;true
Leptoptilos_crumeniferus_1;282;282;0;0;1.0;1.0;true
Leptoptilos_crumeniferus_2;282;282;0;0;1.0;1.0;true
Leptotila_rufaxilla_1;246;246;0;0;1.0;1.0;true
Leptotila_rufaxilla_2;246;246;0;0;1.0;1.0;true
Limosa_lapponica_1;306;306;0;0;1.0;1.0;true
Limosa_lapponica_2;306;306;0;0;1.0;1.0;true
Lophorina_superba_1;102;102;0;0;1.0;1.0;true
Lophorina_superba_2;102;102;0;0;1.0;1.0;true
Megalaima_chrysopogon_1;243;243;0;0;1.0;1.0;true
Megalaima_chrysopogon_2;243;243;0;0;1.0;1.0;true
Melanopareia_maximilian_1;222;222;0;0;1.0;1.0;true
Melanopareia_maximilian_2;222;222;0;0;1.0;1.0;true
Menura_novaehollandiae_1;153;153;0;0;1.0;1.0;true
Menura_novaehollandiae_2;153;153;0;0;1.0;1.0;true
Micropygia_schomburgkii_1;204;204;0;0;1.0;1.0;true
Micropygia_schomburgkii_2;204;204;0;0;1.0;1.0;true
Momotus_lessonii_1;90;90;0;0;1.0;1.0;true
Momotus_lessonii_2;90;90;0;0;1.0;1.0;true
Monias_benschi_1;279;279;0;0;1.0;1.0;true
Monias_benschi_2;279;279;0;0;1.0;1.0;true
Morus_serrator_1;189;189;0;0;1.0;1.0;true
Morus_serrator_2;189;189;0;0;1.0;1.0;true
Neodrepanis_coruscans_1;171;171;0;0;1.0;1.0;true
Neodrepanis_coruscans_2;171;171;0;0;1.0;1.0;true
Neopelma_chrysocephalum_1;261;261;0;0;1.0;1.0;true
Neopelma_chrysocephalum_2;261;261;0;0;1.0;1.0;true
Nestor_meridionalis_1;246;246;0;0;1.0;1.0;true
Nestor_meridionalis_2;246;246;0;0;1.0;1.0;true
Numida_malagris_1;270;270;0;0;1.0;1.0;true
Numida_malagris_2;270;270;0;0;1.0;1.0;true
Nyctibius_griseus_1;288;288;0;0;1.0;1.0;true
Nyctibius_griseus_2;288;288;0;0;1.0;1.0;true
Oceanites_oceanicus_1;249;249;0;0;1.0;1.0;true
Oceanites_oceanicus_2;249;249;0;0;1.0;1.0;true
Odontophorus_gujanensis_1;204;204;0;0;1.0;1.0;true
Odontophorus_gujanensis_2;204;204;0;0;1.0;1.0;true
Opisthocomus_hoazin_1;141;141;0;0;1.0;1.0;true
Opisthocomus_hoazin_2;141;141;0;0;1.0;1.0;true
Ortalis_motmot_1;234;234;0;0;1.0;1.0;true
Ortalis_motmot_2;234;234;0;0;1.0;1.0;true
Oxyura_jamaicensis_1;144;144;0;0;1.0;1.0;true
Oxyura_jamaicensis_2;144;144;0;0;1.0;1.0;true
Pedionomus_torquatus_1;285;285;0;0;1.0;1.0;true
Pedionomus_torquatus_2;285;285;0;0;1.0;1.0;true
Pelecanus_occidentalis_1;192;192;0;0;1.0;1.0;true
Pelecanus_occidentalis_2;192;192;0;0;1.0;1.0;true
Phaethon_rubricauda_1;171;171;0;0;1.0;1.0;true
Phaethon_rubricauda_2;171;171;0;0;1.0;1.0;true
Phaethornis_superciliosus_1;192;192;0;0;1.0;1.0;true
Phaethornis_superciliosus_2;192;192;0;0;1.0;1.0;true
Phoebastria_nigripes_1;141;141;0;0;1.0;1.0;true
Phoebastria_nigripes_2;141;141;0;0;1.0;1.0;true
Phoenicopterus_ruber_1;126;126;0;0;1.0;1.0;true
Phoenicopterus_ruber_2;126;126;0;0;1.0;1.0;true
Picus_canus_1;177;177;0;0;1.0;1.0;true
Picus_canus_2;177;177;0;0;1.0;1.0;true
Pipra_erythrocephala_1;168;168;0;0;1.0;1.0;true
Pipra_erythrocephala_2;168;168;0;0;1.0;1.0;true
Piprites_chloris_1;171;171;0;0;1.0;1.0;true
Piprites_chloris_2;171;171;0;0;1.0;1.0;true
Pitta_angolensis_1;267;174;93;93;1.0;0.651;true
Pitta_angolensis_2;267;174;93;93;1.0;0.651;true
Podargus_strigoides_1;207;207;0;0;1.0;1.0;true
Podargus_strigoides_2;207;207;0;0;1.0;1.0;true
Poecile_lugubris_1;147;147;0;0;1.0;1.0;true
Poecile_lugubris_2;147;147;0;0;1.0;1.0;true
Porphyrio_porphyrio_1;189;189;0;0;1.0;1.0;true
Porphyrio_porphyrio_2;189;189;0;0;1.0;1.0;true
Probosciger_aterrimus_1;252;252;0;0;1.0;1.0;true
Probosciger_aterrimus_2;252;252;0;0;1.0;1.0;true
Psittacus_erithacus_1;177;177;0;0;1.0;1.0;true
Psittacus_erithacus_2;177;177;0;0;1.0;1.0;true
Psittrichas_fulgidus_1;249;249;0;0;1.0;1.0;true
Psittrichas_fulgidus_2;249;249;0;0;1.0;1.0;true
Psophia_crepitans_1;213;213;0;0;1.0;1.0;true
Psophia_crepitans_2;213;213;0;0;1.0;1.0;true
Pterocles_bicinctus_1;270;270;0;0;1.0;1.0;true
Pterocles_bicinctus_2;270;270;0;0;1.0;1.0;true
Ptilinopus_magnificus_1;213;213;0;0;1.0;1.0;true
Ptilinopus_magnificus_2;213;213;0;0;1.0;1.0;true
Ptilonorhynchus_violaceus_1;198;198;0;0;1.0;1.0;true
Ptilonorhynchus_violaceus_2;198;198;0;0;1.0;1.0;true
Pycnonotus_macrotis_1;123;123;0;0;1.0;1.0;true
Pycnonotus_macrotis_2;123;123;0;0;1.0;1.0;true
Ramphastos_ambiguus_1;282;282;0;0;1.0;1.0;true
Ramphastos_ambiguus_2;282;282;0;0;1.0;1.0;true
Recurvirostra_americana_1;144;144;0;0;1.0;1.0;true
Recurvirostra_americana_2;144;144;0;0;1.0;1.0;true
Regulus_ignicapilla_1;258;258;0;0;1.0;1.0;true
Regulus_ignicapilla_2;258;258;0;0;1.0;1.0;true
Rhea_americana_1;237;237;0;0;1.0;1.0;true
Rhea_americana_2;237;237;0;0;1.0;1.0;true
Rhynchocyclus_olivaceus_1;252;252;0;0;1.0;1.0;true
Rhynchocyclus_olivaceus_2;252;252;0;0;1.0;1.0;true
Rollandia_rolland_1;171;171;0;0;1.0;1.0;true
Rollandia_rolland_2;171;171;0;0;1.0;1.0;true
Rollulus_rouloul_1;210;210;0;0;1.0;1.0;true
Rollulus_rouloul_2;210;210;0;0;1.0;1.0;true
Rostratula_benghalensis_1;192;192;0;0;1.0;1.0;true
Rostratula_benghalensis_2;192;192;0;0;1.0;1.0;true
Rupicola_rupicola_1;129;129;0;0;1.0;1.0;true
Rupicola_rupicola_2;129;129;0;0;1.0;1.0;true
Rynchops_niger_1;204;204;0;0;1.0;1.0;true
Rynchops_niger_2;204;204;0;0;1.0;1.0;true
Sagittarius_serpentarius_1;171;171;0;0;1.0;1.0;true
Sagittarius_serpentarius_2;171;171;0;0;1.0;1.0;true
Sarothrura_rufa_1;378;312;66;66;1.0;0.825;true
Sarothrura_rufa_2;378;312;66;66;1.0;0.825;true
Schiffornis_turdina_1;126;126;0;0;1.0;1.0;true
Schiffornis_turdina_2;126;126;0;0;1.0;1.0;true
Sclerurus_mexicanus_1;240;240;0;0;1.0;1.0;true
Sclerurus_mexicanus_2;240;240;0;0;1.0;1.0;true
Sericulus_bakeri_1;357;357;0;0;1.0;1.0;true
Sericulus_bakeri_2;357;357;0;0;1.0;1.0;true
Smithornis_rufolateralis_1;372;327;45;45;1.0;0.879;true
Smithornis_rufolateralis_2;372;372;0;0;1.0;1.0;true
Spizella_arborea_1;147;147;0;0;1.0;1.0;true
Spizella_arborea_2;147;147;0;0;1.0;1.0;true
Streptoprocne_zonaris_1;201;201;0;0;1.0;1.0;true
Streptoprocne_zonaris_2;201;201;0;0;1.0;1.0;true
Sylvia_melanocephala_1;231;231;0;0;1.0;1.0;true
Sylvia_melanocephala_2;231;231;0;0;1.0;1.0;true
Syrrhaptes_paradoxus_1;153;153;0;0;1.0;1.0;true
Syrrhaptes_paradoxus_2;153;153;0;0;1.0;1.0;true
Tapera_naevia_1;180;180;0;0;1.0;1.0;true
Tapera_naevia_2;180;180;0;0;1.0;1.0;true
Tauraco_macrorhynchus_1;156;156;0;0;1.0;1.0;true
Tauraco_macrorhynchus_2;156;156;0;0;1.0;1.0;true
Thamnophilus_ruficapillu_1;171;171;0;0;1.0;1.0;true
Thamnophilus_ruficapillu_2;171;171;0;0;1.0;1.0;true
Theristicus_caerulescens_1;141;141;0;0;1.0;1.0;true
Theristicus_caerulescens_2;141;141;0;0;1.0;1.0;true
Tockus_camurus_1;228;228;0;0;1.0;1.0;true
Tockus_camurus_2;228;228;0;0;1.0;1.0;true
Todus_mexicanus_1;171;171;0;0;1.0;1.0;true
Todus_mexicanus_2;171;171;0;0;1.0;1.0;true
Treron_calvus_1;276;276;0;0;1.0;1.0;true
Treron_calvus_2;276;276;0;0;1.0;1.0;true
Trogon_elegans_1;216;216;0;0;1.0;1.0;true
Trogon_elegans_2;216;216;0;0;1.0;1.0;true
Turdus_olivater_1;219;219;0;0;1.0;1.0;true
Turdus_olivater_2;219;219;0;0;1.0;1.0;true
Tyrannus_albogularis_1;144;144;0;0;1.0;1.0;true
Tyrannus_albogularis_2;144;144;0;0;1.0;1.0;true
Upupa_epops_1;177;177;0;0;1.0;1.0;true
Upupa_epops_2;177;177;0;0;1.0;1.0;true
Urocolius_indicus_1;213;213;0;0;1.0;1.0;true
Urocolius_indicus_2;213;213;0;0;1.0;1.0;true
