seqName;initialSeqLength;nbKeep;nbTrim;nbInformativeTrim;percentKeepExcludingExtremities;percentKeepIncludingExtremities;keptSequences
Acanthisitta_chloris_1;816;816;0;0;1.0;1.0;true
Acanthisitta_chloris_2;816;816;0;0;1.0;1.0;true
Accipiter_superciliosus_1;1037;1035;2;2;1.0;0.998;true
Accipiter_superciliosus_2;1037;1035;2;2;1.0;0.998;true
Aegotheles_insignis_1;1037;1035;2;2;1.0;0.998;true
Aegotheles_insignis_2;1037;1035;2;2;1.0;0.998;true
Alcedo_quadribrachys_1;1037;1035;2;2;1.0;0.998;true
Alcedo_quadribrachys_2;1037;1035;2;2;1.0;0.998;true
Anas_superciliosa_1;1037;1035;2;2;1.0;0.998;true
Anas_superciliosa_2;1037;1035;2;2;1.0;0.998;true
Anhinga_anhinga_1;1037;1035;2;2;1.0;0.998;true
Anhinga_anhinga_2;1037;1035;2;2;1.0;0.998;true
Anser_canagicus_1;1037;1035;2;2;1.0;0.998;true
Anser_canagicus_2;1037;1035;2;2;1.0;0.998;true
Anseranas_semipalmata_1;1037;1035;2;2;1.0;0.998;true
Anseranas_semipalmata_2;1037;1035;2;2;1.0;0.998;true
Apaloderma_aequatoriale_1;1037;1035;2;2;1.0;0.998;true
Apaloderma_aequatoriale_2;1037;1035;2;2;1.0;0.998;true
Apteryx_sp._1;1038;1035;3;3;1.0;0.997;true
Apteryx_sp._2;1038;1035;3;3;1.0;0.997;true
Aramus_guarauna_1;1037;1035;2;2;1.0;0.998;true
Aramus_guarauna_2;1037;1035;2;2;1.0;0.998;true
Archilochus_colubris_1;1037;1035;2;2;1.0;0.998;true
Archilochus_colubris_2;1037;1035;2;2;1.0;0.998;true
Ardea_herodias_1;1037;1035;2;2;1.0;0.998;true
Ardea_herodias_2;1037;1035;2;2;1.0;0.998;true
Ardeotis_kori_1;1037;1035;2;2;1.0;0.998;true
Ardeotis_kori_2;1037;1035;2;2;1.0;0.998;true
Arenaria_interpres_1;1037;1035;2;2;1.0;0.998;true
Arenaria_interpres_2;1037;1035;2;2;1.0;0.998;true
Atelornis_pittoides_1;1037;1035;2;2;1.0;0.998;true
Atelornis_pittoides_2;1037;1035;2;2;1.0;0.998;true
Aythya_valisineria_1;1037;1035;2;2;1.0;0.998;true
Aythya_valisineria_2;1037;1035;2;2;1.0;0.998;true
Balaeniceps_rex_1;1037;1035;2;2;1.0;0.998;true
Balaeniceps_rex_2;1037;1035;2;2;1.0;0.998;true
Balearica_regulorum_1;689;687;2;2;1.0;0.997;true
Balearica_regulorum_2;689;687;2;2;1.0;0.997;true
Barnardius_zonarius_1;1037;1035;2;2;1.0;0.998;true
Barnardius_zonarius_2;1037;1035;2;2;1.0;0.998;true
Bonasa_umbellus_1;1037;1035;2;2;1.0;0.998;true
Bonasa_umbellus_2;1037;1035;2;2;1.0;0.998;true
Buccanodon_duchaillui_1;1037;1035;2;2;1.0;0.998;true
Buccanodon_duchaillui_2;1037;1035;2;2;1.0;0.998;true
Bucco_capensis_1;1037;1035;2;2;1.0;0.998;true
Bucco_capensis_2;1037;1035;2;2;1.0;0.998;true
Bucorvus_leadbeateri_1;1037;1035;2;2;1.0;0.998;true
Bucorvus_leadbeateri_2;1037;1035;2;2;1.0;0.998;true
Burhinus_oedicnemus_1;1037;1035;2;2;1.0;0.998;true
Burhinus_oedicnemus_2;1037;1035;2;2;1.0;0.998;true
Buteo_jamaicensis_1;1037;1035;2;2;1.0;0.998;true
Buteo_jamaicensis_2;1037;1035;2;2;1.0;0.998;true
Caiman_croccodilus_1;938;936;2;2;1.0;0.997;true
Caiman_croccodilus_2;938;936;2;2;1.0;0.997;true
Calandrella_brachydactyla_1;1037;1035;2;2;1.0;0.998;true
Calandrella_brachydactyla_2;1037;1035;2;2;1.0;0.998;true
Calyptomena_viridis_1;1037;1035;2;2;1.0;0.998;true
Calyptomena_viridis_2;1037;1035;2;2;1.0;0.998;true
Capito_niger_1;1037;1035;2;2;1.0;0.998;true
Capito_niger_2;1037;1035;2;2;1.0;0.998;true
Caprimulgus_europaeus_1;1037;1035;2;2;1.0;0.998;true
Caprimulgus_europaeus_2;1037;1035;2;2;1.0;0.998;true
Caracara_cheriway_1;1037;1035;2;2;1.0;0.998;true
Caracara_cheriway_2;1037;1035;2;2;1.0;0.998;true
Cariama_cristata_1;1037;1035;2;2;1.0;0.998;true
Cariama_cristata_2;1037;1035;2;2;1.0;0.998;true
Casuarius_bennetti_1;1038;1035;3;3;1.0;0.997;true
Casuarius_bennetti_2;1038;1035;3;3;1.0;0.997;true
Cathartes_burrovianus_1;1037;1035;2;2;1.0;0.998;true
Cathartes_burrovianus_2;1037;1035;2;2;1.0;0.998;true
Centropus_bengalensis_1;1037;1035;2;2;1.0;0.998;true
Centropus_bengalensis_2;1037;1035;2;2;1.0;0.998;true
Chaetura_brachyura_1;1037;1035;2;2;1.0;0.998;true
Chaetura_brachyura_2;1037;1035;2;2;1.0;0.998;true
Charadrius_hiaticula_1;1037;1035;2;2;1.0;0.998;true
Charadrius_hiaticula_2;1037;1035;2;2;1.0;0.998;true
Chauna_torquata_1;1037;1035;2;2;1.0;0.998;true
Chauna_torquata_2;1037;1035;2;2;1.0;0.998;true
Chelidoptera_tenebrosa_1;1037;1035;2;2;1.0;0.998;true
Chelidoptera_tenebrosa_2;1037;1035;2;2;1.0;0.998;true
Chloroceryle_inda_1;1037;1035;2;2;1.0;0.998;true
Chloroceryle_inda_2;1037;1035;2;2;1.0;0.998;true
Chordeiles_pusillus_1;1037;1035;2;2;1.0;0.998;true
Chordeiles_pusillus_2;1037;1035;2;2;1.0;0.998;true
Chroicocephalus_cirrocephalus_1;1037;1035;2;2;1.0;0.998;true
Chroicocephalus_cirrocephalus_2;1037;1035;2;2;1.0;0.998;true
Chunga_burmeisteri_1;1037;1035;2;2;1.0;0.998;true
Chunga_burmeisteri_2;1037;1035;2;2;1.0;0.998;true
Ciconia_nigra_1;1037;1035;2;2;1.0;0.998;true
Ciconia_nigra_2;1037;1035;2;2;1.0;0.998;true
Climacteris_melanura_1;1037;1035;2;2;1.0;0.998;true
Climacteris_melanura_2;1037;1035;2;2;1.0;0.998;true
Coccyzus_melacoryphus_1;1037;1035;2;2;1.0;0.998;true
Coccyzus_melacoryphus_2;1037;1035;2;2;1.0;0.998;true
Colinus_cristatus_1;1037;1035;2;2;1.0;0.998;true
Colinus_cristatus_2;1037;1035;2;2;1.0;0.998;true
Colius_colius_1;1037;1035;2;2;1.0;0.998;true
Colius_colius_2;1037;1035;2;2;1.0;0.998;true
Columba_livia_1;1037;1035;2;2;1.0;0.998;true
Columba_livia_2;1037;1035;2;2;1.0;0.998;true
Columbina_minuta_1;1037;1035;2;2;1.0;0.998;true
Columbina_minuta_2;1037;1035;2;2;1.0;0.998;true
Coracias_cyanogaster_1;1037;1035;2;2;1.0;0.998;true
Coracias_cyanogaster_2;1037;1035;2;2;1.0;0.998;true
Corvus_albus_1;1037;1035;2;2;1.0;0.998;true
Corvus_albus_2;1037;1035;2;2;1.0;0.998;true
Corythaeola_cristata_1;1037;1035;2;2;1.0;0.998;true
Corythaeola_cristata_2;1037;1035;2;2;1.0;0.998;true
Cotinga_cayana_1;1037;1035;2;2;1.0;0.998;true
Cotinga_cayana_2;1037;1035;2;2;1.0;0.998;true
Crax_alector_1;1037;1035;2;2;1.0;0.998;true
Crax_alector_2;1037;1035;2;2;1.0;0.998;true
Crocodylus_porosus_1;1037;1035;2;2;1.0;0.998;true
Crocodylus_porosus_2;1037;1035;2;2;1.0;0.998;true
Cryptopipo_aenigma_1;1037;1035;2;2;1.0;0.998;true
Cryptopipo_aenigma_2;1037;1035;2;2;1.0;0.998;true
Crypturellus_tataupa_1;1038;1035;3;3;1.0;0.997;true
Crypturellus_tataupa_2;1038;1035;3;3;1.0;0.997;true
Cuculus_optatus_1;1037;1035;2;2;1.0;0.998;true
Cuculus_optatus_2;1037;1035;2;2;1.0;0.998;true
Dendrocygna_viduata_1;929;927;2;2;1.0;0.997;true
Dendrocygna_viduata_2;929;927;2;2;1.0;0.997;true
Deroptyus_accipitrinus_1;1037;1035;2;2;1.0;0.998;true
Deroptyus_accipitrinus_2;1037;1035;2;2;1.0;0.998;true
Dromaius_novaehollandiae_1;1038;1035;3;3;1.0;0.997;true
Dromaius_novaehollandiae_2;1038;1035;3;3;1.0;0.997;true
Elaenia_flavogaster_1;1037;1035;2;2;1.0;0.998;true
Elaenia_flavogaster_2;1037;1035;2;2;1.0;0.998;true
Elanus_leucurus_1;1037;1035;2;2;1.0;0.998;true
Elanus_leucurus_2;1037;1035;2;2;1.0;0.998;true
Eudromia_elegans_1;1038;1035;3;3;1.0;0.997;true
Eudromia_elegans_2;1038;1035;3;3;1.0;0.997;true
Eurostopodus_macrotis_1;1037;1035;2;2;1.0;0.998;true
Eurostopodus_macrotis_2;1037;1035;2;2;1.0;0.998;true
Eurylaimus_ochromalus_1;1037;1035;2;2;1.0;0.998;true
Eurylaimus_ochromalus_2;1037;1035;2;2;1.0;0.998;true
Eurypyga_helias_1;870;870;0;0;1.0;1.0;true
Eurypyga_helias_2;870;870;0;0;1.0;1.0;true
Falco_sparverius_1;1037;1035;2;2;1.0;0.998;true
Falco_sparverius_2;1037;1035;2;2;1.0;0.998;true
Fregata_magnificens_1;1037;1035;2;2;1.0;0.998;true
Fregata_magnificens_2;1037;1035;2;2;1.0;0.998;true
Fringilla_coelebs_1;1037;1035;2;2;1.0;0.998;true
Fringilla_coelebs_2;1037;1035;2;2;1.0;0.998;true
Fulmarus_glacialoides_1;1037;1035;2;2;1.0;0.998;true
Fulmarus_glacialoides_2;1037;1035;2;2;1.0;0.998;true
Furnarius_rufus_1;1037;1035;2;2;1.0;0.998;true
Furnarius_rufus_2;1037;1035;2;2;1.0;0.998;true
Galbula_dea_1;1037;1035;2;2;1.0;0.998;true
Galbula_dea_2;1037;1035;2;2;1.0;0.998;true
Gallus_gallus_1;1037;1035;2;2;1.0;0.998;true
Gallus_gallus_2;1037;1035;2;2;1.0;0.998;true
Gavia_immer_1;1037;1035;2;2;1.0;0.998;true
Gavia_immer_2;1037;1035;2;2;1.0;0.998;true
Glareola_nuchalis_1;1038;1036;2;2;1.0;0.998;true
Glareola_nuchalis_2;1038;1036;2;2;1.0;0.998;true
Grus_canadensis_1;1037;1035;2;2;1.0;0.998;true
Grus_canadensis_2;1037;1035;2;2;1.0;0.998;true
Haematopus_palliatus_1;1037;1035;2;2;1.0;0.998;true
Haematopus_palliatus_2;1037;1035;2;2;1.0;0.998;true
Heliornis_fulica_1;1037;1035;2;2;1.0;0.998;true
Heliornis_fulica_2;1037;1035;2;2;1.0;0.998;true
Hemiprocne_comata_1;1037;1035;2;2;1.0;0.998;true
Hemiprocne_comata_2;1037;1035;2;2;1.0;0.998;true
Hirundinea_ferruginea_1;1037;1035;2;2;1.0;0.998;true
Hirundinea_ferruginea_2;1037;1035;2;2;1.0;0.998;true
Hymenops_perspicillatus_1;1037;1035;2;2;1.0;0.998;true
Hymenops_perspicillatus_2;1037;1035;2;2;1.0;0.998;true
Ibycter_americanus_1;1037;1035;2;2;1.0;0.998;true
Ibycter_americanus_2;1037;1035;2;2;1.0;0.998;true
Indicator_exilis_1;1037;1035;2;2;1.0;0.998;true
Indicator_exilis_2;1037;1035;2;2;1.0;0.998;true
Ixobrychus_minutus_1;1037;1035;2;2;1.0;0.998;true
Ixobrychus_minutus_2;1037;1035;2;2;1.0;0.998;true
Jacana_jacana_1;1037;1035;2;2;1.0;0.998;true
Jacana_jacana_2;1037;1035;2;2;1.0;0.998;true
Jynx_torquilla_1;1037;1035;2;2;1.0;0.998;true
Jynx_torquilla_2;1037;1035;2;2;1.0;0.998;true
Leipoa_ocellata_1;1037;1035;2;2;1.0;0.998;true
Leipoa_ocellata_2;1037;1035;2;2;1.0;0.998;true
Lepidocolaptes_angustirostr_1;1037;1035;2;2;1.0;0.998;true
Lepidocolaptes_angustirostr_2;1037;1035;2;2;1.0;0.998;true
Leptoptilos_crumeniferus_1;1037;1035;2;2;1.0;0.998;true
Leptoptilos_crumeniferus_2;1037;1035;2;2;1.0;0.998;true
Leptosomus_discolor_1;1037;1035;2;2;1.0;0.998;true
Leptosomus_discolor_2;1037;1035;2;2;1.0;0.998;true
Leptotila_rufaxilla_1;1037;1035;2;2;1.0;0.998;true
Leptotila_rufaxilla_2;1037;1035;2;2;1.0;0.998;true
Limosa_lapponica_1;1037;1035;2;2;1.0;0.998;true
Limosa_lapponica_2;1037;1035;2;2;1.0;0.998;true
Lophorina_superba_1;1037;1035;2;2;1.0;0.998;true
Lophorina_superba_2;1037;1035;2;2;1.0;0.998;true
Malurus_splendens_1;1038;1035;3;3;1.0;0.997;true
Malurus_splendens_2;1038;1035;3;3;1.0;0.997;true
Megalaima_chrysopogon_1;1037;1035;2;2;1.0;0.998;true
Megalaima_chrysopogon_2;1037;1035;2;2;1.0;0.998;true
Melanopareia_maximilian_1;1037;1035;2;2;1.0;0.998;true
Melanopareia_maximilian_2;1037;1035;2;2;1.0;0.998;true
Menura_novaehollandiae_1;1037;1035;2;2;1.0;0.998;true
Menura_novaehollandiae_2;1037;1035;2;2;1.0;0.998;true
Merops_muelleri_1;1038;1035;3;3;1.0;0.997;true
Merops_muelleri_2;1038;1035;3;3;1.0;0.997;true
Mesitornis_unicolor_1;1037;1035;2;2;1.0;0.998;true
Mesitornis_unicolor_2;1037;1035;2;2;1.0;0.998;true
Micrastur_gilvicollis_1;1037;1035;2;2;1.0;0.998;true
Micrastur_gilvicollis_2;1037;1035;2;2;1.0;0.998;true
Micropygia_schomburgkii_1;1037;1035;2;2;1.0;0.998;true
Micropygia_schomburgkii_2;1037;1035;2;2;1.0;0.998;true
Momotus_lessonii_1;1037;1035;2;2;1.0;0.998;true
Momotus_lessonii_2;1037;1035;2;2;1.0;0.998;true
Monias_benschi_1;1037;1035;2;2;1.0;0.998;true
Monias_benschi_2;1037;1035;2;2;1.0;0.998;true
Morus_serrator_1;1037;1035;2;2;1.0;0.998;true
Morus_serrator_2;1037;1035;2;2;1.0;0.998;true
Myiobius_barbatus_1;1038;1035;3;3;1.0;0.997;true
Myiobius_barbatus_2;1038;1035;3;3;1.0;0.997;true
Myrmornis_torquata_1;1037;1035;2;2;1.0;0.998;true
Myrmornis_torquata_2;1037;1035;2;2;1.0;0.998;true
Myrmothera_campanisona_1;632;630;2;2;1.0;0.996;true
Myrmothera_campanisona_2;632;630;2;2;1.0;0.996;true
Neodrepanis_coruscans_1;1037;1035;2;2;1.0;0.998;true
Neodrepanis_coruscans_2;1037;1035;2;2;1.0;0.998;true
Neopelma_chrysocephalum_1;1037;1035;2;2;1.0;0.998;true
Neopelma_chrysocephalum_2;1037;1035;2;2;1.0;0.998;true
Nestor_meridionalis_1;1037;1035;2;2;1.0;0.998;true
Nestor_meridionalis_2;1037;1035;2;2;1.0;0.998;true
Nothoprocta_ornata_1;1037;1035;2;2;1.0;0.998;true
Nothoprocta_ornata_2;1037;1035;2;2;1.0;0.998;true
Numida_malagris_1;1037;1035;2;2;1.0;0.998;true
Numida_malagris_2;1037;1035;2;2;1.0;0.998;true
Nyctibius_griseus_1;1037;1035;2;2;1.0;0.998;true
Nyctibius_griseus_2;1037;1035;2;2;1.0;0.998;true
Oceanites_oceanicus_1;1037;1035;2;2;1.0;0.998;true
Oceanites_oceanicus_2;1037;1035;2;2;1.0;0.998;true
Oceanodroma_leucorhoa_1;1037;1035;2;2;1.0;0.998;true
Oceanodroma_leucorhoa_2;1037;1035;2;2;1.0;0.998;true
Odontophorus_gujanensis_1;1037;1035;2;2;1.0;0.998;true
Odontophorus_gujanensis_2;1037;1035;2;2;1.0;0.998;true
Opisthocomus_hoazin_1;1037;1035;2;2;1.0;0.998;true
Opisthocomus_hoazin_2;1037;1035;2;2;1.0;0.998;true
Ortalis_motmot_1;1037;1035;2;2;1.0;0.998;true
Ortalis_motmot_2;1037;1035;2;2;1.0;0.998;true
Oxyruncus_cristatus_1;1037;1035;2;2;1.0;0.998;true
Oxyruncus_cristatus_2;1037;1035;2;2;1.0;0.998;true
Oxyura_jamaicensis_1;1037;1035;2;2;1.0;0.998;true
Oxyura_jamaicensis_2;1037;1035;2;2;1.0;0.998;true
Pandion_haliaetus_1;650;648;2;2;1.0;0.996;true
Pandion_haliaetus_2;650;648;2;2;1.0;0.996;true
Pedionomus_torquatus_1;1037;1035;2;2;1.0;0.998;true
Pedionomus_torquatus_2;1037;1035;2;2;1.0;0.998;true
Pelagodroma_marina_1;1037;1035;2;2;1.0;0.998;true
Pelagodroma_marina_2;1037;1035;2;2;1.0;0.998;true
Pelecanoides_urinatrix_1;698;696;2;2;1.0;0.997;true
Pelecanoides_urinatrix_2;698;696;2;2;1.0;0.997;true
Pelecanus_occidentalis_1;1037;1035;2;2;1.0;0.998;true
Pelecanus_occidentalis_2;1037;1035;2;2;1.0;0.998;true
Phaethon_rubricauda_1;1037;1035;2;2;1.0;0.998;true
Phaethon_rubricauda_2;1037;1035;2;2;1.0;0.998;true
Phaethornis_superciliosus_1;1037;1035;2;2;1.0;0.998;true
Phaethornis_superciliosus_2;1037;1035;2;2;1.0;0.998;true
Phalacrocorax_brasili_1;1037;1035;2;2;1.0;0.998;true
Phalacrocorax_brasili_2;1037;1035;2;2;1.0;0.998;true
Phoebastria_nigripes_1;1037;1035;2;2;1.0;0.998;true
Phoebastria_nigripes_2;1037;1035;2;2;1.0;0.998;true
Phoenicopterus_ruber_1;1037;1035;2;2;1.0;0.998;true
Phoenicopterus_ruber_2;1037;1035;2;2;1.0;0.998;true
Phoeniculus_purpureus_1;975;972;3;3;1.0;0.996;true
Phoeniculus_purpureus_2;975;972;3;3;1.0;0.996;true
Picus_canus_1;1037;1035;2;2;1.0;0.998;true
Picus_canus_2;1037;1035;2;2;1.0;0.998;true
Pipra_erythrocephala_1;1037;1035;2;2;1.0;0.998;true
Pipra_erythrocephala_2;1037;1035;2;2;1.0;0.998;true
Piprites_chloris_1;1037;1035;2;2;1.0;0.998;true
Piprites_chloris_2;1037;1035;2;2;1.0;0.998;true
Pitta_angolensis_1;1037;1035;2;2;1.0;0.998;true
Pitta_angolensis_2;1037;1035;2;2;1.0;0.998;true
Podargus_strigoides_1;1037;1035;2;2;1.0;0.998;true
Podargus_strigoides_2;1037;1035;2;2;1.0;0.998;true
Poecile_lugubris_1;458;456;2;2;1.0;0.995;true
Poecile_lugubris_2;458;456;2;2;1.0;0.995;true
Porphyrio_porphyrio_1;1037;1035;2;2;1.0;0.998;true
Porphyrio_porphyrio_2;1037;1035;2;2;1.0;0.998;true
Probosciger_aterrimus_1;656;654;2;2;1.0;0.996;true
Probosciger_aterrimus_2;656;654;2;2;1.0;0.996;true
Psittacus_erithacus_1;1037;1035;2;2;1.0;0.998;true
Psittacus_erithacus_2;1037;1035;2;2;1.0;0.998;true
Psittrichas_fulgidus_1;1037;1035;2;2;1.0;0.998;true
Psittrichas_fulgidus_2;1037;1035;2;2;1.0;0.998;true
Psophia_crepitans_1;1037;1035;2;2;1.0;0.998;true
Psophia_crepitans_2;1037;1035;2;2;1.0;0.998;true
Pterocles_bicinctus_1;1037;1035;2;2;1.0;0.998;true
Pterocles_bicinctus_2;1037;1035;2;2;1.0;0.998;true
Pterodroma_externa_1;1037;1035;2;2;1.0;0.998;true
Pterodroma_externa_2;1037;1035;2;2;1.0;0.998;true
Ptilinopus_magnificus_1;1037;1035;2;2;1.0;0.998;true
Ptilinopus_magnificus_2;1037;1035;2;2;1.0;0.998;true
Ptilonorhynchus_violaceus_1;1037;1035;2;2;1.0;0.998;true
Ptilonorhynchus_violaceus_2;1037;1035;2;2;1.0;0.998;true
Puffinus_griseus_1;1037;1035;2;2;1.0;0.998;true
Puffinus_griseus_2;1037;1035;2;2;1.0;0.998;true
Pycnonotus_macrotis_1;1037;1035;2;2;1.0;0.998;true
Pycnonotus_macrotis_2;1037;1035;2;2;1.0;0.998;true
Rallus_longirostris_1;647;645;2;2;1.0;0.996;true
Rallus_longirostris_2;647;645;2;2;1.0;0.996;true
Ramphastos_ambiguus_1;1037;1035;2;2;1.0;0.998;true
Ramphastos_ambiguus_2;1037;1035;2;2;1.0;0.998;true
Recurvirostra_americana_1;1037;1035;2;2;1.0;0.998;true
Recurvirostra_americana_2;1037;1035;2;2;1.0;0.998;true
Regulus_ignicapilla_1;1037;1035;2;2;1.0;0.998;true
Regulus_ignicapilla_2;1037;1035;2;2;1.0;0.998;true
Rhea_americana_1;1038;1035;3;3;1.0;0.997;true
Rhea_americana_2;1038;1035;3;3;1.0;0.997;true
Rhynchocyclus_olivaceus_1;1037;1035;2;2;1.0;0.998;true
Rhynchocyclus_olivaceus_2;1037;1035;2;2;1.0;0.998;true
Rollandia_rolland_1;1037;1035;2;2;1.0;0.998;true
Rollandia_rolland_2;1037;1035;2;2;1.0;0.998;true
Rollulus_rouloul_1;431;429;2;2;1.0;0.995;true
Rollulus_rouloul_2;431;429;2;2;1.0;0.995;true
Rostratula_benghalensis_1;1037;1035;2;2;1.0;0.998;true
Rostratula_benghalensis_2;1037;1035;2;2;1.0;0.998;true
Rupicola_rupicola_1;1037;1035;2;2;1.0;0.998;true
Rupicola_rupicola_2;1037;1035;2;2;1.0;0.998;true
Rynchops_niger_1;1037;1035;2;2;1.0;0.998;true
Rynchops_niger_2;1037;1035;2;2;1.0;0.998;true
Sagittarius_serpentarius_1;1037;1035;2;2;1.0;0.998;true
Sagittarius_serpentarius_2;1037;1035;2;2;1.0;0.998;true
Sarothrura_rufa_1;1037;1035;2;2;1.0;0.998;true
Sarothrura_rufa_2;1037;1035;2;2;1.0;0.998;true
Schiffornis_turdina_1;908;906;2;2;1.0;0.997;true
Schiffornis_turdina_2;908;906;2;2;1.0;0.997;true
Sclerurus_mexicanus_1;1037;1035;2;2;1.0;0.998;true
Sclerurus_mexicanus_2;1037;1035;2;2;1.0;0.998;true
Scopus_umbretta_1;935;933;2;2;1.0;0.997;true
Scopus_umbretta_2;935;933;2;2;1.0;0.997;true
Sericulus_bakeri_1;1037;1035;2;2;1.0;0.998;true
Sericulus_bakeri_2;1037;1035;2;2;1.0;0.998;true
Smithornis_rufolateralis_1;1037;1035;2;2;1.0;0.998;true
Smithornis_rufolateralis_2;1037;1035;2;2;1.0;0.998;true
Spheniscus_humboldti_1;636;636;0;0;1.0;1.0;true
Spheniscus_humboldti_2;636;636;0;0;1.0;1.0;true
Spizella_arborea_1;666;666;0;0;1.0;1.0;true
Spizella_arborea_2;666;666;0;0;1.0;1.0;true
Sterna_hirundo_1;1037;1035;2;2;1.0;0.998;true
Sterna_hirundo_2;1037;1035;2;2;1.0;0.998;true
Streptoprocne_zonaris_1;1037;1035;2;2;1.0;0.998;true
Streptoprocne_zonaris_2;1037;1035;2;2;1.0;0.998;true
Strix_varia_1;1037;1035;2;2;1.0;0.998;true
Strix_varia_2;1037;1035;2;2;1.0;0.998;true
Struthio_camelus_1;1038;1035;3;3;1.0;0.997;true
Struthio_camelus_2;1038;1035;3;3;1.0;0.997;true
Sylvia_melanocephala_1;1037;1035;2;2;1.0;0.998;true
Sylvia_melanocephala_2;1037;1035;2;2;1.0;0.998;true
Syrrhaptes_paradoxus_1;1037;1035;2;2;1.0;0.998;true
Syrrhaptes_paradoxus_2;1037;1035;2;2;1.0;0.998;true
Tapera_naevia_1;1037;1035;2;2;1.0;0.998;true
Tapera_naevia_2;1037;1035;2;2;1.0;0.998;true
Tauraco_macrorhynchus_1;1037;1035;2;2;1.0;0.998;true
Tauraco_macrorhynchus_2;1037;1035;2;2;1.0;0.998;true
Terenura_callinota_1;1037;1035;2;2;1.0;0.998;true
Terenura_callinota_2;1037;1035;2;2;1.0;0.998;true
Thamnophilus_ruficapillu_1;971;969;2;2;1.0;0.997;true
Thamnophilus_ruficapillu_2;971;969;2;2;1.0;0.997;true
Theristicus_caerulescens_1;1037;1035;2;2;1.0;0.998;true
Theristicus_caerulescens_2;1037;1035;2;2;1.0;0.998;true
Tigrisoma_lineatum_1;720;720;0;0;1.0;1.0;true
Tigrisoma_lineatum_2;720;720;0;0;1.0;1.0;true
Tinamus_major_1;1038;1035;3;3;1.0;0.997;true
Tinamus_major_2;1038;1035;3;3;1.0;0.997;true
Tityra_cayana_1;1037;1035;2;2;1.0;0.998;true
Tityra_cayana_2;1037;1035;2;2;1.0;0.998;true
Tockus_camurus_1;1037;1035;2;2;1.0;0.998;true
Tockus_camurus_2;1037;1035;2;2;1.0;0.998;true
Todus_mexicanus_1;1037;1035;2;2;1.0;0.998;true
Todus_mexicanus_2;1037;1035;2;2;1.0;0.998;true
Topaza_pella_1;1037;1035;2;2;1.0;0.998;true
Topaza_pella_2;1037;1035;2;2;1.0;0.998;true
Treron_calvus_1;1037;1035;2;2;1.0;0.998;true
Treron_calvus_2;1037;1035;2;2;1.0;0.998;true
Tringa_solitaria_1;1037;1035;2;2;1.0;0.998;true
Tringa_solitaria_2;1037;1035;2;2;1.0;0.998;true
Trogon_elegans_1;1037;1035;2;2;1.0;0.998;true
Trogon_elegans_2;1037;1035;2;2;1.0;0.998;true
Turdus_olivater_1;1037;1035;2;2;1.0;0.998;true
Turdus_olivater_2;1037;1035;2;2;1.0;0.998;true
Turnix_ocellata_1;1037;1035;2;2;1.0;0.998;true
Turnix_ocellata_2;1037;1035;2;2;1.0;0.998;true
Tyrannus_albogularis_1;1037;1035;2;2;1.0;0.998;true
Tyrannus_albogularis_2;1037;1035;2;2;1.0;0.998;true
Tyto_alba_1;635;633;2;2;1.0;0.996;true
Tyto_alba_2;635;633;2;2;1.0;0.996;true
Upupa_epops_1;1037;1035;2;2;1.0;0.998;true
Upupa_epops_2;1037;1035;2;2;1.0;0.998;true
Uria_aalge_1;1037;1035;2;2;1.0;0.998;true
Uria_aalge_2;1037;1035;2;2;1.0;0.998;true
Urocolius_indicus_1;1037;1035;2;2;1.0;0.998;true
Urocolius_indicus_2;1037;1035;2;2;1.0;0.998;true
Vultur_gryphus_1;699;696;3;3;1.0;0.995;true
Vultur_gryphus_2;699;696;3;3;1.0;0.995;true
