seqName;initialSeqLength;nbKeep;nbTrim;nbInformativeTrim;percentHomologExcludingExtremities;percentHomologIncludingExtremities;keptSequences
Acanthisitta_chloris_1;687;687;0;0;1.0;1.0;true
Acanthisitta_chloris_2;687;687;0;0;1.0;1.0;true
Accipiter_superciliosus_1;549;549;0;0;1.0;1.0;true
Accipiter_superciliosus_2;549;549;0;0;1.0;1.0;true
Aegotheles_insignis_1;657;657;0;0;1.0;1.0;true
Aegotheles_insignis_2;657;657;0;0;1.0;1.0;true
Alcedo_quadribrachys_1;576;576;0;0;1.0;1.0;true
Alcedo_quadribrachys_2;576;576;0;0;1.0;1.0;true
Anas_superciliosa_1;567;567;0;0;1.0;1.0;true
Anas_superciliosa_2;567;567;0;0;1.0;1.0;true
Anhinga_anhinga_1;894;894;0;0;1.0;1.0;true
Anhinga_anhinga_2;894;894;0;0;1.0;1.0;true
Anser_canagicus_1;537;537;0;0;1.0;1.0;true
Anser_canagicus_2;537;537;0;0;1.0;1.0;true
Anseranas_semipalmata_1;765;765;0;0;1.0;1.0;true
Anseranas_semipalmata_2;765;765;0;0;1.0;1.0;true
Apaloderma_aequatoriale_1;552;552;0;0;1.0;1.0;true
Apaloderma_aequatoriale_2;552;552;0;0;1.0;1.0;true
Apteryx_sp._1;549;549;0;0;1.0;1.0;true
Apteryx_sp._2;549;549;0;0;1.0;1.0;true
Aramus_guarauna_1;819;819;0;0;1.0;1.0;true
Aramus_guarauna_2;819;819;0;0;1.0;1.0;true
Archilochus_colubris_1;648;648;0;0;1.0;1.0;true
Archilochus_colubris_2;648;648;0;0;1.0;1.0;true
Ardea_herodias_1;810;810;0;0;1.0;1.0;true
Ardea_herodias_2;810;810;0;0;1.0;1.0;true
Ardeotis_kori_1;642;642;0;0;1.0;1.0;true
Ardeotis_kori_2;642;642;0;0;1.0;1.0;true
Arenaria_interpres_1;669;669;0;0;1.0;1.0;true
Arenaria_interpres_2;669;669;0;0;1.0;1.0;true
Atelornis_pittoides_1;732;732;0;0;1.0;1.0;true
Atelornis_pittoides_2;732;732;0;0;1.0;1.0;true
Aythya_valisineria_1;555;555;0;0;1.0;1.0;true
Aythya_valisineria_2;555;555;0;0;1.0;1.0;true
Balaeniceps_rex_1;714;714;0;0;1.0;1.0;true
Balaeniceps_rex_2;714;714;0;0;1.0;1.0;true
Balearica_regulorum_1;681;681;0;0;1.0;1.0;true
Balearica_regulorum_2;681;681;0;0;1.0;1.0;true
Barnardius_zonarius_1;804;804;0;0;1.0;1.0;true
Barnardius_zonarius_2;804;804;0;0;1.0;1.0;true
Bonasa_umbellus_1;708;708;0;0;1.0;1.0;true
Bonasa_umbellus_2;708;708;0;0;1.0;1.0;true
Buccanodon_duchaillui_1;708;708;0;0;1.0;1.0;true
Buccanodon_duchaillui_2;708;708;0;0;1.0;1.0;true
Bucco_capensis_1;678;678;0;0;1.0;1.0;true
Bucco_capensis_2;678;678;0;0;1.0;1.0;true
Bucorvus_leadbeateri_1;522;522;0;0;1.0;1.0;true
Bucorvus_leadbeateri_2;522;522;0;0;1.0;1.0;true
Burhinus_oedicnemus_1;654;654;0;0;1.0;1.0;true
Burhinus_oedicnemus_2;654;654;0;0;1.0;1.0;true
Buteo_jamaicensis_1;699;699;0;0;1.0;1.0;true
Buteo_jamaicensis_2;699;699;0;0;1.0;1.0;true
Caiman_croccodilus_1;519;519;0;0;1.0;1.0;true
Caiman_croccodilus_2;519;519;0;0;1.0;1.0;true
Calandrella_brachydactyla_1;438;438;0;0;1.0;1.0;true
Calandrella_brachydactyla_2;438;438;0;0;1.0;1.0;true
Calyptomena_viridis_1;609;609;0;0;1.0;1.0;true
Calyptomena_viridis_2;609;609;0;0;1.0;1.0;true
Capito_niger_1;147;147;0;0;1.0;1.0;true
Capito_niger_2;147;147;0;0;1.0;1.0;true
Caprimulgus_europaeus_1;678;678;0;0;1.0;1.0;true
Caprimulgus_europaeus_2;678;678;0;0;1.0;1.0;true
Caracara_cheriway_1;561;561;0;0;1.0;1.0;true
Caracara_cheriway_2;561;561;0;0;1.0;1.0;true
Cariama_cristata_1;582;582;0;0;1.0;1.0;true
Cariama_cristata_2;582;582;0;0;1.0;1.0;true
Casuarius_bennetti_1;882;882;0;0;1.0;1.0;true
Casuarius_bennetti_2;882;882;0;0;1.0;1.0;true
Cathartes_burrovianus_1;438;438;0;0;1.0;1.0;true
Cathartes_burrovianus_2;438;438;0;0;1.0;1.0;true
Centropus_bengalensis_1;624;624;0;0;1.0;1.0;true
Centropus_bengalensis_2;624;624;0;0;1.0;1.0;true
Chaetura_brachyura_1;668;668;0;0;1.0;1.0;true
Chaetura_brachyura_2;668;668;0;0;1.0;1.0;true
Charadrius_hiaticula_1;426;426;0;0;1.0;1.0;true
Charadrius_hiaticula_2;426;426;0;0;1.0;1.0;true
Chauna_torquata_1;873;873;0;0;1.0;1.0;true
Chauna_torquata_2;873;873;0;0;1.0;1.0;true
Chelidoptera_tenebrosa_1;694;694;0;0;1.0;1.0;true
Chelidoptera_tenebrosa_2;694;694;0;0;1.0;1.0;true
Chloroceryle_inda_1;582;582;0;0;1.0;1.0;true
Chloroceryle_inda_2;582;582;0;0;1.0;1.0;true
Chordeiles_pusillus_1;552;552;0;0;1.0;1.0;true
Chordeiles_pusillus_2;552;552;0;0;1.0;1.0;true
Chroicocephalus_cirrocephalus_1;588;588;0;0;1.0;1.0;true
Chroicocephalus_cirrocephalus_2;588;588;0;0;1.0;1.0;true
Chunga_burmeisteri_1;741;741;0;0;1.0;1.0;true
Chunga_burmeisteri_2;741;741;0;0;1.0;1.0;true
Ciconia_nigra_1;579;579;0;0;1.0;1.0;true
Ciconia_nigra_2;579;579;0;0;1.0;1.0;true
Climacteris_melanura_1;723;723;0;0;1.0;1.0;true
Climacteris_melanura_2;723;723;0;0;1.0;1.0;true
Coccyzus_melacoryphus_1;597;597;0;0;1.0;1.0;true
Coccyzus_melacoryphus_2;597;597;0;0;1.0;1.0;true
Colinus_cristatus_1;567;567;0;0;1.0;1.0;true
Colinus_cristatus_2;567;567;0;0;1.0;1.0;true
Colius_colius_1;537;537;0;0;1.0;1.0;true
Colius_colius_2;537;537;0;0;1.0;1.0;true
Columba_livia_1;735;735;0;0;1.0;1.0;true
Columba_livia_2;735;735;0;0;1.0;1.0;true
Columbina_minuta_1;453;453;0;0;1.0;1.0;true
Columbina_minuta_2;453;453;0;0;1.0;1.0;true
Coracias_cyanogaster_1;774;774;0;0;1.0;1.0;true
Coracias_cyanogaster_2;774;774;0;0;1.0;1.0;true
Corvus_albus_1;354;354;0;0;1.0;1.0;true
Corvus_albus_2;354;354;0;0;1.0;1.0;true
Corythaeola_cristata_1;627;627;0;0;1.0;1.0;true
Corythaeola_cristata_2;627;627;0;0;1.0;1.0;true
Cotinga_cayana_1;666;666;0;0;1.0;1.0;true
Cotinga_cayana_2;666;666;0;0;1.0;1.0;true
Crax_alector_1;588;588;0;0;1.0;1.0;true
Crax_alector_2;588;588;0;0;1.0;1.0;true
Crocodylus_porosus_1;381;381;0;0;1.0;1.0;true
Crocodylus_porosus_2;381;381;0;0;1.0;1.0;true
Cryptopipo_aenigma_1;756;702;54;54;1.0;0.928;true
Cryptopipo_aenigma_2;756;702;54;54;1.0;0.928;true
Crypturellus_tataupa_1;273;273;0;0;1.0;1.0;true
Crypturellus_tataupa_2;273;273;0;0;1.0;1.0;true
Cuculus_optatus_1;705;705;0;0;1.0;1.0;true
Cuculus_optatus_2;705;705;0;0;1.0;1.0;true
Dendrocygna_viduata_1;363;363;0;0;1.0;1.0;true
Dendrocygna_viduata_2;363;363;0;0;1.0;1.0;true
Deroptyus_accipitrinus_1;483;483;0;0;1.0;1.0;true
Deroptyus_accipitrinus_2;483;483;0;0;1.0;1.0;true
Dromaius_novaehollandiae_1;657;657;0;0;1.0;1.0;true
Dromaius_novaehollandiae_2;657;657;0;0;1.0;1.0;true
Elaenia_flavogaster_1;573;573;0;0;1.0;1.0;true
Elaenia_flavogaster_2;573;573;0;0;1.0;1.0;true
Elanus_leucurus_1;675;675;0;0;1.0;1.0;true
Elanus_leucurus_2;675;675;0;0;1.0;1.0;true
Eudromia_elegans_1;375;375;0;0;1.0;1.0;true
Eudromia_elegans_2;375;375;0;0;1.0;1.0;true
Eurostopodus_macrotis_1;651;651;0;0;1.0;1.0;true
Eurostopodus_macrotis_2;651;651;0;0;1.0;1.0;true
Eurylaimus_ochromalus_1;573;573;0;0;1.0;1.0;true
Eurylaimus_ochromalus_2;573;573;0;0;1.0;1.0;true
Eurypyga_helias_1;435;435;0;0;1.0;1.0;true
Eurypyga_helias_2;435;435;0;0;1.0;1.0;true
Falco_sparverius_1;768;768;0;0;1.0;1.0;true
Falco_sparverius_2;768;768;0;0;1.0;1.0;true
Fregata_magnificens_1;495;495;0;0;1.0;1.0;true
Fregata_magnificens_2;495;495;0;0;1.0;1.0;true
Fringilla_coelebs_1;504;504;0;0;1.0;1.0;true
Fringilla_coelebs_2;504;504;0;0;1.0;1.0;true
Fulmarus_glacialoides_1;558;558;0;0;1.0;1.0;true
Fulmarus_glacialoides_2;558;558;0;0;1.0;1.0;true
Furnarius_rufus_1;519;519;0;0;1.0;1.0;true
Furnarius_rufus_2;519;519;0;0;1.0;1.0;true
Galbula_dea_1;750;750;0;0;1.0;1.0;true
Galbula_dea_2;750;750;0;0;1.0;1.0;true
Gallus_gallus_1;912;912;0;0;1.0;1.0;true
Gallus_gallus_2;912;912;0;0;1.0;1.0;true
Gavia_immer_1;504;504;0;0;1.0;1.0;true
Gavia_immer_2;504;504;0;0;1.0;1.0;true
Glareola_nuchalis_1;495;495;0;0;1.0;1.0;true
Glareola_nuchalis_2;495;495;0;0;1.0;1.0;true
Grus_canadensis_1;615;615;0;0;1.0;1.0;true
Grus_canadensis_2;615;615;0;0;1.0;1.0;true
Haematopus_palliatus_1;666;666;0;0;1.0;1.0;true
Haematopus_palliatus_2;666;666;0;0;1.0;1.0;true
Heliornis_fulica_1;741;741;0;0;1.0;1.0;true
Heliornis_fulica_2;741;741;0;0;1.0;1.0;true
Hemiprocne_comata_1;624;624;0;0;1.0;1.0;true
Hemiprocne_comata_2;624;624;0;0;1.0;1.0;true
Hirundinea_ferruginea_1;615;615;0;0;1.0;1.0;true
Hirundinea_ferruginea_2;615;615;0;0;1.0;1.0;true
Hymenops_perspicillatus_1;585;585;0;0;1.0;1.0;true
Hymenops_perspicillatus_2;585;585;0;0;1.0;1.0;true
Ibycter_americanus_1;555;555;0;0;1.0;1.0;true
Ibycter_americanus_2;555;555;0;0;1.0;1.0;true
Indicator_exilis_1;657;657;0;0;1.0;1.0;true
Indicator_exilis_2;657;657;0;0;1.0;1.0;true
Ixobrychus_minutus_1;750;750;0;0;1.0;1.0;true
Ixobrychus_minutus_2;750;750;0;0;1.0;1.0;true
Jacana_jacana_1;642;642;0;0;1.0;1.0;true
Jacana_jacana_2;642;642;0;0;1.0;1.0;true
Jynx_torquilla_1;390;390;0;0;1.0;1.0;true
Jynx_torquilla_2;390;390;0;0;1.0;1.0;true
Leipoa_ocellata_1;651;651;0;0;1.0;1.0;true
Leipoa_ocellata_2;651;651;0;0;1.0;1.0;true
Lepidocolaptes_angustirostr_1;474;474;0;0;1.0;1.0;true
Lepidocolaptes_angustirostr_2;474;474;0;0;1.0;1.0;true
Leptoptilos_crumeniferus_1;444;444;0;0;1.0;1.0;true
Leptoptilos_crumeniferus_2;444;444;0;0;1.0;1.0;true
Leptosomus_discolor_1;408;408;0;0;1.0;1.0;true
Leptosomus_discolor_2;408;408;0;0;1.0;1.0;true
Leptotila_rufaxilla_1;375;375;0;0;1.0;1.0;true
Leptotila_rufaxilla_2;375;375;0;0;1.0;1.0;true
Limosa_lapponica_1;819;819;0;0;1.0;1.0;true
Limosa_lapponica_2;819;819;0;0;1.0;1.0;true
Lophorina_superba_1;237;237;0;0;1.0;1.0;true
Lophorina_superba_2;237;237;0;0;1.0;1.0;true
Malurus_splendens_1;372;372;0;0;1.0;1.0;true
Malurus_splendens_2;372;372;0;0;1.0;1.0;true
Megalaima_chrysopogon_1;510;510;0;0;1.0;1.0;true
Megalaima_chrysopogon_2;510;510;0;0;1.0;1.0;true
Melanopareia_maximilian_1;654;654;0;0;1.0;1.0;true
Melanopareia_maximilian_2;654;654;0;0;1.0;1.0;true
Menura_novaehollandiae_1;246;246;0;0;1.0;1.0;true
Menura_novaehollandiae_2;246;246;0;0;1.0;1.0;true
Merops_muelleri_1;468;468;0;0;1.0;1.0;true
Merops_muelleri_2;468;468;0;0;1.0;1.0;true
Mesitornis_unicolor_1;342;342;0;0;1.0;1.0;true
Mesitornis_unicolor_2;342;342;0;0;1.0;1.0;true
Micrastur_gilvicollis_1;585;585;0;0;1.0;1.0;true
Micrastur_gilvicollis_2;585;585;0;0;1.0;1.0;true
Micropygia_schomburgkii_1;657;657;0;0;1.0;1.0;true
Micropygia_schomburgkii_2;657;657;0;0;1.0;1.0;true
Momotus_lessonii_1;585;585;0;0;1.0;1.0;true
Momotus_lessonii_2;585;585;0;0;1.0;1.0;true
Monias_benschi_1;657;657;0;0;1.0;1.0;true
Monias_benschi_2;657;657;0;0;1.0;1.0;true
Morus_serrator_1;636;636;0;0;1.0;1.0;true
Morus_serrator_2;636;636;0;0;1.0;1.0;true
Myiobius_barbatus_1;429;429;0;0;1.0;1.0;true
Myiobius_barbatus_2;429;429;0;0;1.0;1.0;true
Myrmornis_torquata_1;672;672;0;0;1.0;1.0;true
Myrmornis_torquata_2;672;672;0;0;1.0;1.0;true
Myrmothera_campanisona_1;444;444;0;0;1.0;1.0;true
Myrmothera_campanisona_2;444;444;0;0;1.0;1.0;true
Neodrepanis_coruscans_1;636;636;0;0;1.0;1.0;true
Neodrepanis_coruscans_2;636;636;0;0;1.0;1.0;true
Neopelma_chrysocephalum_1;678;678;0;0;1.0;1.0;true
Neopelma_chrysocephalum_2;678;678;0;0;1.0;1.0;true
Nestor_meridionalis_1;465;465;0;0;1.0;1.0;true
Nestor_meridionalis_2;465;465;0;0;1.0;1.0;true
Nothoprocta_ornata_1;510;510;0;0;1.0;1.0;true
Nothoprocta_ornata_2;510;510;0;0;1.0;1.0;true
Numida_malagris_1;678;678;0;0;1.0;1.0;true
Numida_malagris_2;678;678;0;0;1.0;1.0;true
Nyctibius_griseus_1;798;798;0;0;1.0;1.0;true
Nyctibius_griseus_2;798;798;0;0;1.0;1.0;true
Oceanites_oceanicus_1;822;822;0;0;1.0;1.0;true
Oceanites_oceanicus_2;822;822;0;0;1.0;1.0;true
Oceanodroma_leucorhoa_1;582;582;0;0;1.0;1.0;true
Oceanodroma_leucorhoa_2;582;582;0;0;1.0;1.0;true
Odontophorus_gujanensis_1;705;705;0;0;1.0;1.0;true
Odontophorus_gujanensis_2;705;705;0;0;1.0;1.0;true
Opisthocomus_hoazin_1;705;705;0;0;1.0;1.0;true
Opisthocomus_hoazin_2;705;705;0;0;1.0;1.0;true
Ortalis_motmot_1;561;561;0;0;1.0;1.0;true
Ortalis_motmot_2;561;561;0;0;1.0;1.0;true
Oxyruncus_cristatus_1;570;570;0;0;1.0;1.0;true
Oxyruncus_cristatus_2;570;570;0;0;1.0;1.0;true
Oxyura_jamaicensis_1;708;708;0;0;1.0;1.0;true
Oxyura_jamaicensis_2;708;708;0;0;1.0;1.0;true
Pandion_haliaetus_1;501;501;0;0;1.0;1.0;true
Pandion_haliaetus_2;501;501;0;0;1.0;1.0;true
Pedionomus_torquatus_1;873;873;0;0;1.0;1.0;true
Pedionomus_torquatus_2;873;873;0;0;1.0;1.0;true
Pelagodroma_marina_1;687;687;0;0;1.0;1.0;true
Pelagodroma_marina_2;687;687;0;0;1.0;1.0;true
Pelecanoides_urinatrix_1;528;528;0;0;1.0;1.0;true
Pelecanoides_urinatrix_2;528;528;0;0;1.0;1.0;true
Pelecanus_occidentalis_1;492;492;0;0;1.0;1.0;true
Pelecanus_occidentalis_2;492;492;0;0;1.0;1.0;true
Phaethon_rubricauda_1;705;705;0;0;1.0;1.0;true
Phaethon_rubricauda_2;705;705;0;0;1.0;1.0;true
Phaethornis_superciliosus_1;591;591;0;0;1.0;1.0;true
Phaethornis_superciliosus_2;591;591;0;0;1.0;1.0;true
Phalacrocorax_brasili_1;558;558;0;0;1.0;1.0;true
Phalacrocorax_brasili_2;558;558;0;0;1.0;1.0;true
Phoebastria_nigripes_1;897;897;0;0;1.0;1.0;true
Phoebastria_nigripes_2;897;897;0;0;1.0;1.0;true
Phoenicopterus_ruber_1;573;573;0;0;1.0;1.0;true
Phoenicopterus_ruber_2;573;573;0;0;1.0;1.0;true
Phoeniculus_purpureus_1;444;444;0;0;1.0;1.0;true
Phoeniculus_purpureus_2;444;444;0;0;1.0;1.0;true
Picus_canus_1;555;555;0;0;1.0;1.0;true
Picus_canus_2;555;555;0;0;1.0;1.0;true
Pipra_erythrocephala_1;777;777;0;0;1.0;1.0;true
Pipra_erythrocephala_2;777;777;0;0;1.0;1.0;true
Piprites_chloris_1;591;591;0;0;1.0;1.0;true
Piprites_chloris_2;591;591;0;0;1.0;1.0;true
Pitta_angolensis_1;573;573;0;0;1.0;1.0;true
Pitta_angolensis_2;573;573;0;0;1.0;1.0;true
Podargus_strigoides_1;661;661;0;0;1.0;1.0;true
Podargus_strigoides_2;661;661;0;0;1.0;1.0;true
Poecile_lugubris_1;321;321;0;0;1.0;1.0;true
Poecile_lugubris_2;321;321;0;0;1.0;1.0;true
Porphyrio_porphyrio_1;831;831;0;0;1.0;1.0;true
Porphyrio_porphyrio_2;831;831;0;0;1.0;1.0;true
Probosciger_aterrimus_1;297;297;0;0;1.0;1.0;true
Probosciger_aterrimus_2;297;297;0;0;1.0;1.0;true
Psittacus_erithacus_1;684;684;0;0;1.0;1.0;true
Psittacus_erithacus_2;684;684;0;0;1.0;1.0;true
Psittrichas_fulgidus_1;648;648;0;0;1.0;1.0;true
Psittrichas_fulgidus_2;648;648;0;0;1.0;1.0;true
Psophia_crepitans_1;702;702;0;0;1.0;1.0;true
Psophia_crepitans_2;702;702;0;0;1.0;1.0;true
Pterocles_bicinctus_1;753;753;0;0;1.0;1.0;true
Pterocles_bicinctus_2;753;753;0;0;1.0;1.0;true
Pterodroma_externa_1;567;567;0;0;1.0;1.0;true
Pterodroma_externa_2;567;567;0;0;1.0;1.0;true
Ptilinopus_magnificus_1;655;655;0;0;1.0;1.0;true
Ptilinopus_magnificus_2;655;655;0;0;1.0;1.0;true
Ptilonorhynchus_violaceus_1;552;552;0;0;1.0;1.0;true
Ptilonorhynchus_violaceus_2;552;552;0;0;1.0;1.0;true
Puffinus_griseus_1;894;894;0;0;1.0;1.0;true
Puffinus_griseus_2;894;894;0;0;1.0;1.0;true
Pycnonotus_macrotis_1;519;519;0;0;1.0;1.0;true
Pycnonotus_macrotis_2;519;519;0;0;1.0;1.0;true
Rallus_longirostris_1;441;441;0;0;1.0;1.0;true
Rallus_longirostris_2;441;441;0;0;1.0;1.0;true
Ramphastos_ambiguus_1;681;681;0;0;1.0;1.0;true
Ramphastos_ambiguus_2;681;681;0;0;1.0;1.0;true
Recurvirostra_americana_1;585;585;0;0;1.0;1.0;true
Recurvirostra_americana_2;585;585;0;0;1.0;1.0;true
Regulus_ignicapilla_1;507;507;0;0;1.0;1.0;true
Regulus_ignicapilla_2;507;507;0;0;1.0;1.0;true
Rhea_americana_1;657;657;0;0;1.0;1.0;true
Rhea_americana_2;657;657;0;0;1.0;1.0;true
Rhynchocyclus_olivaceus_1;624;624;0;0;1.0;1.0;true
Rhynchocyclus_olivaceus_2;624;624;0;0;1.0;1.0;true
Rollandia_rolland_1;726;726;0;0;1.0;1.0;true
Rollandia_rolland_2;726;726;0;0;1.0;1.0;true
Rollulus_rouloul_1;891;891;0;0;1.0;1.0;true
Rollulus_rouloul_2;891;891;0;0;1.0;1.0;true
Rostratula_benghalensis_1;423;423;0;0;1.0;1.0;true
Rostratula_benghalensis_2;423;423;0;0;1.0;1.0;true
Rupicola_rupicola_1;477;477;0;0;1.0;1.0;true
Rupicola_rupicola_2;477;477;0;0;1.0;1.0;true
Rynchops_niger_1;660;660;0;0;1.0;1.0;true
Rynchops_niger_2;660;660;0;0;1.0;1.0;true
Sagittarius_serpentarius_1;684;684;0;0;1.0;1.0;true
Sagittarius_serpentarius_2;684;684;0;0;1.0;1.0;true
Sarothrura_rufa_1;342;342;0;0;1.0;1.0;true
Sarothrura_rufa_2;342;342;0;0;1.0;1.0;true
Schiffornis_turdina_1;582;582;0;0;1.0;1.0;true
Schiffornis_turdina_2;582;582;0;0;1.0;1.0;true
Sclerurus_mexicanus_1;831;831;0;0;1.0;1.0;true
Sclerurus_mexicanus_2;831;831;0;0;1.0;1.0;true
Scopus_umbretta_1;633;633;0;0;1.0;1.0;true
Scopus_umbretta_2;633;633;0;0;1.0;1.0;true
Sericulus_bakeri_1;1212;1212;0;0;1.0;1.0;true
Sericulus_bakeri_2;1212;1212;0;0;1.0;1.0;true
Smithornis_rufolateralis_1;561;561;0;0;1.0;1.0;true
Smithornis_rufolateralis_2;561;561;0;0;1.0;1.0;true
Spheniscus_humboldti_1;507;507;0;0;1.0;1.0;true
Spheniscus_humboldti_2;507;507;0;0;1.0;1.0;true
Spizella_arborea_1;468;468;0;0;1.0;1.0;true
Spizella_arborea_2;468;468;0;0;1.0;1.0;true
Sterna_hirundo_1;621;621;0;0;1.0;1.0;true
Sterna_hirundo_2;621;621;0;0;1.0;1.0;true
Streptoprocne_zonaris_1;588;588;0;0;1.0;1.0;true
Streptoprocne_zonaris_2;588;588;0;0;1.0;1.0;true
Struthio_camelus_1;651;651;0;0;1.0;1.0;true
Struthio_camelus_2;651;651;0;0;1.0;1.0;true
Syrrhaptes_paradoxus_1;579;579;0;0;1.0;1.0;true
Syrrhaptes_paradoxus_2;579;579;0;0;1.0;1.0;true
Tapera_naevia_1;648;648;0;0;1.0;1.0;true
Tapera_naevia_2;648;648;0;0;1.0;1.0;true
Tauraco_macrorhynchus_1;528;528;0;0;1.0;1.0;true
Tauraco_macrorhynchus_2;528;528;0;0;1.0;1.0;true
Terenura_callinota_1;615;615;0;0;1.0;1.0;true
Terenura_callinota_2;615;615;0;0;1.0;1.0;true
Thamnophilus_ruficapillu_1;624;624;0;0;1.0;1.0;true
Thamnophilus_ruficapillu_2;624;624;0;0;1.0;1.0;true
Theristicus_caerulescens_1;735;735;0;0;1.0;1.0;true
Theristicus_caerulescens_2;735;735;0;0;1.0;1.0;true
Tigrisoma_lineatum_1;402;402;0;0;1.0;1.0;true
Tigrisoma_lineatum_2;402;402;0;0;1.0;1.0;true
Tinamus_major_1;252;252;0;0;1.0;1.0;true
Tinamus_major_2;252;252;0;0;1.0;1.0;true
Tityra_cayana_1;426;426;0;0;1.0;1.0;true
Tityra_cayana_2;426;426;0;0;1.0;1.0;true
Todus_mexicanus_1;642;642;0;0;1.0;1.0;true
Todus_mexicanus_2;642;642;0;0;1.0;1.0;true
Topaza_pella_1;528;528;0;0;1.0;1.0;true
Topaza_pella_2;528;528;0;0;1.0;1.0;true
Treron_calvus_1;714;714;0;0;1.0;1.0;true
Treron_calvus_2;714;714;0;0;1.0;1.0;true
Tringa_solitaria_1;714;714;0;0;1.0;1.0;true
Tringa_solitaria_2;714;714;0;0;1.0;1.0;true
Trogon_elegans_1;684;684;0;0;1.0;1.0;true
Trogon_elegans_2;684;684;0;0;1.0;1.0;true
Turdus_olivater_1;468;468;0;0;1.0;1.0;true
Turdus_olivater_2;468;468;0;0;1.0;1.0;true
Turnix_ocellata_1;516;516;0;0;1.0;1.0;true
Turnix_ocellata_2;516;516;0;0;1.0;1.0;true
Tyrannus_albogularis_1;1344;1344;0;0;1.0;1.0;true
Tyrannus_albogularis_2;1344;1344;0;0;1.0;1.0;true
Tyto_alba_1;390;390;0;0;1.0;1.0;true
Tyto_alba_2;390;390;0;0;1.0;1.0;true
Upupa_epops_1;564;564;0;0;1.0;1.0;true
Upupa_epops_2;564;564;0;0;1.0;1.0;true
Uria_aalge_1;513;513;0;0;1.0;1.0;true
Uria_aalge_2;513;513;0;0;1.0;1.0;true
Urocolius_indicus_1;402;402;0;0;1.0;1.0;true
Urocolius_indicus_2;402;402;0;0;1.0;1.0;true
Vultur_gryphus_1;483;483;0;0;1.0;1.0;true
Vultur_gryphus_2;483;483;0;0;1.0;1.0;true
