seqName;initialSeqLength;nbKeep;nbTrim;nbInformativeTrim;percentKeepExcludingExtremities;percentKeepIncludingExtremities;keptSequences
Acanthisitta_chloris_1;2388;1821;567;567;1.0;0.762;true
Acanthisitta_chloris_2;2388;1821;567;567;1.0;0.762;true
Accipiter_superciliosus_1;1890;1818;72;72;1.0;0.961;true
Accipiter_superciliosus_2;1890;1818;72;72;1.0;0.961;true
Aegotheles_insignis_1;1803;1782;21;21;1.0;0.988;true
Aegotheles_insignis_2;1803;1782;21;21;1.0;0.988;true
Alcedo_quadribrachys_1;1806;1806;0;0;1.0;1.0;true
Alcedo_quadribrachys_2;1806;1806;0;0;1.0;1.0;true
Anas_superciliosa_1;1692;1692;0;0;1.0;1.0;true
Anas_superciliosa_2;1692;1692;0;0;1.0;1.0;true
Anhinga_anhinga_1;2031;1821;210;210;1.0;0.896;true
Anhinga_anhinga_2;2031;1821;210;210;1.0;0.896;true
Anser_canagicus_1;1830;1821;9;9;1.0;0.995;true
Anser_canagicus_2;1830;1821;9;9;1.0;0.995;true
Anseranas_semipalmata_1;1944;1824;120;120;1.0;0.938;true
Anseranas_semipalmata_2;1944;1824;120;120;1.0;0.938;true
Apaloderma_aequatoriale_1;1869;1821;48;48;1.0;0.974;true
Apaloderma_aequatoriale_2;1869;1821;48;48;1.0;0.974;true
Apteryx_sp._1;1818;1800;18;18;1.0;0.99;true
Apteryx_sp._2;1818;1800;18;18;1.0;0.99;true
Aramus_guarauna_1;1926;1821;105;105;1.0;0.945;true
Aramus_guarauna_2;1926;1821;105;105;1.0;0.945;true
Archilochus_colubris_1;1989;1824;165;165;1.0;0.917;true
Archilochus_colubris_2;1989;1824;165;165;1.0;0.917;true
Ardea_herodias_1;1986;1821;165;165;1.0;0.916;true
Ardea_herodias_2;1986;1821;165;165;1.0;0.916;true
Ardeotis_kori_1;1995;1821;174;174;1.0;0.912;true
Ardeotis_kori_2;1995;1821;174;174;1.0;0.912;true
Arenaria_interpres_1;1818;1809;9;9;1.0;0.995;true
Arenaria_interpres_2;1818;1809;9;9;1.0;0.995;true
Atelornis_pittoides_1;2055;1818;237;237;1.0;0.884;true
Atelornis_pittoides_2;2055;1818;237;237;1.0;0.884;true
Aythya_valisineria_1;2040;1821;219;219;1.0;0.892;true
Aythya_valisineria_2;2040;1821;219;219;1.0;0.892;true
Balaeniceps_rex_1;1992;1821;171;171;1.0;0.914;true
Balaeniceps_rex_2;1992;1821;171;171;1.0;0.914;true
Balearica_regulorum_1;1725;1707;18;18;1.0;0.989;true
Balearica_regulorum_2;1725;1707;18;18;1.0;0.989;true
Barnardius_zonarius_1;1395;1362;33;33;1.0;0.976;true
Barnardius_zonarius_2;1395;1362;33;33;1.0;0.976;true
Bonasa_umbellus_1;1836;1773;63;63;1.0;0.965;true
Bonasa_umbellus_2;1836;1773;63;63;1.0;0.965;true
Buccanodon_duchaillui_1;1908;1758;150;150;1.0;0.921;true
Buccanodon_duchaillui_2;1908;1758;150;150;1.0;0.921;true
Bucco_capensis_1;2130;1815;315;315;1.0;0.852;true
Bucco_capensis_2;2130;1815;315;315;1.0;0.852;true
Bucorvus_leadbeateri_1;1791;1776;15;15;1.0;0.991;true
Bucorvus_leadbeateri_2;1791;1776;15;15;1.0;0.991;true
Burhinus_oedicnemus_1;1932;1821;111;111;1.0;0.942;true
Burhinus_oedicnemus_2;1932;1821;111;111;1.0;0.942;true
Buteo_jamaicensis_1;1902;1821;81;81;1.0;0.957;true
Buteo_jamaicensis_2;1902;1821;81;81;1.0;0.957;true
Caiman_croccodilus_1;1662;1662;0;0;1.0;1.0;true
Caiman_croccodilus_2;1662;1662;0;0;1.0;1.0;true
Calandrella_brachydactyla_1;1872;1818;54;54;1.0;0.971;true
Calandrella_brachydactyla_2;1872;1818;54;54;1.0;0.971;true
Calyptomena_viridis_1;1818;1806;12;12;1.0;0.993;true
Calyptomena_viridis_2;1818;1806;12;12;1.0;0.993;true
Capito_niger_1;1974;1821;153;153;1.0;0.922;true
Capito_niger_2;1974;1821;153;153;1.0;0.922;true
Caprimulgus_europaeus_1;1878;1821;57;57;1.0;0.969;true
Caprimulgus_europaeus_2;1878;1821;57;57;1.0;0.969;true
Caracara_cheriway_1;1899;1821;78;78;1.0;0.958;true
Caracara_cheriway_2;1899;1821;78;78;1.0;0.958;true
Cariama_cristata_1;2130;1821;309;309;1.0;0.854;true
Cariama_cristata_2;2130;1821;309;309;1.0;0.854;true
Casuarius_bennetti_1;1914;1812;102;102;1.0;0.946;true
Casuarius_bennetti_2;1914;1812;102;102;1.0;0.946;true
Cathartes_burrovianus_1;1728;1728;0;0;1.0;1.0;true
Cathartes_burrovianus_2;1728;1728;0;0;1.0;1.0;true
Centropus_bengalensis_1;1971;1818;153;153;1.0;0.922;true
Centropus_bengalensis_2;1971;1818;153;153;1.0;0.922;true
Chaetura_brachyura_1;1848;1818;30;30;1.0;0.983;true
Chaetura_brachyura_2;1848;1818;30;30;1.0;0.983;true
Charadrius_hiaticula_1;1683;1683;0;0;1.0;1.0;true
Charadrius_hiaticula_2;1683;1683;0;0;1.0;1.0;true
Chauna_torquata_1;1977;1824;153;153;1.0;0.922;true
Chauna_torquata_2;1977;1824;153;153;1.0;0.922;true
Chelidoptera_tenebrosa_1;2115;1818;297;297;1.0;0.859;true
Chelidoptera_tenebrosa_2;2115;1818;297;297;1.0;0.859;true
Chloroceryle_inda_1;1902;1812;90;90;1.0;0.952;true
Chloroceryle_inda_2;1902;1812;90;90;1.0;0.952;true
Chordeiles_pusillus_1;1866;1821;45;45;1.0;0.975;true
Chordeiles_pusillus_2;1866;1821;45;45;1.0;0.975;true
Chroicocephalus_cirrocephalus_1;1740;1740;0;0;1.0;1.0;true
Chroicocephalus_cirrocephalus_2;1740;1740;0;0;1.0;1.0;true
Chunga_burmeisteri_1;1983;1821;162;162;1.0;0.918;true
Chunga_burmeisteri_2;1983;1821;162;162;1.0;0.918;true
Ciconia_nigra_1;1764;1758;6;6;1.0;0.996;true
Ciconia_nigra_2;1764;1758;6;6;1.0;0.996;true
Climacteris_melanura_1;1965;1815;150;150;1.0;0.923;true
Climacteris_melanura_2;1965;1815;150;150;1.0;0.923;true
Coccyzus_melacoryphus_1;1791;1782;9;9;1.0;0.994;true
Coccyzus_melacoryphus_2;1791;1782;9;9;1.0;0.994;true
Colinus_cristatus_1;1917;1824;93;93;1.0;0.951;true
Colinus_cristatus_2;1917;1824;93;93;1.0;0.951;true
Colius_colius_1;1488;1431;57;57;1.0;0.961;true
Colius_colius_2;1488;1431;57;57;1.0;0.961;true
Columba_livia_1;1938;1821;117;117;1.0;0.939;true
Columba_livia_2;1938;1821;117;117;1.0;0.939;true
Columbina_minuta_1;1884;1806;78;78;1.0;0.958;true
Columbina_minuta_2;1884;1806;78;78;1.0;0.958;true
Coracias_cyanogaster_1;1992;1821;171;171;1.0;0.914;true
Coracias_cyanogaster_2;1992;1821;171;171;1.0;0.914;true
Corvus_albus_1;1803;1782;21;21;1.0;0.988;true
Corvus_albus_2;1803;1782;21;21;1.0;0.988;true
Corythaeola_cristata_1;1836;1821;15;15;1.0;0.991;true
Corythaeola_cristata_2;1836;1821;15;15;1.0;0.991;true
Cotinga_cayana_1;1953;1821;132;132;1.0;0.932;true
Cotinga_cayana_2;1953;1821;132;132;1.0;0.932;true
Crax_alector_1;2169;1824;345;345;1.0;0.84;true
Crax_alector_2;2169;1824;345;345;1.0;0.84;true
Crocodylus_porosus_1;1431;1431;0;0;1.0;1.0;true
Crocodylus_porosus_2;1431;1431;0;0;1.0;1.0;true
Cryptopipo_aenigma_1;1794;1635;159;159;1.0;0.911;true
Cryptopipo_aenigma_2;1794;1635;159;159;1.0;0.911;true
Crypturellus_tataupa_1;1911;1824;87;87;1.0;0.954;true
Crypturellus_tataupa_2;1911;1824;87;87;1.0;0.954;true
Cuculus_optatus_1;1923;1815;108;108;1.0;0.943;true
Cuculus_optatus_2;1923;1815;108;108;1.0;0.943;true
Dendrocygna_viduata_1;1887;1806;81;81;1.0;0.957;true
Dendrocygna_viduata_2;1887;1806;81;81;1.0;0.957;true
Deroptyus_accipitrinus_1;1944;1809;135;135;1.0;0.93;true
Deroptyus_accipitrinus_2;1944;1809;135;135;1.0;0.93;true
Dromaius_novaehollandiae_1;1830;1770;60;60;1.0;0.967;true
Dromaius_novaehollandiae_2;1830;1770;60;60;1.0;0.967;true
Elaenia_flavogaster_1;1956;1821;135;135;1.0;0.93;true
Elaenia_flavogaster_2;1956;1821;135;135;1.0;0.93;true
Elanus_leucurus_1;2022;1821;201;201;1.0;0.9;true
Elanus_leucurus_2;2022;1821;201;201;1.0;0.9;true
Eudromia_elegans_1;2169;1824;345;345;1.0;0.84;true
Eudromia_elegans_2;2169;1824;345;345;1.0;0.84;true
Eurostopodus_macrotis_1;1842;1821;21;21;1.0;0.988;true
Eurostopodus_macrotis_2;1842;1821;21;21;1.0;0.988;true
Eurylaimus_ochromalus_1;1902;1815;87;87;1.0;0.954;true
Eurylaimus_ochromalus_2;1902;1815;87;87;1.0;0.954;true
Eurypyga_helias_1;1419;1278;141;141;1.0;0.9;true
Eurypyga_helias_2;1419;1278;141;141;1.0;0.9;true
Falco_sparverius_1;1995;1818;177;177;1.0;0.911;true
Falco_sparverius_2;1995;1818;177;177;1.0;0.911;true
Fregata_magnificens_1;1590;1590;0;0;1.0;1.0;true
Fregata_magnificens_2;1590;1590;0;0;1.0;1.0;true
Fringilla_coelebs_1;1989;1818;171;171;1.0;0.914;true
Fringilla_coelebs_2;1989;1818;171;171;1.0;0.914;true
Fulmarus_glacialoides_1;1935;1821;114;114;1.0;0.941;true
Fulmarus_glacialoides_2;1935;1821;114;114;1.0;0.941;true
Furnarius_rufus_1;1833;1815;18;18;1.0;0.99;true
Furnarius_rufus_2;1833;1815;18;18;1.0;0.99;true
Galbula_dea_1;2160;1821;339;339;1.0;0.843;true
Galbula_dea_2;2160;1821;339;339;1.0;0.843;true
Gallus_gallus_1;1899;1824;75;75;1.0;0.96;true
Gallus_gallus_2;1899;1824;75;75;1.0;0.96;true
Gavia_immer_1;1896;1821;75;75;1.0;0.96;true
Gavia_immer_2;1896;1821;75;75;1.0;0.96;true
Glareola_nuchalis_1;2082;1821;261;261;1.0;0.874;true
Glareola_nuchalis_2;2082;1821;261;261;1.0;0.874;true
Grus_canadensis_1;1905;1821;84;84;1.0;0.955;true
Grus_canadensis_2;1905;1821;84;84;1.0;0.955;true
Haematopus_palliatus_1;1962;1821;141;141;1.0;0.928;true
Haematopus_palliatus_2;1962;1821;141;141;1.0;0.928;true
Heliornis_fulica_1;1971;1821;150;150;1.0;0.923;true
Heliornis_fulica_2;1971;1821;150;150;1.0;0.923;true
Hemiprocne_comata_1;1839;1770;69;69;1.0;0.962;true
Hemiprocne_comata_2;1839;1770;69;69;1.0;0.962;true
Hirundinea_ferruginea_1;1857;1821;36;36;1.0;0.98;true
Hirundinea_ferruginea_2;1857;1821;36;36;1.0;0.98;true
Hymenops_perspicillatus_1;1869;1785;84;84;1.0;0.955;true
Hymenops_perspicillatus_2;1869;1785;84;84;1.0;0.955;true
Ibycter_americanus_1;1911;1821;90;90;1.0;0.952;true
Ibycter_americanus_2;1911;1821;90;90;1.0;0.952;true
Indicator_exilis_1;2049;1821;228;228;1.0;0.888;true
Indicator_exilis_2;2049;1821;228;228;1.0;0.888;true
Ixobrychus_minutus_1;1620;1605;15;15;1.0;0.99;true
Ixobrychus_minutus_2;1620;1605;15;15;1.0;0.99;true
Jacana_jacana_1;2025;1821;204;204;1.0;0.899;true
Jacana_jacana_2;2025;1821;204;204;1.0;0.899;true
Jynx_torquilla_1;2076;1821;255;255;1.0;0.877;true
Jynx_torquilla_2;2076;1821;255;255;1.0;0.877;true
Leipoa_ocellata_1;1839;1809;30;30;1.0;0.983;true
Leipoa_ocellata_2;1839;1809;30;30;1.0;0.983;true
Lepidocolaptes_angustirostr_1;1791;1791;0;0;1.0;1.0;true
Lepidocolaptes_angustirostr_2;1791;1791;0;0;1.0;1.0;true
Leptoptilos_crumeniferus_1;1044;1044;0;0;1.0;1.0;true
Leptoptilos_crumeniferus_2;1044;1044;0;0;1.0;1.0;true
Leptosomus_discolor_1;1023;1023;0;0;1.0;1.0;true
Leptosomus_discolor_2;1023;1023;0;0;1.0;1.0;true
Leptotila_rufaxilla_1;1935;1800;135;135;1.0;0.93;true
Leptotila_rufaxilla_2;1935;1800;135;135;1.0;0.93;true
Limosa_lapponica_1;1848;1806;42;42;1.0;0.977;true
Limosa_lapponica_2;1848;1806;42;42;1.0;0.977;true
Lophorina_superba_1;1722;1716;6;6;1.0;0.996;true
Lophorina_superba_2;1722;1716;6;6;1.0;0.996;true
Malurus_splendens_1;1065;1059;6;6;1.0;0.994;true
Malurus_splendens_2;1065;1059;6;6;1.0;0.994;true
Megalaima_chrysopogon_1;1989;1821;168;168;1.0;0.915;true
Megalaima_chrysopogon_2;1989;1821;168;168;1.0;0.915;true
Melanopareia_maximilian_1;1887;1821;66;66;1.0;0.965;true
Melanopareia_maximilian_2;1887;1821;66;66;1.0;0.965;true
Menura_novaehollandiae_1;1971;1818;153;153;1.0;0.922;true
Menura_novaehollandiae_2;1971;1818;153;153;1.0;0.922;true
Merops_muelleri_1;1902;1821;81;81;1.0;0.957;true
Merops_muelleri_2;1902;1821;81;81;1.0;0.957;true
Mesitornis_unicolor_1;2013;1818;195;195;1.0;0.903;true
Mesitornis_unicolor_2;2013;1818;195;195;1.0;0.903;true
Micrastur_gilvicollis_1;1902;1821;81;81;1.0;0.957;true
Micrastur_gilvicollis_2;1902;1821;81;81;1.0;0.957;true
Micropygia_schomburgkii_1;2007;1821;186;186;1.0;0.907;true
Micropygia_schomburgkii_2;2007;1821;186;186;1.0;0.907;true
Momotus_lessonii_1;1809;1773;36;36;1.0;0.98;true
Momotus_lessonii_2;1809;1773;36;36;1.0;0.98;true
Monias_benschi_1;2001;1818;183;183;1.0;0.908;true
Monias_benschi_2;2001;1818;183;183;1.0;0.908;true
Morus_serrator_1;2028;1821;207;207;1.0;0.897;true
Morus_serrator_2;2028;1821;207;207;1.0;0.897;true
Myiobius_barbatus_1;1944;1821;123;123;1.0;0.936;true
Myiobius_barbatus_2;1944;1821;123;123;1.0;0.936;true
Myrmornis_torquata_1;1812;1806;6;6;1.0;0.996;true
Myrmornis_torquata_2;1812;1806;6;6;1.0;0.996;true
Myrmothera_campanisona_1;1017;1017;0;0;1.0;1.0;true
Myrmothera_campanisona_2;1017;1017;0;0;1.0;1.0;true
Neodrepanis_coruscans_1;2007;1821;186;186;1.0;0.907;true
Neodrepanis_coruscans_2;2007;1821;186;186;1.0;0.907;true
Neopelma_chrysocephalum_1;1899;1821;78;78;1.0;0.958;true
Neopelma_chrysocephalum_2;1899;1821;78;78;1.0;0.958;true
Nestor_meridionalis_1;1971;1809;162;162;1.0;0.917;true
Nestor_meridionalis_2;1971;1809;162;162;1.0;0.917;true
Nothoprocta_ornata_1;1743;1638;105;105;1.0;0.939;true
Nothoprocta_ornata_2;1743;1638;105;105;1.0;0.939;true
Numida_malagris_1;1959;1824;135;135;1.0;0.931;true
Numida_malagris_2;1959;1824;135;135;1.0;0.931;true
Nyctibius_griseus_1;2064;1821;243;243;1.0;0.882;true
Nyctibius_griseus_2;2064;1821;243;243;1.0;0.882;true
Oceanites_oceanicus_1;1932;1821;111;111;1.0;0.942;true
Oceanites_oceanicus_2;1932;1821;111;111;1.0;0.942;true
Oceanodroma_leucorhoa_1;1671;1671;0;0;1.0;1.0;true
Oceanodroma_leucorhoa_2;1671;1671;0;0;1.0;1.0;true
Odontophorus_gujanensis_1;1977;1824;153;153;1.0;0.922;true
Odontophorus_gujanensis_2;1977;1824;153;153;1.0;0.922;true
Opisthocomus_hoazin_1;1974;1821;153;153;1.0;0.922;true
Opisthocomus_hoazin_2;1974;1821;153;153;1.0;0.922;true
Ortalis_motmot_1;1734;1734;0;0;1.0;1.0;true
Ortalis_motmot_2;1734;1734;0;0;1.0;1.0;true
Oxyruncus_cristatus_1;1806;1791;15;15;1.0;0.991;true
Oxyruncus_cristatus_2;1806;1791;15;15;1.0;0.991;true
Oxyura_jamaicensis_1;1932;1800;132;132;1.0;0.931;true
Oxyura_jamaicensis_2;1932;1800;132;132;1.0;0.931;true
Pandion_haliaetus_1;1434;1434;0;0;1.0;1.0;true
Pandion_haliaetus_2;1434;1434;0;0;1.0;1.0;true
Pedionomus_torquatus_1;2169;1818;351;351;1.0;0.838;true
Pedionomus_torquatus_2;2169;1818;351;351;1.0;0.838;true
Pelagodroma_marina_1;1851;1821;30;30;1.0;0.983;true
Pelagodroma_marina_2;1851;1821;30;30;1.0;0.983;true
Pelecanoides_urinatrix_1;798;798;0;0;1.0;1.0;true
Pelecanoides_urinatrix_2;798;798;0;0;1.0;1.0;true
Pelecanus_occidentalis_1;1950;1821;129;129;1.0;0.933;true
Pelecanus_occidentalis_2;1950;1821;129;129;1.0;0.933;true
Phaethon_rubricauda_1;2076;1821;255;255;1.0;0.877;true
Phaethon_rubricauda_2;2076;1821;255;255;1.0;0.877;true
Phaethornis_superciliosus_1;1851;1824;27;27;1.0;0.985;true
Phaethornis_superciliosus_2;1851;1824;27;27;1.0;0.985;true
Phalacrocorax_brasili_1;2082;1821;261;261;1.0;0.874;true
Phalacrocorax_brasili_2;2082;1821;261;261;1.0;0.874;true
Phoebastria_nigripes_1;1911;1821;90;90;1.0;0.952;true
Phoebastria_nigripes_2;1911;1821;90;90;1.0;0.952;true
Phoenicopterus_ruber_1;1440;1440;0;0;1.0;1.0;true
Phoenicopterus_ruber_2;1440;1440;0;0;1.0;1.0;true
Phoeniculus_purpureus_1;1311;1311;0;0;1.0;1.0;true
Phoeniculus_purpureus_2;1311;1311;0;0;1.0;1.0;true
Picus_canus_1;1905;1815;90;90;1.0;0.952;true
Picus_canus_2;1905;1815;90;90;1.0;0.952;true
Pipra_erythrocephala_1;1995;1821;174;174;1.0;0.912;true
Pipra_erythrocephala_2;1995;1821;174;174;1.0;0.912;true
Piprites_chloris_1;1830;1821;9;9;1.0;0.995;true
Piprites_chloris_2;1830;1821;9;9;1.0;0.995;true
Pitta_angolensis_1;1929;1821;108;108;1.0;0.944;true
Pitta_angolensis_2;1929;1821;108;108;1.0;0.944;true
Podargus_strigoides_1;1968;1821;147;147;1.0;0.925;true
Podargus_strigoides_2;1968;1821;147;147;1.0;0.925;true
Poecile_lugubris_1;1368;1272;96;96;1.0;0.929;true
Poecile_lugubris_2;1368;1272;96;96;1.0;0.929;true
Porphyrio_porphyrio_1;2256;1821;435;435;1.0;0.807;true
Porphyrio_porphyrio_2;2256;1821;435;435;1.0;0.807;true
Probosciger_aterrimus_1;945;945;0;0;1.0;1.0;true
Probosciger_aterrimus_2;945;945;0;0;1.0;1.0;true
Psittacus_erithacus_1;1965;1809;156;156;1.0;0.92;true
Psittacus_erithacus_2;1965;1809;156;156;1.0;0.92;true
Psittrichas_fulgidus_1;1941;1809;132;132;1.0;0.931;true
Psittrichas_fulgidus_2;1941;1809;132;132;1.0;0.931;true
Psophia_crepitans_1;2010;1821;189;189;1.0;0.905;true
Psophia_crepitans_2;2010;1821;189;189;1.0;0.905;true
Pterocles_bicinctus_1;2025;1815;210;210;1.0;0.896;true
Pterocles_bicinctus_2;2025;1815;210;210;1.0;0.896;true
Pterodroma_externa_1;1854;1758;96;96;1.0;0.948;true
Pterodroma_externa_2;1854;1758;96;96;1.0;0.948;true
Ptilinopus_magnificus_1;2127;1821;306;306;1.0;0.856;true
Ptilinopus_magnificus_2;2127;1821;306;306;1.0;0.856;true
Ptilonorhynchus_violaceus_1;2067;1818;249;249;1.0;0.879;true
Ptilonorhynchus_violaceus_2;2067;1818;249;249;1.0;0.879;true
Puffinus_griseus_1;1809;1797;12;12;1.0;0.993;true
Puffinus_griseus_2;1809;1797;12;12;1.0;0.993;true
Pycnonotus_macrotis_1;2031;1818;213;213;1.0;0.895;true
Pycnonotus_macrotis_2;2031;1818;213;213;1.0;0.895;true
Rallus_longirostris_1;921;921;0;0;1.0;1.0;true
Rallus_longirostris_2;921;921;0;0;1.0;1.0;true
Ramphastos_ambiguus_1;2061;1821;240;240;1.0;0.883;true
Ramphastos_ambiguus_2;2061;1821;240;240;1.0;0.883;true
Recurvirostra_americana_1;2010;1821;189;189;1.0;0.905;true
Recurvirostra_americana_2;2010;1821;189;189;1.0;0.905;true
Regulus_ignicapilla_1;2028;1818;210;210;1.0;0.896;true
Regulus_ignicapilla_2;2028;1818;210;210;1.0;0.896;true
Rhea_americana_1;1857;1824;33;33;1.0;0.982;true
Rhea_americana_2;1857;1824;33;33;1.0;0.982;true
Rhynchocyclus_olivaceus_1;2049;1821;228;228;1.0;0.888;true
Rhynchocyclus_olivaceus_2;2049;1821;228;228;1.0;0.888;true
Rollandia_rolland_1;1860;1779;81;81;1.0;0.956;true
Rollandia_rolland_2;1860;1779;81;81;1.0;0.956;true
Rollulus_rouloul_1;1899;1803;96;96;1.0;0.949;true
Rollulus_rouloul_2;1899;1803;96;96;1.0;0.949;true
Rostratula_benghalensis_1;1932;1821;111;111;1.0;0.942;true
Rostratula_benghalensis_2;1932;1821;111;111;1.0;0.942;true
Rupicola_rupicola_1;1902;1821;81;81;1.0;0.957;true
Rupicola_rupicola_2;1902;1821;81;81;1.0;0.957;true
Rynchops_niger_1;1842;1752;90;90;1.0;0.951;true
Rynchops_niger_2;1842;1752;90;90;1.0;0.951;true
Sagittarius_serpentarius_1;1776;1776;0;0;1.0;1.0;true
Sagittarius_serpentarius_2;1776;1776;0;0;1.0;1.0;true
Sarothrura_rufa_1;1206;1206;0;0;1.0;1.0;true
Sarothrura_rufa_2;1206;1206;0;0;1.0;1.0;true
Schiffornis_turdina_1;1977;1821;156;156;1.0;0.921;true
Schiffornis_turdina_2;1977;1821;156;156;1.0;0.921;true
Sclerurus_mexicanus_1;2121;1821;300;300;1.0;0.858;true
Sclerurus_mexicanus_2;2121;1821;300;300;1.0;0.858;true
Scopus_umbretta_1;1815;1788;27;27;1.0;0.985;true
Scopus_umbretta_2;1815;1788;27;27;1.0;0.985;true
Sericulus_bakeri_1;2121;1818;303;303;1.0;0.857;true
Sericulus_bakeri_2;2121;1818;303;303;1.0;0.857;true
Smithornis_rufolateralis_1;2070;1821;249;249;1.0;0.879;true
Smithornis_rufolateralis_2;2070;1821;249;249;1.0;0.879;true
Spheniscus_humboldti_1;975;975;0;0;1.0;1.0;true
Spheniscus_humboldti_2;975;975;0;0;1.0;1.0;true
Spizella_arborea_1;1584;1584;0;0;1.0;1.0;true
Spizella_arborea_2;1584;1584;0;0;1.0;1.0;true
Sterna_hirundo_1;1722;1722;0;0;1.0;1.0;true
Sterna_hirundo_2;1722;1722;0;0;1.0;1.0;true
Streptoprocne_zonaris_1;1890;1821;69;69;1.0;0.963;true
Streptoprocne_zonaris_2;1890;1821;69;69;1.0;0.963;true
Strix_varia_1;1656;1656;0;0;1.0;1.0;true
Strix_varia_2;1656;1656;0;0;1.0;1.0;true
Struthio_camelus_1;1932;1824;108;108;1.0;0.944;true
Struthio_camelus_2;1932;1824;108;108;1.0;0.944;true
Sylvia_melanocephala_1;1863;1818;45;45;1.0;0.975;true
Sylvia_melanocephala_2;1863;1818;45;45;1.0;0.975;true
Syrrhaptes_paradoxus_1;1584;1563;21;21;1.0;0.986;true
Syrrhaptes_paradoxus_2;1584;1563;21;21;1.0;0.986;true
Tapera_naevia_1;1800;1800;0;0;1.0;1.0;true
Tapera_naevia_2;1800;1800;0;0;1.0;1.0;true
Tauraco_macrorhynchus_1;1713;1713;0;0;1.0;1.0;true
Tauraco_macrorhynchus_2;1713;1713;0;0;1.0;1.0;true
Terenura_callinota_1;1938;1821;117;117;1.0;0.939;true
Terenura_callinota_2;1938;1821;117;117;1.0;0.939;true
Thamnophilus_ruficapillu_1;1737;1671;66;66;1.0;0.962;true
Thamnophilus_ruficapillu_2;1737;1671;66;66;1.0;0.962;true
Theristicus_caerulescens_1;1803;1785;18;18;1.0;0.99;true
Theristicus_caerulescens_2;1803;1785;18;18;1.0;0.99;true
Tigrisoma_lineatum_1;867;867;0;0;1.0;1.0;true
Tigrisoma_lineatum_2;867;867;0;0;1.0;1.0;true
Tinamus_major_1;1548;1512;36;36;1.0;0.976;true
Tinamus_major_2;1548;1512;36;36;1.0;0.976;true
Tityra_cayana_1;1701;1683;18;18;1.0;0.989;true
Tityra_cayana_2;1701;1683;18;18;1.0;0.989;true
Tockus_camurus_1;1977;1821;156;156;1.0;0.921;true
Tockus_camurus_2;1977;1821;156;156;1.0;0.921;true
Todus_mexicanus_1;1881;1821;60;60;1.0;0.968;true
Todus_mexicanus_2;1881;1821;60;60;1.0;0.968;true
Topaza_pella_1;1875;1824;51;51;1.0;0.972;true
Topaza_pella_2;1875;1824;51;51;1.0;0.972;true
Treron_calvus_1;1872;1821;51;51;1.0;0.972;true
Treron_calvus_2;1872;1821;51;51;1.0;0.972;true
Tringa_solitaria_1;1908;1821;87;87;1.0;0.954;true
Tringa_solitaria_2;1908;1821;87;87;1.0;0.954;true
Trogon_elegans_1;2085;1821;264;264;1.0;0.873;true
Trogon_elegans_2;2085;1821;264;264;1.0;0.873;true
Turdus_olivater_1;1965;1815;150;150;1.0;0.923;true
Turdus_olivater_2;1965;1815;150;150;1.0;0.923;true
Turnix_ocellata_1;1281;1239;42;42;1.0;0.967;true
Turnix_ocellata_2;1281;1239;42;42;1.0;0.967;true
Tyrannus_albogularis_1;1947;1821;126;126;1.0;0.935;true
Tyrannus_albogularis_2;1947;1821;126;126;1.0;0.935;true
Tyto_alba_1;1440;1440;0;0;1.0;1.0;true
Tyto_alba_2;1440;1440;0;0;1.0;1.0;true
Upupa_epops_1;1842;1812;30;30;1.0;0.983;true
Upupa_epops_2;1842;1812;30;30;1.0;0.983;true
Uria_aalge_1;1830;1806;24;24;1.0;0.986;true
Uria_aalge_2;1830;1806;24;24;1.0;0.986;true
Urocolius_indicus_1;1953;1821;132;132;1.0;0.932;true
Urocolius_indicus_2;1953;1821;132;132;1.0;0.932;true
Vultur_gryphus_1;414;414;0;0;1.0;1.0;true
Vultur_gryphus_2;414;414;0;0;1.0;1.0;true
