seqName;initialSeqLength;nbKeep;nbTrim;nbInformativeTrim;percentKeepExcludingExtremities;percentKeepIncludingExtremities;keptSequences
Acanthisitta_chloris_1;1590;1524;66;66;1.0;0.958;true
Acanthisitta_chloris_2;1590;1524;66;66;1.0;0.958;true
Accipiter_superciliosus_1;1482;1470;12;12;1.0;0.991;true
Accipiter_superciliosus_2;1482;1470;12;12;1.0;0.991;true
Aegotheles_insignis_1;1509;1509;0;0;1.0;1.0;true
Aegotheles_insignis_2;1509;1509;0;0;1.0;1.0;true
Alcedo_quadribrachys_1;1515;1515;0;0;1.0;1.0;true
Alcedo_quadribrachys_2;1515;1515;0;0;1.0;1.0;true
Anas_superciliosa_1;1488;1488;0;0;1.0;1.0;true
Anas_superciliosa_2;1488;1488;0;0;1.0;1.0;true
Anhinga_anhinga_1;1563;1518;45;45;1.0;0.971;true
Anhinga_anhinga_2;1563;1518;45;45;1.0;0.971;true
Anser_canagicus_1;1533;1524;9;9;1.0;0.994;true
Anser_canagicus_2;1533;1524;9;9;1.0;0.994;true
Anseranas_semipalmata_1;1509;1509;0;0;1.0;1.0;true
Anseranas_semipalmata_2;1509;1509;0;0;1.0;1.0;true
Apaloderma_aequatoriale_1;1563;1524;39;39;1.0;0.975;true
Apaloderma_aequatoriale_2;1563;1524;39;39;1.0;0.975;true
Apteryx_sp._1;1548;1524;24;24;1.0;0.984;true
Apteryx_sp._2;1548;1524;24;24;1.0;0.984;true
Aramus_guarauna_1;1587;1524;63;63;1.0;0.96;true
Aramus_guarauna_2;1587;1524;63;63;1.0;0.96;true
Archilochus_colubris_1;1650;1518;132;132;1.0;0.92;true
Archilochus_colubris_2;1650;1518;132;132;1.0;0.92;true
Ardea_herodias_1;1548;1524;24;24;1.0;0.984;true
Ardea_herodias_2;1548;1524;24;24;1.0;0.984;true
Ardeotis_kori_1;1503;1488;15;15;1.0;0.99;true
Ardeotis_kori_2;1503;1488;15;15;1.0;0.99;true
Arenaria_interpres_1;1503;1494;9;9;1.0;0.994;true
Arenaria_interpres_2;1503;1494;9;9;1.0;0.994;true
Atelornis_pittoides_1;1716;1524;192;192;1.0;0.888;true
Atelornis_pittoides_2;1716;1524;192;192;1.0;0.888;true
Aythya_valisineria_1;1524;1524;0;0;1.0;1.0;true
Aythya_valisineria_2;1524;1524;0;0;1.0;1.0;true
Balaeniceps_rex_1;1647;1524;123;123;1.0;0.925;true
Balaeniceps_rex_2;1647;1524;123;123;1.0;0.925;true
Balearica_regulorum_1;1626;1524;102;102;1.0;0.937;true
Balearica_regulorum_2;1626;1524;102;102;1.0;0.937;true
Barnardius_zonarius_1;1593;1524;69;69;1.0;0.956;true
Barnardius_zonarius_2;1593;1524;69;69;1.0;0.956;true
Bonasa_umbellus_1;1473;1473;0;0;1.0;1.0;true
Bonasa_umbellus_2;1473;1473;0;0;1.0;1.0;true
Buccanodon_duchaillui_1;1509;1509;0;0;1.0;1.0;true
Buccanodon_duchaillui_2;1509;1509;0;0;1.0;1.0;true
Bucco_capensis_1;1680;1524;156;156;1.0;0.907;true
Bucco_capensis_2;1680;1524;156;156;1.0;0.907;true
Bucorvus_leadbeateri_1;1533;1524;9;9;1.0;0.994;true
Bucorvus_leadbeateri_2;1533;1524;9;9;1.0;0.994;true
Burhinus_oedicnemus_1;1695;1524;171;171;1.0;0.899;true
Burhinus_oedicnemus_2;1695;1524;171;171;1.0;0.899;true
Buteo_jamaicensis_1;1656;1524;132;132;1.0;0.92;true
Buteo_jamaicensis_2;1656;1524;132;132;1.0;0.92;true
Caiman_croccodilus_1;1527;1497;30;30;1.0;0.98;true
Caiman_croccodilus_2;1527;1497;30;30;1.0;0.98;true
Calandrella_brachydactyla_1;1506;1491;15;15;1.0;0.99;true
Calandrella_brachydactyla_2;1506;1491;15;15;1.0;0.99;true
Calyptomena_viridis_1;1602;1524;78;78;1.0;0.951;true
Calyptomena_viridis_2;1602;1524;78;78;1.0;0.951;true
Capito_niger_1;1455;1455;0;0;1.0;1.0;true
Capito_niger_2;1455;1455;0;0;1.0;1.0;true
Caprimulgus_europaeus_1;1599;1524;75;75;1.0;0.953;true
Caprimulgus_europaeus_2;1599;1524;75;75;1.0;0.953;true
Caracara_cheriway_1;1500;1500;0;0;1.0;1.0;true
Caracara_cheriway_2;1500;1500;0;0;1.0;1.0;true
Cariama_cristata_1;1776;1524;252;252;1.0;0.858;true
Cariama_cristata_2;1776;1524;252;252;1.0;0.858;true
Casuarius_bennetti_1;1554;1524;30;30;1.0;0.98;true
Casuarius_bennetti_2;1554;1524;30;30;1.0;0.98;true
Cathartes_burrovianus_1;1503;1503;0;0;1.0;1.0;true
Cathartes_burrovianus_2;1503;1503;0;0;1.0;1.0;true
Centropus_bengalensis_1;1659;1524;135;135;1.0;0.918;true
Centropus_bengalensis_2;1659;1524;135;135;1.0;0.918;true
Chaetura_brachyura_1;1554;1524;30;30;1.0;0.98;true
Chaetura_brachyura_2;1554;1524;30;30;1.0;0.98;true
Charadrius_hiaticula_1;1422;1422;0;0;1.0;1.0;true
Charadrius_hiaticula_2;1422;1422;0;0;1.0;1.0;true
Chauna_torquata_1;1626;1524;102;102;1.0;0.937;true
Chauna_torquata_2;1626;1524;102;102;1.0;0.937;true
Chelidoptera_tenebrosa_1;1443;1443;0;0;1.0;1.0;true
Chelidoptera_tenebrosa_2;1443;1443;0;0;1.0;1.0;true
Chloroceryle_inda_1;1632;1524;108;108;1.0;0.933;true
Chloroceryle_inda_2;1632;1524;108;108;1.0;0.933;true
Chordeiles_pusillus_1;1692;1524;168;168;1.0;0.9;true
Chordeiles_pusillus_2;1692;1524;168;168;1.0;0.9;true
Chroicocephalus_cirrocephalus_1;1650;1524;126;126;1.0;0.923;true
Chroicocephalus_cirrocephalus_2;1650;1524;126;126;1.0;0.923;true
Chunga_burmeisteri_1;1815;1524;291;291;1.0;0.839;true
Chunga_burmeisteri_2;1815;1524;291;291;1.0;0.839;true
Ciconia_nigra_1;1611;1524;87;87;1.0;0.945;true
Ciconia_nigra_2;1611;1524;87;87;1.0;0.945;true
Climacteris_melanura_1;1515;1500;15;15;1.0;0.99;true
Climacteris_melanura_2;1515;1500;15;15;1.0;0.99;true
Coccyzus_melacoryphus_1;1515;1515;0;0;1.0;1.0;true
Coccyzus_melacoryphus_2;1515;1515;0;0;1.0;1.0;true
Colinus_cristatus_1;1650;1512;138;138;1.0;0.916;true
Colinus_cristatus_2;1650;1512;138;138;1.0;0.916;true
Colius_colius_1;1449;1449;0;0;1.0;1.0;true
Colius_colius_2;1449;1449;0;0;1.0;1.0;true
Columba_livia_1;1539;1524;15;15;1.0;0.99;true
Columba_livia_2;1539;1524;15;15;1.0;0.99;true
Columbina_minuta_1;1581;1524;57;57;1.0;0.963;true
Columbina_minuta_2;1581;1524;57;57;1.0;0.963;true
Coracias_cyanogaster_1;1719;1524;195;195;1.0;0.886;true
Coracias_cyanogaster_2;1719;1524;195;195;1.0;0.886;true
Corvus_albus_1;1434;1419;15;15;1.0;0.989;true
Corvus_albus_2;1434;1419;15;15;1.0;0.989;true
Corythaeola_cristata_1;1473;1473;0;0;1.0;1.0;true
Corythaeola_cristata_2;1473;1473;0;0;1.0;1.0;true
Cotinga_cayana_1;1503;1503;0;0;1.0;1.0;true
Cotinga_cayana_2;1503;1503;0;0;1.0;1.0;true
Crax_alector_1;1575;1524;51;51;1.0;0.967;true
Crax_alector_2;1575;1524;51;51;1.0;0.967;true
Crocodylus_porosus_1;1533;1503;30;30;1.0;0.98;true
Crocodylus_porosus_2;1533;1503;30;30;1.0;0.98;true
Cryptopipo_aenigma_1;855;825;30;30;1.0;0.964;true
Cryptopipo_aenigma_2;855;825;30;30;1.0;0.964;true
Crypturellus_tataupa_1;1485;1485;0;0;1.0;1.0;true
Crypturellus_tataupa_2;1485;1485;0;0;1.0;1.0;true
Cuculus_optatus_1;1677;1524;153;153;1.0;0.908;true
Cuculus_optatus_2;1677;1524;153;153;1.0;0.908;true
Dendrocygna_viduata_1;1575;1524;51;51;1.0;0.967;true
Dendrocygna_viduata_2;1575;1524;51;51;1.0;0.967;true
Deroptyus_accipitrinus_1;1479;1467;12;12;1.0;0.991;true
Deroptyus_accipitrinus_2;1479;1467;12;12;1.0;0.991;true
Dromaius_novaehollandiae_1;1632;1524;108;108;1.0;0.933;true
Dromaius_novaehollandiae_2;1632;1524;108;108;1.0;0.933;true
Elaenia_flavogaster_1;1566;1524;42;42;1.0;0.973;true
Elaenia_flavogaster_2;1566;1524;42;42;1.0;0.973;true
Elanus_leucurus_1;1491;1437;54;54;1.0;0.963;true
Elanus_leucurus_2;1491;1437;54;54;1.0;0.963;true
Eudromia_elegans_1;1581;1491;90;90;1.0;0.943;true
Eudromia_elegans_2;1581;1491;90;90;1.0;0.943;true
Eurostopodus_macrotis_1;1641;1524;117;117;1.0;0.928;true
Eurostopodus_macrotis_2;1641;1524;117;117;1.0;0.928;true
Eurylaimus_ochromalus_1;1491;1491;0;0;1.0;1.0;true
Eurylaimus_ochromalus_2;1491;1491;0;0;1.0;1.0;true
Eurypyga_helias_1;1572;1524;48;48;1.0;0.969;true
Eurypyga_helias_2;1572;1524;48;48;1.0;0.969;true
Falco_sparverius_1;1632;1524;108;108;1.0;0.933;true
Falco_sparverius_2;1632;1524;108;108;1.0;0.933;true
Fregata_magnificens_1;1656;1518;138;138;1.0;0.916;true
Fregata_magnificens_2;1656;1518;138;138;1.0;0.916;true
Fringilla_coelebs_1;1578;1524;54;54;1.0;0.965;true
Fringilla_coelebs_2;1578;1524;54;54;1.0;0.965;true
Fulmarus_glacialoides_1;1554;1524;30;30;1.0;0.98;true
Fulmarus_glacialoides_2;1554;1524;30;30;1.0;0.98;true
Furnarius_rufus_1;1590;1524;66;66;1.0;0.958;true
Furnarius_rufus_2;1590;1524;66;66;1.0;0.958;true
Galbula_dea_1;1545;1515;30;30;1.0;0.98;true
Galbula_dea_2;1545;1515;30;30;1.0;0.98;true
Gallus_gallus_1;1653;1524;129;129;1.0;0.921;true
Gallus_gallus_2;1653;1524;129;129;1.0;0.921;true
Gavia_immer_1;1575;1524;51;51;1.0;0.967;true
Gavia_immer_2;1575;1524;51;51;1.0;0.967;true
Glareola_nuchalis_1;1611;1524;87;87;1.0;0.945;true
Glareola_nuchalis_2;1611;1524;87;87;1.0;0.945;true
Grus_canadensis_1;1551;1524;27;27;1.0;0.982;true
Grus_canadensis_2;1551;1524;27;27;1.0;0.982;true
Haematopus_palliatus_1;1665;1524;141;141;1.0;0.915;true
Haematopus_palliatus_2;1665;1524;141;141;1.0;0.915;true
Heliornis_fulica_1;1728;1524;204;204;1.0;0.881;true
Heliornis_fulica_2;1728;1524;204;204;1.0;0.881;true
Hemiprocne_comata_1;1626;1524;102;102;1.0;0.937;true
Hemiprocne_comata_2;1626;1524;102;102;1.0;0.937;true
Hirundinea_ferruginea_1;1569;1524;45;45;1.0;0.971;true
Hirundinea_ferruginea_2;1569;1524;45;45;1.0;0.971;true
Hymenops_perspicillatus_1;1665;1512;153;153;1.0;0.908;true
Hymenops_perspicillatus_2;1665;1512;153;153;1.0;0.908;true
Ibycter_americanus_1;1590;1524;66;66;1.0;0.958;true
Ibycter_americanus_2;1590;1524;66;66;1.0;0.958;true
Indicator_exilis_1;1647;1524;123;123;1.0;0.925;true
Indicator_exilis_2;1647;1524;123;123;1.0;0.925;true
Ixobrychus_minutus_1;1392;1392;0;0;1.0;1.0;true
Ixobrychus_minutus_2;1392;1392;0;0;1.0;1.0;true
Jacana_jacana_1;1572;1518;54;54;1.0;0.965;true
Jacana_jacana_2;1572;1518;54;54;1.0;0.965;true
Jynx_torquilla_1;1680;1524;156;156;1.0;0.907;true
Jynx_torquilla_2;1680;1524;156;156;1.0;0.907;true
Leipoa_ocellata_1;1542;1524;18;18;1.0;0.988;true
Leipoa_ocellata_2;1542;1524;18;18;1.0;0.988;true
Lepidocolaptes_angustirostr_1;1572;1524;48;48;1.0;0.969;true
Lepidocolaptes_angustirostr_2;1572;1524;48;48;1.0;0.969;true
Leptoptilos_crumeniferus_1;738;738;0;0;1.0;1.0;true
Leptoptilos_crumeniferus_2;738;738;0;0;1.0;1.0;true
Leptosomus_discolor_1;1617;1524;93;93;1.0;0.942;true
Leptosomus_discolor_2;1617;1524;93;93;1.0;0.942;true
Leptotila_rufaxilla_1;1638;1524;114;114;1.0;0.93;true
Leptotila_rufaxilla_2;1638;1524;114;114;1.0;0.93;true
Limosa_lapponica_1;1686;1524;162;162;1.0;0.903;true
Limosa_lapponica_2;1686;1524;162;162;1.0;0.903;true
Lophorina_superba_1;1455;1440;15;15;1.0;0.989;true
Lophorina_superba_2;1455;1440;15;15;1.0;0.989;true
Malurus_splendens_1;1461;1446;15;15;1.0;0.989;true
Malurus_splendens_2;1461;1446;15;15;1.0;0.989;true
Megalaima_chrysopogon_1;1608;1524;84;84;1.0;0.947;true
Megalaima_chrysopogon_2;1608;1524;84;84;1.0;0.947;true
Melanopareia_maximilian_1;1695;1524;171;171;1.0;0.899;true
Melanopareia_maximilian_2;1695;1524;171;171;1.0;0.899;true
Menura_novaehollandiae_1;1749;1524;225;225;1.0;0.871;true
Menura_novaehollandiae_2;1749;1524;225;225;1.0;0.871;true
Merops_muelleri_1;1695;1524;171;171;1.0;0.899;true
Merops_muelleri_2;1695;1524;171;171;1.0;0.899;true
Mesitornis_unicolor_1;1620;1524;96;96;1.0;0.94;true
Mesitornis_unicolor_2;1620;1524;96;96;1.0;0.94;true
Micrastur_gilvicollis_1;1509;1509;0;0;1.0;1.0;true
Micrastur_gilvicollis_2;1509;1509;0;0;1.0;1.0;true
Micropygia_schomburgkii_1;1629;1524;105;105;1.0;0.935;true
Micropygia_schomburgkii_2;1629;1524;105;105;1.0;0.935;true
Momotus_lessonii_1;1506;1467;39;39;1.0;0.974;true
Momotus_lessonii_2;1506;1467;39;39;1.0;0.974;true
Monias_benschi_1;1716;1524;192;192;1.0;0.888;true
Monias_benschi_2;1716;1524;192;192;1.0;0.888;true
Morus_serrator_1;1542;1518;24;24;1.0;0.984;true
Morus_serrator_2;1542;1518;24;24;1.0;0.984;true
Myiobius_barbatus_1;1572;1524;48;48;1.0;0.969;true
Myiobius_barbatus_2;1572;1524;48;48;1.0;0.969;true
Myrmornis_torquata_1;1554;1524;30;30;1.0;0.98;true
Myrmornis_torquata_2;1554;1524;30;30;1.0;0.98;true
Myrmothera_campanisona_1;1296;1296;0;0;1.0;1.0;true
Myrmothera_campanisona_2;1296;1296;0;0;1.0;1.0;true
Neodrepanis_coruscans_1;1647;1524;123;123;1.0;0.925;true
Neodrepanis_coruscans_2;1647;1524;123;123;1.0;0.925;true
Neopelma_chrysocephalum_1;1611;1524;87;87;1.0;0.945;true
Neopelma_chrysocephalum_2;1611;1524;87;87;1.0;0.945;true
Nestor_meridionalis_1;1620;1524;96;96;1.0;0.94;true
Nestor_meridionalis_2;1620;1524;96;96;1.0;0.94;true
Nothoprocta_ornata_1;1674;1503;171;171;1.0;0.897;true
Nothoprocta_ornata_2;1674;1503;171;171;1.0;0.897;true
Numida_malagris_1;1542;1524;18;18;1.0;0.988;true
Numida_malagris_2;1542;1524;18;18;1.0;0.988;true
Nyctibius_griseus_1;1647;1524;123;123;1.0;0.925;true
Nyctibius_griseus_2;1647;1524;123;123;1.0;0.925;true
Oceanites_oceanicus_1;1710;1524;186;186;1.0;0.891;true
Oceanites_oceanicus_2;1710;1524;186;186;1.0;0.891;true
Oceanodroma_leucorhoa_1;1554;1524;30;30;1.0;0.98;true
Oceanodroma_leucorhoa_2;1554;1524;30;30;1.0;0.98;true
Odontophorus_gujanensis_1;1092;984;108;108;1.0;0.901;true
Odontophorus_gujanensis_2;1092;984;108;108;1.0;0.901;true
Opisthocomus_hoazin_1;1644;1524;120;120;1.0;0.927;true
Opisthocomus_hoazin_2;1644;1524;120;120;1.0;0.927;true
Ortalis_motmot_1;1554;1524;30;30;1.0;0.98;true
Ortalis_motmot_2;1554;1524;30;30;1.0;0.98;true
Oxyruncus_cristatus_1;1581;1524;57;57;1.0;0.963;true
Oxyruncus_cristatus_2;1581;1524;57;57;1.0;0.963;true
Oxyura_jamaicensis_1;1698;1524;174;174;1.0;0.897;true
Oxyura_jamaicensis_2;1698;1524;174;174;1.0;0.897;true
Pandion_haliaetus_1;1086;1086;0;0;1.0;1.0;true
Pandion_haliaetus_2;1086;1086;0;0;1.0;1.0;true
Pedionomus_torquatus_1;1650;1524;126;126;1.0;0.923;true
Pedionomus_torquatus_2;1650;1524;126;126;1.0;0.923;true
Pelagodroma_marina_1;702;693;9;9;1.0;0.987;true
Pelagodroma_marina_2;702;693;9;9;1.0;0.987;true
Pelecanoides_urinatrix_1;1626;1524;102;102;1.0;0.937;true
Pelecanoides_urinatrix_2;1626;1524;102;102;1.0;0.937;true
Pelecanus_occidentalis_1;1593;1524;69;69;1.0;0.956;true
Pelecanus_occidentalis_2;1593;1524;69;69;1.0;0.956;true
Phaethon_rubricauda_1;1569;1524;45;45;1.0;0.971;true
Phaethon_rubricauda_2;1569;1524;45;45;1.0;0.971;true
Phaethornis_superciliosus_1;1512;1512;0;0;1.0;1.0;true
Phaethornis_superciliosus_2;1512;1512;0;0;1.0;1.0;true
Phalacrocorax_brasili_1;1635;1518;117;117;1.0;0.928;true
Phalacrocorax_brasili_2;1635;1518;117;117;1.0;0.928;true
Phoebastria_nigripes_1;1425;1425;0;0;1.0;1.0;true
Phoebastria_nigripes_2;1425;1425;0;0;1.0;1.0;true
Phoenicopterus_ruber_1;1329;1329;0;0;1.0;1.0;true
Phoenicopterus_ruber_2;1329;1329;0;0;1.0;1.0;true
Phoeniculus_purpureus_1;1569;1524;45;45;1.0;0.971;true
Phoeniculus_purpureus_2;1569;1524;45;45;1.0;0.971;true
Picus_canus_1;1710;1524;186;186;1.0;0.891;true
Picus_canus_2;1710;1524;186;186;1.0;0.891;true
Pipra_erythrocephala_1;1494;1494;0;0;1.0;1.0;true
Pipra_erythrocephala_2;1494;1494;0;0;1.0;1.0;true
Piprites_chloris_1;1554;1524;30;30;1.0;0.98;true
Piprites_chloris_2;1554;1524;30;30;1.0;0.98;true
Pitta_angolensis_1;1623;1500;123;123;1.0;0.924;true
Pitta_angolensis_2;1623;1500;123;123;1.0;0.924;true
Podargus_strigoides_1;1635;1524;111;111;1.0;0.932;true
Podargus_strigoides_2;1635;1524;111;111;1.0;0.932;true
Poecile_lugubris_1;966;936;30;30;1.0;0.968;true
Poecile_lugubris_2;966;936;30;30;1.0;0.968;true
Porphyrio_porphyrio_1;1683;1524;159;159;1.0;0.905;true
Porphyrio_porphyrio_2;1683;1524;159;159;1.0;0.905;true
Probosciger_aterrimus_1;1530;1524;6;6;1.0;0.996;true
Probosciger_aterrimus_2;1530;1524;6;6;1.0;0.996;true
Psittacus_erithacus_1;1653;1524;129;129;1.0;0.921;true
Psittacus_erithacus_2;1653;1524;129;129;1.0;0.921;true
Psittrichas_fulgidus_1;789;777;12;12;1.0;0.984;true
Psittrichas_fulgidus_2;789;777;12;12;1.0;0.984;true
Psophia_crepitans_1;1650;1524;126;126;1.0;0.923;true
Psophia_crepitans_2;1650;1524;126;126;1.0;0.923;true
Pterocles_bicinctus_1;1635;1518;117;117;1.0;0.928;true
Pterocles_bicinctus_2;1635;1518;117;117;1.0;0.928;true
Pterodroma_externa_1;1587;1524;63;63;1.0;0.96;true
Pterodroma_externa_2;1587;1524;63;63;1.0;0.96;true
Ptilinopus_magnificus_1;1602;1524;78;78;1.0;0.951;true
Ptilinopus_magnificus_2;1602;1524;78;78;1.0;0.951;true
Ptilonorhynchus_violaceus_1;1599;1524;75;75;1.0;0.953;true
Ptilonorhynchus_violaceus_2;1599;1524;75;75;1.0;0.953;true
Puffinus_griseus_1;1602;1524;78;78;1.0;0.951;true
Puffinus_griseus_2;1602;1524;78;78;1.0;0.951;true
Pycnonotus_macrotis_1;1566;1518;48;48;1.0;0.969;true
Pycnonotus_macrotis_2;1566;1518;48;48;1.0;0.969;true
Rallus_longirostris_1;1239;1239;0;0;1.0;1.0;true
Rallus_longirostris_2;1239;1239;0;0;1.0;1.0;true
Ramphastos_ambiguus_1;1707;1524;183;183;1.0;0.892;true
Ramphastos_ambiguus_2;1707;1524;183;183;1.0;0.892;true
Recurvirostra_americana_1;1698;1524;174;174;1.0;0.897;true
Recurvirostra_americana_2;1698;1524;174;174;1.0;0.897;true
Regulus_ignicapilla_1;1653;1512;141;141;1.0;0.914;true
Regulus_ignicapilla_2;1653;1512;141;141;1.0;0.914;true
Rhea_americana_1;1560;1497;63;63;1.0;0.959;true
Rhea_americana_2;1560;1497;63;63;1.0;0.959;true
Rhynchocyclus_olivaceus_1;1575;1524;51;51;1.0;0.967;true
Rhynchocyclus_olivaceus_2;1575;1524;51;51;1.0;0.967;true
Rollandia_rolland_1;1548;1524;24;24;1.0;0.984;true
Rollandia_rolland_2;1548;1524;24;24;1.0;0.984;true
Rollulus_rouloul_1;1476;1476;0;0;1.0;1.0;true
Rollulus_rouloul_2;1476;1476;0;0;1.0;1.0;true
Rostratula_benghalensis_1;1476;1467;9;9;1.0;0.993;true
Rostratula_benghalensis_2;1476;1467;9;9;1.0;0.993;true
Rupicola_rupicola_1;1470;1470;0;0;1.0;1.0;true
Rupicola_rupicola_2;1470;1470;0;0;1.0;1.0;true
Rynchops_niger_1;1551;1524;27;27;1.0;0.982;true
Rynchops_niger_2;1551;1524;27;27;1.0;0.982;true
Sagittarius_serpentarius_1;1383;1383;0;0;1.0;1.0;true
Sagittarius_serpentarius_2;1383;1383;0;0;1.0;1.0;true
Sarothrura_rufa_1;1122;1008;114;114;1.0;0.898;true
Sarothrura_rufa_2;1122;1008;114;114;1.0;0.898;true
Schiffornis_turdina_1;1518;1518;0;0;1.0;1.0;true
Schiffornis_turdina_2;1518;1518;0;0;1.0;1.0;true
Sclerurus_mexicanus_1;1677;1524;153;153;1.0;0.908;true
Sclerurus_mexicanus_2;1677;1524;153;153;1.0;0.908;true
Scopus_umbretta_1;1566;1518;48;48;1.0;0.969;true
Scopus_umbretta_2;1566;1518;48;48;1.0;0.969;true
Sericulus_bakeri_1;1608;1524;84;84;1.0;0.947;true
Sericulus_bakeri_2;1608;1524;84;84;1.0;0.947;true
Smithornis_rufolateralis_1;1854;1524;330;330;1.0;0.822;true
Smithornis_rufolateralis_2;1854;1524;330;330;1.0;0.822;true
Spheniscus_humboldti_1;540;540;0;0;1.0;1.0;true
Spheniscus_humboldti_2;540;540;0;0;1.0;1.0;true
Spizella_arborea_1;1068;1053;15;15;1.0;0.985;true
Spizella_arborea_2;1068;1053;15;15;1.0;0.985;true
Sterna_hirundo_1;1506;1494;12;12;1.0;0.992;true
Sterna_hirundo_2;1506;1494;12;12;1.0;0.992;true
Streptoprocne_zonaris_1;1515;1515;0;0;1.0;1.0;true
Streptoprocne_zonaris_2;1515;1515;0;0;1.0;1.0;true
Strix_varia_1;1500;1500;0;0;1.0;1.0;true
Strix_varia_2;1500;1500;0;0;1.0;1.0;true
Struthio_camelus_1;1554;1524;30;30;1.0;0.98;true
Struthio_camelus_2;1554;1524;30;30;1.0;0.98;true
Sylvia_melanocephala_1;1497;1497;0;0;1.0;1.0;true
Sylvia_melanocephala_2;1497;1497;0;0;1.0;1.0;true
Syrrhaptes_paradoxus_1;1137;1137;0;0;1.0;1.0;true
Syrrhaptes_paradoxus_2;1137;1137;0;0;1.0;1.0;true
Tapera_naevia_1;951;951;0;0;1.0;1.0;true
Tapera_naevia_2;951;951;0;0;1.0;1.0;true
Tauraco_macrorhynchus_1;1527;1524;3;3;1.0;0.998;true
Tauraco_macrorhynchus_2;1527;1524;3;3;1.0;0.998;true
Terenura_callinota_1;1632;1524;108;108;1.0;0.933;true
Terenura_callinota_2;1632;1524;108;108;1.0;0.933;true
Thamnophilus_ruficapillu_1;1542;1524;18;18;1.0;0.988;true
Thamnophilus_ruficapillu_2;1542;1524;18;18;1.0;0.988;true
Theristicus_caerulescens_1;1101;1101;0;0;1.0;1.0;true
Theristicus_caerulescens_2;1101;1101;0;0;1.0;1.0;true
Tigrisoma_lineatum_1;1665;1524;141;141;1.0;0.915;true
Tigrisoma_lineatum_2;1665;1524;141;141;1.0;0.915;true
Tinamus_major_1;1347;1347;0;0;1.0;1.0;true
Tinamus_major_2;1347;1347;0;0;1.0;1.0;true
Tityra_cayana_1;891;891;0;0;1.0;1.0;true
Tityra_cayana_2;891;891;0;0;1.0;1.0;true
Tockus_camurus_1;1446;1446;0;0;1.0;1.0;true
Tockus_camurus_2;1446;1446;0;0;1.0;1.0;true
Todus_mexicanus_1;1617;1524;93;93;1.0;0.942;true
Todus_mexicanus_2;1617;1524;93;93;1.0;0.942;true
Topaza_pella_1;1596;1518;78;78;1.0;0.951;true
Topaza_pella_2;1596;1518;78;78;1.0;0.951;true
Treron_calvus_1;1518;1518;0;0;1.0;1.0;true
Treron_calvus_2;1518;1518;0;0;1.0;1.0;true
Tringa_solitaria_1;1533;1524;9;9;1.0;0.994;true
Tringa_solitaria_2;1533;1524;9;9;1.0;0.994;true
Trogon_elegans_1;1656;1524;132;132;1.0;0.92;true
Trogon_elegans_2;1656;1524;132;132;1.0;0.92;true
Turdus_olivater_1;1755;1524;231;231;1.0;0.868;true
Turdus_olivater_2;1755;1524;231;231;1.0;0.868;true
Turnix_ocellata_1;1659;1503;156;156;1.0;0.905;true
Turnix_ocellata_2;1659;1503;156;156;1.0;0.905;true
Tyrannus_albogularis_1;1650;1524;126;126;1.0;0.923;true
Tyrannus_albogularis_2;1650;1524;126;126;1.0;0.923;true
Tyto_alba_1;759;759;0;0;1.0;1.0;true
Tyto_alba_2;759;759;0;0;1.0;1.0;true
Upupa_epops_1;795;759;36;36;1.0;0.954;true
Upupa_epops_2;795;759;36;36;1.0;0.954;true
Uria_aalge_1;1110;1014;96;96;1.0;0.913;true
Uria_aalge_2;1110;1014;96;96;1.0;0.913;true
Urocolius_indicus_1;1647;1524;123;123;1.0;0.925;true
Urocolius_indicus_2;1647;1524;123;123;1.0;0.925;true
Vultur_gryphus_1;1395;1395;0;0;1.0;1.0;true
Vultur_gryphus_2;1395;1395;0;0;1.0;1.0;true
