seqName;initialSeqLength;nbKeep;nbTrim;nbInformativeTrim;percentKeepExcludingExtremities;percentKeepIncludingExtremities;keptSequences
Acanthisitta_chloris_1;1308;1308;0;0;1.0;1.0;true
Acanthisitta_chloris_2;1308;1308;0;0;1.0;1.0;true
Accipiter_superciliosus_1;1308;1308;0;0;1.0;1.0;true
Accipiter_superciliosus_2;1308;1308;0;0;1.0;1.0;true
Aegotheles_insignis_1;1311;1308;3;3;1.0;0.997;true
Aegotheles_insignis_2;1311;1308;3;3;1.0;0.997;true
Alcedo_quadribrachys_1;1308;1308;0;0;1.0;1.0;true
Alcedo_quadribrachys_2;1308;1308;0;0;1.0;1.0;true
Anas_superciliosa_1;1311;1308;3;3;1.0;0.997;true
Anas_superciliosa_2;1311;1308;3;3;1.0;0.997;true
Anhinga_anhinga_1;1308;1308;0;0;1.0;1.0;true
Anhinga_anhinga_2;1308;1308;0;0;1.0;1.0;true
Anser_canagicus_1;1311;1308;3;3;1.0;0.997;true
Anser_canagicus_2;1311;1308;3;3;1.0;0.997;true
Anseranas_semipalmata_1;1308;1308;0;0;1.0;1.0;true
Anseranas_semipalmata_2;1308;1308;0;0;1.0;1.0;true
Apaloderma_aequatoriale_1;1308;1308;0;0;1.0;1.0;true
Apaloderma_aequatoriale_2;1308;1308;0;0;1.0;1.0;true
Apteryx_sp._1;1308;1308;0;0;1.0;1.0;true
Apteryx_sp._2;1308;1308;0;0;1.0;1.0;true
Aramus_guarauna_1;1308;1308;0;0;1.0;1.0;true
Aramus_guarauna_2;1308;1308;0;0;1.0;1.0;true
Archilochus_colubris_1;1308;1308;0;0;1.0;1.0;true
Archilochus_colubris_2;1308;1308;0;0;1.0;1.0;true
Ardea_herodias_1;1308;1308;0;0;1.0;1.0;true
Ardea_herodias_2;1308;1308;0;0;1.0;1.0;true
Ardeotis_kori_1;1308;1308;0;0;1.0;1.0;true
Ardeotis_kori_2;1308;1308;0;0;1.0;1.0;true
Arenaria_interpres_1;1308;1308;0;0;1.0;1.0;true
Arenaria_interpres_2;1308;1308;0;0;1.0;1.0;true
Atelornis_pittoides_1;1314;1308;6;6;1.0;0.995;true
Atelornis_pittoides_2;1314;1308;6;6;1.0;0.995;true
Aythya_valisineria_1;1311;1308;3;3;1.0;0.997;true
Aythya_valisineria_2;1311;1308;3;3;1.0;0.997;true
Balaeniceps_rex_1;1308;1308;0;0;1.0;1.0;true
Balaeniceps_rex_2;1308;1308;0;0;1.0;1.0;true
Balearica_regulorum_1;795;795;0;0;1.0;1.0;true
Balearica_regulorum_2;795;795;0;0;1.0;1.0;true
Barnardius_zonarius_1;516;516;0;0;1.0;1.0;true
Barnardius_zonarius_2;516;516;0;0;1.0;1.0;true
Bonasa_umbellus_1;1308;1308;0;0;1.0;1.0;true
Bonasa_umbellus_2;1308;1308;0;0;1.0;1.0;true
Buccanodon_duchaillui_1;1314;1308;6;6;1.0;0.995;true
Buccanodon_duchaillui_2;1314;1308;6;6;1.0;0.995;true
Bucco_capensis_1;1314;1308;6;6;1.0;0.995;true
Bucco_capensis_2;1314;1308;6;6;1.0;0.995;true
Bucorvus_leadbeateri_1;1314;1308;6;6;1.0;0.995;true
Bucorvus_leadbeateri_2;1314;1308;6;6;1.0;0.995;true
Burhinus_oedicnemus_1;1314;1308;6;6;1.0;0.995;true
Burhinus_oedicnemus_2;1314;1308;6;6;1.0;0.995;true
Buteo_jamaicensis_1;1308;1308;0;0;1.0;1.0;true
Buteo_jamaicensis_2;1308;1308;0;0;1.0;1.0;true
Caiman_croccodilus_1;1308;1308;0;0;1.0;1.0;true
Caiman_croccodilus_2;1308;1308;0;0;1.0;1.0;true
Calandrella_brachydactyla_1;1308;1308;0;0;1.0;1.0;true
Calandrella_brachydactyla_2;1308;1308;0;0;1.0;1.0;true
Calyptomena_viridis_1;1308;1308;0;0;1.0;1.0;true
Calyptomena_viridis_2;1308;1308;0;0;1.0;1.0;true
Capito_niger_1;1314;1308;6;6;1.0;0.995;true
Capito_niger_2;1314;1308;6;6;1.0;0.995;true
Caprimulgus_europaeus_1;1314;1308;6;6;1.0;0.995;true
Caprimulgus_europaeus_2;1314;1308;6;6;1.0;0.995;true
Caracara_cheriway_1;1308;1308;0;0;1.0;1.0;true
Caracara_cheriway_2;1308;1308;0;0;1.0;1.0;true
Cariama_cristata_1;1308;1308;0;0;1.0;1.0;true
Cariama_cristata_2;1308;1308;0;0;1.0;1.0;true
Casuarius_bennetti_1;1308;1308;0;0;1.0;1.0;true
Casuarius_bennetti_2;1308;1308;0;0;1.0;1.0;true
Cathartes_burrovianus_1;1308;1308;0;0;1.0;1.0;true
Cathartes_burrovianus_2;1308;1308;0;0;1.0;1.0;true
Centropus_bengalensis_1;1311;1308;3;3;1.0;0.997;true
Centropus_bengalensis_2;1311;1308;3;3;1.0;0.997;true
Chaetura_brachyura_1;1308;1308;0;0;1.0;1.0;true
Chaetura_brachyura_2;1308;1308;0;0;1.0;1.0;true
Charadrius_hiaticula_1;1308;1308;0;0;1.0;1.0;true
Charadrius_hiaticula_2;1308;1308;0;0;1.0;1.0;true
Chauna_torquata_1;1308;1308;0;0;1.0;1.0;true
Chauna_torquata_2;1308;1308;0;0;1.0;1.0;true
Chelidoptera_tenebrosa_1;1314;1308;6;6;1.0;0.995;true
Chelidoptera_tenebrosa_2;1314;1308;6;6;1.0;0.995;true
Chloroceryle_inda_1;1314;1308;6;6;1.0;0.995;true
Chloroceryle_inda_2;1314;1308;6;6;1.0;0.995;true
Chordeiles_pusillus_1;1314;1308;6;6;1.0;0.995;true
Chordeiles_pusillus_2;1314;1308;6;6;1.0;0.995;true
Chroicocephalus_cirrocephalus_1;1308;1308;0;0;1.0;1.0;true
Chroicocephalus_cirrocephalus_2;1308;1308;0;0;1.0;1.0;true
Chunga_burmeisteri_1;1308;1308;0;0;1.0;1.0;true
Chunga_burmeisteri_2;1308;1308;0;0;1.0;1.0;true
Ciconia_nigra_1;1308;1308;0;0;1.0;1.0;true
Ciconia_nigra_2;1308;1308;0;0;1.0;1.0;true
Climacteris_melanura_1;1311;1308;3;3;1.0;0.997;true
Climacteris_melanura_2;1311;1308;3;3;1.0;0.997;true
Coccyzus_melacoryphus_1;1308;1308;0;0;1.0;1.0;true
Coccyzus_melacoryphus_2;1308;1308;0;0;1.0;1.0;true
Colinus_cristatus_1;1311;1308;3;3;1.0;0.997;true
Colinus_cristatus_2;1311;1308;3;3;1.0;0.997;true
Colius_colius_1;732;732;0;0;1.0;1.0;true
Colius_colius_2;732;732;0;0;1.0;1.0;true
Columba_livia_1;1308;1308;0;0;1.0;1.0;true
Columba_livia_2;1308;1308;0;0;1.0;1.0;true
Columbina_minuta_1;1308;1308;0;0;1.0;1.0;true
Columbina_minuta_2;1308;1308;0;0;1.0;1.0;true
Coracias_cyanogaster_1;1314;1308;6;6;1.0;0.995;true
Coracias_cyanogaster_2;1314;1308;6;6;1.0;0.995;true
Corvus_albus_1;1308;1308;0;0;1.0;1.0;true
Corvus_albus_2;1308;1308;0;0;1.0;1.0;true
Corythaeola_cristata_1;1311;1308;3;3;1.0;0.997;true
Corythaeola_cristata_2;1311;1308;3;3;1.0;0.997;true
Cotinga_cayana_1;1308;1308;0;0;1.0;1.0;true
Cotinga_cayana_2;1308;1308;0;0;1.0;1.0;true
Crax_alector_1;1311;1308;3;3;1.0;0.997;true
Crax_alector_2;1311;1308;3;3;1.0;0.997;true
Crocodylus_porosus_1;1308;1308;0;0;1.0;1.0;true
Crocodylus_porosus_2;1308;1308;0;0;1.0;1.0;true
Cryptopipo_aenigma_1;1308;1308;0;0;1.0;1.0;true
Cryptopipo_aenigma_2;1308;1308;0;0;1.0;1.0;true
Crypturellus_tataupa_1;1308;1308;0;0;1.0;1.0;true
Crypturellus_tataupa_2;1308;1308;0;0;1.0;1.0;true
Cuculus_optatus_1;1308;1308;0;0;1.0;1.0;true
Cuculus_optatus_2;1308;1308;0;0;1.0;1.0;true
Dendrocygna_viduata_1;759;759;0;0;1.0;1.0;true
Dendrocygna_viduata_2;759;759;0;0;1.0;1.0;true
Deroptyus_accipitrinus_1;1308;1308;0;0;1.0;1.0;true
Deroptyus_accipitrinus_2;1308;1308;0;0;1.0;1.0;true
Dromaius_novaehollandiae_1;1308;1308;0;0;1.0;1.0;true
Dromaius_novaehollandiae_2;1308;1308;0;0;1.0;1.0;true
Elaenia_flavogaster_1;1308;1308;0;0;1.0;1.0;true
Elaenia_flavogaster_2;1308;1308;0;0;1.0;1.0;true
Elanus_leucurus_1;1308;1308;0;0;1.0;1.0;true
Elanus_leucurus_2;1308;1308;0;0;1.0;1.0;true
Eudromia_elegans_1;1314;1308;6;6;1.0;0.995;true
Eudromia_elegans_2;1314;1308;6;6;1.0;0.995;true
Eurostopodus_macrotis_1;1308;1308;0;0;1.0;1.0;true
Eurostopodus_macrotis_2;1308;1308;0;0;1.0;1.0;true
Eurylaimus_ochromalus_1;570;570;0;0;1.0;1.0;true
Eurylaimus_ochromalus_2;570;570;0;0;1.0;1.0;true
Eurypyga_helias_1;543;543;0;0;1.0;1.0;true
Eurypyga_helias_2;543;543;0;0;1.0;1.0;true
Falco_sparverius_1;1308;1308;0;0;1.0;1.0;true
Falco_sparverius_2;1308;1308;0;0;1.0;1.0;true
Fregata_magnificens_1;726;726;0;0;1.0;1.0;true
Fregata_magnificens_2;726;726;0;0;1.0;1.0;true
Fringilla_coelebs_1;1308;1308;0;0;1.0;1.0;true
Fringilla_coelebs_2;1308;1308;0;0;1.0;1.0;true
Fulmarus_glacialoides_1;1308;1308;0;0;1.0;1.0;true
Fulmarus_glacialoides_2;1308;1308;0;0;1.0;1.0;true
Furnarius_rufus_1;1308;1308;0;0;1.0;1.0;true
Furnarius_rufus_2;1308;1308;0;0;1.0;1.0;true
Galbula_dea_1;1314;1308;6;6;1.0;0.995;true
Galbula_dea_2;1314;1308;6;6;1.0;0.995;true
Gallus_gallus_1;1311;1308;3;3;1.0;0.997;true
Gallus_gallus_2;1311;1308;3;3;1.0;0.997;true
Gavia_immer_1;1308;1308;0;0;1.0;1.0;true
Gavia_immer_2;1308;1308;0;0;1.0;1.0;true
Glareola_nuchalis_1;1308;1308;0;0;1.0;1.0;true
Glareola_nuchalis_2;1308;1308;0;0;1.0;1.0;true
Grus_canadensis_1;1308;1308;0;0;1.0;1.0;true
Grus_canadensis_2;1308;1308;0;0;1.0;1.0;true
Haematopus_palliatus_1;1308;1308;0;0;1.0;1.0;true
Haematopus_palliatus_2;1308;1308;0;0;1.0;1.0;true
Heliornis_fulica_1;1308;1308;0;0;1.0;1.0;true
Heliornis_fulica_2;1308;1308;0;0;1.0;1.0;true
Hemiprocne_comata_1;1074;1074;0;0;1.0;1.0;true
Hemiprocne_comata_2;1074;1074;0;0;1.0;1.0;true
Hirundinea_ferruginea_1;1308;1308;0;0;1.0;1.0;true
Hirundinea_ferruginea_2;1308;1308;0;0;1.0;1.0;true
Hymenops_perspicillatus_1;1230;1230;0;0;1.0;1.0;true
Hymenops_perspicillatus_2;1230;1230;0;0;1.0;1.0;true
Ibycter_americanus_1;1308;1308;0;0;1.0;1.0;true
Ibycter_americanus_2;1308;1308;0;0;1.0;1.0;true
Indicator_exilis_1;1314;1308;6;6;1.0;0.995;true
Indicator_exilis_2;1314;1308;6;6;1.0;0.995;true
Ixobrychus_minutus_1;1308;1308;0;0;1.0;1.0;true
Ixobrychus_minutus_2;1308;1308;0;0;1.0;1.0;true
Jacana_jacana_1;1308;1308;0;0;1.0;1.0;true
Jacana_jacana_2;1308;1308;0;0;1.0;1.0;true
Jynx_torquilla_1;1314;1308;6;6;1.0;0.995;true
Jynx_torquilla_2;1314;1308;6;6;1.0;0.995;true
Leipoa_ocellata_1;1311;1308;3;3;1.0;0.997;true
Leipoa_ocellata_2;1311;1308;3;3;1.0;0.997;true
Lepidocolaptes_angustirostr_1;1308;1308;0;0;1.0;1.0;true
Lepidocolaptes_angustirostr_2;1308;1308;0;0;1.0;1.0;true
Leptoptilos_crumeniferus_1;987;987;0;0;1.0;1.0;true
Leptoptilos_crumeniferus_2;987;987;0;0;1.0;1.0;true
Leptosomus_discolor_1;1308;1308;0;0;1.0;1.0;true
Leptosomus_discolor_2;1308;1308;0;0;1.0;1.0;true
Leptotila_rufaxilla_1;1308;1308;0;0;1.0;1.0;true
Leptotila_rufaxilla_2;1308;1308;0;0;1.0;1.0;true
Limosa_lapponica_1;1308;1308;0;0;1.0;1.0;true
Limosa_lapponica_2;1308;1308;0;0;1.0;1.0;true
Lophorina_superba_1;1308;1308;0;0;1.0;1.0;true
Lophorina_superba_2;1308;1308;0;0;1.0;1.0;true
Malurus_splendens_1;1314;1308;6;6;1.0;0.995;true
Malurus_splendens_2;1314;1308;6;6;1.0;0.995;true
Megalaima_chrysopogon_1;1314;1308;6;6;1.0;0.995;true
Megalaima_chrysopogon_2;1314;1308;6;6;1.0;0.995;true
Melanopareia_maximilian_1;1308;1308;0;0;1.0;1.0;true
Melanopareia_maximilian_2;1308;1308;0;0;1.0;1.0;true
Menura_novaehollandiae_1;1308;1308;0;0;1.0;1.0;true
Menura_novaehollandiae_2;1308;1308;0;0;1.0;1.0;true
Merops_muelleri_1;1314;1308;6;6;1.0;0.995;true
Merops_muelleri_2;1314;1308;6;6;1.0;0.995;true
Mesitornis_unicolor_1;1308;1308;0;0;1.0;1.0;true
Mesitornis_unicolor_2;1308;1308;0;0;1.0;1.0;true
Micrastur_gilvicollis_1;1308;1308;0;0;1.0;1.0;true
Micrastur_gilvicollis_2;1308;1308;0;0;1.0;1.0;true
Micropygia_schomburgkii_1;1308;1308;0;0;1.0;1.0;true
Micropygia_schomburgkii_2;1308;1308;0;0;1.0;1.0;true
Momotus_lessonii_1;1314;1308;6;6;1.0;0.995;true
Momotus_lessonii_2;1314;1308;6;6;1.0;0.995;true
Monias_benschi_1;1308;1308;0;0;1.0;1.0;true
Monias_benschi_2;1308;1308;0;0;1.0;1.0;true
Morus_serrator_1;1308;1308;0;0;1.0;1.0;true
Morus_serrator_2;1308;1308;0;0;1.0;1.0;true
Myiobius_barbatus_1;1308;1308;0;0;1.0;1.0;true
Myiobius_barbatus_2;1308;1308;0;0;1.0;1.0;true
Myrmornis_torquata_1;1308;1308;0;0;1.0;1.0;true
Myrmornis_torquata_2;1308;1308;0;0;1.0;1.0;true
Myrmothera_campanisona_1;867;867;0;0;1.0;1.0;true
Myrmothera_campanisona_2;867;867;0;0;1.0;1.0;true
Neodrepanis_coruscans_1;1308;1308;0;0;1.0;1.0;true
Neodrepanis_coruscans_2;1308;1308;0;0;1.0;1.0;true
Neopelma_chrysocephalum_1;1308;1308;0;0;1.0;1.0;true
Neopelma_chrysocephalum_2;1308;1308;0;0;1.0;1.0;true
Nestor_meridionalis_1;1308;1308;0;0;1.0;1.0;true
Nestor_meridionalis_2;1308;1308;0;0;1.0;1.0;true
Nothoprocta_ornata_1;1308;1308;0;0;1.0;1.0;true
Nothoprocta_ornata_2;1308;1308;0;0;1.0;1.0;true
Numida_malagris_1;1311;1308;3;3;1.0;0.997;true
Numida_malagris_2;1311;1308;3;3;1.0;0.997;true
Nyctibius_griseus_1;1308;1308;0;0;1.0;1.0;true
Nyctibius_griseus_2;1308;1308;0;0;1.0;1.0;true
Oceanites_oceanicus_1;1308;1308;0;0;1.0;1.0;true
Oceanites_oceanicus_2;1308;1308;0;0;1.0;1.0;true
Oceanodroma_leucorhoa_1;1308;1308;0;0;1.0;1.0;true
Oceanodroma_leucorhoa_2;1308;1308;0;0;1.0;1.0;true
Odontophorus_gujanensis_1;828;825;3;3;1.0;0.996;true
Odontophorus_gujanensis_2;828;825;3;3;1.0;0.996;true
Opisthocomus_hoazin_1;1308;1308;0;0;1.0;1.0;true
Opisthocomus_hoazin_2;1308;1308;0;0;1.0;1.0;true
Ortalis_motmot_1;1110;1107;3;3;1.0;0.997;true
Ortalis_motmot_2;1110;1107;3;3;1.0;0.997;true
Oxyruncus_cristatus_1;1308;1308;0;0;1.0;1.0;true
Oxyruncus_cristatus_2;1308;1308;0;0;1.0;1.0;true
Oxyura_jamaicensis_1;1311;1308;3;3;1.0;0.997;true
Oxyura_jamaicensis_2;1311;1308;3;3;1.0;0.997;true
Pandion_haliaetus_1;786;786;0;0;1.0;1.0;true
Pandion_haliaetus_2;786;786;0;0;1.0;1.0;true
Pedionomus_torquatus_1;1308;1308;0;0;1.0;1.0;true
Pedionomus_torquatus_2;1308;1308;0;0;1.0;1.0;true
Pelagodroma_marina_1;909;909;0;0;1.0;1.0;true
Pelagodroma_marina_2;909;909;0;0;1.0;1.0;true
Pelecanoides_urinatrix_1;582;582;0;0;1.0;1.0;true
Pelecanoides_urinatrix_2;582;582;0;0;1.0;1.0;true
Pelecanus_occidentalis_1;1308;1308;0;0;1.0;1.0;true
Pelecanus_occidentalis_2;1308;1308;0;0;1.0;1.0;true
Phaethon_rubricauda_1;1308;1308;0;0;1.0;1.0;true
Phaethon_rubricauda_2;1308;1308;0;0;1.0;1.0;true
Phaethornis_superciliosus_1;1308;1308;0;0;1.0;1.0;true
Phaethornis_superciliosus_2;1308;1308;0;0;1.0;1.0;true
Phalacrocorax_brasili_1;1308;1308;0;0;1.0;1.0;true
Phalacrocorax_brasili_2;1308;1308;0;0;1.0;1.0;true
Phoebastria_nigripes_1;492;492;0;0;1.0;1.0;true
Phoebastria_nigripes_2;492;492;0;0;1.0;1.0;true
Phoenicopterus_ruber_1;1308;1308;0;0;1.0;1.0;true
Phoenicopterus_ruber_2;1308;1308;0;0;1.0;1.0;true
Phoeniculus_purpureus_1;1410;1308;102;102;1.0;0.927;true
Phoeniculus_purpureus_2;1410;1308;102;102;1.0;0.927;true
Picus_canus_1;1314;1308;6;6;1.0;0.995;true
Picus_canus_2;1314;1308;6;6;1.0;0.995;true
Pipra_erythrocephala_1;1308;1308;0;0;1.0;1.0;true
Pipra_erythrocephala_2;1308;1308;0;0;1.0;1.0;true
Piprites_chloris_1;1308;1308;0;0;1.0;1.0;true
Piprites_chloris_2;1308;1308;0;0;1.0;1.0;true
Pitta_angolensis_1;1308;1308;0;0;1.0;1.0;true
Pitta_angolensis_2;1308;1308;0;0;1.0;1.0;true
Podargus_strigoides_1;1308;1308;0;0;1.0;1.0;true
Podargus_strigoides_2;1308;1308;0;0;1.0;1.0;true
Poecile_lugubris_1;495;495;0;0;1.0;1.0;true
Poecile_lugubris_2;495;495;0;0;1.0;1.0;true
Porphyrio_porphyrio_1;1299;1299;0;0;1.0;1.0;true
Porphyrio_porphyrio_2;1299;1299;0;0;1.0;1.0;true
Probosciger_aterrimus_1;693;693;0;0;1.0;1.0;true
Probosciger_aterrimus_2;693;693;0;0;1.0;1.0;true
Psittacus_erithacus_1;1308;1308;0;0;1.0;1.0;true
Psittacus_erithacus_2;1308;1308;0;0;1.0;1.0;true
Psittrichas_fulgidus_1;1308;1308;0;0;1.0;1.0;true
Psittrichas_fulgidus_2;1308;1308;0;0;1.0;1.0;true
Psophia_crepitans_1;1308;1308;0;0;1.0;1.0;true
Psophia_crepitans_2;1308;1308;0;0;1.0;1.0;true
Pterocles_bicinctus_1;1308;1308;0;0;1.0;1.0;true
Pterocles_bicinctus_2;1308;1308;0;0;1.0;1.0;true
Pterodroma_externa_1;1308;1308;0;0;1.0;1.0;true
Pterodroma_externa_2;1308;1308;0;0;1.0;1.0;true
Ptilinopus_magnificus_1;1314;1308;6;6;1.0;0.995;true
Ptilinopus_magnificus_2;1314;1308;6;6;1.0;0.995;true
Ptilonorhynchus_violaceus_1;1308;1308;0;0;1.0;1.0;true
Ptilonorhynchus_violaceus_2;1308;1308;0;0;1.0;1.0;true
Puffinus_griseus_1;1308;1308;0;0;1.0;1.0;true
Puffinus_griseus_2;1308;1308;0;0;1.0;1.0;true
Pycnonotus_macrotis_1;1308;1308;0;0;1.0;1.0;true
Pycnonotus_macrotis_2;1308;1308;0;0;1.0;1.0;true
Rallus_longirostris_1;654;654;0;0;1.0;1.0;true
Rallus_longirostris_2;654;654;0;0;1.0;1.0;true
Ramphastos_ambiguus_1;1314;1308;6;6;1.0;0.995;true
Ramphastos_ambiguus_2;1314;1308;6;6;1.0;0.995;true
Recurvirostra_americana_1;1308;1308;0;0;1.0;1.0;true
Recurvirostra_americana_2;1308;1308;0;0;1.0;1.0;true
Regulus_ignicapilla_1;1308;1308;0;0;1.0;1.0;true
Regulus_ignicapilla_2;1308;1308;0;0;1.0;1.0;true
Rhea_americana_1;1308;1308;0;0;1.0;1.0;true
Rhea_americana_2;1308;1308;0;0;1.0;1.0;true
Rhynchocyclus_olivaceus_1;1308;1308;0;0;1.0;1.0;true
Rhynchocyclus_olivaceus_2;1308;1308;0;0;1.0;1.0;true
Rollandia_rolland_1;1308;1308;0;0;1.0;1.0;true
Rollandia_rolland_2;1308;1308;0;0;1.0;1.0;true
Rollulus_rouloul_1;1311;1308;3;3;1.0;0.997;true
Rollulus_rouloul_2;1311;1308;3;3;1.0;0.997;true
Rostratula_benghalensis_1;972;972;0;0;1.0;1.0;true
Rostratula_benghalensis_2;972;972;0;0;1.0;1.0;true
Rupicola_rupicola_1;1308;1308;0;0;1.0;1.0;true
Rupicola_rupicola_2;1308;1308;0;0;1.0;1.0;true
Rynchops_niger_1;1308;1308;0;0;1.0;1.0;true
Rynchops_niger_2;1308;1308;0;0;1.0;1.0;true
Sagittarius_serpentarius_1;1308;1308;0;0;1.0;1.0;true
Sagittarius_serpentarius_2;1308;1308;0;0;1.0;1.0;true
Sarothrura_rufa_1;699;699;0;0;1.0;1.0;true
Sarothrura_rufa_2;699;699;0;0;1.0;1.0;true
Schiffornis_turdina_1;1314;1308;6;6;1.0;0.995;true
Schiffornis_turdina_2;1314;1308;6;6;1.0;0.995;true
Sclerurus_mexicanus_1;1308;1308;0;0;1.0;1.0;true
Sclerurus_mexicanus_2;1308;1308;0;0;1.0;1.0;true
Scopus_umbretta_1;609;609;0;0;1.0;1.0;true
Scopus_umbretta_2;609;609;0;0;1.0;1.0;true
Sericulus_bakeri_1;1308;1308;0;0;1.0;1.0;true
Sericulus_bakeri_2;1308;1308;0;0;1.0;1.0;true
Smithornis_rufolateralis_1;1308;1308;0;0;1.0;1.0;true
Smithornis_rufolateralis_2;1308;1308;0;0;1.0;1.0;true
Spheniscus_humboldti_1;546;546;0;0;1.0;1.0;true
Spheniscus_humboldti_2;546;546;0;0;1.0;1.0;true
Spizella_arborea_1;690;690;0;0;1.0;1.0;true
Spizella_arborea_2;690;690;0;0;1.0;1.0;true
Steatornis_caripensi_1;270;270;0;0;1.0;1.0;true
Steatornis_caripensi_2;270;270;0;0;1.0;1.0;true
Sterna_hirundo_1;1308;1308;0;0;1.0;1.0;true
Sterna_hirundo_2;1308;1308;0;0;1.0;1.0;true
Streptoprocne_zonaris_1;1308;1308;0;0;1.0;1.0;true
Streptoprocne_zonaris_2;1308;1308;0;0;1.0;1.0;true
Strix_varia_1;1308;1308;0;0;1.0;1.0;true
Strix_varia_2;1308;1308;0;0;1.0;1.0;true
Struthio_camelus_1;825;825;0;0;1.0;1.0;true
Struthio_camelus_2;825;825;0;0;1.0;1.0;true
Sylvia_melanocephala_1;1308;1308;0;0;1.0;1.0;true
Sylvia_melanocephala_2;1308;1308;0;0;1.0;1.0;true
Syrrhaptes_paradoxus_1;1308;1308;0;0;1.0;1.0;true
Syrrhaptes_paradoxus_2;1308;1308;0;0;1.0;1.0;true
Tapera_naevia_1;1308;1308;0;0;1.0;1.0;true
Tapera_naevia_2;1308;1308;0;0;1.0;1.0;true
Tauraco_macrorhynchus_1;1308;1308;0;0;1.0;1.0;true
Tauraco_macrorhynchus_2;1308;1308;0;0;1.0;1.0;true
Terenura_callinota_1;1308;1308;0;0;1.0;1.0;true
Terenura_callinota_2;1308;1308;0;0;1.0;1.0;true
Thamnophilus_ruficapillu_1;408;408;0;0;1.0;1.0;true
Thamnophilus_ruficapillu_2;408;408;0;0;1.0;1.0;true
Theristicus_caerulescens_1;1308;1308;0;0;1.0;1.0;true
Theristicus_caerulescens_2;1308;1308;0;0;1.0;1.0;true
Tigrisoma_lineatum_1;1308;1308;0;0;1.0;1.0;true
Tigrisoma_lineatum_2;1308;1308;0;0;1.0;1.0;true
Tinamus_major_1;1308;1308;0;0;1.0;1.0;true
Tinamus_major_2;1308;1308;0;0;1.0;1.0;true
Tityra_cayana_1;1308;1308;0;0;1.0;1.0;true
Tityra_cayana_2;1308;1308;0;0;1.0;1.0;true
Tockus_camurus_1;1314;1308;6;6;1.0;0.995;true
Tockus_camurus_2;1314;1308;6;6;1.0;0.995;true
Todus_mexicanus_1;1314;1308;6;6;1.0;0.995;true
Todus_mexicanus_2;1314;1308;6;6;1.0;0.995;true
Topaza_pella_1;1308;1308;0;0;1.0;1.0;true
Topaza_pella_2;1308;1308;0;0;1.0;1.0;true
Treron_calvus_1;1308;1308;0;0;1.0;1.0;true
Treron_calvus_2;1308;1308;0;0;1.0;1.0;true
Tringa_solitaria_1;1311;1308;3;3;1.0;0.997;true
Tringa_solitaria_2;1311;1308;3;3;1.0;0.997;true
Trogon_elegans_1;1308;1308;0;0;1.0;1.0;true
Trogon_elegans_2;1308;1308;0;0;1.0;1.0;true
Turdus_olivater_1;1308;1308;0;0;1.0;1.0;true
Turdus_olivater_2;1308;1308;0;0;1.0;1.0;true
Turnix_ocellata_1;1311;1308;3;3;1.0;0.997;true
Turnix_ocellata_2;1311;1308;3;3;1.0;0.997;true
Tyrannus_albogularis_1;1308;1308;0;0;1.0;1.0;true
Tyrannus_albogularis_2;1308;1308;0;0;1.0;1.0;true
Tyto_alba_1;369;369;0;0;1.0;1.0;true
Tyto_alba_2;369;369;0;0;1.0;1.0;true
Upupa_epops_1;936;846;90;90;1.0;0.903;true
Upupa_epops_2;936;846;90;90;1.0;0.903;true
Uria_aalge_1;846;846;0;0;1.0;1.0;true
Uria_aalge_2;846;846;0;0;1.0;1.0;true
Urocolius_indicus_1;1308;1308;0;0;1.0;1.0;true
Urocolius_indicus_2;1308;1308;0;0;1.0;1.0;true
Vultur_gryphus_1;1158;1158;0;0;1.0;1.0;true
Vultur_gryphus_2;1158;1158;0;0;1.0;1.0;true
