seqName;initialSeqLength;nbKeep;nbTrim;nbInformativeTrim;percentKeepExcludingExtremities;percentKeepIncludingExtremities;keptSequences
Acanthisitta_chloris_1;825;801;24;24;1.0;0.97;true
Acanthisitta_chloris_2;825;801;24;24;1.0;0.97;true
Accipiter_superciliosus_1;840;807;33;33;1.0;0.96;true
Accipiter_superciliosus_2;840;807;33;33;1.0;0.96;true
Aegotheles_insignis_1;879;807;72;72;1.0;0.918;true
Aegotheles_insignis_2;879;807;72;72;1.0;0.918;true
Alcedo_quadribrachys_1;807;807;0;0;1.0;1.0;true
Alcedo_quadribrachys_2;807;807;0;0;1.0;1.0;true
Anas_superciliosa_1;759;747;12;12;1.0;0.984;true
Anas_superciliosa_2;759;747;12;12;1.0;0.984;true
Anhinga_anhinga_1;807;807;0;0;1.0;1.0;true
Anhinga_anhinga_2;807;807;0;0;1.0;1.0;true
Anser_canagicus_1;738;708;30;30;1.0;0.959;true
Anser_canagicus_2;738;708;30;30;1.0;0.959;true
Anseranas_semipalmata_1;837;807;30;30;1.0;0.964;true
Anseranas_semipalmata_2;837;807;30;30;1.0;0.964;true
Apaloderma_aequatoriale_1;840;807;33;33;1.0;0.96;true
Apaloderma_aequatoriale_2;840;807;33;33;1.0;0.96;true
Apteryx_sp._1;471;471;0;0;1.0;1.0;true
Apteryx_sp._2;471;471;0;0;1.0;1.0;true
Aramus_guarauna_1;834;807;27;27;1.0;0.967;true
Aramus_guarauna_2;834;807;27;27;1.0;0.967;true
Archilochus_colubris_1;879;807;72;72;1.0;0.918;true
Archilochus_colubris_2;879;807;72;72;1.0;0.918;true
Ardea_herodias_1;828;807;21;21;1.0;0.974;true
Ardea_herodias_2;828;807;21;21;1.0;0.974;true
Ardeotis_kori_1;840;807;33;33;1.0;0.96;true
Ardeotis_kori_2;840;807;33;33;1.0;0.96;true
Arenaria_interpres_1;822;798;24;24;1.0;0.97;true
Arenaria_interpres_2;822;798;24;24;1.0;0.97;true
Atelornis_pittoides_1;840;807;33;33;1.0;0.96;true
Atelornis_pittoides_2;840;807;33;33;1.0;0.96;true
Aythya_valisineria_1;837;807;30;30;1.0;0.964;true
Aythya_valisineria_2;837;807;30;30;1.0;0.964;true
Balaeniceps_rex_1;813;807;6;6;1.0;0.992;true
Balaeniceps_rex_2;813;807;6;6;1.0;0.992;true
Balearica_regulorum_1;537;537;0;0;1.0;1.0;true
Balearica_regulorum_2;537;537;0;0;1.0;1.0;true
Barnardius_zonarius_1;831;807;24;24;1.0;0.971;true
Barnardius_zonarius_2;831;807;24;24;1.0;0.971;true
Bonasa_umbellus_1;837;807;30;30;1.0;0.964;true
Bonasa_umbellus_2;837;807;30;30;1.0;0.964;true
Buccanodon_duchaillui_1;831;807;24;24;1.0;0.971;true
Buccanodon_duchaillui_2;831;807;24;24;1.0;0.971;true
Bucco_capensis_1;849;798;51;51;1.0;0.939;true
Bucco_capensis_2;849;798;51;51;1.0;0.939;true
Bucorvus_leadbeateri_1;798;765;33;33;1.0;0.958;true
Bucorvus_leadbeateri_2;798;765;33;33;1.0;0.958;true
Burhinus_oedicnemus_1;840;807;33;33;1.0;0.96;true
Burhinus_oedicnemus_2;840;807;33;33;1.0;0.96;true
Buteo_jamaicensis_1;840;807;33;33;1.0;0.96;true
Buteo_jamaicensis_2;840;807;33;33;1.0;0.96;true
Calandrella_brachydactyla_1;855;807;48;48;1.0;0.943;true
Calandrella_brachydactyla_2;855;807;48;48;1.0;0.943;true
Calyptomena_viridis_1;834;807;27;27;1.0;0.967;true
Calyptomena_viridis_2;834;807;27;27;1.0;0.967;true
Capito_niger_1;579;579;0;0;1.0;1.0;true
Capito_niger_2;579;579;0;0;1.0;1.0;true
Caprimulgus_europaeus_1;840;807;33;33;1.0;0.96;true
Caprimulgus_europaeus_2;840;807;33;33;1.0;0.96;true
Caracara_cheriway_1;780;780;0;0;1.0;1.0;true
Caracara_cheriway_2;780;780;0;0;1.0;1.0;true
Cariama_cristata_1;840;807;33;33;1.0;0.96;true
Cariama_cristata_2;840;807;33;33;1.0;0.96;true
Casuarius_bennetti_1;540;540;0;0;1.0;1.0;true
Casuarius_bennetti_2;540;540;0;0;1.0;1.0;true
Cathartes_burrovianus_1;339;339;0;0;1.0;1.0;true
Cathartes_burrovianus_2;339;339;0;0;1.0;1.0;true
Centropus_bengalensis_1;840;807;33;33;1.0;0.96;true
Centropus_bengalensis_2;840;807;33;33;1.0;0.96;true
Chaetura_brachyura_1;879;807;72;72;1.0;0.918;true
Chaetura_brachyura_2;879;807;72;72;1.0;0.918;true
Charadrius_hiaticula_1;840;807;33;33;1.0;0.96;true
Charadrius_hiaticula_2;840;807;33;33;1.0;0.96;true
Chauna_torquata_1;837;807;30;30;1.0;0.964;true
Chauna_torquata_2;837;807;30;30;1.0;0.964;true
Chelidoptera_tenebrosa_1;687;681;6;6;0.991;0.991;true
Chelidoptera_tenebrosa_2;687;681;6;6;0.991;0.991;true
Chloroceryle_inda_1;771;771;0;0;1.0;1.0;true
Chloroceryle_inda_2;771;771;0;0;1.0;1.0;true
Chordeiles_pusillus_1;840;807;33;33;1.0;0.96;true
Chordeiles_pusillus_2;840;807;33;33;1.0;0.96;true
Chroicocephalus_cirrocephalus_1;747;747;0;0;1.0;1.0;true
Chroicocephalus_cirrocephalus_2;747;747;0;0;1.0;1.0;true
Chunga_burmeisteri_1;840;807;33;33;1.0;0.96;true
Chunga_burmeisteri_2;840;807;33;33;1.0;0.96;true
Ciconia_nigra_1;780;747;33;33;1.0;0.957;true
Ciconia_nigra_2;780;747;33;33;1.0;0.957;true
Climacteris_melanura_1;843;810;33;33;1.0;0.96;true
Climacteris_melanura_2;843;810;33;33;1.0;0.96;true
Coccyzus_melacoryphus_1;813;807;6;6;1.0;0.992;true
Coccyzus_melacoryphus_2;813;807;6;6;1.0;0.992;true
Colinus_cristatus_1;822;792;30;30;1.0;0.963;true
Colinus_cristatus_2;822;792;30;30;1.0;0.963;true
Colius_colius_1;810;807;3;3;1.0;0.996;true
Colius_colius_2;810;807;3;3;1.0;0.996;true
Columba_livia_1;903;798;105;105;1.0;0.883;true
Columba_livia_2;903;798;105;105;1.0;0.883;true
Columbina_minuta_1;780;780;0;0;1.0;1.0;true
Columbina_minuta_2;780;780;0;0;1.0;1.0;true
Coracias_cyanogaster_1;879;807;72;72;1.0;0.918;true
Coracias_cyanogaster_2;879;807;72;72;1.0;0.918;true
Corvus_albus_1;762;762;0;0;1.0;1.0;true
Corvus_albus_2;762;762;0;0;1.0;1.0;true
Corythaeola_cristata_1;840;807;33;33;1.0;0.96;true
Corythaeola_cristata_2;840;807;33;33;1.0;0.96;true
Cotinga_cayana_1;879;807;72;72;1.0;0.918;true
Cotinga_cayana_2;879;807;72;72;1.0;0.918;true
Crax_alector_1;837;807;30;30;1.0;0.964;true
Crax_alector_2;837;807;30;30;1.0;0.964;true
Cryptopipo_aenigma_1;741;741;0;0;1.0;1.0;true
Cryptopipo_aenigma_2;741;741;0;0;1.0;1.0;true
Crypturellus_tataupa_1;339;339;0;0;1.0;1.0;true
Crypturellus_tataupa_2;339;339;0;0;1.0;1.0;true
Cuculus_optatus_1;837;807;30;30;1.0;0.964;true
Cuculus_optatus_2;837;807;30;30;1.0;0.964;true
Dendrocygna_viduata_1;675;648;27;27;1.0;0.96;true
Dendrocygna_viduata_2;675;648;27;27;1.0;0.96;true
Deroptyus_accipitrinus_1;831;807;24;24;1.0;0.971;true
Deroptyus_accipitrinus_2;831;807;24;24;1.0;0.971;true
Dromaius_novaehollandiae_1;585;585;0;0;1.0;1.0;true
Dromaius_novaehollandiae_2;585;585;0;0;1.0;1.0;true
Elaenia_flavogaster_1;840;807;33;33;1.0;0.96;true
Elaenia_flavogaster_2;840;807;33;33;1.0;0.96;true
Elanus_leucurus_1;765;765;0;0;1.0;1.0;true
Elanus_leucurus_2;765;765;0;0;1.0;1.0;true
Eurostopodus_macrotis_1;840;807;33;33;1.0;0.96;true
Eurostopodus_macrotis_2;840;807;33;33;1.0;0.96;true
Eurylaimus_ochromalus_1;840;807;33;33;1.0;0.96;true
Eurylaimus_ochromalus_2;840;807;33;33;1.0;0.96;true
Eurypyga_helias_1;834;807;27;27;1.0;0.967;true
Eurypyga_helias_2;834;807;27;27;1.0;0.967;true
Falco_sparverius_1;840;807;33;33;1.0;0.96;true
Falco_sparverius_2;840;807;33;33;1.0;0.96;true
Fregata_magnificens_1;693;660;33;33;1.0;0.952;true
Fregata_magnificens_2;693;660;33;33;1.0;0.952;true
Fringilla_coelebs_1;855;807;48;48;1.0;0.943;true
Fringilla_coelebs_2;855;807;48;48;1.0;0.943;true
Fulmarus_glacialoides_1;880;808;72;72;1.0;0.918;true
Fulmarus_glacialoides_2;880;808;72;72;1.0;0.918;true
Furnarius_rufus_1;717;717;0;0;1.0;1.0;true
Furnarius_rufus_2;717;717;0;0;1.0;1.0;true
Galbula_dea_1;879;807;72;72;1.0;0.918;true
Galbula_dea_2;879;807;72;72;1.0;0.918;true
Gallus_gallus_1;837;807;30;30;1.0;0.964;true
Gallus_gallus_2;837;807;30;30;1.0;0.964;true
Gavia_immer_1;840;807;33;33;1.0;0.96;true
Gavia_immer_2;840;807;33;33;1.0;0.96;true
Glareola_nuchalis_1;831;798;33;33;1.0;0.96;true
Glareola_nuchalis_2;831;798;33;33;1.0;0.96;true
Grus_canadensis_1;840;807;33;33;1.0;0.96;true
Grus_canadensis_2;840;807;33;33;1.0;0.96;true
Haematopus_palliatus_1;840;807;33;33;1.0;0.96;true
Haematopus_palliatus_2;840;807;33;33;1.0;0.96;true
Heliornis_fulica_1;840;807;33;33;1.0;0.96;true
Heliornis_fulica_2;840;807;33;33;1.0;0.96;true
Hemiprocne_comata_1;690;690;0;0;1.0;1.0;true
Hemiprocne_comata_2;690;690;0;0;1.0;1.0;true
Hirundinea_ferruginea_1;825;807;18;18;1.0;0.978;true
Hirundinea_ferruginea_2;825;807;18;18;1.0;0.978;true
Hymenops_perspicillatus_1;840;807;33;33;1.0;0.96;true
Hymenops_perspicillatus_2;840;807;33;33;1.0;0.96;true
Ibycter_americanus_1;840;807;33;33;1.0;0.96;true
Ibycter_americanus_2;840;807;33;33;1.0;0.96;true
Indicator_exilis_1;780;777;3;3;0.996;0.996;true
Indicator_exilis_2;780;777;3;3;0.996;0.996;true
Ixobrychus_minutus_1;765;732;33;33;1.0;0.956;true
Ixobrychus_minutus_2;765;732;33;33;1.0;0.956;true
Jacana_jacana_1;831;798;33;33;1.0;0.96;true
Jacana_jacana_2;831;798;33;33;1.0;0.96;true
Jynx_torquilla_1;657;657;0;0;1.0;1.0;true
Jynx_torquilla_2;657;657;0;0;1.0;1.0;true
Leipoa_ocellata_1;681;681;0;0;1.0;1.0;true
Leipoa_ocellata_2;681;681;0;0;1.0;1.0;true
Lepidocolaptes_angustirostr_1;789;789;0;0;1.0;1.0;true
Lepidocolaptes_angustirostr_2;789;789;0;0;1.0;1.0;true
Leptoptilos_crumeniferus_1;828;804;24;24;1.0;0.971;true
Leptoptilos_crumeniferus_2;828;804;24;24;1.0;0.971;true
Leptosomus_discolor_1;630;630;0;0;1.0;1.0;true
Leptosomus_discolor_2;630;630;0;0;1.0;1.0;true
Leptotila_rufaxilla_1;840;807;33;33;1.0;0.96;true
Leptotila_rufaxilla_2;840;807;33;33;1.0;0.96;true
Limosa_lapponica_1;798;798;0;0;1.0;1.0;true
Limosa_lapponica_2;798;798;0;0;1.0;1.0;true
Lophorina_superba_1;807;807;0;0;1.0;1.0;true
Lophorina_superba_2;807;807;0;0;1.0;1.0;true
Malurus_splendens_1;693;693;0;0;1.0;1.0;true
Malurus_splendens_2;693;693;0;0;1.0;1.0;true
Megalaima_chrysopogon_1;753;720;33;33;1.0;0.956;true
Megalaima_chrysopogon_2;753;720;33;33;1.0;0.956;true
Melanopareia_maximilian_1;852;807;45;45;1.0;0.947;true
Melanopareia_maximilian_2;852;807;45;45;1.0;0.947;true
Menura_novaehollandiae_1;840;807;33;33;1.0;0.96;true
Menura_novaehollandiae_2;840;807;33;33;1.0;0.96;true
Merops_muelleri_1;840;807;33;33;1.0;0.96;true
Merops_muelleri_2;840;807;33;33;1.0;0.96;true
Mesitornis_unicolor_1;840;807;33;33;1.0;0.96;true
Mesitornis_unicolor_2;840;807;33;33;1.0;0.96;true
Micrastur_gilvicollis_1;840;807;33;33;1.0;0.96;true
Micrastur_gilvicollis_2;840;807;33;33;1.0;0.96;true
Micropygia_schomburgkii_1;840;807;33;33;1.0;0.96;true
Micropygia_schomburgkii_2;840;807;33;33;1.0;0.96;true
Momotus_lessonii_1;840;807;33;33;1.0;0.96;true
Momotus_lessonii_2;840;807;33;33;1.0;0.96;true
Monias_benschi_1;840;807;33;33;1.0;0.96;true
Monias_benschi_2;840;807;33;33;1.0;0.96;true
Morus_serrator_1;807;807;0;0;1.0;1.0;true
Morus_serrator_2;807;807;0;0;1.0;1.0;true
Myiobius_barbatus_1;732;702;30;30;1.0;0.959;true
Myiobius_barbatus_2;732;702;30;30;1.0;0.959;true
Myrmornis_torquata_1;669;669;0;0;1.0;1.0;true
Myrmornis_torquata_2;669;669;0;0;1.0;1.0;true
Myrmothera_campanisona_1;591;591;0;0;1.0;1.0;true
Myrmothera_campanisona_2;591;591;0;0;1.0;1.0;true
Neodrepanis_coruscans_1;837;804;33;33;1.0;0.96;true
Neodrepanis_coruscans_2;837;804;33;33;1.0;0.96;true
Neopelma_chrysocephalum_1;837;807;30;30;1.0;0.964;true
Neopelma_chrysocephalum_2;837;807;30;30;1.0;0.964;true
Nestor_meridionalis_1;663;639;24;24;1.0;0.963;true
Nestor_meridionalis_2;663;639;24;24;1.0;0.963;true
Nothoprocta_ornata_1;651;651;0;0;1.0;1.0;true
Nothoprocta_ornata_2;651;651;0;0;1.0;1.0;true
Numida_malagris_1;837;807;30;30;1.0;0.964;true
Numida_malagris_2;837;807;30;30;1.0;0.964;true
Nyctibius_griseus_1;840;807;33;33;1.0;0.96;true
Nyctibius_griseus_2;840;807;33;33;1.0;0.96;true
Oceanites_oceanicus_1;729;696;33;33;1.0;0.954;true
Oceanites_oceanicus_2;729;696;33;33;1.0;0.954;true
Oceanodroma_leucorhoa_1;813;807;6;6;1.0;0.992;true
Oceanodroma_leucorhoa_2;813;807;6;6;1.0;0.992;true
Odontophorus_gujanensis_1;837;807;30;30;1.0;0.964;true
Odontophorus_gujanensis_2;837;807;30;30;1.0;0.964;true
Opisthocomus_hoazin_1;753;753;0;0;1.0;1.0;true
Opisthocomus_hoazin_2;753;753;0;0;1.0;1.0;true
Ortalis_motmot_1;756;756;0;0;1.0;1.0;true
Ortalis_motmot_2;756;756;0;0;1.0;1.0;true
Oxyruncus_cristatus_1;840;807;33;33;1.0;0.96;true
Oxyruncus_cristatus_2;840;807;33;33;1.0;0.96;true
Oxyura_jamaicensis_1;753;753;0;0;1.0;1.0;true
Oxyura_jamaicensis_2;753;753;0;0;1.0;1.0;true
Pandion_haliaetus_1;624;624;0;0;1.0;1.0;true
Pandion_haliaetus_2;624;624;0;0;1.0;1.0;true
Pedionomus_torquatus_1;831;798;33;33;1.0;0.96;true
Pedionomus_torquatus_2;831;798;33;33;1.0;0.96;true
Pelagodroma_marina_1;702;702;0;0;1.0;1.0;true
Pelagodroma_marina_2;702;702;0;0;1.0;1.0;true
Pelecanoides_urinatrix_1;780;747;33;33;1.0;0.957;true
Pelecanoides_urinatrix_2;780;747;33;33;1.0;0.957;true
Pelecanus_occidentalis_1;669;669;0;0;1.0;1.0;true
Pelecanus_occidentalis_2;669;669;0;0;1.0;1.0;true
Phaethon_rubricauda_1;822;807;15;15;1.0;0.981;true
Phaethon_rubricauda_2;822;807;15;15;1.0;0.981;true
Phaethornis_superciliosus_1;840;807;33;33;1.0;0.96;true
Phaethornis_superciliosus_2;840;807;33;33;1.0;0.96;true
Phalacrocorax_brasili_1;777;777;0;0;1.0;1.0;true
Phalacrocorax_brasili_2;777;777;0;0;1.0;1.0;true
Phoebastria_nigripes_1;837;807;30;30;1.0;0.964;true
Phoebastria_nigripes_2;837;807;30;30;1.0;0.964;true
Phoenicopterus_ruber_1;801;801;0;0;1.0;1.0;true
Phoenicopterus_ruber_2;801;801;0;0;1.0;1.0;true
Phoeniculus_purpureus_1;705;675;30;30;1.0;0.957;true
Phoeniculus_purpureus_2;705;675;30;30;1.0;0.957;true
Picus_canus_1;687;687;0;0;1.0;1.0;true
Picus_canus_2;687;687;0;0;1.0;1.0;true
Pipra_erythrocephala_1;837;807;30;30;1.0;0.964;true
Pipra_erythrocephala_2;837;807;30;30;1.0;0.964;true
Piprites_chloris_1;879;807;72;72;1.0;0.918;true
Piprites_chloris_2;879;807;72;72;1.0;0.918;true
Pitta_angolensis_1;834;801;33;33;1.0;0.96;true
Pitta_angolensis_2;834;801;33;33;1.0;0.96;true
Podargus_strigoides_1;879;807;72;72;1.0;0.918;true
Podargus_strigoides_2;879;807;72;72;1.0;0.918;true
Poecile_lugubris_1;819;807;12;12;1.0;0.985;true
Poecile_lugubris_2;819;807;12;12;1.0;0.985;true
Porphyrio_porphyrio_1;840;807;33;33;1.0;0.96;true
Porphyrio_porphyrio_2;840;807;33;33;1.0;0.96;true
Probosciger_aterrimus_1;690;690;0;0;1.0;1.0;true
Probosciger_aterrimus_2;690;690;0;0;1.0;1.0;true
Psittacus_erithacus_1;831;807;24;24;1.0;0.971;true
Psittacus_erithacus_2;831;807;24;24;1.0;0.971;true
Psittrichas_fulgidus_1;786;786;0;0;1.0;1.0;true
Psittrichas_fulgidus_2;786;786;0;0;1.0;1.0;true
Psophia_crepitans_1;837;807;30;30;1.0;0.964;true
Psophia_crepitans_2;837;807;30;30;1.0;0.964;true
Pterocles_bicinctus_1;840;807;33;33;1.0;0.96;true
Pterocles_bicinctus_2;840;807;33;33;1.0;0.96;true
Pterodroma_externa_1;840;807;33;33;1.0;0.96;true
Pterodroma_externa_2;840;807;33;33;1.0;0.96;true
Ptilinopus_magnificus_1;837;804;33;33;1.0;0.96;true
Ptilinopus_magnificus_2;837;804;33;33;1.0;0.96;true
Ptilonorhynchus_violaceus_1;843;810;33;33;1.0;0.96;true
Ptilonorhynchus_violaceus_2;843;810;33;33;1.0;0.96;true
Puffinus_griseus_1;774;774;0;0;1.0;1.0;true
Puffinus_griseus_2;774;774;0;0;1.0;1.0;true
Pycnonotus_macrotis_1;726;705;21;21;1.0;0.971;true
Pycnonotus_macrotis_2;726;705;21;21;1.0;0.971;true
Rallus_longirostris_1;666;666;0;0;1.0;1.0;true
Rallus_longirostris_2;666;666;0;0;1.0;1.0;true
Ramphastos_ambiguus_1;840;807;33;33;1.0;0.96;true
Ramphastos_ambiguus_2;840;807;33;33;1.0;0.96;true
Recurvirostra_americana_1;810;777;33;33;1.0;0.959;true
Recurvirostra_americana_2;810;777;33;33;1.0;0.959;true
Regulus_ignicapilla_1;879;807;72;72;1.0;0.918;true
Regulus_ignicapilla_2;879;807;72;72;1.0;0.918;true
Rhea_americana_1;567;567;0;0;1.0;1.0;true
Rhea_americana_2;567;567;0;0;1.0;1.0;true
Rhynchocyclus_olivaceus_1;840;807;33;33;1.0;0.96;true
Rhynchocyclus_olivaceus_2;840;807;33;33;1.0;0.96;true
Rollandia_rolland_1;705;705;0;0;1.0;1.0;true
Rollandia_rolland_2;705;705;0;0;1.0;1.0;true
Rollulus_rouloul_1;861;807;54;54;1.0;0.937;true
Rollulus_rouloul_2;861;807;54;54;1.0;0.937;true
Rostratula_benghalensis_1;837;798;39;39;1.0;0.953;true
Rostratula_benghalensis_2;837;798;39;39;1.0;0.953;true
Rupicola_rupicola_1;789;789;0;0;1.0;1.0;true
Rupicola_rupicola_2;789;789;0;0;1.0;1.0;true
Rynchops_niger_1;792;792;0;0;1.0;1.0;true
Rynchops_niger_2;792;792;0;0;1.0;1.0;true
Sagittarius_serpentarius_1;792;792;0;0;1.0;1.0;true
Sagittarius_serpentarius_2;792;792;0;0;1.0;1.0;true
Sarothrura_rufa_1;840;807;33;33;1.0;0.96;true
Sarothrura_rufa_2;840;807;33;33;1.0;0.96;true
Schiffornis_turdina_1;840;807;33;33;1.0;0.96;true
Schiffornis_turdina_2;840;807;33;33;1.0;0.96;true
Sclerurus_mexicanus_1;834;801;33;33;1.0;0.96;true
Sclerurus_mexicanus_2;834;801;33;33;1.0;0.96;true
Scopus_umbretta_1;804;771;33;33;1.0;0.958;true
Scopus_umbretta_2;804;771;33;33;1.0;0.958;true
Sericulus_bakeri_1;843;810;33;33;1.0;0.96;true
Sericulus_bakeri_2;843;810;33;33;1.0;0.96;true
Smithornis_rufolateralis_1;840;807;33;33;1.0;0.96;true
Smithornis_rufolateralis_2;840;807;33;33;1.0;0.96;true
Spheniscus_humboldti_1;672;672;0;0;1.0;1.0;true
Spheniscus_humboldti_2;672;672;0;0;1.0;1.0;true
Spizella_arborea_1;222;222;0;0;1.0;1.0;true
Spizella_arborea_2;222;222;0;0;1.0;1.0;true
Steatornis_caripensi_1;420;420;0;0;1.0;1.0;true
Steatornis_caripensi_2;420;420;0;0;1.0;1.0;true
Sterna_hirundo_1;831;798;33;33;1.0;0.96;true
Sterna_hirundo_2;831;798;33;33;1.0;0.96;true
Streptoprocne_zonaris_1;846;774;72;72;1.0;0.914;true
Streptoprocne_zonaris_2;846;774;72;72;1.0;0.914;true
Strix_varia_1;681;681;0;0;1.0;1.0;true
Strix_varia_2;681;681;0;0;1.0;1.0;true
Struthio_camelus_1;675;657;18;18;1.0;0.973;true
Struthio_camelus_2;675;657;18;18;1.0;0.973;true
Sylvia_melanocephala_1;762;762;0;0;1.0;1.0;true
Sylvia_melanocephala_2;762;762;0;0;1.0;1.0;true
Syrrhaptes_paradoxus_1;840;807;33;33;1.0;0.96;true
Syrrhaptes_paradoxus_2;840;807;33;33;1.0;0.96;true
Tapera_naevia_1;840;807;33;33;1.0;0.96;true
Tapera_naevia_2;840;807;33;33;1.0;0.96;true
Tauraco_macrorhynchus_1;645;645;0;0;1.0;1.0;true
Tauraco_macrorhynchus_2;645;645;0;0;1.0;1.0;true
Terenura_callinota_1;747;747;0;0;1.0;1.0;true
Terenura_callinota_2;747;747;0;0;1.0;1.0;true
Thamnophilus_ruficapillu_1;840;807;33;33;1.0;0.96;true
Thamnophilus_ruficapillu_2;840;807;33;33;1.0;0.96;true
Theristicus_caerulescens_1;840;807;33;33;1.0;0.96;true
Theristicus_caerulescens_2;840;807;33;33;1.0;0.96;true
Tigrisoma_lineatum_1;840;807;33;33;1.0;0.96;true
Tigrisoma_lineatum_2;840;807;33;33;1.0;0.96;true
Tityra_cayana_1;585;585;0;0;1.0;1.0;true
Tityra_cayana_2;585;585;0;0;1.0;1.0;true
Tockus_camurus_1;825;792;33;33;1.0;0.96;true
Tockus_camurus_2;825;792;33;33;1.0;0.96;true
Todus_mexicanus_1;837;807;30;30;1.0;0.964;true
Todus_mexicanus_2;837;807;30;30;1.0;0.964;true
Topaza_pella_1;879;807;72;72;1.0;0.918;true
Topaza_pella_2;879;807;72;72;1.0;0.918;true
Treron_calvus_1;840;807;33;33;1.0;0.96;true
Treron_calvus_2;840;807;33;33;1.0;0.96;true
Tringa_solitaria_1;813;798;15;15;1.0;0.981;true
Tringa_solitaria_2;813;798;15;15;1.0;0.981;true
Trogon_elegans_1;840;807;33;33;1.0;0.96;true
Trogon_elegans_2;840;807;33;33;1.0;0.96;true
Turdus_olivater_1;879;807;72;72;1.0;0.918;true
Turdus_olivater_2;879;807;72;72;1.0;0.918;true
Turnix_ocellata_1;810;798;12;12;1.0;0.985;true
Turnix_ocellata_2;810;798;12;12;1.0;0.985;true
Tyrannus_albogularis_1;840;807;33;33;1.0;0.96;true
Tyrannus_albogularis_2;840;807;33;33;1.0;0.96;true
Tyto_alba_1;501;501;0;0;1.0;1.0;true
Tyto_alba_2;501;501;0;0;1.0;1.0;true
Upupa_epops_1;654;651;3;3;0.995;0.995;true
Upupa_epops_2;654;651;3;3;0.995;0.995;true
Uria_aalge_1;831;798;33;33;1.0;0.96;true
Uria_aalge_2;831;798;33;33;1.0;0.96;true
Urocolius_indicus_1;840;807;33;33;1.0;0.96;true
Urocolius_indicus_2;840;807;33;33;1.0;0.96;true
Vultur_gryphus_1;453;453;0;0;1.0;1.0;true
Vultur_gryphus_2;453;453;0;0;1.0;1.0;true
