seqName;initialSeqLength;nbKeep;nbTrim;nbInformativeTrim;percentKeepExcludingExtremities;percentKeepIncludingExtremities;keptSequences
Acanthisitta_chloris_1;136;135;1;1;1.0;0.992;true
Acanthisitta_chloris_2;136;135;1;1;1.0;0.992;true
Accipiter_superciliosus_1;137;135;2;2;1.0;0.985;true
Accipiter_superciliosus_2;137;135;2;2;1.0;0.985;true
Aegotheles_insignis_1;136;135;1;1;1.0;0.992;true
Aegotheles_insignis_2;136;135;1;1;1.0;0.992;true
Alcedo_quadribrachys_1;136;135;1;1;1.0;0.992;true
Alcedo_quadribrachys_2;136;135;1;1;1.0;0.992;true
Anas_superciliosa_1;136;135;1;1;1.0;0.992;true
Anas_superciliosa_2;136;135;1;1;1.0;0.992;true
Anhinga_anhinga_1;136;135;1;1;1.0;0.992;true
Anhinga_anhinga_2;136;135;1;1;1.0;0.992;true
Anser_canagicus_1;136;135;1;1;1.0;0.992;true
Anser_canagicus_2;136;135;1;1;1.0;0.992;true
Anseranas_semipalmata_1;136;135;1;1;1.0;0.992;true
Anseranas_semipalmata_2;136;135;1;1;1.0;0.992;true
Apaloderma_aequatoriale_1;136;135;1;1;1.0;0.992;true
Apaloderma_aequatoriale_2;136;135;1;1;1.0;0.992;true
Aramus_guarauna_1;136;135;1;1;1.0;0.992;true
Aramus_guarauna_2;136;135;1;1;1.0;0.992;true
Archilochus_colubris_1;136;135;1;1;1.0;0.992;true
Archilochus_colubris_2;136;135;1;1;1.0;0.992;true
Ardea_herodias_1;136;135;1;1;1.0;0.992;true
Ardea_herodias_2;136;135;1;1;1.0;0.992;true
Ardeotis_kori_1;136;135;1;1;1.0;0.992;true
Ardeotis_kori_2;136;135;1;1;1.0;0.992;true
Arenaria_interpres_1;136;135;1;1;1.0;0.992;true
Arenaria_interpres_2;136;135;1;1;1.0;0.992;true
Atelornis_pittoides_1;136;135;1;1;1.0;0.992;true
Atelornis_pittoides_2;136;135;1;1;1.0;0.992;true
Aythya_valisineria_1;136;135;1;1;1.0;0.992;true
Aythya_valisineria_2;136;135;1;1;1.0;0.992;true
Balaeniceps_rex_1;136;135;1;1;1.0;0.992;true
Balaeniceps_rex_2;136;135;1;1;1.0;0.992;true
Barnardius_zonarius_1;136;135;1;1;1.0;0.992;true
Barnardius_zonarius_2;136;135;1;1;1.0;0.992;true
Bonasa_umbellus_1;136;135;1;1;1.0;0.992;true
Bonasa_umbellus_2;136;135;1;1;1.0;0.992;true
Buccanodon_duchaillui_1;136;135;1;1;1.0;0.992;true
Buccanodon_duchaillui_2;136;135;1;1;1.0;0.992;true
Bucco_capensis_1;136;135;1;1;1.0;0.992;true
Bucco_capensis_2;136;135;1;1;1.0;0.992;true
Bucorvus_leadbeateri_1;136;135;1;1;1.0;0.992;true
Bucorvus_leadbeateri_2;136;135;1;1;1.0;0.992;true
Burhinus_oedicnemus_1;136;135;1;1;1.0;0.992;true
Burhinus_oedicnemus_2;136;135;1;1;1.0;0.992;true
Buteo_jamaicensis_1;135;134;1;1;1.0;0.992;true
Buteo_jamaicensis_2;135;134;1;1;1.0;0.992;true
Calandrella_brachydactyla_1;136;135;1;1;1.0;0.992;true
Calandrella_brachydactyla_2;136;135;1;1;1.0;0.992;true
Calyptomena_viridis_1;136;135;1;1;1.0;0.992;true
Calyptomena_viridis_2;136;135;1;1;1.0;0.992;true
Capito_niger_1;136;135;1;1;1.0;0.992;true
Capito_niger_2;136;135;1;1;1.0;0.992;true
Caprimulgus_europaeus_1;136;135;1;1;1.0;0.992;true
Caprimulgus_europaeus_2;136;135;1;1;1.0;0.992;true
Caracara_cheriway_1;136;135;1;1;1.0;0.992;true
Caracara_cheriway_2;136;135;1;1;1.0;0.992;true
Cariama_cristata_1;136;135;1;1;1.0;0.992;true
Cariama_cristata_2;136;135;1;1;1.0;0.992;true
Casuarius_bennetti_1;136;135;1;1;1.0;0.992;true
Casuarius_bennetti_2;136;135;1;1;1.0;0.992;true
Cathartes_burrovianus_1;139;135;4;4;1.0;0.971;true
Cathartes_burrovianus_2;139;135;4;4;1.0;0.971;true
Centropus_bengalensis_1;135;134;1;1;1.0;0.992;true
Centropus_bengalensis_2;135;134;1;1;1.0;0.992;true
Chaetura_brachyura_1;136;135;1;1;1.0;0.992;true
Chaetura_brachyura_2;136;135;1;1;1.0;0.992;true
Chauna_torquata_1;136;135;1;1;1.0;0.992;true
Chauna_torquata_2;136;135;1;1;1.0;0.992;true
Chelidoptera_tenebrosa_1;136;135;1;1;1.0;0.992;true
Chelidoptera_tenebrosa_2;136;135;1;1;1.0;0.992;true
Chloroceryle_inda_1;136;135;1;1;1.0;0.992;true
Chloroceryle_inda_2;136;135;1;1;1.0;0.992;true
Chordeiles_pusillus_1;136;135;1;1;1.0;0.992;true
Chordeiles_pusillus_2;136;135;1;1;1.0;0.992;true
Chroicocephalus_cirrocephalus_1;139;135;4;4;1.0;0.971;true
Chroicocephalus_cirrocephalus_2;139;135;4;4;1.0;0.971;true
Chunga_burmeisteri_1;136;135;1;1;1.0;0.992;true
Chunga_burmeisteri_2;136;135;1;1;1.0;0.992;true
Ciconia_nigra_1;115;114;1;1;1.0;0.991;true
Ciconia_nigra_2;115;114;1;1;1.0;0.991;true
Climacteris_melanura_1;136;135;1;1;1.0;0.992;true
Climacteris_melanura_2;136;135;1;1;1.0;0.992;true
Colinus_cristatus_1;136;135;1;1;1.0;0.992;true
Colinus_cristatus_2;136;135;1;1;1.0;0.992;true
Colius_colius_1;136;135;1;1;1.0;0.992;true
Colius_colius_2;136;135;1;1;1.0;0.992;true
Columba_livia_1;136;135;1;1;1.0;0.992;true
Columba_livia_2;136;135;1;1;1.0;0.992;true
Columbina_minuta_1;136;135;1;1;1.0;0.992;true
Columbina_minuta_2;136;135;1;1;1.0;0.992;true
Coracias_cyanogaster_1;136;135;1;1;1.0;0.992;true
Coracias_cyanogaster_2;136;135;1;1;1.0;0.992;true
Corvus_albus_1;136;135;1;1;1.0;0.992;true
Corvus_albus_2;136;135;1;1;1.0;0.992;true
Corythaeola_cristata_1;136;135;1;1;1.0;0.992;true
Corythaeola_cristata_2;136;135;1;1;1.0;0.992;true
Cotinga_cayana_1;136;135;1;1;1.0;0.992;true
Cotinga_cayana_2;136;135;1;1;1.0;0.992;true
Crax_alector_1;136;135;1;1;1.0;0.992;true
Crax_alector_2;136;135;1;1;1.0;0.992;true
Cryptopipo_aenigma_1;136;135;1;1;1.0;0.992;true
Cryptopipo_aenigma_2;136;135;1;1;1.0;0.992;true
Crypturellus_tataupa_1;137;135;2;2;1.0;0.985;true
Crypturellus_tataupa_2;137;135;2;2;1.0;0.985;true
Cuculus_optatus_1;139;135;4;4;1.0;0.971;true
Cuculus_optatus_2;139;135;4;4;1.0;0.971;true
Deroptyus_accipitrinus_1;136;135;1;1;1.0;0.992;true
Deroptyus_accipitrinus_2;136;135;1;1;1.0;0.992;true
Dromaius_novaehollandiae_1;136;135;1;1;1.0;0.992;true
Dromaius_novaehollandiae_2;136;135;1;1;1.0;0.992;true
Elaenia_flavogaster_1;136;135;1;1;1.0;0.992;true
Elaenia_flavogaster_2;136;135;1;1;1.0;0.992;true
Elanus_leucurus_1;136;135;1;1;1.0;0.992;true
Elanus_leucurus_2;136;135;1;1;1.0;0.992;true
Eudromia_elegans_1;137;135;2;2;1.0;0.985;true
Eudromia_elegans_2;137;135;2;2;1.0;0.985;true
Eurostopodus_macrotis_1;136;135;1;1;1.0;0.992;true
Eurostopodus_macrotis_2;136;135;1;1;1.0;0.992;true
Eurylaimus_ochromalus_1;138;135;3;3;1.0;0.978;true
Eurylaimus_ochromalus_2;138;135;3;3;1.0;0.978;true
Falco_sparverius_1;136;135;1;1;1.0;0.992;true
Falco_sparverius_2;136;135;1;1;1.0;0.992;true
Fregata_magnificens_1;136;135;1;1;1.0;0.992;true
Fregata_magnificens_2;136;135;1;1;1.0;0.992;true
Fringilla_coelebs_1;136;135;1;1;1.0;0.992;true
Fringilla_coelebs_2;136;135;1;1;1.0;0.992;true
Fulmarus_glacialoides_1;136;135;1;1;1.0;0.992;true
Fulmarus_glacialoides_2;136;135;1;1;1.0;0.992;true
Furnarius_rufus_1;136;135;1;1;1.0;0.992;true
Furnarius_rufus_2;136;135;1;1;1.0;0.992;true
Galbula_dea_1;136;135;1;1;1.0;0.992;true
Galbula_dea_2;136;135;1;1;1.0;0.992;true
Gallus_gallus_1;136;135;1;1;1.0;0.992;true
Gallus_gallus_2;136;135;1;1;1.0;0.992;true
Gavia_immer_1;136;135;1;1;1.0;0.992;true
Gavia_immer_2;136;135;1;1;1.0;0.992;true
Glareola_nuchalis_1;135;134;1;1;1.0;0.992;true
Glareola_nuchalis_2;135;134;1;1;1.0;0.992;true
Grus_canadensis_1;136;135;1;1;1.0;0.992;true
Grus_canadensis_2;136;135;1;1;1.0;0.992;true
Haematopus_palliatus_1;136;135;1;1;1.0;0.992;true
Haematopus_palliatus_2;136;135;1;1;1.0;0.992;true
Heliornis_fulica_1;136;135;1;1;1.0;0.992;true
Heliornis_fulica_2;136;135;1;1;1.0;0.992;true
Hirundinea_ferruginea_1;136;135;1;1;1.0;0.992;true
Hirundinea_ferruginea_2;136;135;1;1;1.0;0.992;true
Hymenops_perspicillatus_1;136;135;1;1;1.0;0.992;true
Hymenops_perspicillatus_2;136;135;1;1;1.0;0.992;true
Ibycter_americanus_1;136;135;1;1;1.0;0.992;true
Ibycter_americanus_2;136;135;1;1;1.0;0.992;true
Indicator_exilis_1;136;135;1;1;1.0;0.992;true
Indicator_exilis_2;136;135;1;1;1.0;0.992;true
Ixobrychus_minutus_1;136;135;1;1;1.0;0.992;true
Ixobrychus_minutus_2;136;135;1;1;1.0;0.992;true
Jacana_jacana_1;136;135;1;1;1.0;0.992;true
Jacana_jacana_2;136;135;1;1;1.0;0.992;true
Jynx_torquilla_1;138;135;3;3;1.0;0.978;true
Jynx_torquilla_2;138;135;3;3;1.0;0.978;true
Leipoa_ocellata_1;136;135;1;1;1.0;0.992;true
Leipoa_ocellata_2;136;135;1;1;1.0;0.992;true
Lepidocolaptes_angustirostr_1;136;135;1;1;1.0;0.992;true
Lepidocolaptes_angustirostr_2;136;135;1;1;1.0;0.992;true
Leptoptilos_crumeniferus_1;136;135;1;1;1.0;0.992;true
Leptoptilos_crumeniferus_2;136;135;1;1;1.0;0.992;true
Leptosomus_discolor_1;136;135;1;1;1.0;0.992;true
Leptosomus_discolor_2;136;135;1;1;1.0;0.992;true
Leptotila_rufaxilla_1;136;135;1;1;1.0;0.992;true
Leptotila_rufaxilla_2;136;135;1;1;1.0;0.992;true
Limosa_lapponica_1;136;135;1;1;1.0;0.992;true
Limosa_lapponica_2;136;135;1;1;1.0;0.992;true
Lophorina_superba_1;136;135;1;1;1.0;0.992;true
Lophorina_superba_2;136;135;1;1;1.0;0.992;true
Malurus_splendens_1;136;135;1;1;1.0;0.992;true
Malurus_splendens_2;136;135;1;1;1.0;0.992;true
Megalaima_chrysopogon_1;136;135;1;1;1.0;0.992;true
Megalaima_chrysopogon_2;136;135;1;1;1.0;0.992;true
Melanopareia_maximilian_1;135;134;1;1;1.0;0.992;true
Melanopareia_maximilian_2;135;134;1;1;1.0;0.992;true
Menura_novaehollandiae_1;136;135;1;1;1.0;0.992;true
Menura_novaehollandiae_2;136;135;1;1;1.0;0.992;true
Merops_muelleri_1;136;135;1;1;1.0;0.992;true
Merops_muelleri_2;136;135;1;1;1.0;0.992;true
Mesitornis_unicolor_1;136;135;1;1;1.0;0.992;true
Mesitornis_unicolor_2;136;135;1;1;1.0;0.992;true
Micrastur_gilvicollis_1;136;135;1;1;1.0;0.992;true
Micrastur_gilvicollis_2;136;135;1;1;1.0;0.992;true
Micropygia_schomburgkii_1;136;135;1;1;1.0;0.992;true
Micropygia_schomburgkii_2;136;135;1;1;1.0;0.992;true
Momotus_lessonii_1;136;135;1;1;1.0;0.992;true
Momotus_lessonii_2;136;135;1;1;1.0;0.992;true
Monias_benschi_1;136;135;1;1;1.0;0.992;true
Monias_benschi_2;136;135;1;1;1.0;0.992;true
Morus_serrator_1;136;135;1;1;1.0;0.992;true
Morus_serrator_2;136;135;1;1;1.0;0.992;true
Myiobius_barbatus_1;136;135;1;1;1.0;0.992;true
Myiobius_barbatus_2;136;135;1;1;1.0;0.992;true
Myrmornis_torquata_1;136;135;1;1;1.0;0.992;true
Myrmornis_torquata_2;136;135;1;1;1.0;0.992;true
Myrmothera_campanisona_1;136;135;1;1;1.0;0.992;true
Myrmothera_campanisona_2;136;135;1;1;1.0;0.992;true
Neodrepanis_coruscans_1;136;135;1;1;1.0;0.992;true
Neodrepanis_coruscans_2;136;135;1;1;1.0;0.992;true
Neopelma_chrysocephalum_1;136;135;1;1;1.0;0.992;true
Neopelma_chrysocephalum_2;136;135;1;1;1.0;0.992;true
Nestor_meridionalis_1;136;135;1;1;1.0;0.992;true
Nestor_meridionalis_2;136;135;1;1;1.0;0.992;true
Nothoprocta_ornata_1;136;135;1;1;1.0;0.992;true
Nothoprocta_ornata_2;136;135;1;1;1.0;0.992;true
Numida_malagris_1;136;135;1;1;1.0;0.992;true
Numida_malagris_2;136;135;1;1;1.0;0.992;true
Nyctibius_griseus_1;136;135;1;1;1.0;0.992;true
Nyctibius_griseus_2;136;135;1;1;1.0;0.992;true
Oceanites_oceanicus_1;136;135;1;1;1.0;0.992;true
Oceanites_oceanicus_2;136;135;1;1;1.0;0.992;true
Odontophorus_gujanensis_1;136;135;1;1;1.0;0.992;true
Odontophorus_gujanensis_2;136;135;1;1;1.0;0.992;true
Opisthocomus_hoazin_1;136;135;1;1;1.0;0.992;true
Opisthocomus_hoazin_2;136;135;1;1;1.0;0.992;true
Ortalis_motmot_1;136;135;1;1;1.0;0.992;true
Ortalis_motmot_2;136;135;1;1;1.0;0.992;true
Oxyruncus_cristatus_1;136;135;1;1;1.0;0.992;true
Oxyruncus_cristatus_2;136;135;1;1;1.0;0.992;true
Oxyura_jamaicensis_1;136;135;1;1;1.0;0.992;true
Oxyura_jamaicensis_2;136;135;1;1;1.0;0.992;true
Pandion_haliaetus_1;136;135;1;1;1.0;0.992;true
Pandion_haliaetus_2;136;135;1;1;1.0;0.992;true
Pedionomus_torquatus_1;136;135;1;1;1.0;0.992;true
Pedionomus_torquatus_2;136;135;1;1;1.0;0.992;true
Pelagodroma_marina_1;138;135;3;3;1.0;0.978;true
Pelagodroma_marina_2;138;135;3;3;1.0;0.978;true
Pelecanoides_urinatrix_1;136;135;1;1;1.0;0.992;true
Pelecanoides_urinatrix_2;136;135;1;1;1.0;0.992;true
Pelecanus_occidentalis_1;136;135;1;1;1.0;0.992;true
Pelecanus_occidentalis_2;136;135;1;1;1.0;0.992;true
Phaethon_rubricauda_1;136;135;1;1;1.0;0.992;true
Phaethon_rubricauda_2;136;135;1;1;1.0;0.992;true
Phaethornis_superciliosus_1;136;135;1;1;1.0;0.992;true
Phaethornis_superciliosus_2;136;135;1;1;1.0;0.992;true
Phalacrocorax_brasili_1;136;135;1;1;1.0;0.992;true
Phalacrocorax_brasili_2;136;135;1;1;1.0;0.992;true
Phoebastria_nigripes_1;136;135;1;1;1.0;0.992;true
Phoebastria_nigripes_2;136;135;1;1;1.0;0.992;true
Phoenicopterus_ruber_1;136;135;1;1;1.0;0.992;true
Phoenicopterus_ruber_2;136;135;1;1;1.0;0.992;true
Phoeniculus_purpureus_1;136;135;1;1;1.0;0.992;true
Phoeniculus_purpureus_2;136;135;1;1;1.0;0.992;true
Picus_canus_1;138;135;3;3;1.0;0.978;true
Picus_canus_2;138;135;3;3;1.0;0.978;true
Pipra_erythrocephala_1;136;135;1;1;1.0;0.992;true
Pipra_erythrocephala_2;136;135;1;1;1.0;0.992;true
Piprites_chloris_1;136;135;1;1;1.0;0.992;true
Piprites_chloris_2;136;135;1;1;1.0;0.992;true
Pitta_angolensis_1;136;135;1;1;1.0;0.992;true
Pitta_angolensis_2;136;135;1;1;1.0;0.992;true
Podargus_strigoides_1;136;135;1;1;1.0;0.992;true
Podargus_strigoides_2;136;135;1;1;1.0;0.992;true
Poecile_lugubris_1;136;135;1;1;1.0;0.992;true
Poecile_lugubris_2;136;135;1;1;1.0;0.992;true
Porphyrio_porphyrio_1;136;135;1;1;1.0;0.992;true
Porphyrio_porphyrio_2;136;135;1;1;1.0;0.992;true
Probosciger_aterrimus_1;136;135;1;1;1.0;0.992;true
Probosciger_aterrimus_2;136;135;1;1;1.0;0.992;true
Psittacus_erithacus_1;136;135;1;1;1.0;0.992;true
Psittacus_erithacus_2;136;135;1;1;1.0;0.992;true
Psittrichas_fulgidus_1;136;135;1;1;1.0;0.992;true
Psittrichas_fulgidus_2;136;135;1;1;1.0;0.992;true
Psophia_crepitans_1;136;135;1;1;1.0;0.992;true
Psophia_crepitans_2;136;135;1;1;1.0;0.992;true
Pterocles_bicinctus_1;136;135;1;1;1.0;0.992;true
Pterocles_bicinctus_2;136;135;1;1;1.0;0.992;true
Pterodroma_externa_1;136;135;1;1;1.0;0.992;true
Pterodroma_externa_2;136;135;1;1;1.0;0.992;true
Ptilinopus_magnificus_1;136;135;1;1;1.0;0.992;true
Ptilinopus_magnificus_2;136;135;1;1;1.0;0.992;true
Ptilonorhynchus_violaceus_1;136;135;1;1;1.0;0.992;true
Ptilonorhynchus_violaceus_2;136;135;1;1;1.0;0.992;true
Puffinus_griseus_1;136;135;1;1;1.0;0.992;true
Puffinus_griseus_2;136;135;1;1;1.0;0.992;true
Pycnonotus_macrotis_1;136;135;1;1;1.0;0.992;true
Pycnonotus_macrotis_2;136;135;1;1;1.0;0.992;true
Ramphastos_ambiguus_1;136;135;1;1;1.0;0.992;true
Ramphastos_ambiguus_2;136;135;1;1;1.0;0.992;true
Recurvirostra_americana_1;136;135;1;1;1.0;0.992;true
Recurvirostra_americana_2;136;135;1;1;1.0;0.992;true
Regulus_ignicapilla_1;136;135;1;1;1.0;0.992;true
Regulus_ignicapilla_2;136;135;1;1;1.0;0.992;true
Rhea_americana_1;136;135;1;1;1.0;0.992;true
Rhea_americana_2;136;135;1;1;1.0;0.992;true
Rhynchocyclus_olivaceus_1;136;135;1;1;1.0;0.992;true
Rhynchocyclus_olivaceus_2;136;135;1;1;1.0;0.992;true
Rollandia_rolland_1;136;135;1;1;1.0;0.992;true
Rollandia_rolland_2;136;135;1;1;1.0;0.992;true
Rollulus_rouloul_1;136;135;1;1;1.0;0.992;true
Rollulus_rouloul_2;136;135;1;1;1.0;0.992;true
Rostratula_benghalensis_1;127;126;1;1;1.0;0.992;true
Rostratula_benghalensis_2;127;126;1;1;1.0;0.992;true
Rupicola_rupicola_1;136;135;1;1;1.0;0.992;true
Rupicola_rupicola_2;136;135;1;1;1.0;0.992;true
Rynchops_niger_1;135;134;1;1;1.0;0.992;true
Rynchops_niger_2;135;134;1;1;1.0;0.992;true
Sagittarius_serpentarius_1;136;135;1;1;1.0;0.992;true
Sagittarius_serpentarius_2;136;135;1;1;1.0;0.992;true
Sarothrura_rufa_1;136;135;1;1;1.0;0.992;true
Sarothrura_rufa_2;136;135;1;1;1.0;0.992;true
Sclerurus_mexicanus_1;136;135;1;1;1.0;0.992;true
Sclerurus_mexicanus_2;136;135;1;1;1.0;0.992;true
Scopus_umbretta_1;136;135;1;1;1.0;0.992;true
Scopus_umbretta_2;136;135;1;1;1.0;0.992;true
Sericulus_bakeri_1;136;135;1;1;1.0;0.992;true
Sericulus_bakeri_2;136;135;1;1;1.0;0.992;true
Smithornis_rufolateralis_1;136;135;1;1;1.0;0.992;true
Smithornis_rufolateralis_2;136;135;1;1;1.0;0.992;true
Spheniscus_humboldti_1;136;135;1;1;1.0;0.992;true
Spheniscus_humboldti_2;136;135;1;1;1.0;0.992;true
Spizella_arborea_1;136;135;1;1;1.0;0.992;true
Spizella_arborea_2;136;135;1;1;1.0;0.992;true
Sterna_hirundo_1;135;134;1;1;1.0;0.992;true
Sterna_hirundo_2;135;134;1;1;1.0;0.992;true
Streptoprocne_zonaris_1;136;135;1;1;1.0;0.992;true
Streptoprocne_zonaris_2;136;135;1;1;1.0;0.992;true
Strix_varia_1;88;0;88;88;0.0;0.0;false
Strix_varia_2;88;0;88;88;0.0;0.0;false
Sylvia_melanocephala_1;136;135;1;1;1.0;0.992;true
Sylvia_melanocephala_2;136;135;1;1;1.0;0.992;true
Syrrhaptes_paradoxus_1;136;135;1;1;1.0;0.992;true
Syrrhaptes_paradoxus_2;136;135;1;1;1.0;0.992;true
Tapera_naevia_1;136;135;1;1;1.0;0.992;true
Tapera_naevia_2;136;135;1;1;1.0;0.992;true
Terenura_callinota_1;136;135;1;1;1.0;0.992;true
Terenura_callinota_2;136;135;1;1;1.0;0.992;true
Thamnophilus_ruficapillu_1;136;135;1;1;1.0;0.992;true
Thamnophilus_ruficapillu_2;136;135;1;1;1.0;0.992;true
Theristicus_caerulescens_1;136;135;1;1;1.0;0.992;true
Theristicus_caerulescens_2;136;135;1;1;1.0;0.992;true
Tinamus_major_1;137;135;2;2;1.0;0.985;true
Tinamus_major_2;137;135;2;2;1.0;0.985;true
Tityra_cayana_1;136;135;1;1;1.0;0.992;true
Tityra_cayana_2;136;135;1;1;1.0;0.992;true
Tockus_camurus_1;109;108;1;1;1.0;0.99;true
Tockus_camurus_2;109;108;1;1;1.0;0.99;true
Todus_mexicanus_1;136;135;1;1;1.0;0.992;true
Todus_mexicanus_2;136;135;1;1;1.0;0.992;true
Topaza_pella_1;136;135;1;1;1.0;0.992;true
Topaza_pella_2;136;135;1;1;1.0;0.992;true
Treron_calvus_1;136;135;1;1;1.0;0.992;true
Treron_calvus_2;136;135;1;1;1.0;0.992;true
Tringa_solitaria_1;136;135;1;1;1.0;0.992;true
Tringa_solitaria_2;136;135;1;1;1.0;0.992;true
Trogon_elegans_1;136;135;1;1;1.0;0.992;true
Trogon_elegans_2;136;135;1;1;1.0;0.992;true
Turdus_olivater_1;136;135;1;1;1.0;0.992;true
Turdus_olivater_2;136;135;1;1;1.0;0.992;true
Turnix_ocellata_1;136;135;1;1;1.0;0.992;true
Turnix_ocellata_2;136;135;1;1;1.0;0.992;true
Tyrannus_albogularis_1;136;135;1;1;1.0;0.992;true
Tyrannus_albogularis_2;136;135;1;1;1.0;0.992;true
Tyto_alba_1;138;135;3;3;1.0;0.978;true
Tyto_alba_2;138;135;3;3;1.0;0.978;true
Uria_aalge_1;135;134;1;1;1.0;0.992;true
Uria_aalge_2;135;134;1;1;1.0;0.992;true
Urocolius_indicus_1;136;135;1;1;1.0;0.992;true
Urocolius_indicus_2;136;135;1;1;1.0;0.992;true
Vultur_gryphus_1;136;135;1;1;1.0;0.992;true
Vultur_gryphus_2;136;135;1;1;1.0;0.992;true
