seqName;initialSeqLength;nbKeep;nbTrim;nbInformativeTrim;percentHomologExcludingExtremities;percentHomologIncludingExtremities;keptSequences
Acanthisitta_chloris_1;618;618;0;0;1.0;1.0;true
Acanthisitta_chloris_2;618;618;0;0;1.0;1.0;true
Accipiter_superciliosus_1;606;606;0;0;1.0;1.0;true
Accipiter_superciliosus_2;606;606;0;0;1.0;1.0;true
Aegotheles_insignis_1;624;624;0;0;1.0;1.0;true
Aegotheles_insignis_2;624;624;0;0;1.0;1.0;true
Alcedo_quadribrachys_1;606;606;0;0;1.0;1.0;true
Alcedo_quadribrachys_2;606;606;0;0;1.0;1.0;true
Anas_superciliosa_1;621;621;0;0;1.0;1.0;true
Anas_superciliosa_2;621;621;0;0;1.0;1.0;true
Anhinga_anhinga_1;606;606;0;0;1.0;1.0;true
Anhinga_anhinga_2;606;606;0;0;1.0;1.0;true
Anser_canagicus_1;621;621;0;0;1.0;1.0;true
Anser_canagicus_2;621;621;0;0;1.0;1.0;true
Anseranas_semipalmata_1;621;621;0;0;1.0;1.0;true
Anseranas_semipalmata_2;621;621;0;0;1.0;1.0;true
Apaloderma_aequatoriale_1;606;606;0;0;1.0;1.0;true
Apaloderma_aequatoriale_2;606;606;0;0;1.0;1.0;true
Apteryx_sp._1;600;600;0;0;1.0;1.0;true
Apteryx_sp._2;600;600;0;0;1.0;1.0;true
Aramus_guarauna_1;606;606;0;0;1.0;1.0;true
Aramus_guarauna_2;606;606;0;0;1.0;1.0;true
Archilochus_colubris_1;600;600;0;0;1.0;1.0;true
Archilochus_colubris_2;600;600;0;0;1.0;1.0;true
Ardea_herodias_1;606;606;0;0;1.0;1.0;true
Ardea_herodias_2;606;606;0;0;1.0;1.0;true
Ardeotis_kori_1;606;606;0;0;1.0;1.0;true
Ardeotis_kori_2;606;606;0;0;1.0;1.0;true
Arenaria_interpres_1;513;513;0;0;1.0;1.0;true
Arenaria_interpres_2;513;513;0;0;1.0;1.0;true
Atelornis_pittoides_1;606;606;0;0;1.0;1.0;true
Atelornis_pittoides_2;606;606;0;0;1.0;1.0;true
Aythya_valisineria_1;606;606;0;0;1.0;1.0;true
Aythya_valisineria_2;606;606;0;0;1.0;1.0;true
Balaeniceps_rex_1;606;606;0;0;1.0;1.0;true
Balaeniceps_rex_2;606;606;0;0;1.0;1.0;true
Balearica_regulorum_1;606;606;0;0;1.0;1.0;true
Balearica_regulorum_2;606;606;0;0;1.0;1.0;true
Barnardius_zonarius_1;597;597;0;0;1.0;1.0;true
Barnardius_zonarius_2;597;597;0;0;1.0;1.0;true
Bonasa_umbellus_1;621;621;0;0;1.0;1.0;true
Bonasa_umbellus_2;621;621;0;0;1.0;1.0;true
Buccanodon_duchaillui_1;594;594;0;0;1.0;1.0;true
Buccanodon_duchaillui_2;594;594;0;0;1.0;1.0;true
Bucco_capensis_1;606;606;0;0;1.0;1.0;true
Bucco_capensis_2;606;606;0;0;1.0;1.0;true
Bucorvus_leadbeateri_1;597;597;0;0;1.0;1.0;true
Bucorvus_leadbeateri_2;597;597;0;0;1.0;1.0;true
Burhinus_oedicnemus_1;606;606;0;0;1.0;1.0;true
Burhinus_oedicnemus_2;606;606;0;0;1.0;1.0;true
Buteo_jamaicensis_1;606;606;0;0;1.0;1.0;true
Buteo_jamaicensis_2;606;606;0;0;1.0;1.0;true
Caiman_croccodilus_1;606;606;0;0;1.0;1.0;true
Caiman_croccodilus_2;606;606;0;0;1.0;1.0;true
Calandrella_brachydactyla_1;630;630;0;0;1.0;1.0;true
Calandrella_brachydactyla_2;630;630;0;0;1.0;1.0;true
Calyptomena_viridis_1;621;621;0;0;1.0;1.0;true
Calyptomena_viridis_2;621;621;0;0;1.0;1.0;true
Capito_niger_1;594;594;0;0;1.0;1.0;true
Capito_niger_2;594;594;0;0;1.0;1.0;true
Caprimulgus_europaeus_1;603;603;0;0;1.0;1.0;true
Caprimulgus_europaeus_2;603;603;0;0;1.0;1.0;true
Caracara_cheriway_1;606;606;0;0;1.0;1.0;true
Caracara_cheriway_2;606;606;0;0;1.0;1.0;true
Cariama_cristata_1;606;606;0;0;1.0;1.0;true
Cariama_cristata_2;606;606;0;0;1.0;1.0;true
Casuarius_bennetti_1;606;606;0;0;1.0;1.0;true
Casuarius_bennetti_2;606;606;0;0;1.0;1.0;true
Cathartes_burrovianus_1;606;606;0;0;1.0;1.0;true
Cathartes_burrovianus_2;606;606;0;0;1.0;1.0;true
Centropus_bengalensis_1;606;606;0;0;1.0;1.0;true
Centropus_bengalensis_2;606;606;0;0;1.0;1.0;true
Chaetura_brachyura_1;609;609;0;0;1.0;1.0;true
Chaetura_brachyura_2;609;609;0;0;1.0;1.0;true
Charadrius_hiaticula_1;606;606;0;0;1.0;1.0;true
Charadrius_hiaticula_2;606;606;0;0;1.0;1.0;true
Chauna_torquata_1;621;621;0;0;1.0;1.0;true
Chauna_torquata_2;621;621;0;0;1.0;1.0;true
Chelidoptera_tenebrosa_1;606;606;0;0;1.0;1.0;true
Chelidoptera_tenebrosa_2;606;606;0;0;1.0;1.0;true
Chloroceryle_inda_1;606;606;0;0;1.0;1.0;true
Chloroceryle_inda_2;606;606;0;0;1.0;1.0;true
Chordeiles_pusillus_1;624;624;0;0;1.0;1.0;true
Chordeiles_pusillus_2;624;624;0;0;1.0;1.0;true
Chroicocephalus_cirrocephalus_1;621;621;0;0;1.0;1.0;true
Chroicocephalus_cirrocephalus_2;621;621;0;0;1.0;1.0;true
Chunga_burmeisteri_1;606;606;0;0;1.0;1.0;true
Chunga_burmeisteri_2;606;606;0;0;1.0;1.0;true
Ciconia_nigra_1;600;600;0;0;1.0;1.0;true
Ciconia_nigra_2;600;600;0;0;1.0;1.0;true
Climacteris_melanura_1;648;648;0;0;1.0;1.0;true
Climacteris_melanura_2;648;648;0;0;1.0;1.0;true
Coccyzus_melacoryphus_1;591;591;0;0;1.0;1.0;true
Coccyzus_melacoryphus_2;591;591;0;0;1.0;1.0;true
Colinus_cristatus_1;543;543;0;0;1.0;1.0;true
Colinus_cristatus_2;543;543;0;0;1.0;1.0;true
Colius_colius_1;603;603;0;0;1.0;1.0;true
Colius_colius_2;603;603;0;0;1.0;1.0;true
Columba_livia_1;621;621;0;0;1.0;1.0;true
Columba_livia_2;621;621;0;0;1.0;1.0;true
Columbina_minuta_1;612;612;0;0;1.0;1.0;true
Columbina_minuta_2;612;612;0;0;1.0;1.0;true
Coracias_cyanogaster_1;606;606;0;0;1.0;1.0;true
Coracias_cyanogaster_2;606;606;0;0;1.0;1.0;true
Corvus_albus_1;621;621;0;0;1.0;1.0;true
Corvus_albus_2;621;621;0;0;1.0;1.0;true
Corythaeola_cristata_1;606;606;0;0;1.0;1.0;true
Corythaeola_cristata_2;606;606;0;0;1.0;1.0;true
Cotinga_cayana_1;621;621;0;0;1.0;1.0;true
Cotinga_cayana_2;621;621;0;0;1.0;1.0;true
Crax_alector_1;621;621;0;0;1.0;1.0;true
Crax_alector_2;621;621;0;0;1.0;1.0;true
Crocodylus_porosus_1;606;606;0;0;1.0;1.0;true
Crocodylus_porosus_2;606;606;0;0;1.0;1.0;true
Cryptopipo_aenigma_1;621;621;0;0;1.0;1.0;true
Cryptopipo_aenigma_2;621;621;0;0;1.0;1.0;true
Crypturellus_tataupa_1;606;606;0;0;1.0;1.0;true
Crypturellus_tataupa_2;606;606;0;0;1.0;1.0;true
Cuculus_optatus_1;612;612;0;0;1.0;1.0;true
Cuculus_optatus_2;612;612;0;0;1.0;1.0;true
Dendrocygna_viduata_1;576;576;0;0;1.0;1.0;true
Dendrocygna_viduata_2;576;576;0;0;1.0;1.0;true
Deroptyus_accipitrinus_1;567;567;0;0;1.0;1.0;true
Deroptyus_accipitrinus_2;567;567;0;0;1.0;1.0;true
Dromaius_novaehollandiae_1;606;606;0;0;1.0;1.0;true
Dromaius_novaehollandiae_2;606;606;0;0;1.0;1.0;true
Elaenia_flavogaster_1;621;621;0;0;1.0;1.0;true
Elaenia_flavogaster_2;621;621;0;0;1.0;1.0;true
Elanus_leucurus_1;606;606;0;0;1.0;1.0;true
Elanus_leucurus_2;606;606;0;0;1.0;1.0;true
Eudromia_elegans_1;645;645;0;0;1.0;1.0;true
Eudromia_elegans_2;645;645;0;0;1.0;1.0;true
Eurostopodus_macrotis_1;606;606;0;0;1.0;1.0;true
Eurostopodus_macrotis_2;606;606;0;0;1.0;1.0;true
Eurylaimus_ochromalus_1;606;606;0;0;1.0;1.0;true
Eurylaimus_ochromalus_2;606;606;0;0;1.0;1.0;true
Eurypyga_helias_1;606;606;0;0;1.0;1.0;true
Eurypyga_helias_2;606;606;0;0;1.0;1.0;true
Falco_sparverius_1;606;606;0;0;1.0;1.0;true
Falco_sparverius_2;606;606;0;0;1.0;1.0;true
Fregata_magnificens_1;606;606;0;0;1.0;1.0;true
Fregata_magnificens_2;606;606;0;0;1.0;1.0;true
Fringilla_coelebs_1;630;630;0;0;1.0;1.0;true
Fringilla_coelebs_2;630;630;0;0;1.0;1.0;true
Fulmarus_glacialoides_1;606;606;0;0;1.0;1.0;true
Fulmarus_glacialoides_2;606;606;0;0;1.0;1.0;true
Furnarius_rufus_1;606;606;0;0;1.0;1.0;true
Furnarius_rufus_2;606;606;0;0;1.0;1.0;true
Galbula_dea_1;594;594;0;0;1.0;1.0;true
Galbula_dea_2;594;594;0;0;1.0;1.0;true
Gallus_gallus_1;621;621;0;0;1.0;1.0;true
Gallus_gallus_2;621;621;0;0;1.0;1.0;true
Gavia_immer_1;606;606;0;0;1.0;1.0;true
Gavia_immer_2;606;606;0;0;1.0;1.0;true
Glareola_nuchalis_1;621;621;0;0;1.0;1.0;true
Glareola_nuchalis_2;621;621;0;0;1.0;1.0;true
Grus_canadensis_1;606;606;0;0;1.0;1.0;true
Grus_canadensis_2;606;606;0;0;1.0;1.0;true
Haematopus_palliatus_1;606;606;0;0;1.0;1.0;true
Haematopus_palliatus_2;606;606;0;0;1.0;1.0;true
Heliornis_fulica_1;633;633;0;0;1.0;1.0;true
Heliornis_fulica_2;633;633;0;0;1.0;1.0;true
Hemiprocne_comata_1;609;609;0;0;1.0;1.0;true
Hemiprocne_comata_2;609;609;0;0;1.0;1.0;true
Hirundinea_ferruginea_1;621;621;0;0;1.0;1.0;true
Hirundinea_ferruginea_2;621;621;0;0;1.0;1.0;true
Hymenops_perspicillatus_1;621;621;0;0;1.0;1.0;true
Hymenops_perspicillatus_2;621;621;0;0;1.0;1.0;true
Ibycter_americanus_1;606;606;0;0;1.0;1.0;true
Ibycter_americanus_2;606;606;0;0;1.0;1.0;true
Indicator_exilis_1;594;594;0;0;1.0;1.0;true
Indicator_exilis_2;594;594;0;0;1.0;1.0;true
Ixobrychus_minutus_1;606;606;0;0;1.0;1.0;true
Ixobrychus_minutus_2;606;606;0;0;1.0;1.0;true
Jacana_jacana_1;606;606;0;0;1.0;1.0;true
Jacana_jacana_2;606;606;0;0;1.0;1.0;true
Jynx_torquilla_1;594;594;0;0;1.0;1.0;true
Jynx_torquilla_2;594;594;0;0;1.0;1.0;true
Leipoa_ocellata_1;621;621;0;0;1.0;1.0;true
Leipoa_ocellata_2;621;621;0;0;1.0;1.0;true
Lepidocolaptes_angustirostr_1;606;606;0;0;1.0;1.0;true
Lepidocolaptes_angustirostr_2;606;606;0;0;1.0;1.0;true
Leptoptilos_crumeniferus_1;606;606;0;0;1.0;1.0;true
Leptoptilos_crumeniferus_2;606;606;0;0;1.0;1.0;true
Leptosomus_discolor_1;603;603;0;0;1.0;1.0;true
Leptosomus_discolor_2;603;603;0;0;1.0;1.0;true
Leptotila_rufaxilla_1;621;621;0;0;1.0;1.0;true
Leptotila_rufaxilla_2;621;621;0;0;1.0;1.0;true
Limosa_lapponica_1;606;606;0;0;1.0;1.0;true
Limosa_lapponica_2;606;606;0;0;1.0;1.0;true
Lophorina_superba_1;630;630;0;0;1.0;1.0;true
Lophorina_superba_2;630;630;0;0;1.0;1.0;true
Malurus_splendens_1;624;624;0;0;1.0;1.0;true
Malurus_splendens_2;624;624;0;0;1.0;1.0;true
Megalaima_chrysopogon_1;594;594;0;0;1.0;1.0;true
Megalaima_chrysopogon_2;594;594;0;0;1.0;1.0;true
Melanopareia_maximilian_1;606;606;0;0;1.0;1.0;true
Melanopareia_maximilian_2;606;606;0;0;1.0;1.0;true
Menura_novaehollandiae_1;633;633;0;0;1.0;1.0;true
Menura_novaehollandiae_2;633;633;0;0;1.0;1.0;true
Merops_muelleri_1;606;606;0;0;1.0;1.0;true
Merops_muelleri_2;606;606;0;0;1.0;1.0;true
Mesitornis_unicolor_1;606;606;0;0;1.0;1.0;true
Mesitornis_unicolor_2;606;606;0;0;1.0;1.0;true
Micrastur_gilvicollis_1;606;606;0;0;1.0;1.0;true
Micrastur_gilvicollis_2;606;606;0;0;1.0;1.0;true
Micropygia_schomburgkii_1;558;558;0;0;1.0;1.0;true
Micropygia_schomburgkii_2;558;558;0;0;1.0;1.0;true
Momotus_lessonii_1;627;627;0;0;1.0;1.0;true
Momotus_lessonii_2;627;627;0;0;1.0;1.0;true
Monias_benschi_1;606;606;0;0;1.0;1.0;true
Monias_benschi_2;606;606;0;0;1.0;1.0;true
Morus_serrator_1;606;606;0;0;1.0;1.0;true
Morus_serrator_2;606;606;0;0;1.0;1.0;true
Myiobius_barbatus_1;462;462;0;0;1.0;1.0;true
Myiobius_barbatus_2;462;462;0;0;1.0;1.0;true
Myrmornis_torquata_1;600;600;0;0;1.0;1.0;true
Myrmornis_torquata_2;600;600;0;0;1.0;1.0;true
Myrmothera_campanisona_1;600;600;0;0;1.0;1.0;true
Myrmothera_campanisona_2;600;600;0;0;1.0;1.0;true
Neodrepanis_coruscans_1;618;618;0;0;1.0;1.0;true
Neodrepanis_coruscans_2;618;618;0;0;1.0;1.0;true
Neopelma_chrysocephalum_1;621;621;0;0;1.0;1.0;true
Neopelma_chrysocephalum_2;621;621;0;0;1.0;1.0;true
Nestor_meridionalis_1;597;597;0;0;1.0;1.0;true
Nestor_meridionalis_2;597;597;0;0;1.0;1.0;true
Nothoprocta_ornata_1;606;606;0;0;1.0;1.0;true
Nothoprocta_ornata_2;606;606;0;0;1.0;1.0;true
Numida_malagris_1;621;621;0;0;1.0;1.0;true
Numida_malagris_2;621;621;0;0;1.0;1.0;true
Nyctibius_griseus_1;606;606;0;0;1.0;1.0;true
Nyctibius_griseus_2;606;606;0;0;1.0;1.0;true
Oceanites_oceanicus_1;606;606;0;0;1.0;1.0;true
Oceanites_oceanicus_2;606;606;0;0;1.0;1.0;true
Oceanodroma_leucorhoa_1;603;603;0;0;1.0;1.0;true
Oceanodroma_leucorhoa_2;603;603;0;0;1.0;1.0;true
Odontophorus_gujanensis_1;606;606;0;0;1.0;1.0;true
Odontophorus_gujanensis_2;606;606;0;0;1.0;1.0;true
Opisthocomus_hoazin_1;606;606;0;0;1.0;1.0;true
Opisthocomus_hoazin_2;606;606;0;0;1.0;1.0;true
Ortalis_motmot_1;621;621;0;0;1.0;1.0;true
Ortalis_motmot_2;621;621;0;0;1.0;1.0;true
Oxyruncus_cristatus_1;621;621;0;0;1.0;1.0;true
Oxyruncus_cristatus_2;621;621;0;0;1.0;1.0;true
Oxyura_jamaicensis_1;621;621;0;0;1.0;1.0;true
Oxyura_jamaicensis_2;621;621;0;0;1.0;1.0;true
Pandion_haliaetus_1;321;321;0;0;1.0;1.0;true
Pandion_haliaetus_2;321;321;0;0;1.0;1.0;true
Pedionomus_torquatus_1;606;606;0;0;1.0;1.0;true
Pedionomus_torquatus_2;606;606;0;0;1.0;1.0;true
Pelagodroma_marina_1;606;606;0;0;1.0;1.0;true
Pelagodroma_marina_2;606;606;0;0;1.0;1.0;true
Pelecanoides_urinatrix_1;600;600;0;0;1.0;1.0;true
Pelecanoides_urinatrix_2;600;600;0;0;1.0;1.0;true
Pelecanus_occidentalis_1;606;606;0;0;1.0;1.0;true
Pelecanus_occidentalis_2;606;606;0;0;1.0;1.0;true
Phaethon_rubricauda_1;606;606;0;0;1.0;1.0;true
Phaethon_rubricauda_2;606;606;0;0;1.0;1.0;true
Phaethornis_superciliosus_1;600;600;0;0;1.0;1.0;true
Phaethornis_superciliosus_2;600;600;0;0;1.0;1.0;true
Phalacrocorax_brasili_1;606;606;0;0;1.0;1.0;true
Phalacrocorax_brasili_2;606;606;0;0;1.0;1.0;true
Phoebastria_nigripes_1;609;609;0;0;1.0;1.0;true
Phoebastria_nigripes_2;609;609;0;0;1.0;1.0;true
Phoenicopterus_ruber_1;606;606;0;0;1.0;1.0;true
Phoenicopterus_ruber_2;606;606;0;0;1.0;1.0;true
Phoeniculus_purpureus_1;618;618;0;0;1.0;1.0;true
Phoeniculus_purpureus_2;618;618;0;0;1.0;1.0;true
Picus_canus_1;591;591;0;0;1.0;1.0;true
Picus_canus_2;591;591;0;0;1.0;1.0;true
Pipra_erythrocephala_1;618;618;0;0;1.0;1.0;true
Pipra_erythrocephala_2;618;618;0;0;1.0;1.0;true
Piprites_chloris_1;621;621;0;0;1.0;1.0;true
Piprites_chloris_2;621;621;0;0;1.0;1.0;true
Pitta_angolensis_1;606;606;0;0;1.0;1.0;true
Pitta_angolensis_2;606;606;0;0;1.0;1.0;true
Podargus_strigoides_1;606;606;0;0;1.0;1.0;true
Podargus_strigoides_2;606;606;0;0;1.0;1.0;true
Poecile_lugubris_1;618;618;0;0;1.0;1.0;true
Poecile_lugubris_2;618;618;0;0;1.0;1.0;true
Porphyrio_porphyrio_1;606;606;0;0;1.0;1.0;true
Porphyrio_porphyrio_2;606;606;0;0;1.0;1.0;true
Probosciger_aterrimus_1;597;597;0;0;1.0;1.0;true
Probosciger_aterrimus_2;597;597;0;0;1.0;1.0;true
Psittacus_erithacus_1;597;597;0;0;1.0;1.0;true
Psittacus_erithacus_2;597;597;0;0;1.0;1.0;true
Psittrichas_fulgidus_1;597;597;0;0;1.0;1.0;true
Psittrichas_fulgidus_2;597;597;0;0;1.0;1.0;true
Psophia_crepitans_1;606;606;0;0;1.0;1.0;true
Psophia_crepitans_2;606;606;0;0;1.0;1.0;true
Pterocles_bicinctus_1;606;606;0;0;1.0;1.0;true
Pterocles_bicinctus_2;606;606;0;0;1.0;1.0;true
Pterodroma_externa_1;606;606;0;0;1.0;1.0;true
Pterodroma_externa_2;606;606;0;0;1.0;1.0;true
Ptilinopus_magnificus_1;621;621;0;0;1.0;1.0;true
Ptilinopus_magnificus_2;621;621;0;0;1.0;1.0;true
Ptilonorhynchus_violaceus_1;627;627;0;0;1.0;1.0;true
Ptilonorhynchus_violaceus_2;627;627;0;0;1.0;1.0;true
Puffinus_griseus_1;606;606;0;0;1.0;1.0;true
Puffinus_griseus_2;606;606;0;0;1.0;1.0;true
Pycnonotus_macrotis_1;621;621;0;0;1.0;1.0;true
Pycnonotus_macrotis_2;621;621;0;0;1.0;1.0;true
Rallus_longirostris_1;591;543;48;48;1.0;0.918;true
Rallus_longirostris_2;591;543;48;48;1.0;0.918;true
Ramphastos_ambiguus_1;594;594;0;0;1.0;1.0;true
Ramphastos_ambiguus_2;594;594;0;0;1.0;1.0;true
Recurvirostra_americana_1;606;606;0;0;1.0;1.0;true
Recurvirostra_americana_2;606;606;0;0;1.0;1.0;true
Regulus_ignicapilla_1;624;624;0;0;1.0;1.0;true
Regulus_ignicapilla_2;624;624;0;0;1.0;1.0;true
Rhea_americana_1;606;606;0;0;1.0;1.0;true
Rhea_americana_2;606;606;0;0;1.0;1.0;true
Rhynchocyclus_olivaceus_1;606;606;0;0;1.0;1.0;true
Rhynchocyclus_olivaceus_2;606;606;0;0;1.0;1.0;true
Rollandia_rolland_1;606;606;0;0;1.0;1.0;true
Rollandia_rolland_2;606;606;0;0;1.0;1.0;true
Rollulus_rouloul_1;576;576;0;0;1.0;1.0;true
Rollulus_rouloul_2;576;576;0;0;1.0;1.0;true
Rostratula_benghalensis_1;606;606;0;0;1.0;1.0;true
Rostratula_benghalensis_2;606;606;0;0;1.0;1.0;true
Rupicola_rupicola_1;621;621;0;0;1.0;1.0;true
Rupicola_rupicola_2;621;621;0;0;1.0;1.0;true
Rynchops_niger_1;621;621;0;0;1.0;1.0;true
Rynchops_niger_2;621;621;0;0;1.0;1.0;true
Sagittarius_serpentarius_1;576;576;0;0;1.0;1.0;true
Sagittarius_serpentarius_2;576;576;0;0;1.0;1.0;true
Sarothrura_rufa_1;606;606;0;0;1.0;1.0;true
Sarothrura_rufa_2;606;606;0;0;1.0;1.0;true
Schiffornis_turdina_1;303;303;0;0;1.0;1.0;true
Schiffornis_turdina_2;303;303;0;0;1.0;1.0;true
Sclerurus_mexicanus_1;606;606;0;0;1.0;1.0;true
Sclerurus_mexicanus_2;606;606;0;0;1.0;1.0;true
Scopus_umbretta_1;297;297;0;0;1.0;1.0;true
Scopus_umbretta_2;297;297;0;0;1.0;1.0;true
Sericulus_bakeri_1;627;627;0;0;1.0;1.0;true
Sericulus_bakeri_2;627;627;0;0;1.0;1.0;true
Smithornis_rufolateralis_1;621;621;0;0;1.0;1.0;true
Smithornis_rufolateralis_2;621;621;0;0;1.0;1.0;true
Spheniscus_humboldti_1;600;600;0;0;1.0;1.0;true
Spheniscus_humboldti_2;600;600;0;0;1.0;1.0;true
Spizella_arborea_1;618;618;0;0;1.0;1.0;true
Spizella_arborea_2;618;618;0;0;1.0;1.0;true
Steatornis_caripensi_1;339;339;0;0;1.0;1.0;true
Steatornis_caripensi_2;339;339;0;0;1.0;1.0;true
Sterna_hirundo_1;405;405;0;0;1.0;1.0;true
Sterna_hirundo_2;405;405;0;0;1.0;1.0;true
Streptoprocne_zonaris_1;579;579;0;0;1.0;1.0;true
Streptoprocne_zonaris_2;579;579;0;0;1.0;1.0;true
Strix_varia_1;606;606;0;0;1.0;1.0;true
Strix_varia_2;606;606;0;0;1.0;1.0;true
Struthio_camelus_1;477;477;0;0;1.0;1.0;true
Struthio_camelus_2;477;477;0;0;1.0;1.0;true
Sylvia_melanocephala_1;630;630;0;0;1.0;1.0;true
Sylvia_melanocephala_2;630;630;0;0;1.0;1.0;true
Syrrhaptes_paradoxus_1;621;621;0;0;1.0;1.0;true
Syrrhaptes_paradoxus_2;621;621;0;0;1.0;1.0;true
Tapera_naevia_1;606;606;0;0;1.0;1.0;true
Tapera_naevia_2;606;606;0;0;1.0;1.0;true
Tauraco_macrorhynchus_1;606;606;0;0;1.0;1.0;true
Tauraco_macrorhynchus_2;606;606;0;0;1.0;1.0;true
Terenura_callinota_1;600;600;0;0;1.0;1.0;true
Terenura_callinota_2;600;600;0;0;1.0;1.0;true
Thamnophilus_ruficapillu_1;534;534;0;0;1.0;1.0;true
Thamnophilus_ruficapillu_2;534;534;0;0;1.0;1.0;true
Theristicus_caerulescens_1;606;606;0;0;1.0;1.0;true
Theristicus_caerulescens_2;606;606;0;0;1.0;1.0;true
Tigrisoma_lineatum_1;606;606;0;0;1.0;1.0;true
Tigrisoma_lineatum_2;606;606;0;0;1.0;1.0;true
Tinamus_major_1;606;606;0;0;1.0;1.0;true
Tinamus_major_2;606;606;0;0;1.0;1.0;true
Tityra_cayana_1;612;612;0;0;1.0;1.0;true
Tityra_cayana_2;612;612;0;0;1.0;1.0;true
Tockus_camurus_1;597;597;0;0;1.0;1.0;true
Tockus_camurus_2;597;597;0;0;1.0;1.0;true
Todus_mexicanus_1;561;561;0;0;1.0;1.0;true
Todus_mexicanus_2;561;561;0;0;1.0;1.0;true
Topaza_pella_1;576;576;0;0;1.0;1.0;true
Topaza_pella_2;576;576;0;0;1.0;1.0;true
Treron_calvus_1;621;621;0;0;1.0;1.0;true
Treron_calvus_2;621;621;0;0;1.0;1.0;true
Tringa_solitaria_1;606;606;0;0;1.0;1.0;true
Tringa_solitaria_2;606;606;0;0;1.0;1.0;true
Trogon_elegans_1;606;606;0;0;1.0;1.0;true
Trogon_elegans_2;606;606;0;0;1.0;1.0;true
Turdus_olivater_1;630;630;0;0;1.0;1.0;true
Turdus_olivater_2;630;630;0;0;1.0;1.0;true
Turnix_ocellata_1;621;621;0;0;1.0;1.0;true
Turnix_ocellata_2;621;621;0;0;1.0;1.0;true
Tyrannus_albogularis_1;621;621;0;0;1.0;1.0;true
Tyrannus_albogularis_2;621;621;0;0;1.0;1.0;true
Tyto_alba_1;606;606;0;0;1.0;1.0;true
Tyto_alba_2;606;606;0;0;1.0;1.0;true
Upupa_epops_1;594;594;0;0;1.0;1.0;true
Upupa_epops_2;594;594;0;0;1.0;1.0;true
Uria_aalge_1;621;621;0;0;1.0;1.0;true
Uria_aalge_2;621;621;0;0;1.0;1.0;true
Urocolius_indicus_1;603;603;0;0;1.0;1.0;true
Urocolius_indicus_2;603;603;0;0;1.0;1.0;true
Vultur_gryphus_1;447;447;0;0;1.0;1.0;true
Vultur_gryphus_2;447;447;0;0;1.0;1.0;true
