seqName;initialSeqLength;nbKeep;nbTrim;nbInformativeTrim;percentKeepExcludingExtremities;percentKeepIncludingExtremities;keptSequences
Accipiter_superciliosus_1;84;0;84;84;0.0;0.0;false
Accipiter_superciliosus_2;84;0;84;84;0.0;0.0;false
Aegotheles_insignis_1;120;120;0;0;1.0;1.0;true
Aegotheles_insignis_2;120;120;0;0;1.0;1.0;true
Alcedo_quadribrachys_1;54;0;54;54;0.0;0.0;false
Alcedo_quadribrachys_2;54;0;54;54;0.0;0.0;false
Anhinga_anhinga_1;87;0;87;87;0.0;0.0;false
Anhinga_anhinga_2;87;0;87;87;0.0;0.0;false
Anser_canagicus_1;126;120;6;6;1.0;0.952;true
Anser_canagicus_2;126;120;6;6;1.0;0.952;true
Anseranas_semipalmata_1;120;120;0;0;1.0;1.0;true
Anseranas_semipalmata_2;120;120;0;0;1.0;1.0;true
Apaloderma_aequatoriale_1;120;120;0;0;1.0;1.0;true
Apaloderma_aequatoriale_2;120;120;0;0;1.0;1.0;true
Apteryx_sp._1;120;120;0;0;1.0;1.0;true
Apteryx_sp._2;120;120;0;0;1.0;1.0;true
Aramus_guarauna_1;120;120;0;0;1.0;1.0;true
Aramus_guarauna_2;120;120;0;0;1.0;1.0;true
Archilochus_colubris_1;120;120;0;0;1.0;1.0;true
Archilochus_colubris_2;120;120;0;0;1.0;1.0;true
Ardea_herodias_1;120;120;0;0;1.0;1.0;true
Ardea_herodias_2;120;120;0;0;1.0;1.0;true
Ardeotis_kori_1;120;120;0;0;1.0;1.0;true
Ardeotis_kori_2;120;120;0;0;1.0;1.0;true
Arenaria_interpres_1;90;0;90;90;0.0;0.0;false
Arenaria_interpres_2;90;0;90;90;0.0;0.0;false
Atelornis_pittoides_1;120;120;0;0;1.0;1.0;true
Atelornis_pittoides_2;120;120;0;0;1.0;1.0;true
Aythya_valisineria_1;120;120;0;0;1.0;1.0;true
Aythya_valisineria_2;120;120;0;0;1.0;1.0;true
Balaeniceps_rex_1;120;120;0;0;1.0;1.0;true
Balaeniceps_rex_2;120;120;0;0;1.0;1.0;true
Barnardius_zonarius_1;105;105;0;0;1.0;1.0;true
Barnardius_zonarius_2;105;105;0;0;1.0;1.0;true
Bonasa_umbellus_1;90;0;90;90;0.0;0.0;false
Bonasa_umbellus_2;90;0;90;90;0.0;0.0;false
Buccanodon_duchaillui_1;120;120;0;0;1.0;1.0;true
Buccanodon_duchaillui_2;120;120;0;0;1.0;1.0;true
Bucco_capensis_1;120;120;0;0;1.0;1.0;true
Bucco_capensis_2;120;120;0;0;1.0;1.0;true
Bucorvus_leadbeateri_1;72;0;72;72;0.0;0.0;false
Bucorvus_leadbeateri_2;72;0;72;72;0.0;0.0;false
Burhinus_oedicnemus_1;120;120;0;0;1.0;1.0;true
Burhinus_oedicnemus_2;120;120;0;0;1.0;1.0;true
Buteo_jamaicensis_1;120;120;0;0;1.0;1.0;true
Buteo_jamaicensis_2;120;120;0;0;1.0;1.0;true
Calandrella_brachydactyla_1;114;114;0;0;1.0;1.0;true
Calandrella_brachydactyla_2;114;114;0;0;1.0;1.0;true
Calyptomena_viridis_1;96;0;96;96;0.0;0.0;false
Calyptomena_viridis_2;96;0;96;96;0.0;0.0;false
Capito_niger_1;126;120;6;6;1.0;0.952;true
Capito_niger_2;126;120;6;6;1.0;0.952;true
Caprimulgus_europaeus_1;126;120;6;6;1.0;0.952;true
Caprimulgus_europaeus_2;126;120;6;6;1.0;0.952;true
Caracara_cheriway_1;120;120;0;0;1.0;1.0;true
Caracara_cheriway_2;120;120;0;0;1.0;1.0;true
Cariama_cristata_1;120;120;0;0;1.0;1.0;true
Cariama_cristata_2;120;120;0;0;1.0;1.0;true
Casuarius_bennetti_1;120;120;0;0;1.0;1.0;true
Casuarius_bennetti_2;120;120;0;0;1.0;1.0;true
Cathartes_burrovianus_1;120;120;0;0;1.0;1.0;true
Cathartes_burrovianus_2;120;120;0;0;1.0;1.0;true
Centropus_bengalensis_1;120;120;0;0;1.0;1.0;true
Centropus_bengalensis_2;120;120;0;0;1.0;1.0;true
Chaetura_brachyura_1;120;120;0;0;1.0;1.0;true
Chaetura_brachyura_2;120;120;0;0;1.0;1.0;true
Charadrius_hiaticula_1;108;108;0;0;1.0;1.0;true
Charadrius_hiaticula_2;108;108;0;0;1.0;1.0;true
Chauna_torquata_1;120;120;0;0;1.0;1.0;true
Chauna_torquata_2;120;120;0;0;1.0;1.0;true
Chelidoptera_tenebrosa_1;120;120;0;0;1.0;1.0;true
Chelidoptera_tenebrosa_2;120;120;0;0;1.0;1.0;true
Chloroceryle_inda_1;120;120;0;0;1.0;1.0;true
Chloroceryle_inda_2;120;120;0;0;1.0;1.0;true
Chordeiles_pusillus_1;126;120;6;6;1.0;0.952;true
Chordeiles_pusillus_2;126;120;6;6;1.0;0.952;true
Chroicocephalus_cirrocephalus_1;60;0;60;60;0.0;0.0;false
Chroicocephalus_cirrocephalus_2;60;0;60;60;0.0;0.0;false
Chunga_burmeisteri_1;120;120;0;0;1.0;1.0;true
Chunga_burmeisteri_2;120;120;0;0;1.0;1.0;true
Climacteris_melanura_1;120;120;0;0;1.0;1.0;true
Climacteris_melanura_2;120;120;0;0;1.0;1.0;true
Colinus_cristatus_1;120;120;0;0;1.0;1.0;true
Colinus_cristatus_2;120;120;0;0;1.0;1.0;true
Colius_colius_1;114;114;0;0;1.0;1.0;true
Colius_colius_2;114;114;0;0;1.0;1.0;true
Columba_livia_1;96;0;96;96;0.0;0.0;false
Columba_livia_2;96;0;96;96;0.0;0.0;false
Columbina_minuta_1;120;120;0;0;1.0;1.0;true
Columbina_minuta_2;120;120;0;0;1.0;1.0;true
Coracias_cyanogaster_1;120;120;0;0;1.0;1.0;true
Coracias_cyanogaster_2;120;120;0;0;1.0;1.0;true
Corvus_albus_1;120;120;0;0;1.0;1.0;true
Corvus_albus_2;120;120;0;0;1.0;1.0;true
Cotinga_cayana_1;120;120;0;0;1.0;1.0;true
Cotinga_cayana_2;120;120;0;0;1.0;1.0;true
Crax_alector_1;120;120;0;0;1.0;1.0;true
Crax_alector_2;120;120;0;0;1.0;1.0;true
Crocodylus_porosus_1;54;0;54;54;0.0;0.0;false
Crocodylus_porosus_2;54;0;54;54;0.0;0.0;false
Crypturellus_tataupa_1;120;120;0;0;1.0;1.0;true
Crypturellus_tataupa_2;120;120;0;0;1.0;1.0;true
Cuculus_optatus_1;120;120;0;0;1.0;1.0;true
Cuculus_optatus_2;120;120;0;0;1.0;1.0;true
Deroptyus_accipitrinus_1;120;120;0;0;1.0;1.0;true
Deroptyus_accipitrinus_2;120;120;0;0;1.0;1.0;true
Dromaius_novaehollandiae_1;120;120;0;0;1.0;1.0;true
Dromaius_novaehollandiae_2;120;120;0;0;1.0;1.0;true
Elaenia_flavogaster_1;120;120;0;0;1.0;1.0;true
Elaenia_flavogaster_2;120;120;0;0;1.0;1.0;true
Elanus_leucurus_1;120;120;0;0;1.0;1.0;true
Elanus_leucurus_2;120;120;0;0;1.0;1.0;true
Eudromia_elegans_1;120;120;0;0;1.0;1.0;true
Eudromia_elegans_2;120;120;0;0;1.0;1.0;true
Eurostopodus_macrotis_1;117;117;0;0;1.0;1.0;true
Eurostopodus_macrotis_2;117;117;0;0;1.0;1.0;true
Eurylaimus_ochromalus_1;120;120;0;0;1.0;1.0;true
Eurylaimus_ochromalus_2;120;120;0;0;1.0;1.0;true
Eurypyga_helias_1;120;120;0;0;1.0;1.0;true
Eurypyga_helias_2;120;120;0;0;1.0;1.0;true
Falco_sparverius_1;120;120;0;0;1.0;1.0;true
Falco_sparverius_2;120;120;0;0;1.0;1.0;true
Fregata_magnificens_1;120;120;0;0;1.0;1.0;true
Fregata_magnificens_2;120;120;0;0;1.0;1.0;true
Fringilla_coelebs_1;120;120;0;0;1.0;1.0;true
Fringilla_coelebs_2;120;120;0;0;1.0;1.0;true
Fulmarus_glacialoides_1;120;120;0;0;1.0;1.0;true
Fulmarus_glacialoides_2;120;120;0;0;1.0;1.0;true
Furnarius_rufus_1;120;120;0;0;1.0;1.0;true
Furnarius_rufus_2;120;120;0;0;1.0;1.0;true
Galbula_dea_1;120;120;0;0;1.0;1.0;true
Galbula_dea_2;120;120;0;0;1.0;1.0;true
Gallus_gallus_1;120;120;0;0;1.0;1.0;true
Gallus_gallus_2;120;120;0;0;1.0;1.0;true
Gavia_immer_1;57;0;57;57;0.0;0.0;false
Gavia_immer_2;57;0;57;57;0.0;0.0;false
Glareola_nuchalis_1;120;120;0;0;1.0;1.0;true
Glareola_nuchalis_2;120;120;0;0;1.0;1.0;true
Grus_canadensis_1;120;120;0;0;1.0;1.0;true
Grus_canadensis_2;120;120;0;0;1.0;1.0;true
Haematopus_palliatus_1;120;120;0;0;1.0;1.0;true
Haematopus_palliatus_2;120;120;0;0;1.0;1.0;true
Heliornis_fulica_1;120;120;0;0;1.0;1.0;true
Heliornis_fulica_2;120;120;0;0;1.0;1.0;true
Hirundinea_ferruginea_1;120;120;0;0;1.0;1.0;true
Hirundinea_ferruginea_2;120;120;0;0;1.0;1.0;true
Hymenops_perspicillatus_1;102;102;0;0;1.0;1.0;true
Hymenops_perspicillatus_2;102;102;0;0;1.0;1.0;true
Ibycter_americanus_1;120;120;0;0;1.0;1.0;true
Ibycter_americanus_2;120;120;0;0;1.0;1.0;true
Indicator_exilis_1;120;120;0;0;1.0;1.0;true
Indicator_exilis_2;120;120;0;0;1.0;1.0;true
Ixobrychus_minutus_1;120;120;0;0;1.0;1.0;true
Ixobrychus_minutus_2;120;120;0;0;1.0;1.0;true
Jacana_jacana_1;120;120;0;0;1.0;1.0;true
Jacana_jacana_2;120;120;0;0;1.0;1.0;true
Jynx_torquilla_1;120;120;0;0;1.0;1.0;true
Jynx_torquilla_2;120;120;0;0;1.0;1.0;true
Leipoa_ocellata_1;120;120;0;0;1.0;1.0;true
Leipoa_ocellata_2;120;120;0;0;1.0;1.0;true
Leptoptilos_crumeniferus_1;120;120;0;0;1.0;1.0;true
Leptoptilos_crumeniferus_2;120;120;0;0;1.0;1.0;true
Leptosomus_discolor_1;120;120;0;0;1.0;1.0;true
Leptosomus_discolor_2;120;120;0;0;1.0;1.0;true
Leptotila_rufaxilla_1;120;120;0;0;1.0;1.0;true
Leptotila_rufaxilla_2;120;120;0;0;1.0;1.0;true
Limosa_lapponica_1;120;120;0;0;1.0;1.0;true
Limosa_lapponica_2;120;120;0;0;1.0;1.0;true
Megalaima_chrysopogon_1;120;120;0;0;1.0;1.0;true
Megalaima_chrysopogon_2;120;120;0;0;1.0;1.0;true
Melanopareia_maximilian_1;120;120;0;0;1.0;1.0;true
Melanopareia_maximilian_2;120;120;0;0;1.0;1.0;true
Merops_muelleri_1;120;120;0;0;1.0;1.0;true
Merops_muelleri_2;120;120;0;0;1.0;1.0;true
Mesitornis_unicolor_1;120;120;0;0;1.0;1.0;true
Mesitornis_unicolor_2;120;120;0;0;1.0;1.0;true
Micrastur_gilvicollis_1;120;120;0;0;1.0;1.0;true
Micrastur_gilvicollis_2;120;120;0;0;1.0;1.0;true
Micropygia_schomburgkii_1;120;120;0;0;1.0;1.0;true
Micropygia_schomburgkii_2;120;120;0;0;1.0;1.0;true
Momotus_lessonii_1;120;120;0;0;1.0;1.0;true
Momotus_lessonii_2;120;120;0;0;1.0;1.0;true
Monias_benschi_1;120;120;0;0;1.0;1.0;true
Monias_benschi_2;120;120;0;0;1.0;1.0;true
Morus_serrator_1;99;0;99;99;0.0;0.0;false
Morus_serrator_2;99;0;99;99;0.0;0.0;false
Myrmornis_torquata_1;120;120;0;0;1.0;1.0;true
Myrmornis_torquata_2;120;120;0;0;1.0;1.0;true
Neopelma_chrysocephalum_1;120;120;0;0;1.0;1.0;true
Neopelma_chrysocephalum_2;120;120;0;0;1.0;1.0;true
Nestor_meridionalis_1;102;102;0;0;1.0;1.0;true
Nestor_meridionalis_2;102;102;0;0;1.0;1.0;true
Nothoprocta_ornata_1;120;120;0;0;1.0;1.0;true
Nothoprocta_ornata_2;120;120;0;0;1.0;1.0;true
Numida_malagris_1;114;114;0;0;1.0;1.0;true
Numida_malagris_2;114;114;0;0;1.0;1.0;true
Nyctibius_griseus_1;120;120;0;0;1.0;1.0;true
Nyctibius_griseus_2;120;120;0;0;1.0;1.0;true
Oceanites_oceanicus_1;120;120;0;0;1.0;1.0;true
Oceanites_oceanicus_2;120;120;0;0;1.0;1.0;true
Oceanodroma_leucorhoa_1;120;120;0;0;1.0;1.0;true
Oceanodroma_leucorhoa_2;120;120;0;0;1.0;1.0;true
Odontophorus_gujanensis_1;120;120;0;0;1.0;1.0;true
Odontophorus_gujanensis_2;120;120;0;0;1.0;1.0;true
Ortalis_motmot_1;120;120;0;0;1.0;1.0;true
Ortalis_motmot_2;120;120;0;0;1.0;1.0;true
Oxyruncus_cristatus_1;96;0;96;96;0.0;0.0;false
Oxyruncus_cristatus_2;96;0;96;96;0.0;0.0;false
Oxyura_jamaicensis_1;90;0;90;90;0.0;0.0;false
Oxyura_jamaicensis_2;90;0;90;90;0.0;0.0;false
Pandion_haliaetus_1;120;120;0;0;1.0;1.0;true
Pandion_haliaetus_2;120;120;0;0;1.0;1.0;true
Pedionomus_torquatus_1;120;120;0;0;1.0;1.0;true
Pedionomus_torquatus_2;120;120;0;0;1.0;1.0;true
Pelecanoides_urinatrix_1;120;120;0;0;1.0;1.0;true
Pelecanoides_urinatrix_2;120;120;0;0;1.0;1.0;true
Pelecanus_occidentalis_1;120;120;0;0;1.0;1.0;true
Pelecanus_occidentalis_2;120;120;0;0;1.0;1.0;true
Phaethon_rubricauda_1;120;120;0;0;1.0;1.0;true
Phaethon_rubricauda_2;120;120;0;0;1.0;1.0;true
Phaethornis_superciliosus_1;120;120;0;0;1.0;1.0;true
Phaethornis_superciliosus_2;120;120;0;0;1.0;1.0;true
Phalacrocorax_brasili_1;120;120;0;0;1.0;1.0;true
Phalacrocorax_brasili_2;120;120;0;0;1.0;1.0;true
Picus_canus_1;120;120;0;0;1.0;1.0;true
Picus_canus_2;120;120;0;0;1.0;1.0;true
Pipra_erythrocephala_1;102;102;0;0;1.0;1.0;true
Pipra_erythrocephala_2;102;102;0;0;1.0;1.0;true
Piprites_chloris_1;120;120;0;0;1.0;1.0;true
Piprites_chloris_2;120;120;0;0;1.0;1.0;true
Pitta_angolensis_1;126;120;6;6;1.0;0.952;true
Pitta_angolensis_2;126;120;6;6;1.0;0.952;true
Podargus_strigoides_1;120;120;0;0;1.0;1.0;true
Podargus_strigoides_2;120;120;0;0;1.0;1.0;true
Porphyrio_porphyrio_1;120;120;0;0;1.0;1.0;true
Porphyrio_porphyrio_2;120;120;0;0;1.0;1.0;true
Probosciger_aterrimus_1;120;120;0;0;1.0;1.0;true
Probosciger_aterrimus_2;120;120;0;0;1.0;1.0;true
Psittacus_erithacus_1;120;120;0;0;1.0;1.0;true
Psittacus_erithacus_2;120;120;0;0;1.0;1.0;true
Psittrichas_fulgidus_1;120;120;0;0;1.0;1.0;true
Psittrichas_fulgidus_2;120;120;0;0;1.0;1.0;true
Psophia_crepitans_1;120;120;0;0;1.0;1.0;true
Psophia_crepitans_2;120;120;0;0;1.0;1.0;true
Pterodroma_externa_1;120;120;0;0;1.0;1.0;true
Pterodroma_externa_2;120;120;0;0;1.0;1.0;true
Ptilinopus_magnificus_1;120;120;0;0;1.0;1.0;true
Ptilinopus_magnificus_2;120;120;0;0;1.0;1.0;true
Ptilonorhynchus_violaceus_1;120;120;0;0;1.0;1.0;true
Ptilonorhynchus_violaceus_2;120;120;0;0;1.0;1.0;true
Puffinus_griseus_1;120;120;0;0;1.0;1.0;true
Puffinus_griseus_2;120;120;0;0;1.0;1.0;true
Pycnonotus_macrotis_1;120;120;0;0;1.0;1.0;true
Pycnonotus_macrotis_2;120;120;0;0;1.0;1.0;true
Ramphastos_ambiguus_1;126;120;6;6;1.0;0.952;true
Ramphastos_ambiguus_2;126;120;6;6;1.0;0.952;true
Recurvirostra_americana_1;120;120;0;0;1.0;1.0;true
Recurvirostra_americana_2;120;120;0;0;1.0;1.0;true
Regulus_ignicapilla_1;120;120;0;0;1.0;1.0;true
Regulus_ignicapilla_2;120;120;0;0;1.0;1.0;true
Rhea_americana_1;120;120;0;0;1.0;1.0;true
Rhea_americana_2;120;120;0;0;1.0;1.0;true
Rhynchocyclus_olivaceus_1;120;120;0;0;1.0;1.0;true
Rhynchocyclus_olivaceus_2;120;120;0;0;1.0;1.0;true
Rollandia_rolland_1;120;120;0;0;1.0;1.0;true
Rollandia_rolland_2;120;120;0;0;1.0;1.0;true
Rostratula_benghalensis_1;87;0;87;87;0.0;0.0;false
Rostratula_benghalensis_2;87;0;87;87;0.0;0.0;false
Rupicola_rupicola_1;114;114;0;0;1.0;1.0;true
Rupicola_rupicola_2;114;114;0;0;1.0;1.0;true
Rynchops_niger_1;117;117;0;0;1.0;1.0;true
Rynchops_niger_2;117;117;0;0;1.0;1.0;true
Schiffornis_turdina_1;120;120;0;0;1.0;1.0;true
Schiffornis_turdina_2;120;120;0;0;1.0;1.0;true
Sclerurus_mexicanus_1;120;120;0;0;1.0;1.0;true
Sclerurus_mexicanus_2;120;120;0;0;1.0;1.0;true
Scopus_umbretta_1;120;120;0;0;1.0;1.0;true
Scopus_umbretta_2;120;120;0;0;1.0;1.0;true
Sericulus_bakeri_1;120;120;0;0;1.0;1.0;true
Sericulus_bakeri_2;120;120;0;0;1.0;1.0;true
Smithornis_rufolateralis_1;120;120;0;0;1.0;1.0;true
Smithornis_rufolateralis_2;120;120;0;0;1.0;1.0;true
Spheniscus_humboldti_1;120;120;0;0;1.0;1.0;true
Spheniscus_humboldti_2;120;120;0;0;1.0;1.0;true
Spizella_arborea_1;120;120;0;0;1.0;1.0;true
Spizella_arborea_2;120;120;0;0;1.0;1.0;true
Sterna_hirundo_1;78;0;78;78;0.0;0.0;false
Sterna_hirundo_2;78;0;78;78;0.0;0.0;false
Streptoprocne_zonaris_1;96;0;96;96;0.0;0.0;false
Streptoprocne_zonaris_2;96;0;96;96;0.0;0.0;false
Syrrhaptes_paradoxus_1;120;120;0;0;1.0;1.0;true
Syrrhaptes_paradoxus_2;120;120;0;0;1.0;1.0;true
Tapera_naevia_1;105;105;0;0;1.0;1.0;true
Tapera_naevia_2;105;105;0;0;1.0;1.0;true
Terenura_callinota_1;120;120;0;0;1.0;1.0;true
Terenura_callinota_2;120;120;0;0;1.0;1.0;true
Thamnophilus_ruficapillu_1;120;120;0;0;1.0;1.0;true
Thamnophilus_ruficapillu_2;120;120;0;0;1.0;1.0;true
Theristicus_caerulescens_1;120;120;0;0;1.0;1.0;true
Theristicus_caerulescens_2;120;120;0;0;1.0;1.0;true
Tigrisoma_lineatum_1;105;105;0;0;1.0;1.0;true
Tigrisoma_lineatum_2;105;105;0;0;1.0;1.0;true
Tityra_cayana_1;120;120;0;0;1.0;1.0;true
Tityra_cayana_2;120;120;0;0;1.0;1.0;true
Tockus_camurus_1;120;120;0;0;1.0;1.0;true
Tockus_camurus_2;120;120;0;0;1.0;1.0;true
Todus_mexicanus_1;120;120;0;0;1.0;1.0;true
Todus_mexicanus_2;120;120;0;0;1.0;1.0;true
Topaza_pella_1;120;120;0;0;1.0;1.0;true
Topaza_pella_2;120;120;0;0;1.0;1.0;true
Treron_calvus_1;120;120;0;0;1.0;1.0;true
Treron_calvus_2;120;120;0;0;1.0;1.0;true
Tringa_solitaria_1;120;120;0;0;1.0;1.0;true
Tringa_solitaria_2;120;120;0;0;1.0;1.0;true
Trogon_elegans_1;120;120;0;0;1.0;1.0;true
Trogon_elegans_2;120;120;0;0;1.0;1.0;true
Turdus_olivater_1;126;120;6;6;1.0;0.952;true
Turdus_olivater_2;126;120;6;6;1.0;0.952;true
Turnix_ocellata_1;120;120;0;0;1.0;1.0;true
Turnix_ocellata_2;120;120;0;0;1.0;1.0;true
Tyrannus_albogularis_1;120;120;0;0;1.0;1.0;true
Tyrannus_albogularis_2;120;120;0;0;1.0;1.0;true
Upupa_epops_1;120;120;0;0;1.0;1.0;true
Upupa_epops_2;120;120;0;0;1.0;1.0;true
Uria_aalge_1;120;120;0;0;1.0;1.0;true
Uria_aalge_2;120;120;0;0;1.0;1.0;true
Urocolius_indicus_1;120;120;0;0;1.0;1.0;true
Urocolius_indicus_2;120;120;0;0;1.0;1.0;true
