seqName;initialSeqLength;nbKeep;nbTrim;nbInformativeTrim;percentKeepExcludingExtremities;percentKeepIncludingExtremities;keptSequences
Acanthisitta_chloris_1;1086;1068;18;18;1.0;0.983;true
Acanthisitta_chloris_2;1086;1068;18;18;1.0;0.983;true
Accipiter_superciliosus_1;1068;1068;0;0;1.0;1.0;true
Accipiter_superciliosus_2;1068;1068;0;0;1.0;1.0;true
Aegotheles_insignis_1;1089;1068;21;21;1.0;0.98;true
Aegotheles_insignis_2;1089;1068;21;21;1.0;0.98;true
Alcedo_quadribrachys_1;1068;1068;0;0;1.0;1.0;true
Alcedo_quadribrachys_2;1068;1068;0;0;1.0;1.0;true
Anas_superciliosa_1;1089;1068;21;21;1.0;0.98;true
Anas_superciliosa_2;1089;1068;21;21;1.0;0.98;true
Anhinga_anhinga_1;1089;1068;21;21;1.0;0.98;true
Anhinga_anhinga_2;1089;1068;21;21;1.0;0.98;true
Anser_canagicus_1;1089;1068;21;21;1.0;0.98;true
Anser_canagicus_2;1089;1068;21;21;1.0;0.98;true
Anseranas_semipalmata_1;1089;1068;21;21;1.0;0.98;true
Anseranas_semipalmata_2;1089;1068;21;21;1.0;0.98;true
Apaloderma_aequatoriale_1;1086;1065;21;21;1.0;0.98;true
Apaloderma_aequatoriale_2;1086;1065;21;21;1.0;0.98;true
Apteryx_sp._1;1068;1068;0;0;1.0;1.0;true
Apteryx_sp._2;1068;1068;0;0;1.0;1.0;true
Aramus_guarauna_1;1089;1068;21;21;1.0;0.98;true
Aramus_guarauna_2;1089;1068;21;21;1.0;0.98;true
Archilochus_colubris_1;1044;1032;12;12;1.0;0.988;true
Archilochus_colubris_2;1044;1032;12;12;1.0;0.988;true
Ardea_herodias_1;1068;1068;0;0;1.0;1.0;true
Ardea_herodias_2;1068;1068;0;0;1.0;1.0;true
Ardeotis_kori_1;1089;1068;21;21;1.0;0.98;true
Ardeotis_kori_2;1089;1068;21;21;1.0;0.98;true
Arenaria_interpres_1;1089;1068;21;21;1.0;0.98;true
Arenaria_interpres_2;1089;1068;21;21;1.0;0.98;true
Atelornis_pittoides_1;1068;1068;0;0;1.0;1.0;true
Atelornis_pittoides_2;1068;1068;0;0;1.0;1.0;true
Aythya_valisineria_1;1089;1068;21;21;1.0;0.98;true
Aythya_valisineria_2;1089;1068;21;21;1.0;0.98;true
Balaeniceps_rex_1;1089;1068;21;21;1.0;0.98;true
Balaeniceps_rex_2;1089;1068;21;21;1.0;0.98;true
Balearica_regulorum_1;1023;957;66;66;1.0;0.935;true
Balearica_regulorum_2;1023;957;66;66;1.0;0.935;true
Barnardius_zonarius_1;1089;1068;21;21;1.0;0.98;true
Barnardius_zonarius_2;1089;1068;21;21;1.0;0.98;true
Bonasa_umbellus_1;1089;1068;21;21;1.0;0.98;true
Bonasa_umbellus_2;1089;1068;21;21;1.0;0.98;true
Buccanodon_duchaillui_1;1134;1068;66;66;1.0;0.941;true
Buccanodon_duchaillui_2;1134;1068;66;66;1.0;0.941;true
Bucco_capensis_1;1080;1068;12;12;1.0;0.988;true
Bucco_capensis_2;1080;1068;12;12;1.0;0.988;true
Bucorvus_leadbeateri_1;1089;1068;21;21;1.0;0.98;true
Bucorvus_leadbeateri_2;1089;1068;21;21;1.0;0.98;true
Burhinus_oedicnemus_1;1089;1068;21;21;1.0;0.98;true
Burhinus_oedicnemus_2;1089;1068;21;21;1.0;0.98;true
Buteo_jamaicensis_1;1068;1068;0;0;1.0;1.0;true
Buteo_jamaicensis_2;1068;1068;0;0;1.0;1.0;true
Caiman_croccodilus_1;678;678;0;0;1.0;1.0;true
Caiman_croccodilus_2;678;678;0;0;1.0;1.0;true
Calandrella_brachydactyla_1;1062;1062;0;0;1.0;1.0;true
Calandrella_brachydactyla_2;1062;1062;0;0;1.0;1.0;true
Calyptomena_viridis_1;1080;1068;12;12;1.0;0.988;true
Calyptomena_viridis_2;1080;1068;12;12;1.0;0.988;true
Capito_niger_1;1134;1068;66;66;1.0;0.941;true
Capito_niger_2;1134;1068;66;66;1.0;0.941;true
Caprimulgus_europaeus_1;1065;1044;21;21;1.0;0.98;true
Caprimulgus_europaeus_2;1065;1044;21;21;1.0;0.98;true
Caracara_cheriway_1;1089;1068;21;21;1.0;0.98;true
Caracara_cheriway_2;1089;1068;21;21;1.0;0.98;true
Cariama_cristata_1;1089;1068;21;21;1.0;0.98;true
Cariama_cristata_2;1089;1068;21;21;1.0;0.98;true
Casuarius_bennetti_1;1089;1068;21;21;1.0;0.98;true
Casuarius_bennetti_2;1089;1068;21;21;1.0;0.98;true
Cathartes_burrovianus_1;1089;1068;21;21;1.0;0.98;true
Cathartes_burrovianus_2;1089;1068;21;21;1.0;0.98;true
Centropus_bengalensis_1;1068;1068;0;0;1.0;1.0;true
Centropus_bengalensis_2;1068;1068;0;0;1.0;1.0;true
Chaetura_brachyura_1;1068;1068;0;0;1.0;1.0;true
Chaetura_brachyura_2;1068;1068;0;0;1.0;1.0;true
Charadrius_hiaticula_1;1089;1068;21;21;1.0;0.98;true
Charadrius_hiaticula_2;1089;1068;21;21;1.0;0.98;true
Chauna_torquata_1;1089;1068;21;21;1.0;0.98;true
Chauna_torquata_2;1089;1068;21;21;1.0;0.98;true
Chelidoptera_tenebrosa_1;1089;1068;21;21;1.0;0.98;true
Chelidoptera_tenebrosa_2;1089;1068;21;21;1.0;0.98;true
Chloroceryle_inda_1;1068;1068;0;0;1.0;1.0;true
Chloroceryle_inda_2;1068;1068;0;0;1.0;1.0;true
Chordeiles_pusillus_1;1065;1044;21;21;1.0;0.98;true
Chordeiles_pusillus_2;1065;1044;21;21;1.0;0.98;true
Chroicocephalus_cirrocephalus_1;1089;1068;21;21;1.0;0.98;true
Chroicocephalus_cirrocephalus_2;1089;1068;21;21;1.0;0.98;true
Chunga_burmeisteri_1;1089;1068;21;21;1.0;0.98;true
Chunga_burmeisteri_2;1089;1068;21;21;1.0;0.98;true
Ciconia_nigra_1;1086;1065;21;21;1.0;0.98;true
Ciconia_nigra_2;1086;1065;21;21;1.0;0.98;true
Climacteris_melanura_1;1083;1062;21;21;1.0;0.98;true
Climacteris_melanura_2;1083;1062;21;21;1.0;0.98;true
Coccyzus_melacoryphus_1;1083;1068;15;15;1.0;0.986;true
Coccyzus_melacoryphus_2;1083;1068;15;15;1.0;0.986;true
Colinus_cristatus_1;1089;1068;21;21;1.0;0.98;true
Colinus_cristatus_2;1089;1068;21;21;1.0;0.98;true
Colius_colius_1;1089;1068;21;21;1.0;0.98;true
Colius_colius_2;1089;1068;21;21;1.0;0.98;true
Columba_livia_1;1107;1068;39;39;1.0;0.964;true
Columba_livia_2;1107;1068;39;39;1.0;0.964;true
Columbina_minuta_1;1068;1068;0;0;1.0;1.0;true
Columbina_minuta_2;1068;1068;0;0;1.0;1.0;true
Coracias_cyanogaster_1;1086;1065;21;21;1.0;0.98;true
Coracias_cyanogaster_2;1086;1065;21;21;1.0;0.98;true
Corvus_albus_1;1083;1062;21;21;1.0;0.98;true
Corvus_albus_2;1083;1062;21;21;1.0;0.98;true
Corythaeola_cristata_1;1068;1068;0;0;1.0;1.0;true
Corythaeola_cristata_2;1068;1068;0;0;1.0;1.0;true
Cotinga_cayana_1;1089;1068;21;21;1.0;0.98;true
Cotinga_cayana_2;1089;1068;21;21;1.0;0.98;true
Crax_alector_1;1089;1068;21;21;1.0;0.98;true
Crax_alector_2;1089;1068;21;21;1.0;0.98;true
Crocodylus_porosus_1;498;498;0;0;1.0;1.0;true
Crocodylus_porosus_2;498;498;0;0;1.0;1.0;true
Cryptopipo_aenigma_1;1068;1068;0;0;1.0;1.0;true
Cryptopipo_aenigma_2;1068;1068;0;0;1.0;1.0;true
Crypturellus_tataupa_1;1032;1032;0;0;1.0;1.0;true
Crypturellus_tataupa_2;1032;1032;0;0;1.0;1.0;true
Cuculus_optatus_1;1083;1068;15;15;1.0;0.986;true
Cuculus_optatus_2;1083;1068;15;15;1.0;0.986;true
Dendrocygna_viduata_1;1080;1068;12;12;1.0;0.988;true
Dendrocygna_viduata_2;1080;1068;12;12;1.0;0.988;true
Deroptyus_accipitrinus_1;1068;1068;0;0;1.0;1.0;true
Deroptyus_accipitrinus_2;1068;1068;0;0;1.0;1.0;true
Dromaius_novaehollandiae_1;1089;1068;21;21;1.0;0.98;true
Dromaius_novaehollandiae_2;1089;1068;21;21;1.0;0.98;true
Elaenia_flavogaster_1;1089;1068;21;21;1.0;0.98;true
Elaenia_flavogaster_2;1089;1068;21;21;1.0;0.98;true
Elanus_leucurus_1;1068;1068;0;0;1.0;1.0;true
Elanus_leucurus_2;1068;1068;0;0;1.0;1.0;true
Eudromia_elegans_1;1068;1068;0;0;1.0;1.0;true
Eudromia_elegans_2;1068;1068;0;0;1.0;1.0;true
Eurostopodus_macrotis_1;1062;1044;18;18;1.0;0.983;true
Eurostopodus_macrotis_2;1062;1044;18;18;1.0;0.983;true
Eurylaimus_ochromalus_1;1089;1068;21;21;1.0;0.98;true
Eurylaimus_ochromalus_2;1089;1068;21;21;1.0;0.98;true
Eurypyga_helias_1;1134;1068;66;66;1.0;0.941;true
Eurypyga_helias_2;1134;1068;66;66;1.0;0.941;true
Falco_sparverius_1;1068;1068;0;0;1.0;1.0;true
Falco_sparverius_2;1068;1068;0;0;1.0;1.0;true
Fregata_magnificens_1;1089;1068;21;21;1.0;0.98;true
Fregata_magnificens_2;1089;1068;21;21;1.0;0.98;true
Fringilla_coelebs_1;1083;1062;21;21;1.0;0.98;true
Fringilla_coelebs_2;1083;1062;21;21;1.0;0.98;true
Fulmarus_glacialoides_1;1068;1068;0;0;1.0;1.0;true
Fulmarus_glacialoides_2;1068;1068;0;0;1.0;1.0;true
Furnarius_rufus_1;1089;1068;21;21;1.0;0.98;true
Furnarius_rufus_2;1089;1062;27;27;1.0;0.975;true
Galbula_dea_1;1068;1068;0;0;1.0;1.0;true
Galbula_dea_2;1068;1068;0;0;1.0;1.0;true
Gallus_gallus_1;1089;1068;21;21;1.0;0.98;true
Gallus_gallus_2;1089;1068;21;21;1.0;0.98;true
Gavia_immer_1;1068;1068;0;0;1.0;1.0;true
Gavia_immer_2;1068;1068;0;0;1.0;1.0;true
Glareola_nuchalis_1;1089;1068;21;21;1.0;0.98;true
Glareola_nuchalis_2;1089;1068;21;21;1.0;0.98;true
Grus_canadensis_1;978;978;0;0;1.0;1.0;true
Grus_canadensis_2;978;978;0;0;1.0;1.0;true
Haematopus_palliatus_1;1089;1068;21;21;1.0;0.98;true
Haematopus_palliatus_2;1089;1068;21;21;1.0;0.98;true
Heliornis_fulica_1;1089;1068;21;21;1.0;0.98;true
Heliornis_fulica_2;1089;1068;21;21;1.0;0.98;true
Hemiprocne_comata_1;1089;1068;21;21;1.0;0.98;true
Hemiprocne_comata_2;1089;1068;21;21;1.0;0.98;true
Hirundinea_ferruginea_1;1089;1068;21;21;1.0;0.98;true
Hirundinea_ferruginea_2;1089;1068;21;21;1.0;0.98;true
Hymenops_perspicillatus_1;1089;1068;21;21;1.0;0.98;true
Hymenops_perspicillatus_2;1089;1068;21;21;1.0;0.98;true
Ibycter_americanus_1;1089;1068;21;21;1.0;0.98;true
Ibycter_americanus_2;1089;1068;21;21;1.0;0.98;true
Indicator_exilis_1;1068;1068;0;0;1.0;1.0;true
Indicator_exilis_2;1068;1068;0;0;1.0;1.0;true
Ixobrychus_minutus_1;1068;1068;0;0;1.0;1.0;true
Ixobrychus_minutus_2;1068;1068;0;0;1.0;1.0;true
Jacana_jacana_1;1068;1068;0;0;1.0;1.0;true
Jacana_jacana_2;1068;1068;0;0;1.0;1.0;true
Jynx_torquilla_1;1104;1068;36;36;1.0;0.967;true
Jynx_torquilla_2;1104;1068;36;36;1.0;0.967;true
Leipoa_ocellata_1;1053;1053;0;0;1.0;1.0;true
Leipoa_ocellata_2;1053;1053;0;0;1.0;1.0;true
Lepidocolaptes_angustirostr_1;1056;1035;21;21;1.0;0.98;true
Lepidocolaptes_angustirostr_2;1056;1035;21;21;1.0;0.98;true
Leptoptilos_crumeniferus_1;1053;1053;0;0;1.0;1.0;true
Leptoptilos_crumeniferus_2;1053;1053;0;0;1.0;1.0;true
Leptosomus_discolor_1;1089;1068;21;21;1.0;0.98;true
Leptosomus_discolor_2;1089;1068;21;21;1.0;0.98;true
Leptotila_rufaxilla_1;1122;1065;57;57;1.0;0.949;true
Leptotila_rufaxilla_2;1122;1065;57;57;1.0;0.949;true
Limosa_lapponica_1;1089;1068;21;21;1.0;0.98;true
Limosa_lapponica_2;1089;1068;21;21;1.0;0.98;true
Lophorina_superba_1;1083;1062;21;21;1.0;0.98;true
Lophorina_superba_2;1083;1062;21;21;1.0;0.98;true
Malurus_splendens_1;1062;1062;0;0;1.0;1.0;true
Malurus_splendens_2;1062;1062;0;0;1.0;1.0;true
Megalaima_chrysopogon_1;1104;1068;36;36;1.0;0.967;true
Megalaima_chrysopogon_2;1104;1068;36;36;1.0;0.967;true
Melanopareia_maximilian_1;1035;1035;0;0;1.0;1.0;true
Melanopareia_maximilian_2;1035;1035;0;0;1.0;1.0;true
Menura_novaehollandiae_1;1089;1068;21;21;1.0;0.98;true
Menura_novaehollandiae_2;1089;1068;21;21;1.0;0.98;true
Merops_muelleri_1;1068;1068;0;0;1.0;1.0;true
Merops_muelleri_2;1068;1068;0;0;1.0;1.0;true
Mesitornis_unicolor_1;1083;1068;15;15;1.0;0.986;true
Mesitornis_unicolor_2;1083;1068;15;15;1.0;0.986;true
Micrastur_gilvicollis_1;1089;1068;21;21;1.0;0.98;true
Micrastur_gilvicollis_2;1089;1068;21;21;1.0;0.98;true
Micropygia_schomburgkii_1;1068;1068;0;0;1.0;1.0;true
Micropygia_schomburgkii_2;1068;1068;0;0;1.0;1.0;true
Momotus_lessonii_1;1089;1068;21;21;1.0;0.98;true
Momotus_lessonii_2;1089;1068;21;21;1.0;0.98;true
Monias_benschi_1;1083;1068;15;15;1.0;0.986;true
Monias_benschi_2;1083;1068;15;15;1.0;0.986;true
Morus_serrator_1;1089;1068;21;21;1.0;0.98;true
Morus_serrator_2;1089;1068;21;21;1.0;0.98;true
Myiobius_barbatus_1;1068;1068;0;0;1.0;1.0;true
Myiobius_barbatus_2;1068;1068;0;0;1.0;1.0;true
Myrmornis_torquata_1;1089;1068;21;21;1.0;0.98;true
Myrmornis_torquata_2;1089;1068;21;21;1.0;0.98;true
Myrmothera_campanisona_1;1086;1065;21;21;1.0;0.98;true
Myrmothera_campanisona_2;1086;1065;21;21;1.0;0.98;true
Neodrepanis_coruscans_1;1068;1068;0;0;1.0;1.0;true
Neodrepanis_coruscans_2;1068;1068;0;0;1.0;1.0;true
Neopelma_chrysocephalum_1;1089;1068;21;21;1.0;0.98;true
Neopelma_chrysocephalum_2;1089;1068;21;21;1.0;0.98;true
Nestor_meridionalis_1;1053;1053;0;0;1.0;1.0;true
Nestor_meridionalis_2;1053;1053;0;0;1.0;1.0;true
Nothoprocta_ornata_1;1068;1068;0;0;1.0;1.0;true
Nothoprocta_ornata_2;1068;1068;0;0;1.0;1.0;true
Numida_malagris_1;1068;1068;0;0;1.0;1.0;true
Numida_malagris_2;1068;1068;0;0;1.0;1.0;true
Nyctibius_griseus_1;1089;1068;21;21;1.0;0.98;true
Nyctibius_griseus_2;1089;1068;21;21;1.0;0.98;true
Oceanites_oceanicus_1;1089;1068;21;21;1.0;0.98;true
Oceanites_oceanicus_2;1089;1068;21;21;1.0;0.98;true
Oceanodroma_leucorhoa_1;1068;1068;0;0;1.0;1.0;true
Oceanodroma_leucorhoa_2;1068;1068;0;0;1.0;1.0;true
Odontophorus_gujanensis_1;1089;1068;21;21;1.0;0.98;true
Odontophorus_gujanensis_2;1089;1068;21;21;1.0;0.98;true
Opisthocomus_hoazin_1;1089;1068;21;21;1.0;0.98;true
Opisthocomus_hoazin_2;1089;1068;21;21;1.0;0.98;true
Ortalis_motmot_1;1089;1068;21;21;1.0;0.98;true
Ortalis_motmot_2;1089;1068;21;21;1.0;0.98;true
Oxyruncus_cristatus_1;1089;1068;21;21;1.0;0.98;true
Oxyruncus_cristatus_2;1089;1068;21;21;1.0;0.98;true
Oxyura_jamaicensis_1;1089;1068;21;21;1.0;0.98;true
Oxyura_jamaicensis_2;1089;1068;21;21;1.0;0.98;true
Pandion_haliaetus_1;1029;1029;0;0;1.0;1.0;true
Pandion_haliaetus_2;1029;1029;0;0;1.0;1.0;true
Pedionomus_torquatus_1;1068;1068;0;0;1.0;1.0;true
Pedionomus_torquatus_2;1068;1068;0;0;1.0;1.0;true
Pelagodroma_marina_1;1089;1068;21;21;1.0;0.98;true
Pelagodroma_marina_2;1089;1068;21;21;1.0;0.98;true
Pelecanoides_urinatrix_1;744;744;0;0;1.0;1.0;true
Pelecanoides_urinatrix_2;744;744;0;0;1.0;1.0;true
Pelecanus_occidentalis_1;1089;1068;21;21;1.0;0.98;true
Pelecanus_occidentalis_2;1089;1068;21;21;1.0;0.98;true
Phaethon_rubricauda_1;1068;1068;0;0;1.0;1.0;true
Phaethon_rubricauda_2;1068;1068;0;0;1.0;1.0;true
Phaethornis_superciliosus_1;1068;1068;0;0;1.0;1.0;true
Phaethornis_superciliosus_2;1068;1068;0;0;1.0;1.0;true
Phalacrocorax_brasili_1;1089;1068;21;21;1.0;0.98;true
Phalacrocorax_brasili_2;1089;1068;21;21;1.0;0.98;true
Phoebastria_nigripes_1;1089;1068;21;21;1.0;0.98;true
Phoebastria_nigripes_2;1089;1068;21;21;1.0;0.98;true
Phoenicopterus_ruber_1;1089;1068;21;21;1.0;0.98;true
Phoenicopterus_ruber_2;1089;1068;21;21;1.0;0.98;true
Phoeniculus_purpureus_1;942;942;0;0;1.0;1.0;true
Phoeniculus_purpureus_2;942;942;0;0;1.0;1.0;true
Picus_canus_1;1134;1068;66;66;1.0;0.941;true
Picus_canus_2;1134;1068;66;66;1.0;0.941;true
Pipra_erythrocephala_1;1089;1068;21;21;1.0;0.98;true
Pipra_erythrocephala_2;1089;1068;21;21;1.0;0.98;true
Piprites_chloris_1;1089;1068;21;21;1.0;0.98;true
Piprites_chloris_2;1089;1068;21;21;1.0;0.98;true
Pitta_angolensis_1;993;972;21;21;1.0;0.978;true
Pitta_angolensis_2;993;972;21;21;1.0;0.978;true
Podargus_strigoides_1;1089;1068;21;21;1.0;0.98;true
Podargus_strigoides_2;1089;1068;21;21;1.0;0.98;true
Poecile_lugubris_1;1083;1062;21;21;1.0;0.98;true
Poecile_lugubris_2;1083;1062;21;21;1.0;0.98;true
Porphyrio_porphyrio_1;612;612;0;0;1.0;1.0;true
Porphyrio_porphyrio_2;612;612;0;0;1.0;1.0;true
Probosciger_aterrimus_1;1053;1053;0;0;1.0;1.0;true
Probosciger_aterrimus_2;1053;1053;0;0;1.0;1.0;true
Psittacus_erithacus_1;1068;1068;0;0;1.0;1.0;true
Psittacus_erithacus_2;1068;1068;0;0;1.0;1.0;true
Psittrichas_fulgidus_1;1089;1068;21;21;1.0;0.98;true
Psittrichas_fulgidus_2;1089;1068;21;21;1.0;0.98;true
Psophia_crepitans_1;1080;1068;12;12;1.0;0.988;true
Psophia_crepitans_2;1080;1068;12;12;1.0;0.988;true
Pterocles_bicinctus_1;1089;1068;21;21;1.0;0.98;true
Pterocles_bicinctus_2;1089;1068;21;21;1.0;0.98;true
Pterodroma_externa_1;1089;1068;21;21;1.0;0.98;true
Pterodroma_externa_2;1089;1068;21;21;1.0;0.98;true
Ptilinopus_magnificus_1;1092;1068;24;24;1.0;0.978;true
Ptilinopus_magnificus_2;1092;1068;24;24;1.0;0.978;true
Ptilonorhynchus_violaceus_1;1062;1062;0;0;1.0;1.0;true
Ptilonorhynchus_violaceus_2;1062;1062;0;0;1.0;1.0;true
Puffinus_griseus_1;1089;1068;21;21;1.0;0.98;true
Puffinus_griseus_2;1089;1068;21;21;1.0;0.98;true
Pycnonotus_macrotis_1;1062;1062;0;0;1.0;1.0;true
Pycnonotus_macrotis_2;1062;1062;0;0;1.0;1.0;true
Rallus_longirostris_1;1089;1068;21;21;1.0;0.98;true
Rallus_longirostris_2;1089;1068;21;21;1.0;0.98;true
Ramphastos_ambiguus_1;1083;1068;15;15;1.0;0.986;true
Ramphastos_ambiguus_2;1083;1068;15;15;1.0;0.986;true
Recurvirostra_americana_1;1089;1068;21;21;1.0;0.98;true
Recurvirostra_americana_2;1089;1068;21;21;1.0;0.98;true
Regulus_ignicapilla_1;1080;1059;21;21;1.0;0.98;true
Regulus_ignicapilla_2;1080;1059;21;21;1.0;0.98;true
Rhea_americana_1;1068;1068;0;0;1.0;1.0;true
Rhea_americana_2;1068;1068;0;0;1.0;1.0;true
Rhynchocyclus_olivaceus_1;1068;1068;0;0;1.0;1.0;true
Rhynchocyclus_olivaceus_2;1068;1068;0;0;1.0;1.0;true
Rollandia_rolland_1;1092;1068;24;24;1.0;0.978;true
Rollandia_rolland_2;1092;1068;24;24;1.0;0.978;true
Rollulus_rouloul_1;1068;1068;0;0;1.0;1.0;true
Rollulus_rouloul_2;1068;1068;0;0;1.0;1.0;true
Rostratula_benghalensis_1;1089;1068;21;21;1.0;0.98;true
Rostratula_benghalensis_2;1089;1068;21;21;1.0;0.98;true
Rupicola_rupicola_1;1089;1068;21;21;1.0;0.98;true
Rupicola_rupicola_2;1089;1068;21;21;1.0;0.98;true
Rynchops_niger_1;1089;1068;21;21;1.0;0.98;true
Rynchops_niger_2;1089;1068;21;21;1.0;0.98;true
Sagittarius_serpentarius_1;1089;1068;21;21;1.0;0.98;true
Sagittarius_serpentarius_2;1089;1068;21;21;1.0;0.98;true
Sarothrura_rufa_1;1062;1041;21;21;1.0;0.98;true
Sarothrura_rufa_2;1062;1041;21;21;1.0;0.98;true
Schiffornis_turdina_1;1089;1068;21;21;1.0;0.98;true
Schiffornis_turdina_2;1089;1068;21;21;1.0;0.98;true
Sclerurus_mexicanus_1;1089;1068;21;21;1.0;0.98;true
Sclerurus_mexicanus_2;1089;1068;21;21;1.0;0.98;true
Scopus_umbretta_1;816;816;0;0;1.0;1.0;true
Scopus_umbretta_2;816;816;0;0;1.0;1.0;true
Sericulus_bakeri_1;1083;1062;21;21;1.0;0.98;true
Sericulus_bakeri_2;1083;1062;21;21;1.0;0.98;true
Smithornis_rufolateralis_1;1056;1035;21;21;1.0;0.98;true
Smithornis_rufolateralis_2;1056;1035;21;21;1.0;0.98;true
Spheniscus_humboldti_1;453;432;21;21;1.0;0.953;true
Spheniscus_humboldti_2;453;432;21;21;1.0;0.953;true
Spizella_arborea_1;1050;1029;21;21;1.0;0.98;true
Spizella_arborea_2;1050;1029;21;21;1.0;0.98;true
Steatornis_caripensi_1;234;234;0;0;1.0;1.0;true
Steatornis_caripensi_2;234;234;0;0;1.0;1.0;true
Sterna_hirundo_1;1089;1068;21;21;1.0;0.98;true
Sterna_hirundo_2;1089;1068;21;21;1.0;0.98;true
Streptoprocne_zonaris_1;1089;1068;21;21;1.0;0.98;true
Streptoprocne_zonaris_2;1089;1068;21;21;1.0;0.98;true
Strix_varia_1;963;963;0;0;1.0;1.0;true
Strix_varia_2;963;963;0;0;1.0;1.0;true
Struthio_camelus_1;1089;1068;21;21;1.0;0.98;true
Struthio_camelus_2;1089;1068;21;21;1.0;0.98;true
Sylvia_melanocephala_1;1128;1062;66;66;1.0;0.941;true
Sylvia_melanocephala_2;1128;1062;66;66;1.0;0.941;true
Syrrhaptes_paradoxus_1;1068;1068;0;0;1.0;1.0;true
Syrrhaptes_paradoxus_2;1068;1068;0;0;1.0;1.0;true
Tapera_naevia_1;1068;1068;0;0;1.0;1.0;true
Tapera_naevia_2;1068;1068;0;0;1.0;1.0;true
Tauraco_macrorhynchus_1;1083;1062;21;21;1.0;0.98;true
Tauraco_macrorhynchus_2;1083;1062;21;21;1.0;0.98;true
Terenura_callinota_1;1089;1068;21;21;1.0;0.98;true
Terenura_callinota_2;1089;1068;21;21;1.0;0.98;true
Thamnophilus_ruficapillu_1;570;534;36;36;1.0;0.936;true
Thamnophilus_ruficapillu_2;570;534;36;36;1.0;0.936;true
Theristicus_caerulescens_1;1089;1068;21;21;1.0;0.98;true
Theristicus_caerulescens_2;1089;1068;21;21;1.0;0.98;true
Tigrisoma_lineatum_1;1068;1068;0;0;1.0;1.0;true
Tigrisoma_lineatum_2;1068;1068;0;0;1.0;1.0;true
Tinamus_major_1;567;567;0;0;1.0;1.0;true
Tinamus_major_2;567;567;0;0;1.0;1.0;true
Tityra_cayana_1;1089;1068;21;21;1.0;0.98;true
Tityra_cayana_2;1089;1068;21;21;1.0;0.98;true
Tockus_camurus_1;1068;1065;3;3;1.0;0.997;true
Tockus_camurus_2;1068;1065;3;3;1.0;0.997;true
Todus_mexicanus_1;1089;1068;21;21;1.0;0.98;true
Todus_mexicanus_2;1089;1068;21;21;1.0;0.98;true
Topaza_pella_1;1032;1032;0;0;1.0;1.0;true
Topaza_pella_2;1032;1032;0;0;1.0;1.0;true
Treron_calvus_1;1068;1068;0;0;1.0;1.0;true
Treron_calvus_2;1068;1068;0;0;1.0;1.0;true
Tringa_solitaria_1;1089;1068;21;21;1.0;0.98;true
Tringa_solitaria_2;1089;1068;21;21;1.0;0.98;true
Trogon_elegans_1;1104;1068;36;36;1.0;0.967;true
Trogon_elegans_2;1104;1068;36;36;1.0;0.967;true
Turdus_olivater_1;1086;1065;21;21;1.0;0.98;true
Turdus_olivater_2;1086;1065;21;21;1.0;0.98;true
Turnix_ocellata_1;984;984;0;0;1.0;1.0;true
Turnix_ocellata_2;984;984;0;0;1.0;1.0;true
Tyrannus_albogularis_1;1089;1068;21;21;1.0;0.98;true
Tyrannus_albogularis_2;1089;1068;21;21;1.0;0.98;true
Tyto_alba_1;600;600;0;0;1.0;1.0;true
Tyto_alba_2;600;600;0;0;1.0;1.0;true
Upupa_epops_1;1089;1065;24;24;1.0;0.977;true
Upupa_epops_2;1089;1065;24;24;1.0;0.977;true
Uria_aalge_1;1089;1068;21;21;1.0;0.98;true
Uria_aalge_2;1089;1068;21;21;1.0;0.98;true
Urocolius_indicus_1;1104;1068;36;36;1.0;0.967;true
Urocolius_indicus_2;1104;1068;36;36;1.0;0.967;true
Vultur_gryphus_1;1044;1023;21;21;1.0;0.979;true
Vultur_gryphus_2;1044;1023;21;21;1.0;0.979;true
