seqName;initialSeqLength;nbKeep;nbTrim;nbInformativeTrim;percentHomologExcludingExtremities;percentHomologIncludingExtremities;keptSequences
Acanthisitta_chloris_1;1719;1719;0;0;1.0;1.0;true
Acanthisitta_chloris_2;1719;1719;0;0;1.0;1.0;true
Accipiter_superciliosus_1;1671;1671;0;0;1.0;1.0;true
Accipiter_superciliosus_2;1671;1671;0;0;1.0;1.0;true
Aegotheles_insignis_1;1635;1635;0;0;1.0;1.0;true
Aegotheles_insignis_2;1635;1635;0;0;1.0;1.0;true
Alcedo_quadribrachys_1;1509;1509;0;0;1.0;1.0;true
Alcedo_quadribrachys_2;1509;1509;0;0;1.0;1.0;true
Anas_superciliosa_1;1605;1605;0;0;1.0;1.0;true
Anas_superciliosa_2;1605;1605;0;0;1.0;1.0;true
Anhinga_anhinga_1;1749;1749;0;0;1.0;1.0;true
Anhinga_anhinga_2;1749;1749;0;0;1.0;1.0;true
Anser_canagicus_1;1647;1647;0;0;1.0;1.0;true
Anser_canagicus_2;1647;1647;0;0;1.0;1.0;true
Anseranas_semipalmata_1;1668;1668;0;0;1.0;1.0;true
Anseranas_semipalmata_2;1668;1668;0;0;1.0;1.0;true
Apaloderma_aequatoriale_1;1713;1713;0;0;1.0;1.0;true
Apaloderma_aequatoriale_2;1713;1713;0;0;1.0;1.0;true
Apteryx_sp._1;1692;1692;0;0;1.0;1.0;true
Apteryx_sp._2;1692;1692;0;0;1.0;1.0;true
Aramus_guarauna_1;1632;1632;0;0;1.0;1.0;true
Aramus_guarauna_2;1632;1632;0;0;1.0;1.0;true
Archilochus_colubris_1;1695;1695;0;0;1.0;1.0;true
Archilochus_colubris_2;1695;1695;0;0;1.0;1.0;true
Ardea_herodias_1;1689;1689;0;0;1.0;1.0;true
Ardea_herodias_2;1689;1689;0;0;1.0;1.0;true
Ardeotis_kori_1;1779;1779;0;0;1.0;1.0;true
Ardeotis_kori_2;1779;1779;0;0;1.0;1.0;true
Arenaria_interpres_1;1716;1716;0;0;1.0;1.0;true
Arenaria_interpres_2;1716;1716;0;0;1.0;1.0;true
Atelornis_pittoides_1;1740;1740;0;0;1.0;1.0;true
Atelornis_pittoides_2;1740;1740;0;0;1.0;1.0;true
Aythya_valisineria_1;1680;1680;0;0;1.0;1.0;true
Aythya_valisineria_2;1680;1680;0;0;1.0;1.0;true
Balaeniceps_rex_1;1701;1701;0;0;1.0;1.0;true
Balaeniceps_rex_2;1701;1701;0;0;1.0;1.0;true
Balearica_regulorum_1;1002;1002;0;0;1.0;1.0;true
Balearica_regulorum_2;1002;1002;0;0;1.0;1.0;true
Barnardius_zonarius_1;1443;1443;0;0;1.0;1.0;true
Barnardius_zonarius_2;1443;1443;0;0;1.0;1.0;true
Bonasa_umbellus_1;1668;1668;0;0;1.0;1.0;true
Bonasa_umbellus_2;1668;1668;0;0;1.0;1.0;true
Buccanodon_duchaillui_1;1737;1737;0;0;1.0;1.0;true
Buccanodon_duchaillui_2;1737;1737;0;0;1.0;1.0;true
Bucco_capensis_1;1704;1704;0;0;1.0;1.0;true
Bucco_capensis_2;1704;1704;0;0;1.0;1.0;true
Bucorvus_leadbeateri_1;1737;1737;0;0;1.0;1.0;true
Bucorvus_leadbeateri_2;1737;1737;0;0;1.0;1.0;true
Burhinus_oedicnemus_1;1713;1713;0;0;1.0;1.0;true
Burhinus_oedicnemus_2;1713;1713;0;0;1.0;1.0;true
Buteo_jamaicensis_1;1716;1716;0;0;1.0;1.0;true
Buteo_jamaicensis_2;1716;1716;0;0;1.0;1.0;true
Caiman_croccodilus_1;1641;1641;0;0;1.0;1.0;true
Caiman_croccodilus_2;1641;1641;0;0;1.0;1.0;true
Calandrella_brachydactyla_1;1662;1662;0;0;1.0;1.0;true
Calandrella_brachydactyla_2;1662;1662;0;0;1.0;1.0;true
Calyptomena_viridis_1;1668;1668;0;0;1.0;1.0;true
Calyptomena_viridis_2;1668;1668;0;0;1.0;1.0;true
Capito_niger_1;1599;1599;0;0;1.0;1.0;true
Capito_niger_2;1599;1599;0;0;1.0;1.0;true
Caprimulgus_europaeus_1;1647;1647;0;0;1.0;1.0;true
Caprimulgus_europaeus_2;1647;1647;0;0;1.0;1.0;true
Caracara_cheriway_1;1638;1638;0;0;1.0;1.0;true
Caracara_cheriway_2;1638;1638;0;0;1.0;1.0;true
Cariama_cristata_1;1602;1602;0;0;1.0;1.0;true
Cariama_cristata_2;1602;1602;0;0;1.0;1.0;true
Casuarius_bennetti_1;1635;1635;0;0;1.0;1.0;true
Casuarius_bennetti_2;1635;1635;0;0;1.0;1.0;true
Cathartes_burrovianus_1;1656;1656;0;0;1.0;1.0;true
Cathartes_burrovianus_2;1656;1656;0;0;1.0;1.0;true
Centropus_bengalensis_1;1758;1758;0;0;1.0;1.0;true
Centropus_bengalensis_2;1758;1758;0;0;1.0;1.0;true
Chaetura_brachyura_1;1689;1689;0;0;1.0;1.0;true
Chaetura_brachyura_2;1689;1689;0;0;1.0;1.0;true
Charadrius_hiaticula_1;1500;1500;0;0;1.0;1.0;true
Charadrius_hiaticula_2;1500;1500;0;0;1.0;1.0;true
Chauna_torquata_1;1791;1791;0;0;1.0;1.0;true
Chauna_torquata_2;1791;1791;0;0;1.0;1.0;true
Chelidoptera_tenebrosa_1;1683;1683;0;0;1.0;1.0;true
Chelidoptera_tenebrosa_2;1683;1683;0;0;1.0;1.0;true
Chloroceryle_inda_1;1587;1587;0;0;1.0;1.0;true
Chloroceryle_inda_2;1587;1587;0;0;1.0;1.0;true
Chordeiles_pusillus_1;1623;1623;0;0;1.0;1.0;true
Chordeiles_pusillus_2;1623;1623;0;0;1.0;1.0;true
Chroicocephalus_cirrocephalus_1;1539;1539;0;0;1.0;1.0;true
Chroicocephalus_cirrocephalus_2;1539;1539;0;0;1.0;1.0;true
Chunga_burmeisteri_1;1704;1704;0;0;1.0;1.0;true
Chunga_burmeisteri_2;1704;1704;0;0;1.0;1.0;true
Ciconia_nigra_1;1596;1596;0;0;1.0;1.0;true
Ciconia_nigra_2;1596;1596;0;0;1.0;1.0;true
Climacteris_melanura_1;1626;1626;0;0;1.0;1.0;true
Climacteris_melanura_2;1626;1626;0;0;1.0;1.0;true
Coccyzus_melacoryphus_1;1629;1629;0;0;1.0;1.0;true
Coccyzus_melacoryphus_2;1629;1629;0;0;1.0;1.0;true
Colinus_cristatus_1;840;840;0;0;1.0;1.0;true
Colinus_cristatus_2;840;840;0;0;1.0;1.0;true
Colius_colius_1;1251;1251;0;0;1.0;1.0;true
Colius_colius_2;1251;1251;0;0;1.0;1.0;true
Columba_livia_1;1644;1644;0;0;1.0;1.0;true
Columba_livia_2;1644;1644;0;0;1.0;1.0;true
Columbina_minuta_1;1629;1629;0;0;1.0;1.0;true
Columbina_minuta_2;1629;1629;0;0;1.0;1.0;true
Coracias_cyanogaster_1;1674;1674;0;0;1.0;1.0;true
Coracias_cyanogaster_2;1674;1674;0;0;1.0;1.0;true
Corvus_albus_1;1491;1491;0;0;1.0;1.0;true
Corvus_albus_2;1491;1491;0;0;1.0;1.0;true
Corythaeola_cristata_1;1620;1620;0;0;1.0;1.0;true
Corythaeola_cristata_2;1620;1620;0;0;1.0;1.0;true
Cotinga_cayana_1;1683;1683;0;0;1.0;1.0;true
Cotinga_cayana_2;1683;1683;0;0;1.0;1.0;true
Crax_alector_1;1593;1593;0;0;1.0;1.0;true
Crax_alector_2;1593;1593;0;0;1.0;1.0;true
Crocodylus_porosus_1;1326;1326;0;0;1.0;1.0;true
Crocodylus_porosus_2;1326;1326;0;0;1.0;1.0;true
Cryptopipo_aenigma_1;1599;1599;0;0;1.0;1.0;true
Cryptopipo_aenigma_2;1599;1599;0;0;1.0;1.0;true
Crypturellus_tataupa_1;1572;1572;0;0;1.0;1.0;true
Crypturellus_tataupa_2;1572;1572;0;0;1.0;1.0;true
Cuculus_optatus_1;1665;1665;0;0;1.0;1.0;true
Cuculus_optatus_2;1665;1665;0;0;1.0;1.0;true
Dendrocygna_viduata_1;783;783;0;0;1.0;1.0;true
Dendrocygna_viduata_2;783;783;0;0;1.0;1.0;true
Deroptyus_accipitrinus_1;1545;1545;0;0;1.0;1.0;true
Deroptyus_accipitrinus_2;1545;1545;0;0;1.0;1.0;true
Dromaius_novaehollandiae_1;1587;1587;0;0;1.0;1.0;true
Dromaius_novaehollandiae_2;1587;1587;0;0;1.0;1.0;true
Elaenia_flavogaster_1;1650;1650;0;0;1.0;1.0;true
Elaenia_flavogaster_2;1650;1650;0;0;1.0;1.0;true
Elanus_leucurus_1;1755;1755;0;0;1.0;1.0;true
Elanus_leucurus_2;1755;1755;0;0;1.0;1.0;true
Eudromia_elegans_1;1839;1839;0;0;1.0;1.0;true
Eudromia_elegans_2;1839;1839;0;0;1.0;1.0;true
Eurostopodus_macrotis_1;1623;1623;0;0;1.0;1.0;true
Eurostopodus_macrotis_2;1623;1623;0;0;1.0;1.0;true
Eurylaimus_ochromalus_1;1515;1515;0;0;1.0;1.0;true
Eurylaimus_ochromalus_2;1515;1515;0;0;1.0;1.0;true
Eurypyga_helias_1;870;870;0;0;1.0;1.0;true
Eurypyga_helias_2;870;870;0;0;1.0;1.0;true
Falco_sparverius_1;1641;1641;0;0;1.0;1.0;true
Falco_sparverius_2;1641;1641;0;0;1.0;1.0;true
Fregata_magnificens_1;1485;1485;0;0;1.0;1.0;true
Fregata_magnificens_2;1485;1485;0;0;1.0;1.0;true
Fringilla_coelebs_1;1611;1611;0;0;1.0;1.0;true
Fringilla_coelebs_2;1611;1611;0;0;1.0;1.0;true
Fulmarus_glacialoides_1;1722;1722;0;0;1.0;1.0;true
Fulmarus_glacialoides_2;1722;1722;0;0;1.0;1.0;true
Furnarius_rufus_1;1578;1578;0;0;1.0;1.0;true
Furnarius_rufus_2;1578;1578;0;0;1.0;1.0;true
Galbula_dea_1;1734;1734;0;0;1.0;1.0;true
Galbula_dea_2;1734;1734;0;0;1.0;1.0;true
Gallus_gallus_1;1680;1680;0;0;1.0;1.0;true
Gallus_gallus_2;1680;1680;0;0;1.0;1.0;true
Gavia_immer_1;1719;1719;0;0;1.0;1.0;true
Gavia_immer_2;1719;1719;0;0;1.0;1.0;true
Glareola_nuchalis_1;1731;1731;0;0;1.0;1.0;true
Glareola_nuchalis_2;1731;1731;0;0;1.0;1.0;true
Grus_canadensis_1;1614;1614;0;0;1.0;1.0;true
Grus_canadensis_2;1614;1614;0;0;1.0;1.0;true
Haematopus_palliatus_1;1779;1779;0;0;1.0;1.0;true
Haematopus_palliatus_2;1779;1779;0;0;1.0;1.0;true
Heliornis_fulica_1;1656;1656;0;0;1.0;1.0;true
Heliornis_fulica_2;1656;1656;0;0;1.0;1.0;true
Hemiprocne_comata_1;1458;1458;0;0;1.0;1.0;true
Hemiprocne_comata_2;1458;1458;0;0;1.0;1.0;true
Hirundinea_ferruginea_1;1644;1644;0;0;1.0;1.0;true
Hirundinea_ferruginea_2;1644;1644;0;0;1.0;1.0;true
Hymenops_perspicillatus_1;1653;1653;0;0;1.0;1.0;true
Hymenops_perspicillatus_2;1653;1653;0;0;1.0;1.0;true
Ibycter_americanus_1;1647;1647;0;0;1.0;1.0;true
Ibycter_americanus_2;1647;1647;0;0;1.0;1.0;true
Indicator_exilis_1;1731;1731;0;0;1.0;1.0;true
Indicator_exilis_2;1731;1731;0;0;1.0;1.0;true
Ixobrychus_minutus_1;1587;1587;0;0;1.0;1.0;true
Ixobrychus_minutus_2;1587;1587;0;0;1.0;1.0;true
Jacana_jacana_1;1764;1764;0;0;1.0;1.0;true
Jacana_jacana_2;1764;1764;0;0;1.0;1.0;true
Jynx_torquilla_1;1644;1644;0;0;1.0;1.0;true
Jynx_torquilla_2;1644;1644;0;0;1.0;1.0;true
Leipoa_ocellata_1;1623;1623;0;0;1.0;1.0;true
Leipoa_ocellata_2;1623;1623;0;0;1.0;1.0;true
Lepidocolaptes_angustirostr_1;1617;1617;0;0;1.0;1.0;true
Lepidocolaptes_angustirostr_2;1617;1617;0;0;1.0;1.0;true
Leptoptilos_crumeniferus_1;1527;1527;0;0;1.0;1.0;true
Leptoptilos_crumeniferus_2;1527;1527;0;0;1.0;1.0;true
Leptosomus_discolor_1;1023;1023;0;0;1.0;1.0;true
Leptosomus_discolor_2;1023;1023;0;0;1.0;1.0;true
Leptotila_rufaxilla_1;1695;1695;0;0;1.0;1.0;true
Leptotila_rufaxilla_2;1695;1695;0;0;1.0;1.0;true
Limosa_lapponica_1;1686;1686;0;0;1.0;1.0;true
Limosa_lapponica_2;1686;1686;0;0;1.0;1.0;true
Lophorina_superba_1;792;792;0;0;1.0;1.0;true
Lophorina_superba_2;792;792;0;0;1.0;1.0;true
Malurus_splendens_1;1656;1656;0;0;1.0;1.0;true
Malurus_splendens_2;1656;1656;0;0;1.0;1.0;true
Megalaima_chrysopogon_1;1599;1599;0;0;1.0;1.0;true
Megalaima_chrysopogon_2;1599;1599;0;0;1.0;1.0;true
Melanopareia_maximilian_1;1644;1644;0;0;1.0;1.0;true
Melanopareia_maximilian_2;1644;1644;0;0;1.0;1.0;true
Menura_novaehollandiae_1;1638;1638;0;0;1.0;1.0;true
Menura_novaehollandiae_2;1638;1638;0;0;1.0;1.0;true
Merops_muelleri_1;1671;1671;0;0;1.0;1.0;true
Merops_muelleri_2;1671;1671;0;0;1.0;1.0;true
Mesitornis_unicolor_1;1617;1617;0;0;1.0;1.0;true
Mesitornis_unicolor_2;1617;1617;0;0;1.0;1.0;true
Micrastur_gilvicollis_1;1680;1680;0;0;1.0;1.0;true
Micrastur_gilvicollis_2;1680;1680;0;0;1.0;1.0;true
Micropygia_schomburgkii_1;1626;1626;0;0;1.0;1.0;true
Micropygia_schomburgkii_2;1626;1626;0;0;1.0;1.0;true
Momotus_lessonii_1;1596;1596;0;0;1.0;1.0;true
Momotus_lessonii_2;1596;1596;0;0;1.0;1.0;true
Monias_benschi_1;1812;1812;0;0;1.0;1.0;true
Monias_benschi_2;1812;1812;0;0;1.0;1.0;true
Morus_serrator_1;1722;1722;0;0;1.0;1.0;true
Morus_serrator_2;1722;1722;0;0;1.0;1.0;true
Myiobius_barbatus_1;1683;1683;0;0;1.0;1.0;true
Myiobius_barbatus_2;1683;1683;0;0;1.0;1.0;true
Myrmornis_torquata_1;1689;1689;0;0;1.0;1.0;true
Myrmornis_torquata_2;1689;1689;0;0;1.0;1.0;true
Myrmothera_campanisona_1;1557;1557;0;0;1.0;1.0;true
Myrmothera_campanisona_2;1557;1557;0;0;1.0;1.0;true
Neodrepanis_coruscans_1;1647;1647;0;0;1.0;1.0;true
Neodrepanis_coruscans_2;1647;1647;0;0;1.0;1.0;true
Neopelma_chrysocephalum_1;1695;1695;0;0;1.0;1.0;true
Neopelma_chrysocephalum_2;1695;1695;0;0;1.0;1.0;true
Nestor_meridionalis_1;1638;1638;0;0;1.0;1.0;true
Nestor_meridionalis_2;1638;1638;0;0;1.0;1.0;true
Nothoprocta_ornata_1;1716;1716;0;0;1.0;1.0;true
Nothoprocta_ornata_2;1716;1716;0;0;1.0;1.0;true
Numida_malagris_1;1608;1608;0;0;1.0;1.0;true
Numida_malagris_2;1608;1608;0;0;1.0;1.0;true
Nyctibius_griseus_1;1791;1791;0;0;1.0;1.0;true
Nyctibius_griseus_2;1791;1791;0;0;1.0;1.0;true
Oceanites_oceanicus_1;1710;1710;0;0;1.0;1.0;true
Oceanites_oceanicus_2;1710;1710;0;0;1.0;1.0;true
Oceanodroma_leucorhoa_1;1647;1647;0;0;1.0;1.0;true
Oceanodroma_leucorhoa_2;1647;1647;0;0;1.0;1.0;true
Odontophorus_gujanensis_1;1623;1623;0;0;1.0;1.0;true
Odontophorus_gujanensis_2;1623;1623;0;0;1.0;1.0;true
Opisthocomus_hoazin_1;1617;1617;0;0;1.0;1.0;true
Opisthocomus_hoazin_2;1617;1617;0;0;1.0;1.0;true
Ortalis_motmot_1;1155;1155;0;0;1.0;1.0;true
Ortalis_motmot_2;1155;1155;0;0;1.0;1.0;true
Oxyruncus_cristatus_1;1584;1584;0;0;1.0;1.0;true
Oxyruncus_cristatus_2;1584;1584;0;0;1.0;1.0;true
Oxyura_jamaicensis_1;1722;1722;0;0;1.0;1.0;true
Oxyura_jamaicensis_2;1722;1722;0;0;1.0;1.0;true
Pandion_haliaetus_1;1134;1134;0;0;1.0;1.0;true
Pandion_haliaetus_2;1134;1134;0;0;1.0;1.0;true
Pedionomus_torquatus_1;1806;1806;0;0;1.0;1.0;true
Pedionomus_torquatus_2;1806;1806;0;0;1.0;1.0;true
Pelagodroma_marina_1;981;981;0;0;1.0;1.0;true
Pelagodroma_marina_2;981;981;0;0;1.0;1.0;true
Pelecanoides_urinatrix_1;1578;1578;0;0;1.0;1.0;true
Pelecanoides_urinatrix_2;1578;1578;0;0;1.0;1.0;true
Pelecanus_occidentalis_1;1689;1689;0;0;1.0;1.0;true
Pelecanus_occidentalis_2;1689;1689;0;0;1.0;1.0;true
Phaethon_rubricauda_1;1638;1638;0;0;1.0;1.0;true
Phaethon_rubricauda_2;1638;1638;0;0;1.0;1.0;true
Phaethornis_superciliosus_1;1674;1674;0;0;1.0;1.0;true
Phaethornis_superciliosus_2;1674;1674;0;0;1.0;1.0;true
Phalacrocorax_brasili_1;1665;1665;0;0;1.0;1.0;true
Phalacrocorax_brasili_2;1665;1665;0;0;1.0;1.0;true
Phoebastria_nigripes_1;756;756;0;0;1.0;1.0;true
Phoebastria_nigripes_2;756;756;0;0;1.0;1.0;true
Phoenicopterus_ruber_1;1578;1578;0;0;1.0;1.0;true
Phoenicopterus_ruber_2;1578;1578;0;0;1.0;1.0;true
Phoeniculus_purpureus_1;1584;1584;0;0;1.0;1.0;true
Phoeniculus_purpureus_2;1584;1584;0;0;1.0;1.0;true
Picus_canus_1;1599;1599;0;0;1.0;1.0;true
Picus_canus_2;1599;1599;0;0;1.0;1.0;true
Pipra_erythrocephala_1;1671;1671;0;0;1.0;1.0;true
Pipra_erythrocephala_2;1671;1671;0;0;1.0;1.0;true
Piprites_chloris_1;1689;1689;0;0;1.0;1.0;true
Piprites_chloris_2;1689;1689;0;0;1.0;1.0;true
Pitta_angolensis_1;1647;1647;0;0;1.0;1.0;true
Pitta_angolensis_2;1647;1647;0;0;1.0;1.0;true
Podargus_strigoides_1;1734;1734;0;0;1.0;1.0;true
Podargus_strigoides_2;1734;1734;0;0;1.0;1.0;true
Poecile_lugubris_1;834;834;0;0;1.0;1.0;true
Poecile_lugubris_2;834;834;0;0;1.0;1.0;true
Porphyrio_porphyrio_1;1773;1773;0;0;1.0;1.0;true
Porphyrio_porphyrio_2;1773;1773;0;0;1.0;1.0;true
Probosciger_aterrimus_1;1671;1671;0;0;1.0;1.0;true
Probosciger_aterrimus_2;1671;1671;0;0;1.0;1.0;true
Psittacus_erithacus_1;1650;1650;0;0;1.0;1.0;true
Psittacus_erithacus_2;1650;1650;0;0;1.0;1.0;true
Psittrichas_fulgidus_1;891;891;0;0;1.0;1.0;true
Psittrichas_fulgidus_2;891;891;0;0;1.0;1.0;true
Psophia_crepitans_1;1617;1617;0;0;1.0;1.0;true
Psophia_crepitans_2;1617;1617;0;0;1.0;1.0;true
Pterocles_bicinctus_1;1737;1737;0;0;1.0;1.0;true
Pterocles_bicinctus_2;1737;1737;0;0;1.0;1.0;true
Pterodroma_externa_1;1203;1203;0;0;1.0;1.0;true
Pterodroma_externa_2;1203;1203;0;0;1.0;1.0;true
Ptilinopus_magnificus_1;1689;1689;0;0;1.0;1.0;true
Ptilinopus_magnificus_2;1689;1689;0;0;1.0;1.0;true
Ptilonorhynchus_violaceus_1;918;918;0;0;1.0;1.0;true
Ptilonorhynchus_violaceus_2;918;918;0;0;1.0;1.0;true
Puffinus_griseus_1;1569;1569;0;0;1.0;1.0;true
Puffinus_griseus_2;1569;1569;0;0;1.0;1.0;true
Pycnonotus_macrotis_1;1680;1680;0;0;1.0;1.0;true
Pycnonotus_macrotis_2;1680;1680;0;0;1.0;1.0;true
Rallus_longirostris_1;717;717;0;0;1.0;1.0;true
Rallus_longirostris_2;717;717;0;0;1.0;1.0;true
Ramphastos_ambiguus_1;1689;1689;0;0;1.0;1.0;true
Ramphastos_ambiguus_2;1689;1689;0;0;1.0;1.0;true
Recurvirostra_americana_1;1695;1695;0;0;1.0;1.0;true
Recurvirostra_americana_2;1695;1695;0;0;1.0;1.0;true
Regulus_ignicapilla_1;1677;1677;0;0;1.0;1.0;true
Regulus_ignicapilla_2;1677;1677;0;0;1.0;1.0;true
Rhea_americana_1;954;954;0;0;1.0;1.0;true
Rhea_americana_2;954;954;0;0;1.0;1.0;true
Rhynchocyclus_olivaceus_1;1593;1593;0;0;1.0;1.0;true
Rhynchocyclus_olivaceus_2;1593;1593;0;0;1.0;1.0;true
Rollandia_rolland_1;1695;1695;0;0;1.0;1.0;true
Rollandia_rolland_2;1695;1695;0;0;1.0;1.0;true
Rollulus_rouloul_1;999;999;0;0;1.0;1.0;true
Rollulus_rouloul_2;999;999;0;0;1.0;1.0;true
Rostratula_benghalensis_1;1602;1602;0;0;1.0;1.0;true
Rostratula_benghalensis_2;1602;1602;0;0;1.0;1.0;true
Rupicola_rupicola_1;750;750;0;0;1.0;1.0;true
Rupicola_rupicola_2;750;750;0;0;1.0;1.0;true
Rynchops_niger_1;1623;1623;0;0;1.0;1.0;true
Rynchops_niger_2;1623;1623;0;0;1.0;1.0;true
Sagittarius_serpentarius_1;1632;1632;0;0;1.0;1.0;true
Sagittarius_serpentarius_2;1632;1632;0;0;1.0;1.0;true
Sarothrura_rufa_1;1662;1662;0;0;1.0;1.0;true
Sarothrura_rufa_2;1662;1662;0;0;1.0;1.0;true
Schiffornis_turdina_1;1071;1071;0;0;1.0;1.0;true
Schiffornis_turdina_2;1071;1071;0;0;1.0;1.0;true
Sclerurus_mexicanus_1;1770;1770;0;0;1.0;1.0;true
Sclerurus_mexicanus_2;1770;1770;0;0;1.0;1.0;true
Scopus_umbretta_1;1290;1290;0;0;1.0;1.0;true
Scopus_umbretta_2;1290;1290;0;0;1.0;1.0;true
Sericulus_bakeri_1;1704;1704;0;0;1.0;1.0;true
Sericulus_bakeri_2;1704;1704;0;0;1.0;1.0;true
Smithornis_rufolateralis_1;1776;1776;0;0;1.0;1.0;true
Smithornis_rufolateralis_2;1776;1776;0;0;1.0;1.0;true
Spheniscus_humboldti_1;1578;1578;0;0;1.0;1.0;true
Spheniscus_humboldti_2;1578;1578;0;0;1.0;1.0;true
Spizella_arborea_1;744;744;0;0;1.0;1.0;true
Spizella_arborea_2;744;744;0;0;1.0;1.0;true
Steatornis_caripensi_1;390;390;0;0;1.0;1.0;true
Steatornis_caripensi_2;390;390;0;0;1.0;1.0;true
Sterna_hirundo_1;1641;1641;0;0;1.0;1.0;true
Sterna_hirundo_2;1641;1641;0;0;1.0;1.0;true
Streptoprocne_zonaris_1;1677;1677;0;0;1.0;1.0;true
Streptoprocne_zonaris_2;1677;1677;0;0;1.0;1.0;true
Strix_varia_1;1428;1428;0;0;1.0;1.0;true
Strix_varia_2;1428;1428;0;0;1.0;1.0;true
Struthio_camelus_1;1623;1623;0;0;1.0;1.0;true
Struthio_camelus_2;1623;1623;0;0;1.0;1.0;true
Sylvia_melanocephala_1;1620;1620;0;0;1.0;1.0;true
Sylvia_melanocephala_2;1620;1620;0;0;1.0;1.0;true
Syrrhaptes_paradoxus_1;1482;1482;0;0;1.0;1.0;true
Syrrhaptes_paradoxus_2;1482;1482;0;0;1.0;1.0;true
Tapera_naevia_1;1647;1647;0;0;1.0;1.0;true
Tapera_naevia_2;1647;1647;0;0;1.0;1.0;true
Tauraco_macrorhynchus_1;1554;1554;0;0;1.0;1.0;true
Tauraco_macrorhynchus_2;1554;1554;0;0;1.0;1.0;true
Terenura_callinota_1;1674;1674;0;0;1.0;1.0;true
Terenura_callinota_2;1674;1674;0;0;1.0;1.0;true
Thamnophilus_ruficapillu_1;1389;1389;0;0;1.0;1.0;true
Thamnophilus_ruficapillu_2;1389;1389;0;0;1.0;1.0;true
Theristicus_caerulescens_1;1548;1548;0;0;1.0;1.0;true
Theristicus_caerulescens_2;1548;1548;0;0;1.0;1.0;true
Tigrisoma_lineatum_1;1578;1578;0;0;1.0;1.0;true
Tigrisoma_lineatum_2;1578;1578;0;0;1.0;1.0;true
Tinamus_major_1;1092;1092;0;0;1.0;1.0;true
Tinamus_major_2;1092;1092;0;0;1.0;1.0;true
Tityra_cayana_1;645;645;0;0;1.0;1.0;true
Tityra_cayana_2;645;645;0;0;1.0;1.0;true
Tockus_camurus_1;1707;1707;0;0;1.0;1.0;true
Tockus_camurus_2;1707;1707;0;0;1.0;1.0;true
Todus_mexicanus_1;1629;1629;0;0;1.0;1.0;true
Todus_mexicanus_2;1629;1629;0;0;1.0;1.0;true
Topaza_pella_1;1584;1584;0;0;1.0;1.0;true
Topaza_pella_2;1584;1584;0;0;1.0;1.0;true
Treron_calvus_1;1644;1644;0;0;1.0;1.0;true
Treron_calvus_2;1644;1644;0;0;1.0;1.0;true
Tringa_solitaria_1;1701;1701;0;0;1.0;1.0;true
Tringa_solitaria_2;1701;1701;0;0;1.0;1.0;true
Trogon_elegans_1;1539;1539;0;0;1.0;1.0;true
Trogon_elegans_2;1539;1539;0;0;1.0;1.0;true
Turdus_olivater_1;1659;1659;0;0;1.0;1.0;true
Turdus_olivater_2;1659;1659;0;0;1.0;1.0;true
Turnix_ocellata_1;1146;1146;0;0;1.0;1.0;true
Turnix_ocellata_2;1146;1146;0;0;1.0;1.0;true
Tyrannus_albogularis_1;1641;1641;0;0;1.0;1.0;true
Tyrannus_albogularis_2;1641;1641;0;0;1.0;1.0;true
Tyto_alba_1;1002;1002;0;0;1.0;1.0;true
Tyto_alba_2;1002;1002;0;0;1.0;1.0;true
Upupa_epops_1;1479;1479;0;0;1.0;1.0;true
Upupa_epops_2;1479;1479;0;0;1.0;1.0;true
Uria_aalge_1;1702;1702;0;0;1.0;1.0;true
Uria_aalge_2;1702;1702;0;0;1.0;1.0;true
Urocolius_indicus_1;1722;1722;0;0;1.0;1.0;true
Urocolius_indicus_2;1722;1722;0;0;1.0;1.0;true
Vultur_gryphus_1;537;537;0;0;1.0;1.0;true
Vultur_gryphus_2;537;537;0;0;1.0;1.0;true
