seqName;initialSeqLength;nbKeep;nbTrim;nbInformativeTrim;percentKeepExcludingExtremities;percentKeepIncludingExtremities;keptSequences
Acanthisitta_chloris_1;1725;1539;186;186;1.0;0.892;true
Acanthisitta_chloris_2;1725;1539;186;186;1.0;0.892;true
Accipiter_superciliosus_1;1527;1512;15;15;1.0;0.99;true
Accipiter_superciliosus_2;1527;1512;15;15;1.0;0.99;true
Aegotheles_insignis_1;1692;1539;153;153;1.0;0.909;true
Aegotheles_insignis_2;1692;1539;153;153;1.0;0.909;true
Alcedo_quadribrachys_1;1596;1539;57;57;1.0;0.964;true
Alcedo_quadribrachys_2;1596;1539;57;57;1.0;0.964;true
Anas_superciliosa_1;1116;1116;0;0;1.0;1.0;true
Anas_superciliosa_2;1116;1116;0;0;1.0;1.0;true
Anhinga_anhinga_1;1611;1539;72;72;1.0;0.955;true
Anhinga_anhinga_2;1611;1539;72;72;1.0;0.955;true
Anser_canagicus_1;1446;1398;48;48;1.0;0.966;true
Anser_canagicus_2;1446;1398;48;48;1.0;0.966;true
Anseranas_semipalmata_1;1617;1539;78;78;1.0;0.951;true
Anseranas_semipalmata_2;1617;1539;78;78;1.0;0.951;true
Apaloderma_aequatoriale_1;1467;1467;0;0;1.0;1.0;true
Apaloderma_aequatoriale_2;1467;1467;0;0;1.0;1.0;true
Apteryx_sp._1;1614;1479;135;135;1.0;0.916;true
Apteryx_sp._2;1614;1479;135;135;1.0;0.916;true
Aramus_guarauna_1;1692;1539;153;153;1.0;0.909;true
Aramus_guarauna_2;1692;1539;153;153;1.0;0.909;true
Archilochus_colubris_1;1623;1539;84;84;1.0;0.948;true
Archilochus_colubris_2;1623;1539;84;84;1.0;0.948;true
Ardea_herodias_1;1647;1539;108;108;1.0;0.934;true
Ardea_herodias_2;1647;1539;108;108;1.0;0.934;true
Ardeotis_kori_1;1626;1539;87;87;1.0;0.946;true
Ardeotis_kori_2;1626;1539;87;87;1.0;0.946;true
Arenaria_interpres_1;1473;1473;0;0;1.0;1.0;true
Arenaria_interpres_2;1473;1473;0;0;1.0;1.0;true
Atelornis_pittoides_1;1551;1500;51;51;1.0;0.967;true
Atelornis_pittoides_2;1551;1500;51;51;1.0;0.967;true
Aythya_valisineria_1;1599;1539;60;60;1.0;0.962;true
Aythya_valisineria_2;1599;1539;60;60;1.0;0.962;true
Balaeniceps_rex_1;1668;1539;129;129;1.0;0.922;true
Balaeniceps_rex_2;1668;1539;129;129;1.0;0.922;true
Balearica_regulorum_1;1470;1455;15;15;1.0;0.989;true
Balearica_regulorum_2;1470;1455;15;15;1.0;0.989;true
Barnardius_zonarius_1;1581;1479;102;102;1.0;0.935;true
Barnardius_zonarius_2;1581;1479;102;102;1.0;0.935;true
Bonasa_umbellus_1;1695;1539;156;156;1.0;0.907;true
Bonasa_umbellus_2;1695;1539;156;156;1.0;0.907;true
Buccanodon_duchaillui_1;1494;1494;0;0;1.0;1.0;true
Buccanodon_duchaillui_2;1494;1494;0;0;1.0;1.0;true
Bucco_capensis_1;1677;1521;156;156;0.988;0.906;true
Bucco_capensis_2;1677;1539;138;138;1.0;0.917;true
Bucorvus_leadbeateri_1;1590;1539;51;51;1.0;0.967;true
Bucorvus_leadbeateri_2;1590;1539;51;51;1.0;0.967;true
Burhinus_oedicnemus_1;1590;1539;51;51;1.0;0.967;true
Burhinus_oedicnemus_2;1590;1539;51;51;1.0;0.967;true
Buteo_jamaicensis_1;1503;1497;6;6;1.0;0.996;true
Buteo_jamaicensis_2;1503;1497;6;6;1.0;0.996;true
Calandrella_brachydactyla_1;1548;1512;36;36;1.0;0.976;true
Calandrella_brachydactyla_2;1548;1512;36;36;1.0;0.976;true
Calyptomena_viridis_1;1617;1539;78;78;1.0;0.951;true
Calyptomena_viridis_2;1617;1539;78;78;1.0;0.951;true
Capito_niger_1;504;504;0;0;1.0;1.0;true
Capito_niger_2;504;504;0;0;1.0;1.0;true
Caprimulgus_europaeus_1;1536;1530;6;6;1.0;0.996;true
Caprimulgus_europaeus_2;1536;1530;6;6;1.0;0.996;true
Caracara_cheriway_1;1572;1539;33;33;1.0;0.979;true
Caracara_cheriway_2;1572;1539;33;33;1.0;0.979;true
Cariama_cristata_1;1776;1539;237;237;1.0;0.866;true
Cariama_cristata_2;1776;1539;237;237;1.0;0.866;true
Casuarius_bennetti_1;1671;1539;132;132;1.0;0.921;true
Casuarius_bennetti_2;1671;1539;132;132;1.0;0.921;true
Cathartes_burrovianus_1;1554;1536;18;18;1.0;0.988;true
Cathartes_burrovianus_2;1554;1536;18;18;1.0;0.988;true
Centropus_bengalensis_1;1644;1473;171;171;1.0;0.895;true
Centropus_bengalensis_2;1644;1473;171;171;1.0;0.895;true
Chaetura_brachyura_1;1572;1539;33;33;1.0;0.979;true
Chaetura_brachyura_2;1572;1539;33;33;1.0;0.979;true
Charadrius_hiaticula_1;1506;1455;51;51;1.0;0.966;true
Charadrius_hiaticula_2;1506;1455;51;51;1.0;0.966;true
Chauna_torquata_1;1764;1539;225;225;1.0;0.872;true
Chauna_torquata_2;1764;1539;225;225;1.0;0.872;true
Chelidoptera_tenebrosa_1;1413;1413;0;0;1.0;1.0;true
Chelidoptera_tenebrosa_2;1413;1413;0;0;1.0;1.0;true
Chloroceryle_inda_1;1701;1539;162;162;1.0;0.904;true
Chloroceryle_inda_2;1701;1539;162;162;1.0;0.904;true
Chordeiles_pusillus_1;1698;1539;159;159;1.0;0.906;true
Chordeiles_pusillus_2;1698;1539;159;159;1.0;0.906;true
Chroicocephalus_cirrocephalus_1;1452;1452;0;0;1.0;1.0;true
Chroicocephalus_cirrocephalus_2;1452;1452;0;0;1.0;1.0;true
Chunga_burmeisteri_1;1290;1239;51;51;1.0;0.96;true
Chunga_burmeisteri_2;1290;1239;51;51;1.0;0.96;true
Ciconia_nigra_1;1530;1488;42;42;1.0;0.972;true
Ciconia_nigra_2;1530;1488;42;42;1.0;0.972;true
Climacteris_melanura_1;1620;1539;81;81;1.0;0.95;true
Climacteris_melanura_2;1620;1539;81;81;1.0;0.95;true
Coccyzus_melacoryphus_1;1611;1506;105;105;1.0;0.934;true
Coccyzus_melacoryphus_2;1611;1506;105;105;1.0;0.934;true
Colinus_cristatus_1;1449;1413;36;36;1.0;0.975;true
Colinus_cristatus_2;1449;1413;36;36;1.0;0.975;true
Colius_colius_1;1407;1401;6;6;1.0;0.995;true
Colius_colius_2;1407;1401;6;6;1.0;0.995;true
Columba_livia_1;1512;1476;36;36;0.987;0.976;true
Columba_livia_2;1512;1476;36;36;0.987;0.976;true
Columbina_minuta_1;1581;1518;63;63;0.988;0.96;true
Columbina_minuta_2;1581;1518;63;63;0.988;0.96;true
Coracias_cyanogaster_1;1653;1539;114;114;1.0;0.931;true
Coracias_cyanogaster_2;1653;1539;114;114;1.0;0.931;true
Corvus_albus_1;1530;1506;24;24;1.0;0.984;true
Corvus_albus_2;1530;1506;24;24;1.0;0.984;true
Corythaeola_cristata_1;1482;1482;0;0;1.0;1.0;true
Corythaeola_cristata_2;1482;1482;0;0;1.0;1.0;true
Cotinga_cayana_1;1389;1377;12;12;1.0;0.991;true
Cotinga_cayana_2;1389;1377;12;12;1.0;0.991;true
Crax_alector_1;1578;1539;39;39;1.0;0.975;true
Crax_alector_2;1578;1539;39;39;1.0;0.975;true
Cryptopipo_aenigma_1;1668;1539;129;129;1.0;0.922;true
Cryptopipo_aenigma_2;1668;1539;129;129;1.0;0.922;true
Crypturellus_tataupa_1;1752;1539;213;213;1.0;0.878;true
Crypturellus_tataupa_2;1752;1539;213;213;1.0;0.878;true
Cuculus_optatus_1;1632;1539;93;93;1.0;0.943;true
Cuculus_optatus_2;1632;1539;93;93;1.0;0.943;true
Dendrocygna_viduata_1;1422;1422;0;0;1.0;1.0;true
Dendrocygna_viduata_2;1422;1422;0;0;1.0;1.0;true
Deroptyus_accipitrinus_1;1098;1098;0;0;1.0;1.0;true
Deroptyus_accipitrinus_2;1098;1098;0;0;1.0;1.0;true
Dromaius_novaehollandiae_1;1533;1437;96;96;1.0;0.937;true
Dromaius_novaehollandiae_2;1533;1437;96;96;1.0;0.937;true
Elaenia_flavogaster_1;1614;1533;81;81;1.0;0.949;true
Elaenia_flavogaster_2;1614;1533;81;81;1.0;0.949;true
Elanus_leucurus_1;1653;1539;114;114;1.0;0.931;true
Elanus_leucurus_2;1653;1539;114;114;1.0;0.931;true
Eudromia_elegans_1;1914;1539;375;375;1.0;0.804;true
Eudromia_elegans_2;1914;1539;375;375;1.0;0.804;true
Eurostopodus_macrotis_1;1632;1539;93;93;1.0;0.943;true
Eurostopodus_macrotis_2;1632;1539;93;93;1.0;0.943;true
Eurylaimus_ochromalus_1;1599;1539;60;60;1.0;0.962;true
Eurylaimus_ochromalus_2;1599;1539;60;60;1.0;0.962;true
Eurypyga_helias_1;1548;1482;66;66;1.0;0.957;true
Eurypyga_helias_2;1548;1482;66;66;1.0;0.957;true
Falco_sparverius_1;1740;1539;201;201;1.0;0.884;true
Falco_sparverius_2;1740;1539;201;201;1.0;0.884;true
Fregata_magnificens_1;1395;1344;51;51;1.0;0.963;true
Fregata_magnificens_2;1395;1344;51;51;1.0;0.963;true
Fringilla_coelebs_1;1614;1539;75;75;1.0;0.953;true
Fringilla_coelebs_2;1614;1539;75;75;1.0;0.953;true
Fulmarus_glacialoides_1;1617;1539;78;78;1.0;0.951;true
Fulmarus_glacialoides_2;1617;1539;78;78;1.0;0.951;true
Furnarius_rufus_1;1554;1524;30;30;1.0;0.98;true
Furnarius_rufus_2;1554;1524;30;30;1.0;0.98;true
Galbula_dea_1;1710;1539;171;171;1.0;0.9;true
Galbula_dea_2;1710;1539;171;171;1.0;0.9;true
Gallus_gallus_1;1848;1539;309;309;1.0;0.832;true
Gallus_gallus_2;1848;1539;309;309;1.0;0.832;true
Gavia_immer_1;1641;1539;102;102;1.0;0.937;true
Gavia_immer_2;1641;1539;102;102;1.0;0.937;true
Glareola_nuchalis_1;1620;1539;81;81;1.0;0.95;true
Glareola_nuchalis_2;1620;1539;81;81;1.0;0.95;true
Grus_canadensis_1;1566;1455;111;111;1.0;0.929;true
Grus_canadensis_2;1566;1455;111;111;1.0;0.929;true
Haematopus_palliatus_1;1701;1539;162;162;1.0;0.904;true
Haematopus_palliatus_2;1701;1539;162;162;1.0;0.904;true
Heliornis_fulica_1;1653;1539;114;114;1.0;0.931;true
Heliornis_fulica_2;1653;1539;114;114;1.0;0.931;true
Hemiprocne_comata_1;1530;1476;54;54;1.0;0.964;true
Hemiprocne_comata_2;1530;1476;54;54;1.0;0.964;true
Hirundinea_ferruginea_1;1587;1539;48;48;1.0;0.969;true
Hirundinea_ferruginea_2;1587;1539;48;48;1.0;0.969;true
Hymenops_perspicillatus_1;1596;1539;57;57;1.0;0.964;true
Hymenops_perspicillatus_2;1596;1539;57;57;1.0;0.964;true
Ibycter_americanus_1;1650;1539;111;111;1.0;0.932;true
Ibycter_americanus_2;1650;1539;111;111;1.0;0.932;true
Indicator_exilis_1;1617;1539;78;78;1.0;0.951;true
Indicator_exilis_2;1617;1539;78;78;1.0;0.951;true
Ixobrychus_minutus_1;1650;1539;111;111;1.0;0.932;true
Ixobrychus_minutus_2;1650;1539;111;111;1.0;0.932;true
Jacana_jacana_1;1569;1539;30;30;1.0;0.98;true
Jacana_jacana_2;1569;1539;30;30;1.0;0.98;true
Jynx_torquilla_1;1611;1539;72;72;1.0;0.955;true
Jynx_torquilla_2;1611;1539;72;72;1.0;0.955;true
Leipoa_ocellata_1;1485;1434;51;51;1.0;0.965;true
Leipoa_ocellata_2;1485;1434;51;51;1.0;0.965;true
Lepidocolaptes_angustirostr_1;1680;1539;141;141;1.0;0.916;true
Lepidocolaptes_angustirostr_2;1680;1539;141;141;1.0;0.916;true
Leptoptilos_crumeniferus_1;1605;1539;66;66;1.0;0.958;true
Leptoptilos_crumeniferus_2;1605;1539;66;66;1.0;0.958;true
Leptosomus_discolor_1;1686;1539;147;147;1.0;0.912;true
Leptosomus_discolor_2;1686;1539;147;147;1.0;0.912;true
Leptotila_rufaxilla_1;1647;1521;126;126;0.988;0.923;true
Leptotila_rufaxilla_2;1647;1521;126;126;0.988;0.923;true
Limosa_lapponica_1;1530;1500;30;30;1.0;0.98;true
Limosa_lapponica_2;1530;1500;30;30;1.0;0.98;true
Lophorina_superba_1;1353;1353;0;0;1.0;1.0;true
Lophorina_superba_2;1353;1353;0;0;1.0;1.0;true
Malurus_splendens_1;1569;1539;30;30;1.0;0.98;true
Malurus_splendens_2;1569;1539;30;30;1.0;0.98;true
Megalaima_chrysopogon_1;1518;1479;39;39;1.0;0.974;true
Megalaima_chrysopogon_2;1518;1479;39;39;1.0;0.974;true
Melanopareia_maximilian_1;1509;1479;30;30;1.0;0.98;true
Melanopareia_maximilian_2;1509;1479;30;30;1.0;0.98;true
Menura_novaehollandiae_1;1599;1539;60;60;1.0;0.962;true
Menura_novaehollandiae_2;1599;1539;60;60;1.0;0.962;true
Merops_muelleri_1;1779;1539;240;240;1.0;0.865;true
Merops_muelleri_2;1779;1539;240;240;1.0;0.865;true
Mesitornis_unicolor_1;1479;1479;0;0;1.0;1.0;true
Mesitornis_unicolor_2;1479;1479;0;0;1.0;1.0;true
Micrastur_gilvicollis_1;1722;1539;183;183;1.0;0.893;true
Micrastur_gilvicollis_2;1722;1539;183;183;1.0;0.893;true
Micropygia_schomburgkii_1;1641;1539;102;102;1.0;0.937;true
Micropygia_schomburgkii_2;1641;1539;102;102;1.0;0.937;true
Momotus_lessonii_1;1476;1446;30;30;1.0;0.979;true
Momotus_lessonii_2;1476;1446;30;30;1.0;0.979;true
Monias_benschi_1;1749;1539;210;210;1.0;0.879;true
Monias_benschi_2;1749;1539;210;210;1.0;0.879;true
Morus_serrator_1;1725;1539;186;186;1.0;0.892;true
Morus_serrator_2;1725;1539;186;186;1.0;0.892;true
Myiobius_barbatus_1;1371;1371;0;0;1.0;1.0;true
Myiobius_barbatus_2;1371;1371;0;0;1.0;1.0;true
Myrmornis_torquata_1;1650;1539;111;111;1.0;0.932;true
Myrmornis_torquata_2;1650;1539;111;111;1.0;0.932;true
Myrmothera_campanisona_1;1578;1539;39;39;1.0;0.975;true
Myrmothera_campanisona_2;1578;1539;39;39;1.0;0.975;true
Neodrepanis_coruscans_1;1596;1515;81;81;1.0;0.949;true
Neodrepanis_coruscans_2;1596;1515;81;81;1.0;0.949;true
Neopelma_chrysocephalum_1;1629;1539;90;90;1.0;0.944;true
Neopelma_chrysocephalum_2;1629;1539;90;90;1.0;0.944;true
Nestor_meridionalis_1;1599;1539;60;60;1.0;0.962;true
Nestor_meridionalis_2;1599;1539;60;60;1.0;0.962;true
Nothoprocta_ornata_1;1608;1539;69;69;1.0;0.957;true
Nothoprocta_ornata_2;1608;1539;69;69;1.0;0.957;true
Numida_malagris_1;1641;1539;102;102;1.0;0.937;true
Numida_malagris_2;1641;1539;102;102;1.0;0.937;true
Nyctibius_griseus_1;1629;1539;90;90;1.0;0.944;true
Nyctibius_griseus_2;1629;1539;90;90;1.0;0.944;true
Oceanites_oceanicus_1;1614;1539;75;75;1.0;0.953;true
Oceanites_oceanicus_2;1614;1539;75;75;1.0;0.953;true
Oceanodroma_leucorhoa_1;900;849;51;51;1.0;0.943;true
Oceanodroma_leucorhoa_2;900;849;51;51;1.0;0.943;true
Odontophorus_gujanensis_1;1629;1539;90;90;1.0;0.944;true
Odontophorus_gujanensis_2;1629;1539;90;90;1.0;0.944;true
Opisthocomus_hoazin_1;1473;1473;0;0;1.0;1.0;true
Opisthocomus_hoazin_2;1473;1473;0;0;1.0;1.0;true
Ortalis_motmot_1;1449;1449;0;0;1.0;1.0;true
Ortalis_motmot_2;1449;1449;0;0;1.0;1.0;true
Oxyruncus_cristatus_1;1629;1539;90;90;1.0;0.944;true
Oxyruncus_cristatus_2;1629;1539;90;90;1.0;0.944;true
Oxyura_jamaicensis_1;1596;1539;57;57;1.0;0.964;true
Oxyura_jamaicensis_2;1596;1539;57;57;1.0;0.964;true
Pandion_haliaetus_1;1446;1446;0;0;1.0;1.0;true
Pandion_haliaetus_2;1446;1446;0;0;1.0;1.0;true
Pedionomus_torquatus_1;1818;1539;279;279;1.0;0.846;true
Pedionomus_torquatus_2;1818;1539;279;279;1.0;0.846;true
Pelagodroma_marina_1;1626;1518;108;108;1.0;0.933;true
Pelagodroma_marina_2;1626;1518;108;108;1.0;0.933;true
Pelecanoides_urinatrix_1;1575;1539;36;36;1.0;0.977;true
Pelecanoides_urinatrix_2;1575;1539;36;36;1.0;0.977;true
Pelecanus_occidentalis_1;1584;1533;51;51;1.0;0.967;true
Pelecanus_occidentalis_2;1584;1533;51;51;1.0;0.967;true
Phaethon_rubricauda_1;1557;1518;39;39;1.0;0.974;true
Phaethon_rubricauda_2;1557;1518;39;39;1.0;0.974;true
Phaethornis_superciliosus_1;1572;1539;33;33;1.0;0.979;true
Phaethornis_superciliosus_2;1572;1539;33;33;1.0;0.979;true
Phalacrocorax_brasili_1;1578;1539;39;39;1.0;0.975;true
Phalacrocorax_brasili_2;1578;1539;39;39;1.0;0.975;true
Phoebastria_nigripes_1;918;867;51;51;1.0;0.944;true
Phoebastria_nigripes_2;918;867;51;51;1.0;0.944;true
Phoenicopterus_ruber_1;1383;1344;39;39;1.0;0.971;true
Phoenicopterus_ruber_2;1383;1344;39;39;1.0;0.971;true
Phoeniculus_purpureus_1;1419;1389;30;30;1.0;0.978;true
Phoeniculus_purpureus_2;1419;1389;30;30;1.0;0.978;true
Picus_canus_1;1491;1491;0;0;1.0;1.0;true
Picus_canus_2;1491;1491;0;0;1.0;1.0;true
Pipra_erythrocephala_1;1632;1539;93;93;1.0;0.943;true
Pipra_erythrocephala_2;1632;1539;93;93;1.0;0.943;true
Piprites_chloris_1;1623;1539;84;84;1.0;0.948;true
Piprites_chloris_2;1623;1539;84;84;1.0;0.948;true
Pitta_angolensis_1;1680;1539;141;141;1.0;0.916;true
Pitta_angolensis_2;1680;1539;141;141;1.0;0.916;true
Podargus_strigoides_1;1620;1539;81;81;1.0;0.95;true
Podargus_strigoides_2;1620;1539;81;81;1.0;0.95;true
Poecile_lugubris_1;1371;1371;0;0;1.0;1.0;true
Poecile_lugubris_2;1371;1371;0;0;1.0;1.0;true
Porphyrio_porphyrio_1;1659;1539;120;120;1.0;0.927;true
Porphyrio_porphyrio_2;1659;1539;120;120;1.0;0.927;true
Probosciger_aterrimus_1;1545;1509;36;36;1.0;0.976;true
Probosciger_aterrimus_2;1545;1509;36;36;1.0;0.976;true
Psittacus_erithacus_1;1647;1539;108;108;1.0;0.934;true
Psittacus_erithacus_2;1647;1539;108;108;1.0;0.934;true
Psittrichas_fulgidus_1;1608;1539;69;69;1.0;0.957;true
Psittrichas_fulgidus_2;1608;1539;69;69;1.0;0.957;true
Psophia_crepitans_1;1620;1539;81;81;1.0;0.95;true
Psophia_crepitans_2;1620;1539;81;81;1.0;0.95;true
Pterocles_bicinctus_1;1605;1539;66;66;1.0;0.958;true
Pterocles_bicinctus_2;1605;1539;66;66;1.0;0.958;true
Pterodroma_externa_1;1617;1539;78;78;1.0;0.951;true
Pterodroma_externa_2;1617;1539;78;78;1.0;0.951;true
Ptilinopus_magnificus_1;1599;1521;78;78;0.988;0.951;true
Ptilinopus_magnificus_2;1599;1521;78;78;0.988;0.951;true
Ptilonorhynchus_violaceus_1;1629;1539;90;90;1.0;0.944;true
Ptilonorhynchus_violaceus_2;1629;1539;90;90;1.0;0.944;true
Puffinus_griseus_1;1695;1539;156;156;1.0;0.907;true
Puffinus_griseus_2;1695;1539;156;156;1.0;0.907;true
Pycnonotus_macrotis_1;1530;1512;18;18;1.0;0.988;true
Pycnonotus_macrotis_2;1530;1512;18;18;1.0;0.988;true
Rallus_longirostris_1;1188;1134;54;54;1.0;0.954;true
Rallus_longirostris_2;1188;1134;54;54;1.0;0.954;true
Ramphastos_ambiguus_1;1734;1539;195;195;1.0;0.887;true
Ramphastos_ambiguus_2;1734;1539;195;195;1.0;0.887;true
Recurvirostra_americana_1;1539;1488;51;51;1.0;0.966;true
Recurvirostra_americana_2;1539;1488;51;51;1.0;0.966;true
Regulus_ignicapilla_1;1620;1539;81;81;1.0;0.95;true
Regulus_ignicapilla_2;1620;1539;81;81;1.0;0.95;true
Rhea_americana_1;1605;1515;90;90;1.0;0.943;true
Rhea_americana_2;1605;1515;90;90;1.0;0.943;true
Rhynchocyclus_olivaceus_1;1626;1539;87;87;1.0;0.946;true
Rhynchocyclus_olivaceus_2;1626;1539;87;87;1.0;0.946;true
Rollandia_rolland_1;1626;1539;87;87;1.0;0.946;true
Rollandia_rolland_2;1626;1539;87;87;1.0;0.946;true
Rollulus_rouloul_1;1458;1455;3;3;1.0;0.997;true
Rollulus_rouloul_2;1458;1455;3;3;1.0;0.997;true
Rostratula_benghalensis_1;1392;1392;0;0;1.0;1.0;true
Rostratula_benghalensis_2;1392;1392;0;0;1.0;1.0;true
Rupicola_rupicola_1;1626;1539;87;87;1.0;0.946;true
Rupicola_rupicola_2;1626;1539;87;87;1.0;0.946;true
Rynchops_niger_1;1563;1533;30;30;1.0;0.98;true
Rynchops_niger_2;1563;1533;30;30;1.0;0.98;true
Sagittarius_serpentarius_1;951;906;45;45;1.0;0.952;true
Sagittarius_serpentarius_2;951;906;45;45;1.0;0.952;true
Sarothrura_rufa_1;1593;1539;54;54;1.0;0.966;true
Sarothrura_rufa_2;1593;1539;54;54;1.0;0.966;true
Schiffornis_turdina_1;1593;1425;168;168;1.0;0.894;true
Schiffornis_turdina_2;1593;1425;168;168;1.0;0.894;true
Sclerurus_mexicanus_1;1626;1539;87;87;1.0;0.946;true
Sclerurus_mexicanus_2;1626;1539;87;87;1.0;0.946;true
Scopus_umbretta_1;1599;1539;60;60;1.0;0.962;true
Scopus_umbretta_2;1599;1539;60;60;1.0;0.962;true
Sericulus_bakeri_1;1629;1539;90;90;1.0;0.944;true
Sericulus_bakeri_2;1629;1539;90;90;1.0;0.944;true
Smithornis_rufolateralis_1;1656;1539;117;117;1.0;0.929;true
Smithornis_rufolateralis_2;1656;1539;117;117;1.0;0.929;true
Spheniscus_humboldti_1;1602;1539;63;63;1.0;0.96;true
Spheniscus_humboldti_2;1602;1539;63;63;1.0;0.96;true
Spizella_arborea_1;891;891;0;0;1.0;1.0;true
Spizella_arborea_2;891;891;0;0;1.0;1.0;true
Steatornis_caripensi_1;708;708;0;0;1.0;1.0;true
Steatornis_caripensi_2;708;708;0;0;1.0;1.0;true
Sterna_hirundo_1;1554;1524;30;30;1.0;0.98;true
Sterna_hirundo_2;1554;1524;30;30;1.0;0.98;true
Streptoprocne_zonaris_1;1647;1539;108;108;1.0;0.934;true
Streptoprocne_zonaris_2;1647;1539;108;108;1.0;0.934;true
Strix_varia_1;1257;1257;0;0;1.0;1.0;true
Strix_varia_2;1257;1257;0;0;1.0;1.0;true
Struthio_camelus_1;1284;1203;81;81;1.0;0.936;true
Struthio_camelus_2;1284;1203;81;81;1.0;0.936;true
Sylvia_melanocephala_1;1524;1488;36;36;1.0;0.976;true
Sylvia_melanocephala_2;1524;1488;36;36;1.0;0.976;true
Syrrhaptes_paradoxus_1;1584;1533;51;51;1.0;0.967;true
Syrrhaptes_paradoxus_2;1584;1533;51;51;1.0;0.967;true
Tapera_naevia_1;1662;1539;123;123;1.0;0.925;true
Tapera_naevia_2;1662;1539;123;123;1.0;0.925;true
Tauraco_macrorhynchus_1;1470;1470;0;0;1.0;1.0;true
Tauraco_macrorhynchus_2;1470;1470;0;0;1.0;1.0;true
Terenura_callinota_1;1482;1446;36;36;1.0;0.975;true
Terenura_callinota_2;1482;1446;36;36;1.0;0.975;true
Thamnophilus_ruficapillu_1;1413;1389;24;24;1.0;0.983;true
Thamnophilus_ruficapillu_2;1413;1389;24;24;1.0;0.983;true
Theristicus_caerulescens_1;1656;1539;117;117;1.0;0.929;true
Theristicus_caerulescens_2;1656;1539;117;117;1.0;0.929;true
Tigrisoma_lineatum_1;1500;1467;33;33;1.0;0.978;true
Tigrisoma_lineatum_2;1500;1467;33;33;1.0;0.978;true
Tinamus_major_1;1359;1359;0;0;1.0;1.0;true
Tinamus_major_2;1359;1359;0;0;1.0;1.0;true
Tityra_cayana_1;1491;1491;0;0;1.0;1.0;true
Tityra_cayana_2;1491;1491;0;0;1.0;1.0;true
Tockus_camurus_1;1431;1431;0;0;1.0;1.0;true
Tockus_camurus_2;1431;1431;0;0;1.0;1.0;true
Todus_mexicanus_1;1419;1419;0;0;1.0;1.0;true
Todus_mexicanus_2;1419;1419;0;0;1.0;1.0;true
Topaza_pella_1;1548;1512;36;36;1.0;0.976;true
Topaza_pella_2;1548;1512;36;36;1.0;0.976;true
Treron_calvus_1;1608;1521;87;87;0.988;0.945;true
Treron_calvus_2;1608;1521;87;87;0.988;0.945;true
Tringa_solitaria_1;1590;1539;51;51;1.0;0.967;true
Tringa_solitaria_2;1590;1539;51;51;1.0;0.967;true
Trogon_elegans_1;1533;1497;36;36;1.0;0.976;true
Trogon_elegans_2;1533;1497;36;36;1.0;0.976;true
Turdus_olivater_1;1647;1539;108;108;1.0;0.934;true
Turdus_olivater_2;1647;1539;108;108;1.0;0.934;true
Turnix_ocellata_1;1608;1539;69;69;1.0;0.957;true
Turnix_ocellata_2;1608;1539;69;69;1.0;0.957;true
Tyrannus_albogularis_1;1689;1539;150;150;1.0;0.911;true
Tyrannus_albogularis_2;1689;1539;150;150;1.0;0.911;true
Tyto_alba_1;831;831;0;0;1.0;1.0;true
Tyto_alba_2;831;831;0;0;1.0;1.0;true
Upupa_epops_1;1488;1488;0;0;1.0;1.0;true
Upupa_epops_2;1488;1488;0;0;1.0;1.0;true
Uria_aalge_1;1590;1539;51;51;1.0;0.967;true
Uria_aalge_2;1590;1539;51;51;1.0;0.967;true
Urocolius_indicus_1;1401;1401;0;0;1.0;1.0;true
Urocolius_indicus_2;1401;1401;0;0;1.0;1.0;true
Vultur_gryphus_1;815;812;3;3;1.0;0.996;true
Vultur_gryphus_2;815;812;3;3;1.0;0.996;true
