seqName;initialSeqLength;nbKeep;nbTrim;nbInformativeTrim;percentKeepExcludingExtremities;percentKeepIncludingExtremities;keptSequences
Acanthisitta_chloris_1;1356;1209;147;147;1.0;0.891;true
Acanthisitta_chloris_2;1356;1209;147;147;1.0;0.891;true
Accipiter_superciliosus_1;1554;1542;12;12;1.0;0.992;true
Accipiter_superciliosus_2;1554;1542;12;12;1.0;0.992;true
Aegotheles_insignis_1;1596;1539;57;57;1.0;0.964;true
Aegotheles_insignis_2;1596;1539;57;57;1.0;0.964;true
Alcedo_quadribrachys_1;1314;1299;15;15;1.0;0.988;true
Alcedo_quadribrachys_2;1314;1299;15;15;1.0;0.988;true
Anas_superciliosa_1;1470;1464;6;6;0.997;0.995;true
Anas_superciliosa_2;1470;1464;6;6;0.997;0.995;true
Anhinga_anhinga_1;1674;1542;132;132;1.0;0.921;true
Anhinga_anhinga_2;1674;1542;132;132;1.0;0.921;true
Anser_canagicus_1;1620;1539;81;81;1.0;0.95;true
Anser_canagicus_2;1620;1539;81;81;1.0;0.95;true
Anseranas_semipalmata_1;1605;1542;63;63;1.0;0.96;true
Anseranas_semipalmata_2;1605;1542;63;63;1.0;0.96;true
Apaloderma_aequatoriale_1;1494;1491;3;3;1.0;0.997;true
Apaloderma_aequatoriale_2;1494;1491;3;3;1.0;0.997;true
Apteryx_sp._1;1461;1443;18;18;1.0;0.987;true
Apteryx_sp._2;1461;1443;18;18;1.0;0.987;true
Aramus_guarauna_1;1722;1542;180;180;1.0;0.895;true
Aramus_guarauna_2;1722;1542;180;180;1.0;0.895;true
Archilochus_colubris_1;1536;1515;21;21;1.0;0.986;true
Archilochus_colubris_2;1536;1515;21;21;1.0;0.986;true
Ardea_herodias_1;1638;1536;102;102;1.0;0.937;true
Ardea_herodias_2;1638;1536;102;102;1.0;0.937;true
Ardeotis_kori_1;1656;1524;132;132;1.0;0.92;true
Ardeotis_kori_2;1656;1524;132;132;1.0;0.92;true
Arenaria_interpres_1;1479;1476;3;3;1.0;0.997;true
Arenaria_interpres_2;1479;1476;3;3;1.0;0.997;true
Atelornis_pittoides_1;1668;1542;126;126;1.0;0.924;true
Atelornis_pittoides_2;1668;1542;126;126;1.0;0.924;true
Aythya_valisineria_1;1515;1509;6;6;0.998;0.996;true
Aythya_valisineria_2;1515;1509;6;6;0.998;0.996;true
Balaeniceps_rex_1;1653;1539;114;114;1.0;0.931;true
Balaeniceps_rex_2;1653;1539;114;114;1.0;0.931;true
Balearica_regulorum_1;1413;1410;3;3;1.0;0.997;true
Balearica_regulorum_2;1413;1410;3;3;1.0;0.997;true
Barnardius_zonarius_1;1410;1392;18;18;0.989;0.987;true
Barnardius_zonarius_2;1410;1392;18;18;0.989;0.987;true
Bonasa_umbellus_1;1503;1500;3;3;1.0;0.998;true
Bonasa_umbellus_2;1503;1500;3;3;1.0;0.998;true
Buccanodon_duchaillui_1;1077;978;99;99;1.0;0.908;true
Buccanodon_duchaillui_2;1077;978;99;99;1.0;0.908;true
Bucco_capensis_1;1563;1527;36;36;1.0;0.976;true
Bucco_capensis_2;1563;1527;36;36;1.0;0.976;true
Bucorvus_leadbeateri_1;1608;1542;66;66;1.0;0.958;true
Bucorvus_leadbeateri_2;1608;1542;66;66;1.0;0.958;true
Burhinus_oedicnemus_1;1602;1542;60;60;1.0;0.962;true
Burhinus_oedicnemus_2;1602;1542;60;60;1.0;0.962;true
Buteo_jamaicensis_1;1674;1542;132;132;1.0;0.921;true
Buteo_jamaicensis_2;1674;1542;132;132;1.0;0.921;true
Calandrella_brachydactyla_1;1608;1530;78;78;1.0;0.951;true
Calandrella_brachydactyla_2;1608;1530;78;78;1.0;0.951;true
Calyptomena_viridis_1;1578;1533;45;45;1.0;0.971;true
Calyptomena_viridis_2;1578;1533;45;45;1.0;0.971;true
Capito_niger_1;747;732;15;15;1.0;0.979;true
Capito_niger_2;747;732;15;15;1.0;0.979;true
Caprimulgus_europaeus_1;1764;1542;222;222;1.0;0.874;true
Caprimulgus_europaeus_2;1764;1542;222;222;1.0;0.874;true
Caracara_cheriway_1;1662;1542;120;120;1.0;0.927;true
Caracara_cheriway_2;1662;1542;120;120;1.0;0.927;true
Cariama_cristata_1;1680;1542;138;138;1.0;0.917;true
Cariama_cristata_2;1680;1542;138;138;1.0;0.917;true
Casuarius_bennetti_1;1668;1542;126;126;1.0;0.924;true
Casuarius_bennetti_2;1668;1542;126;126;1.0;0.924;true
Cathartes_burrovianus_1;1542;1539;3;3;1.0;0.998;true
Cathartes_burrovianus_2;1542;1539;3;3;1.0;0.998;true
Centropus_bengalensis_1;1692;1539;153;153;1.0;0.909;true
Centropus_bengalensis_2;1692;1539;153;153;1.0;0.909;true
Chaetura_brachyura_1;1608;1533;75;75;1.0;0.953;true
Chaetura_brachyura_2;1608;1533;75;75;1.0;0.953;true
Charadrius_hiaticula_1;1560;1542;18;18;1.0;0.988;true
Charadrius_hiaticula_2;1560;1542;18;18;1.0;0.988;true
Chauna_torquata_1;1656;1542;114;114;1.0;0.931;true
Chauna_torquata_2;1656;1542;114;114;1.0;0.931;true
Chelidoptera_tenebrosa_1;1530;1527;3;3;1.0;0.998;true
Chelidoptera_tenebrosa_2;1530;1527;3;3;1.0;0.998;true
Chloroceryle_inda_1;1566;1518;48;48;0.992;0.969;true
Chloroceryle_inda_2;1566;1518;48;48;0.992;0.969;true
Chordeiles_pusillus_1;1611;1533;78;78;1.0;0.951;true
Chordeiles_pusillus_2;1611;1533;78;78;1.0;0.951;true
Chroicocephalus_cirrocephalus_1;1203;1200;3;3;1.0;0.997;true
Chroicocephalus_cirrocephalus_2;1203;1200;3;3;1.0;0.997;true
Chunga_burmeisteri_1;1716;1542;174;174;1.0;0.898;true
Chunga_burmeisteri_2;1716;1542;174;174;1.0;0.898;true
Ciconia_nigra_1;1536;1536;0;0;1.0;1.0;true
Ciconia_nigra_2;1536;1536;0;0;1.0;1.0;true
Climacteris_melanura_1;1659;1530;129;129;1.0;0.922;true
Climacteris_melanura_2;1659;1530;129;129;1.0;0.922;true
Coccyzus_melacoryphus_1;1647;1542;105;105;1.0;0.936;true
Coccyzus_melacoryphus_2;1647;1542;105;105;1.0;0.936;true
Colinus_cristatus_1;1515;1515;0;0;1.0;1.0;true
Colinus_cristatus_2;1515;1515;0;0;1.0;1.0;true
Colius_colius_1;735;732;3;3;0.995;0.995;true
Colius_colius_2;735;732;3;3;0.995;0.995;true
Columba_livia_1;1650;1542;108;108;1.0;0.934;true
Columba_livia_2;1650;1542;108;108;1.0;0.934;true
Columbina_minuta_1;1596;1542;54;54;1.0;0.966;true
Columbina_minuta_2;1596;1542;54;54;1.0;0.966;true
Coracias_cyanogaster_1;1749;1542;207;207;1.0;0.881;true
Coracias_cyanogaster_2;1749;1542;207;207;1.0;0.881;true
Corvus_albus_1;1578;1530;48;48;1.0;0.969;true
Corvus_albus_2;1578;1530;48;48;1.0;0.969;true
Corythaeola_cristata_1;1431;1428;3;3;1.0;0.997;true
Corythaeola_cristata_2;1431;1428;3;3;1.0;0.997;true
Cotinga_cayana_1;1527;1527;0;0;1.0;1.0;true
Cotinga_cayana_2;1527;1527;0;0;1.0;1.0;true
Crax_alector_1;1560;1536;24;24;1.0;0.984;true
Crax_alector_2;1560;1536;24;24;1.0;0.984;true
Cryptopipo_aenigma_1;1464;1464;0;0;1.0;1.0;true
Cryptopipo_aenigma_2;1464;1464;0;0;1.0;1.0;true
Crypturellus_tataupa_1;1446;1446;0;0;1.0;1.0;true
Crypturellus_tataupa_2;1446;1446;0;0;1.0;1.0;true
Cuculus_optatus_1;1650;1539;111;111;1.0;0.932;true
Cuculus_optatus_2;1650;1539;111;111;1.0;0.932;true
Dendrocygna_viduata_1;1515;1437;78;78;1.0;0.948;true
Dendrocygna_viduata_2;1515;1437;78;78;1.0;0.948;true
Deroptyus_accipitrinus_1;1773;1527;246;246;0.99;0.861;true
Deroptyus_accipitrinus_2;1773;1527;246;246;0.99;0.861;true
Dromaius_novaehollandiae_1;1593;1542;51;51;1.0;0.967;true
Dromaius_novaehollandiae_2;1593;1542;51;51;1.0;0.967;true
Elaenia_flavogaster_1;1740;1533;207;207;1.0;0.881;true
Elaenia_flavogaster_2;1740;1533;207;207;1.0;0.881;true
Elanus_leucurus_1;1644;1542;102;102;1.0;0.937;true
Elanus_leucurus_2;1644;1542;102;102;1.0;0.937;true
Eudromia_elegans_1;1428;1401;27;27;0.983;0.981;true
Eudromia_elegans_2;1428;1401;27;27;0.983;0.981;true
Eurostopodus_macrotis_1;990;990;0;0;1.0;1.0;true
Eurostopodus_macrotis_2;990;990;0;0;1.0;1.0;true
Eurylaimus_ochromalus_1;669;669;0;0;1.0;1.0;true
Eurylaimus_ochromalus_2;669;669;0;0;1.0;1.0;true
Eurypyga_helias_1;1593;1533;60;60;1.0;0.962;true
Eurypyga_helias_2;1593;1533;60;60;1.0;0.962;true
Falco_sparverius_1;1686;1542;144;144;1.0;0.914;true
Falco_sparverius_2;1686;1542;144;144;1.0;0.914;true
Fregata_magnificens_1;1671;1542;129;129;1.0;0.922;true
Fregata_magnificens_2;1671;1542;129;129;1.0;0.922;true
Fringilla_coelebs_1;1536;1521;15;15;1.0;0.99;true
Fringilla_coelebs_2;1536;1521;15;15;1.0;0.99;true
Fulmarus_glacialoides_1;1608;1542;66;66;1.0;0.958;true
Fulmarus_glacialoides_2;1608;1542;66;66;1.0;0.958;true
Furnarius_rufus_1;1491;1491;0;0;1.0;1.0;true
Furnarius_rufus_2;1491;1491;0;0;1.0;1.0;true
Galbula_dea_1;1734;1542;192;192;1.0;0.889;true
Galbula_dea_2;1734;1542;192;192;1.0;0.889;true
Gallus_gallus_1;1614;1533;81;81;1.0;0.949;true
Gallus_gallus_2;1614;1533;81;81;1.0;0.949;true
Gavia_immer_1;1605;1539;66;66;1.0;0.958;true
Gavia_immer_2;1605;1539;66;66;1.0;0.958;true
Glareola_nuchalis_1;1635;1530;105;105;1.0;0.935;true
Glareola_nuchalis_2;1635;1530;105;105;1.0;0.935;true
Grus_canadensis_1;1677;1542;135;135;1.0;0.919;true
Grus_canadensis_2;1677;1542;135;135;1.0;0.919;true
Haematopus_palliatus_1;1695;1542;153;153;1.0;0.909;true
Haematopus_palliatus_2;1695;1542;153;153;1.0;0.909;true
Heliornis_fulica_1;1683;1518;165;165;1.0;0.901;true
Heliornis_fulica_2;1683;1518;165;165;1.0;0.901;true
Hemiprocne_comata_1;1533;1530;3;3;1.0;0.998;true
Hemiprocne_comata_2;1533;1530;3;3;1.0;0.998;true
Hirundinea_ferruginea_1;1575;1533;42;42;1.0;0.973;true
Hirundinea_ferruginea_2;1575;1533;42;42;1.0;0.973;true
Hymenops_perspicillatus_1;1539;1533;6;6;1.0;0.996;true
Hymenops_perspicillatus_2;1539;1533;6;6;1.0;0.996;true
Ibycter_americanus_1;1554;1542;12;12;1.0;0.992;true
Ibycter_americanus_2;1554;1542;12;12;1.0;0.992;true
Indicator_exilis_1;996;969;27;27;1.0;0.972;true
Indicator_exilis_2;996;969;27;27;1.0;0.972;true
Ixobrychus_minutus_1;1623;1542;81;81;1.0;0.95;true
Ixobrychus_minutus_2;1623;1542;81;81;1.0;0.95;true
Jacana_jacana_1;1578;1518;60;60;1.0;0.961;true
Jacana_jacana_2;1578;1518;60;60;1.0;0.961;true
Jynx_torquilla_1;1104;969;135;135;1.0;0.877;true
Jynx_torquilla_2;1104;969;135;135;1.0;0.877;true
Leipoa_ocellata_1;1494;1488;6;6;0.997;0.995;true
Leipoa_ocellata_2;1494;1488;6;6;0.997;0.995;true
Lepidocolaptes_angustirostr_1;1620;1533;87;87;1.0;0.946;true
Lepidocolaptes_angustirostr_2;1620;1533;87;87;1.0;0.946;true
Leptoptilos_crumeniferus_1;1356;1356;0;0;1.0;1.0;true
Leptoptilos_crumeniferus_2;1356;1356;0;0;1.0;1.0;true
Leptosomus_discolor_1;1512;1503;9;9;0.996;0.994;true
Leptosomus_discolor_2;1512;1503;9;9;0.996;0.994;true
Leptotila_rufaxilla_1;1587;1542;45;45;1.0;0.971;true
Leptotila_rufaxilla_2;1587;1542;45;45;1.0;0.971;true
Limosa_lapponica_1;1467;1464;3;3;1.0;0.997;true
Limosa_lapponica_2;1467;1464;3;3;1.0;0.997;true
Lophorina_superba_1;1530;1527;3;3;1.0;0.998;true
Lophorina_superba_2;1530;1527;3;3;1.0;0.998;true
Malurus_splendens_1;672;669;3;3;1.0;0.995;true
Malurus_splendens_2;672;669;3;3;1.0;0.995;true
Megalaima_chrysopogon_1;840;723;117;117;1.0;0.86;true
Megalaima_chrysopogon_2;840;723;117;117;1.0;0.86;true
Melanopareia_maximilian_1;1611;1533;78;78;1.0;0.951;true
Melanopareia_maximilian_2;1611;1533;78;78;1.0;0.951;true
Menura_novaehollandiae_1;1506;1503;3;3;1.0;0.998;true
Menura_novaehollandiae_2;1506;1503;3;3;1.0;0.998;true
Merops_muelleri_1;1578;1539;39;39;1.0;0.975;true
Merops_muelleri_2;1578;1539;39;39;1.0;0.975;true
Mesitornis_unicolor_1;1578;1536;42;42;1.0;0.973;true
Mesitornis_unicolor_2;1578;1536;42;42;1.0;0.973;true
Micrastur_gilvicollis_1;1638;1542;96;96;1.0;0.941;true
Micrastur_gilvicollis_2;1638;1542;96;96;1.0;0.941;true
Micropygia_schomburgkii_1;1713;1536;177;177;1.0;0.896;true
Micropygia_schomburgkii_2;1713;1536;177;177;1.0;0.896;true
Momotus_lessonii_1;1527;1497;30;30;1.0;0.98;true
Momotus_lessonii_2;1527;1497;30;30;1.0;0.98;true
Monias_benschi_1;1716;1536;180;180;1.0;0.895;true
Monias_benschi_2;1716;1536;180;180;1.0;0.895;true
Morus_serrator_1;1599;1542;57;57;1.0;0.964;true
Morus_serrator_2;1599;1542;57;57;1.0;0.964;true
Myiobius_barbatus_1;1506;1377;129;129;1.0;0.914;true
Myiobius_barbatus_2;1506;1377;129;129;1.0;0.914;true
Myrmornis_torquata_1;1578;1533;45;45;1.0;0.971;true
Myrmornis_torquata_2;1578;1533;45;45;1.0;0.971;true
Myrmothera_campanisona_1;1530;1524;6;6;1.0;0.996;true
Myrmothera_campanisona_2;1530;1524;6;6;1.0;0.996;true
Neodrepanis_coruscans_1;1704;1515;189;189;1.0;0.889;true
Neodrepanis_coruscans_2;1704;1515;189;189;1.0;0.889;true
Neopelma_chrysocephalum_1;1500;1500;0;0;1.0;1.0;true
Neopelma_chrysocephalum_2;1500;1500;0;0;1.0;1.0;true
Nestor_meridionalis_1;1614;1521;93;93;0.99;0.942;true
Nestor_meridionalis_2;1614;1521;93;93;0.99;0.942;true
Nothoprocta_ornata_1;1128;1086;42;42;1.0;0.962;true
Nothoprocta_ornata_2;1128;1086;42;42;1.0;0.962;true
Numida_malagris_1;1722;1533;189;189;1.0;0.89;true
Numida_malagris_2;1722;1533;189;189;1.0;0.89;true
Nyctibius_griseus_1;1641;1533;108;108;1.0;0.934;true
Nyctibius_griseus_2;1641;1533;108;108;1.0;0.934;true
Oceanites_oceanicus_1;1632;1536;96;96;1.0;0.941;true
Oceanites_oceanicus_2;1632;1536;96;96;1.0;0.941;true
Oceanodroma_leucorhoa_1;1656;1542;114;114;1.0;0.931;true
Oceanodroma_leucorhoa_2;1656;1542;114;114;1.0;0.931;true
Odontophorus_gujanensis_1;1638;1533;105;105;1.0;0.935;true
Odontophorus_gujanensis_2;1638;1533;105;105;1.0;0.935;true
Opisthocomus_hoazin_1;1563;1542;21;21;1.0;0.986;true
Opisthocomus_hoazin_2;1563;1542;21;21;1.0;0.986;true
Ortalis_motmot_1;1470;1425;45;45;1.0;0.969;true
Ortalis_motmot_2;1470;1425;45;45;1.0;0.969;true
Oxyruncus_cristatus_1;1506;1506;0;0;1.0;1.0;true
Oxyruncus_cristatus_2;1506;1506;0;0;1.0;1.0;true
Oxyura_jamaicensis_1;1620;1539;81;81;1.0;0.95;true
Oxyura_jamaicensis_2;1620;1539;81;81;1.0;0.95;true
Pandion_haliaetus_1;1512;1509;3;3;1.0;0.998;true
Pandion_haliaetus_2;1512;1509;3;3;1.0;0.998;true
Pedionomus_torquatus_1;1821;1542;279;279;1.0;0.846;true
Pedionomus_torquatus_2;1821;1542;279;279;1.0;0.846;true
Pelagodroma_marina_1;1530;1527;3;3;1.0;0.998;true
Pelagodroma_marina_2;1530;1527;3;3;1.0;0.998;true
Pelecanoides_urinatrix_1;1614;1533;81;81;1.0;0.949;true
Pelecanoides_urinatrix_2;1614;1533;81;81;1.0;0.949;true
Pelecanus_occidentalis_1;1524;1521;3;3;1.0;0.998;true
Pelecanus_occidentalis_2;1524;1521;3;3;1.0;0.998;true
Phaethon_rubricauda_1;1707;1542;165;165;1.0;0.903;true
Phaethon_rubricauda_2;1707;1542;165;165;1.0;0.903;true
Phaethornis_superciliosus_1;1551;1515;36;36;1.0;0.976;true
Phaethornis_superciliosus_2;1551;1515;36;36;1.0;0.976;true
Phalacrocorax_brasili_1;1587;1542;45;45;1.0;0.971;true
Phalacrocorax_brasili_2;1587;1542;45;45;1.0;0.971;true
Phoebastria_nigripes_1;1599;1539;60;60;1.0;0.962;true
Phoebastria_nigripes_2;1599;1539;60;60;1.0;0.962;true
Phoenicopterus_ruber_1;1485;1482;3;3;1.0;0.997;true
Phoenicopterus_ruber_2;1485;1482;3;3;1.0;0.997;true
Picus_canus_1;990;969;21;21;1.0;0.978;true
Picus_canus_2;990;969;21;21;1.0;0.978;true
Pipra_erythrocephala_1;1578;1533;45;45;1.0;0.971;true
Pipra_erythrocephala_2;1578;1533;45;45;1.0;0.971;true
Piprites_chloris_1;1572;1533;39;39;1.0;0.975;true
Piprites_chloris_2;1572;1533;39;39;1.0;0.975;true
Pitta_angolensis_1;1485;1482;3;3;0.997;0.997;true
Pitta_angolensis_2;1485;1482;3;3;0.997;0.997;true
Podargus_strigoides_1;1731;1542;189;189;1.0;0.89;true
Podargus_strigoides_2;1731;1542;189;189;1.0;0.89;true
Poecile_lugubris_1;1617;1530;87;87;1.0;0.946;true
Poecile_lugubris_2;1617;1530;87;87;1.0;0.946;true
Porphyrio_porphyrio_1;1716;1542;174;174;1.0;0.898;true
Porphyrio_porphyrio_2;1716;1542;174;174;1.0;0.898;true
Probosciger_aterrimus_1;897;894;3;3;1.0;0.996;true
Probosciger_aterrimus_2;897;894;3;3;1.0;0.996;true
Psittacus_erithacus_1;1680;1527;153;153;0.99;0.908;true
Psittacus_erithacus_2;1680;1527;153;153;0.99;0.908;true
Psittrichas_fulgidus_1;747;744;3;3;1.0;0.995;true
Psittrichas_fulgidus_2;747;744;3;3;1.0;0.995;true
Psophia_crepitans_1;1695;1542;153;153;1.0;0.909;true
Psophia_crepitans_2;1695;1542;153;153;1.0;0.909;true
Pterocles_bicinctus_1;1659;1542;117;117;1.0;0.929;true
Pterocles_bicinctus_2;1659;1542;117;117;1.0;0.929;true
Pterodroma_externa_1;1629;1542;87;87;1.0;0.946;true
Pterodroma_externa_2;1629;1542;87;87;1.0;0.946;true
Ptilinopus_magnificus_1;1593;1542;51;51;1.0;0.967;true
Ptilinopus_magnificus_2;1593;1542;51;51;1.0;0.967;true
Ptilonorhynchus_violaceus_1;1581;1530;51;51;1.0;0.967;true
Ptilonorhynchus_violaceus_2;1581;1530;51;51;1.0;0.967;true
Puffinus_griseus_1;1581;1539;42;42;1.0;0.973;true
Puffinus_griseus_2;1581;1539;42;42;1.0;0.973;true
Pycnonotus_macrotis_1;1557;1530;27;27;1.0;0.982;true
Pycnonotus_macrotis_2;1557;1530;27;27;1.0;0.982;true
Rallus_longirostris_1;747;747;0;0;1.0;1.0;true
Rallus_longirostris_2;747;747;0;0;1.0;1.0;true
Ramphastos_ambiguus_1;1062;978;84;84;1.0;0.92;true
Ramphastos_ambiguus_2;1062;978;84;84;1.0;0.92;true
Recurvirostra_americana_1;1572;1539;33;33;1.0;0.979;true
Recurvirostra_americana_2;1572;1539;33;33;1.0;0.979;true
Regulus_ignicapilla_1;1731;1530;201;201;1.0;0.883;true
Regulus_ignicapilla_2;1731;1530;201;201;1.0;0.883;true
Rhea_americana_1;1617;1512;105;105;1.0;0.935;true
Rhea_americana_2;1617;1512;105;105;1.0;0.935;true
Rhynchocyclus_olivaceus_1;1581;1533;48;48;1.0;0.969;true
Rhynchocyclus_olivaceus_2;1581;1533;48;48;1.0;0.969;true
Rollandia_rolland_1;1491;1488;3;3;1.0;0.997;true
Rollandia_rolland_2;1491;1488;3;3;1.0;0.997;true
Rollulus_rouloul_1;1545;1527;18;18;1.0;0.988;true
Rollulus_rouloul_2;1545;1527;18;18;1.0;0.988;true
Rostratula_benghalensis_1;1530;1527;3;3;1.0;0.998;true
Rostratula_benghalensis_2;1530;1527;3;3;1.0;0.998;true
Rupicola_rupicola_1;906;906;0;0;1.0;1.0;true
Rupicola_rupicola_2;906;906;0;0;1.0;1.0;true
Rynchops_niger_1;1623;1539;84;84;1.0;0.948;true
Rynchops_niger_2;1623;1539;84;84;1.0;0.948;true
Sagittarius_serpentarius_1;1626;1542;84;84;1.0;0.948;true
Sagittarius_serpentarius_2;1626;1542;84;84;1.0;0.948;true
Sarothrura_rufa_1;1368;1365;3;3;1.0;0.997;true
Sarothrura_rufa_2;1368;1365;3;3;1.0;0.997;true
Schiffornis_turdina_1;1569;1533;36;36;1.0;0.977;true
Schiffornis_turdina_2;1569;1533;36;36;1.0;0.977;true
Sclerurus_mexicanus_1;1614;1533;81;81;1.0;0.949;true
Sclerurus_mexicanus_2;1614;1533;81;81;1.0;0.949;true
Scopus_umbretta_1;1065;1062;3;3;1.0;0.997;true
Scopus_umbretta_2;1065;1062;3;3;1.0;0.997;true
Sericulus_bakeri_1;1596;1530;66;66;1.0;0.958;true
Sericulus_bakeri_2;1596;1530;66;66;1.0;0.958;true
Smithornis_rufolateralis_1;1719;1533;186;186;1.0;0.891;true
Smithornis_rufolateralis_2;1719;1533;186;186;1.0;0.891;true
Spheniscus_humboldti_1;1440;1437;3;3;1.0;0.997;true
Spheniscus_humboldti_2;1440;1437;3;3;1.0;0.997;true
Spizella_arborea_1;1533;1530;3;3;1.0;0.998;true
Spizella_arborea_2;1533;1530;3;3;1.0;0.998;true
Steatornis_caripensi_1;501;501;0;0;1.0;1.0;true
Steatornis_caripensi_2;501;501;0;0;1.0;1.0;true
Sterna_hirundo_1;1650;1542;108;108;1.0;0.934;true
Sterna_hirundo_2;1650;1542;108;108;1.0;0.934;true
Streptoprocne_zonaris_1;1548;1533;15;15;1.0;0.99;true
Streptoprocne_zonaris_2;1548;1533;15;15;1.0;0.99;true
Strix_varia_1;1416;1413;3;3;1.0;0.997;true
Strix_varia_2;1416;1413;3;3;1.0;0.997;true
Struthio_camelus_1;1614;1542;72;72;1.0;0.955;true
Struthio_camelus_2;1614;1542;72;72;1.0;0.955;true
Sylvia_melanocephala_1;1401;1398;3;3;1.0;0.997;true
Sylvia_melanocephala_2;1401;1398;3;3;1.0;0.997;true
Syrrhaptes_paradoxus_1;1626;1542;84;84;1.0;0.948;true
Syrrhaptes_paradoxus_2;1626;1542;84;84;1.0;0.948;true
Tapera_naevia_1;1602;1542;60;60;1.0;0.962;true
Tapera_naevia_2;1602;1542;60;60;1.0;0.962;true
Tauraco_macrorhynchus_1;1431;1428;3;3;1.0;0.997;true
Tauraco_macrorhynchus_2;1431;1428;3;3;1.0;0.997;true
Terenura_callinota_1;1674;1533;141;141;1.0;0.915;true
Terenura_callinota_2;1674;1533;141;141;1.0;0.915;true
Thamnophilus_ruficapillu_1;819;819;0;0;1.0;1.0;true
Thamnophilus_ruficapillu_2;819;819;0;0;1.0;1.0;true
Theristicus_caerulescens_1;1536;1533;3;3;1.0;0.998;true
Theristicus_caerulescens_2;1536;1533;3;3;1.0;0.998;true
Tigrisoma_lineatum_1;1593;1542;51;51;1.0;0.967;true
Tigrisoma_lineatum_2;1593;1542;51;51;1.0;0.967;true
Tinamus_major_1;1023;1020;3;3;1.0;0.997;true
Tinamus_major_2;1023;1020;3;3;1.0;0.997;true
Tityra_cayana_1;1581;1533;48;48;1.0;0.969;true
Tityra_cayana_2;1581;1533;48;48;1.0;0.969;true
Tockus_camurus_1;1575;1533;42;42;0.998;0.973;true
Tockus_camurus_2;1575;1533;42;42;0.998;0.973;true
Todus_mexicanus_1;1659;1533;126;126;1.0;0.924;true
Todus_mexicanus_2;1659;1533;126;126;1.0;0.924;true
Topaza_pella_1;1587;1515;72;72;1.0;0.954;true
Topaza_pella_2;1587;1515;72;72;1.0;0.954;true
Treron_calvus_1;1698;1539;159;159;1.0;0.906;true
Treron_calvus_2;1698;1539;159;159;1.0;0.906;true
Tringa_solitaria_1;1569;1542;27;27;1.0;0.982;true
Tringa_solitaria_2;1569;1542;27;27;1.0;0.982;true
Trogon_elegans_1;1395;1374;21;21;1.0;0.984;true
Trogon_elegans_2;1395;1374;21;21;1.0;0.984;true
Turdus_olivater_1;1509;1506;3;3;1.0;0.998;true
Turdus_olivater_2;1509;1506;3;3;1.0;0.998;true
Turnix_ocellata_1;1185;1077;108;108;0.967;0.908;true
Turnix_ocellata_2;1185;1077;108;108;0.967;0.908;true
Tyrannus_albogularis_1;1761;1533;228;228;1.0;0.87;true
Tyrannus_albogularis_2;1761;1533;228;228;1.0;0.87;true
Tyto_alba_1;906;906;0;0;1.0;1.0;true
Tyto_alba_2;906;906;0;0;1.0;1.0;true
Upupa_epops_1;576;537;39;39;1.0;0.932;true
Upupa_epops_2;576;537;39;39;1.0;0.932;true
Uria_aalge_1;1512;1509;3;3;1.0;0.998;true
Uria_aalge_2;1512;1509;3;3;1.0;0.998;true
Vultur_gryphus_1;648;645;3;3;1.0;0.995;true
Vultur_gryphus_2;648;645;3;3;1.0;0.995;true
