seqName;initialSeqLength;nbKeep;nbTrim;nbInformativeTrim;percentKeepExcludingExtremities;percentKeepIncludingExtremities;keptSequences
Acanthisitta_chloris_1;1569;1518;51;51;1.0;0.967;true
Acanthisitta_chloris_2;1569;1518;51;51;1.0;0.967;true
Accipiter_superciliosus_1;1521;1518;3;3;1.0;0.998;true
Accipiter_superciliosus_2;1521;1518;3;3;1.0;0.998;true
Aegotheles_insignis_1;1518;1518;0;0;1.0;1.0;true
Aegotheles_insignis_2;1518;1518;0;0;1.0;1.0;true
Alcedo_quadribrachys_1;1584;1500;84;84;0.998;0.946;true
Alcedo_quadribrachys_2;1584;1500;84;84;0.998;0.946;true
Anas_superciliosa_1;1500;1500;0;0;1.0;1.0;true
Anas_superciliosa_2;1500;1500;0;0;1.0;1.0;true
Anhinga_anhinga_1;1599;1518;81;81;1.0;0.949;true
Anhinga_anhinga_2;1599;1518;81;81;1.0;0.949;true
Anser_canagicus_1;1611;1518;93;93;1.0;0.942;true
Anser_canagicus_2;1611;1518;93;93;1.0;0.942;true
Anseranas_semipalmata_1;1587;1518;69;69;1.0;0.956;true
Anseranas_semipalmata_2;1587;1518;69;69;1.0;0.956;true
Apaloderma_aequatoriale_1;1440;1440;0;0;1.0;1.0;true
Apaloderma_aequatoriale_2;1440;1440;0;0;1.0;1.0;true
Apteryx_sp._1;1581;1518;63;63;1.0;0.96;true
Apteryx_sp._2;1581;1518;63;63;1.0;0.96;true
Aramus_guarauna_1;1392;1392;0;0;1.0;1.0;true
Aramus_guarauna_2;1392;1392;0;0;1.0;1.0;true
Archilochus_colubris_1;1596;1515;81;81;1.0;0.949;true
Archilochus_colubris_2;1596;1515;81;81;1.0;0.949;true
Ardea_herodias_1;1605;1518;87;87;1.0;0.945;true
Ardea_herodias_2;1605;1518;87;87;1.0;0.945;true
Ardeotis_kori_1;1590;1518;72;72;1.0;0.954;true
Ardeotis_kori_2;1590;1518;72;72;1.0;0.954;true
Arenaria_interpres_1;1449;1449;0;0;1.0;1.0;true
Arenaria_interpres_2;1449;1449;0;0;1.0;1.0;true
Atelornis_pittoides_1;1605;1518;87;87;1.0;0.945;true
Atelornis_pittoides_2;1605;1518;87;87;1.0;0.945;true
Aythya_valisineria_1;1605;1518;87;87;1.0;0.945;true
Aythya_valisineria_2;1605;1518;87;87;1.0;0.945;true
Balaeniceps_rex_1;1605;1518;87;87;1.0;0.945;true
Balaeniceps_rex_2;1605;1518;87;87;1.0;0.945;true
Balearica_regulorum_1;1545;1518;27;27;1.0;0.982;true
Balearica_regulorum_2;1545;1518;27;27;1.0;0.982;true
Barnardius_zonarius_1;1590;1518;72;72;1.0;0.954;true
Barnardius_zonarius_2;1590;1518;72;72;1.0;0.954;true
Bonasa_umbellus_1;1626;1518;108;108;1.0;0.933;true
Bonasa_umbellus_2;1626;1518;108;108;1.0;0.933;true
Buccanodon_duchaillui_1;1605;1518;87;87;1.0;0.945;true
Buccanodon_duchaillui_2;1605;1518;87;87;1.0;0.945;true
Bucco_capensis_1;1560;1518;42;42;1.0;0.973;true
Bucco_capensis_2;1560;1518;42;42;1.0;0.973;true
Bucorvus_leadbeateri_1;1497;1497;0;0;1.0;1.0;true
Bucorvus_leadbeateri_2;1497;1497;0;0;1.0;1.0;true
Burhinus_oedicnemus_1;1551;1518;33;33;1.0;0.978;true
Burhinus_oedicnemus_2;1551;1518;33;33;1.0;0.978;true
Buteo_jamaicensis_1;1590;1518;72;72;1.0;0.954;true
Buteo_jamaicensis_2;1590;1518;72;72;1.0;0.954;true
Caiman_croccodilus_1;582;582;0;0;1.0;1.0;true
Caiman_croccodilus_2;582;582;0;0;1.0;1.0;true
Calandrella_brachydactyla_1;1581;1518;63;63;1.0;0.96;true
Calandrella_brachydactyla_2;1581;1518;63;63;1.0;0.96;true
Calyptomena_viridis_1;1605;1518;87;87;1.0;0.945;true
Calyptomena_viridis_2;1605;1518;87;87;1.0;0.945;true
Capito_niger_1;1377;1377;0;0;1.0;1.0;true
Capito_niger_2;1377;1377;0;0;1.0;1.0;true
Caprimulgus_europaeus_1;1599;1518;81;81;1.0;0.949;true
Caprimulgus_europaeus_2;1599;1518;81;81;1.0;0.949;true
Caracara_cheriway_1;1539;1518;21;21;1.0;0.986;true
Caracara_cheriway_2;1539;1518;21;21;1.0;0.986;true
Cariama_cristata_1;1602;1515;87;87;1.0;0.945;true
Cariama_cristata_2;1602;1515;87;87;1.0;0.945;true
Casuarius_bennetti_1;1563;1518;45;45;1.0;0.971;true
Casuarius_bennetti_2;1563;1518;45;45;1.0;0.971;true
Cathartes_burrovianus_1;1434;1434;0;0;1.0;1.0;true
Cathartes_burrovianus_2;1434;1434;0;0;1.0;1.0;true
Centropus_bengalensis_1;1584;1512;72;72;1.0;0.954;true
Centropus_bengalensis_2;1584;1512;72;72;1.0;0.954;true
Chaetura_brachyura_1;1545;1518;27;27;1.0;0.982;true
Chaetura_brachyura_2;1545;1518;27;27;1.0;0.982;true
Charadrius_hiaticula_1;1401;1401;0;0;1.0;1.0;true
Charadrius_hiaticula_2;1401;1401;0;0;1.0;1.0;true
Chauna_torquata_1;1599;1518;81;81;1.0;0.949;true
Chauna_torquata_2;1599;1518;81;81;1.0;0.949;true
Chelidoptera_tenebrosa_1;1344;1344;0;0;1.0;1.0;true
Chelidoptera_tenebrosa_2;1344;1344;0;0;1.0;1.0;true
Chloroceryle_inda_1;1590;1518;72;72;1.0;0.954;true
Chloroceryle_inda_2;1590;1518;72;72;1.0;0.954;true
Chordeiles_pusillus_1;1611;1518;93;93;1.0;0.942;true
Chordeiles_pusillus_2;1611;1518;93;93;1.0;0.942;true
Chroicocephalus_cirrocephalus_1;1590;1518;72;72;1.0;0.954;true
Chroicocephalus_cirrocephalus_2;1590;1518;72;72;1.0;0.954;true
Chunga_burmeisteri_1;1605;1518;87;87;1.0;0.945;true
Chunga_burmeisteri_2;1605;1518;87;87;1.0;0.945;true
Ciconia_nigra_1;1389;1389;0;0;1.0;1.0;true
Ciconia_nigra_2;1389;1389;0;0;1.0;1.0;true
Climacteris_melanura_1;1569;1518;51;51;1.0;0.967;true
Climacteris_melanura_2;1569;1518;51;51;1.0;0.967;true
Coccyzus_melacoryphus_1;1524;1512;12;12;1.0;0.992;true
Coccyzus_melacoryphus_2;1524;1512;12;12;1.0;0.992;true
Colinus_cristatus_1;1524;1518;6;6;1.0;0.996;true
Colinus_cristatus_2;1524;1518;6;6;1.0;0.996;true
Colius_colius_1;852;852;0;0;1.0;1.0;true
Colius_colius_2;852;852;0;0;1.0;1.0;true
Columba_livia_1;1605;1518;87;87;1.0;0.945;true
Columba_livia_2;1605;1518;87;87;1.0;0.945;true
Columbina_minuta_1;1551;1518;33;33;1.0;0.978;true
Columbina_minuta_2;1551;1518;33;33;1.0;0.978;true
Coracias_cyanogaster_1;1581;1518;63;63;1.0;0.96;true
Coracias_cyanogaster_2;1581;1518;63;63;1.0;0.96;true
Corvus_albus_1;1542;1518;24;24;1.0;0.984;true
Corvus_albus_2;1542;1518;24;24;1.0;0.984;true
Corythaeola_cristata_1;1458;1458;0;0;1.0;1.0;true
Corythaeola_cristata_2;1458;1458;0;0;1.0;1.0;true
Cotinga_cayana_1;1515;1515;0;0;1.0;1.0;true
Cotinga_cayana_2;1515;1515;0;0;1.0;1.0;true
Crax_alector_1;1614;1518;96;96;1.0;0.94;true
Crax_alector_2;1614;1518;96;96;1.0;0.94;true
Crocodylus_porosus_1;1428;1428;0;0;1.0;1.0;true
Crocodylus_porosus_2;1428;1428;0;0;1.0;1.0;true
Cryptopipo_aenigma_1;1551;1518;33;33;1.0;0.978;true
Cryptopipo_aenigma_2;1551;1518;33;33;1.0;0.978;true
Crypturellus_tataupa_1;1596;1518;78;78;1.0;0.951;true
Crypturellus_tataupa_2;1596;1518;78;78;1.0;0.951;true
Cuculus_optatus_1;1461;1461;0;0;1.0;1.0;true
Cuculus_optatus_2;1461;1461;0;0;1.0;1.0;true
Dendrocygna_viduata_1;1551;1518;33;33;1.0;0.978;true
Dendrocygna_viduata_2;1551;1518;33;33;1.0;0.978;true
Deroptyus_accipitrinus_1;1587;1512;75;75;1.0;0.952;true
Deroptyus_accipitrinus_2;1587;1512;75;75;1.0;0.952;true
Dromaius_novaehollandiae_1;1476;1476;0;0;1.0;1.0;true
Dromaius_novaehollandiae_2;1476;1476;0;0;1.0;1.0;true
Elaenia_flavogaster_1;1632;1518;114;114;1.0;0.93;true
Elaenia_flavogaster_2;1632;1518;114;114;1.0;0.93;true
Elanus_leucurus_1;1494;1494;0;0;1.0;1.0;true
Elanus_leucurus_2;1494;1494;0;0;1.0;1.0;true
Eudromia_elegans_1;1596;1518;78;78;1.0;0.951;true
Eudromia_elegans_2;1596;1518;78;78;1.0;0.951;true
Eurostopodus_macrotis_1;1080;1071;9;9;1.0;0.991;true
Eurostopodus_macrotis_2;1080;1071;9;9;1.0;0.991;true
Eurylaimus_ochromalus_1;1524;1518;6;6;1.0;0.996;true
Eurylaimus_ochromalus_2;1524;1518;6;6;1.0;0.996;true
Eurypyga_helias_1;1458;1458;0;0;1.0;1.0;true
Eurypyga_helias_2;1458;1458;0;0;1.0;1.0;true
Falco_sparverius_1;1572;1518;54;54;1.0;0.965;true
Falco_sparverius_2;1572;1518;54;54;1.0;0.965;true
Fregata_magnificens_1;1605;1518;87;87;1.0;0.945;true
Fregata_magnificens_2;1605;1518;87;87;1.0;0.945;true
Fringilla_coelebs_1;1605;1518;87;87;1.0;0.945;true
Fringilla_coelebs_2;1605;1518;87;87;1.0;0.945;true
Fulmarus_glacialoides_1;1605;1518;87;87;1.0;0.945;true
Fulmarus_glacialoides_2;1605;1518;87;87;1.0;0.945;true
Furnarius_rufus_1;1503;1503;0;0;1.0;1.0;true
Furnarius_rufus_2;1503;1503;0;0;1.0;1.0;true
Galbula_dea_1;1590;1515;75;75;1.0;0.952;true
Galbula_dea_2;1590;1515;75;75;1.0;0.952;true
Gallus_gallus_1;1626;1518;108;108;1.0;0.933;true
Gallus_gallus_2;1626;1518;108;108;1.0;0.933;true
Gavia_immer_1;1605;1518;87;87;1.0;0.945;true
Gavia_immer_2;1605;1518;87;87;1.0;0.945;true
Glareola_nuchalis_1;1599;1518;81;81;1.0;0.949;true
Glareola_nuchalis_2;1599;1518;81;81;1.0;0.949;true
Grus_canadensis_1;1542;1518;24;24;1.0;0.984;true
Grus_canadensis_2;1542;1518;24;24;1.0;0.984;true
Haematopus_palliatus_1;1488;1488;0;0;1.0;1.0;true
Haematopus_palliatus_2;1488;1488;0;0;1.0;1.0;true
Heliornis_fulica_1;1611;1518;93;93;1.0;0.942;true
Heliornis_fulica_2;1611;1518;93;93;1.0;0.942;true
Hemiprocne_comata_1;1458;1458;0;0;1.0;1.0;true
Hemiprocne_comata_2;1458;1458;0;0;1.0;1.0;true
Hirundinea_ferruginea_1;1560;1518;42;42;1.0;0.973;true
Hirundinea_ferruginea_2;1560;1518;42;42;1.0;0.973;true
Hymenops_perspicillatus_1;1521;1518;3;3;1.0;0.998;true
Hymenops_perspicillatus_2;1521;1518;3;3;1.0;0.998;true
Ibycter_americanus_1;1599;1518;81;81;1.0;0.949;true
Ibycter_americanus_2;1599;1518;81;81;1.0;0.949;true
Indicator_exilis_1;1548;1518;30;30;1.0;0.98;true
Indicator_exilis_2;1548;1518;30;30;1.0;0.98;true
Ixobrychus_minutus_1;1458;1458;0;0;1.0;1.0;true
Ixobrychus_minutus_2;1458;1458;0;0;1.0;1.0;true
Jacana_jacana_1;1605;1518;87;87;1.0;0.945;true
Jacana_jacana_2;1605;1518;87;87;1.0;0.945;true
Jynx_torquilla_1;1590;1518;72;72;1.0;0.954;true
Jynx_torquilla_2;1590;1518;72;72;1.0;0.954;true
Leipoa_ocellata_1;1611;1518;93;93;1.0;0.942;true
Leipoa_ocellata_2;1611;1518;93;93;1.0;0.942;true
Lepidocolaptes_angustirostr_1;1554;1518;36;36;1.0;0.976;true
Lepidocolaptes_angustirostr_2;1554;1518;36;36;1.0;0.976;true
Leptoptilos_crumeniferus_1;1467;1467;0;0;1.0;1.0;true
Leptoptilos_crumeniferus_2;1467;1467;0;0;1.0;1.0;true
Leptosomus_discolor_1;1452;1452;0;0;1.0;1.0;true
Leptosomus_discolor_2;1452;1452;0;0;1.0;1.0;true
Leptotila_rufaxilla_1;1521;1518;3;3;1.0;0.998;true
Leptotila_rufaxilla_2;1521;1518;3;3;1.0;0.998;true
Limosa_lapponica_1;1605;1518;87;87;1.0;0.945;true
Limosa_lapponica_2;1605;1518;87;87;1.0;0.945;true
Lophorina_superba_1;1497;1497;0;0;1.0;1.0;true
Lophorina_superba_2;1497;1497;0;0;1.0;1.0;true
Malurus_splendens_1;1512;1512;0;0;1.0;1.0;true
Malurus_splendens_2;1512;1512;0;0;1.0;1.0;true
Megalaima_chrysopogon_1;1560;1518;42;42;1.0;0.973;true
Megalaima_chrysopogon_2;1560;1518;42;42;1.0;0.973;true
Melanopareia_maximilian_1;1581;1518;63;63;1.0;0.96;true
Melanopareia_maximilian_2;1581;1518;63;63;1.0;0.96;true
Menura_novaehollandiae_1;1476;1476;0;0;1.0;1.0;true
Menura_novaehollandiae_2;1476;1476;0;0;1.0;1.0;true
Merops_muelleri_1;1545;1518;27;27;1.0;0.982;true
Merops_muelleri_2;1545;1518;27;27;1.0;0.982;true
Mesitornis_unicolor_1;1503;1503;0;0;1.0;1.0;true
Mesitornis_unicolor_2;1503;1503;0;0;1.0;1.0;true
Micrastur_gilvicollis_1;1503;1503;0;0;1.0;1.0;true
Micrastur_gilvicollis_2;1503;1503;0;0;1.0;1.0;true
Micropygia_schomburgkii_1;1428;1428;0;0;1.0;1.0;true
Micropygia_schomburgkii_2;1428;1428;0;0;1.0;1.0;true
Momotus_lessonii_1;1569;1518;51;51;1.0;0.967;true
Momotus_lessonii_2;1569;1518;51;51;1.0;0.967;true
Monias_benschi_1;1581;1518;63;63;1.0;0.96;true
Monias_benschi_2;1581;1518;63;63;1.0;0.96;true
Morus_serrator_1;1548;1518;30;30;1.0;0.98;true
Morus_serrator_2;1548;1518;30;30;1.0;0.98;true
Myiobius_barbatus_1;1599;1518;81;81;1.0;0.949;true
Myiobius_barbatus_2;1599;1518;81;81;1.0;0.949;true
Myrmornis_torquata_1;1431;1431;0;0;1.0;1.0;true
Myrmornis_torquata_2;1431;1431;0;0;1.0;1.0;true
Myrmothera_campanisona_1;1536;1518;18;18;1.0;0.988;true
Myrmothera_campanisona_2;1536;1518;18;18;1.0;0.988;true
Neodrepanis_coruscans_1;1539;1518;21;21;1.0;0.986;true
Neodrepanis_coruscans_2;1539;1518;21;21;1.0;0.986;true
Neopelma_chrysocephalum_1;1587;1518;69;69;1.0;0.956;true
Neopelma_chrysocephalum_2;1587;1518;69;69;1.0;0.956;true
Nestor_meridionalis_1;1554;1518;36;36;1.0;0.976;true
Nestor_meridionalis_2;1554;1518;36;36;1.0;0.976;true
Nothoprocta_ornata_1;1578;1518;60;60;1.0;0.961;true
Nothoprocta_ornata_2;1578;1518;60;60;1.0;0.961;true
Numida_malagris_1;1626;1518;108;108;1.0;0.933;true
Numida_malagris_2;1626;1518;108;108;1.0;0.933;true
Nyctibius_griseus_1;1599;1518;81;81;1.0;0.949;true
Nyctibius_griseus_2;1599;1518;81;81;1.0;0.949;true
Oceanites_oceanicus_1;1479;1479;0;0;1.0;1.0;true
Oceanites_oceanicus_2;1479;1479;0;0;1.0;1.0;true
Oceanodroma_leucorhoa_1;1530;1518;12;12;1.0;0.992;true
Oceanodroma_leucorhoa_2;1530;1518;12;12;1.0;0.992;true
Odontophorus_gujanensis_1;1590;1518;72;72;1.0;0.954;true
Odontophorus_gujanensis_2;1590;1518;72;72;1.0;0.954;true
Opisthocomus_hoazin_1;1581;1518;63;63;1.0;0.96;true
Opisthocomus_hoazin_2;1581;1518;63;63;1.0;0.96;true
Ortalis_motmot_1;1611;1518;93;93;1.0;0.942;true
Ortalis_motmot_2;1611;1518;93;93;1.0;0.942;true
Oxyruncus_cristatus_1;1575;1518;57;57;1.0;0.963;true
Oxyruncus_cristatus_2;1575;1518;57;57;1.0;0.963;true
Oxyura_jamaicensis_1;1611;1518;93;93;1.0;0.942;true
Oxyura_jamaicensis_2;1611;1518;93;93;1.0;0.942;true
Pandion_haliaetus_1;1416;1416;0;0;1.0;1.0;true
Pandion_haliaetus_2;1416;1416;0;0;1.0;1.0;true
Pedionomus_torquatus_1;1626;1518;108;108;1.0;0.933;true
Pedionomus_torquatus_2;1626;1518;108;108;1.0;0.933;true
Pelagodroma_marina_1;1551;1518;33;33;1.0;0.978;true
Pelagodroma_marina_2;1551;1518;33;33;1.0;0.978;true
Pelecanoides_urinatrix_1;1590;1518;72;72;1.0;0.954;true
Pelecanoides_urinatrix_2;1590;1518;72;72;1.0;0.954;true
Pelecanus_occidentalis_1;1503;1503;0;0;1.0;1.0;true
Pelecanus_occidentalis_2;1503;1503;0;0;1.0;1.0;true
Phaethon_rubricauda_1;1605;1518;87;87;1.0;0.945;true
Phaethon_rubricauda_2;1605;1518;87;87;1.0;0.945;true
Phaethornis_superciliosus_1;1530;1515;15;15;1.0;0.99;true
Phaethornis_superciliosus_2;1530;1515;15;15;1.0;0.99;true
Phalacrocorax_brasili_1;1560;1518;42;42;1.0;0.973;true
Phalacrocorax_brasili_2;1560;1518;42;42;1.0;0.973;true
Phoebastria_nigripes_1;1419;1419;0;0;1.0;1.0;true
Phoebastria_nigripes_2;1419;1419;0;0;1.0;1.0;true
Phoenicopterus_ruber_1;1311;1239;72;72;1.0;0.945;true
Phoenicopterus_ruber_2;1311;1239;72;72;1.0;0.945;true
Phoeniculus_purpureus_1;1566;1515;51;51;0.998;0.967;true
Phoeniculus_purpureus_2;1566;1515;51;51;0.998;0.967;true
Picus_canus_1;1545;1518;27;27;1.0;0.982;true
Picus_canus_2;1545;1518;27;27;1.0;0.982;true
Pipra_erythrocephala_1;1590;1518;72;72;1.0;0.954;true
Pipra_erythrocephala_2;1590;1518;72;72;1.0;0.954;true
Piprites_chloris_1;1590;1518;72;72;1.0;0.954;true
Piprites_chloris_2;1590;1518;72;72;1.0;0.954;true
Pitta_angolensis_1;1605;1518;87;87;1.0;0.945;true
Pitta_angolensis_2;1605;1518;87;87;1.0;0.945;true
Podargus_strigoides_1;1605;1518;87;87;1.0;0.945;true
Podargus_strigoides_2;1605;1518;87;87;1.0;0.945;true
Poecile_lugubris_1;1605;1518;87;87;1.0;0.945;true
Poecile_lugubris_2;1605;1518;87;87;1.0;0.945;true
Porphyrio_porphyrio_1;1590;1518;72;72;1.0;0.954;true
Porphyrio_porphyrio_2;1590;1518;72;72;1.0;0.954;true
Probosciger_aterrimus_1;1352;1352;0;0;1.0;1.0;true
Probosciger_aterrimus_2;1352;1352;0;0;1.0;1.0;true
Psittacus_erithacus_1;1563;1518;45;45;1.0;0.971;true
Psittacus_erithacus_2;1563;1518;45;45;1.0;0.971;true
Psittrichas_fulgidus_1;1535;1514;21;21;1.0;0.986;true
Psittrichas_fulgidus_2;1535;1514;21;21;1.0;0.986;true
Psophia_crepitans_1;1590;1518;72;72;1.0;0.954;true
Psophia_crepitans_2;1590;1518;72;72;1.0;0.954;true
Pterocles_bicinctus_1;1599;1518;81;81;1.0;0.949;true
Pterocles_bicinctus_2;1599;1518;81;81;1.0;0.949;true
Pterodroma_externa_1;1572;1518;54;54;1.0;0.965;true
Pterodroma_externa_2;1572;1518;54;54;1.0;0.965;true
Ptilinopus_magnificus_1;1590;1518;72;72;1.0;0.954;true
Ptilinopus_magnificus_2;1590;1518;72;72;1.0;0.954;true
Ptilonorhynchus_violaceus_1;1590;1518;72;72;1.0;0.954;true
Ptilonorhynchus_violaceus_2;1590;1518;72;72;1.0;0.954;true
Puffinus_griseus_1;1527;1518;9;9;1.0;0.994;true
Puffinus_griseus_2;1527;1518;9;9;1.0;0.994;true
Pycnonotus_macrotis_1;1569;1518;51;51;1.0;0.967;true
Pycnonotus_macrotis_2;1569;1518;51;51;1.0;0.967;true
Rallus_longirostris_1;1374;1374;0;0;1.0;1.0;true
Rallus_longirostris_2;1374;1374;0;0;1.0;1.0;true
Ramphastos_ambiguus_1;1578;1518;60;60;1.0;0.961;true
Ramphastos_ambiguus_2;1578;1518;60;60;1.0;0.961;true
Recurvirostra_americana_1;1500;1500;0;0;1.0;1.0;true
Recurvirostra_americana_2;1500;1500;0;0;1.0;1.0;true
Regulus_ignicapilla_1;1590;1518;72;72;1.0;0.954;true
Regulus_ignicapilla_2;1590;1518;72;72;1.0;0.954;true
Rhea_americana_1;1455;1455;0;0;1.0;1.0;true
Rhea_americana_2;1455;1455;0;0;1.0;1.0;true
Rhynchocyclus_olivaceus_1;1587;1518;69;69;1.0;0.956;true
Rhynchocyclus_olivaceus_2;1587;1518;69;69;1.0;0.956;true
Rollandia_rolland_1;1590;1518;72;72;1.0;0.954;true
Rollandia_rolland_2;1590;1518;72;72;1.0;0.954;true
Rollulus_rouloul_1;1467;1467;0;0;1.0;1.0;true
Rollulus_rouloul_2;1467;1467;0;0;1.0;1.0;true
Rostratula_benghalensis_1;1566;1518;48;48;1.0;0.969;true
Rostratula_benghalensis_2;1566;1518;48;48;1.0;0.969;true
Rupicola_rupicola_1;1578;1518;60;60;1.0;0.961;true
Rupicola_rupicola_2;1578;1518;60;60;1.0;0.961;true
Rynchops_niger_1;1512;1512;0;0;1.0;1.0;true
Rynchops_niger_2;1512;1512;0;0;1.0;1.0;true
Sagittarius_serpentarius_1;1419;1419;0;0;1.0;1.0;true
Sagittarius_serpentarius_2;1419;1419;0;0;1.0;1.0;true
Sarothrura_rufa_1;1125;1044;81;81;1.0;0.928;true
Sarothrura_rufa_2;1125;1044;81;81;1.0;0.928;true
Schiffornis_turdina_1;1566;1518;48;48;1.0;0.969;true
Schiffornis_turdina_2;1566;1518;48;48;1.0;0.969;true
Sclerurus_mexicanus_1;1605;1518;87;87;1.0;0.945;true
Sclerurus_mexicanus_2;1605;1518;87;87;1.0;0.945;true
Scopus_umbretta_1;1590;1518;72;72;1.0;0.954;true
Scopus_umbretta_2;1590;1518;72;72;1.0;0.954;true
Sericulus_bakeri_1;1587;1515;72;72;1.0;0.954;true
Sericulus_bakeri_2;1587;1515;72;72;1.0;0.954;true
Smithornis_rufolateralis_1;1599;1518;81;81;1.0;0.949;true
Smithornis_rufolateralis_2;1599;1518;81;81;1.0;0.949;true
Spheniscus_humboldti_1;603;603;0;0;1.0;1.0;true
Spheniscus_humboldti_2;603;603;0;0;1.0;1.0;true
Spizella_arborea_1;1515;1515;0;0;1.0;1.0;true
Spizella_arborea_2;1515;1515;0;0;1.0;1.0;true
Steatornis_caripensi_1;564;564;0;0;1.0;1.0;true
Steatornis_caripensi_2;564;564;0;0;1.0;1.0;true
Sterna_hirundo_1;1296;1296;0;0;1.0;1.0;true
Sterna_hirundo_2;1296;1296;0;0;1.0;1.0;true
Streptoprocne_zonaris_1;1566;1509;57;57;1.0;0.963;true
Streptoprocne_zonaris_2;1566;1509;57;57;1.0;0.963;true
Strix_varia_1;1368;1368;0;0;1.0;1.0;true
Strix_varia_2;1368;1368;0;0;1.0;1.0;true
Struthio_camelus_1;753;753;0;0;1.0;1.0;true
Struthio_camelus_2;753;753;0;0;1.0;1.0;true
Sylvia_melanocephala_1;1512;1512;0;0;1.0;1.0;true
Sylvia_melanocephala_2;1512;1512;0;0;1.0;1.0;true
Syrrhaptes_paradoxus_1;1599;1518;81;81;1.0;0.949;true
Syrrhaptes_paradoxus_2;1599;1518;81;81;1.0;0.949;true
Tapera_naevia_1;1590;1518;72;72;1.0;0.954;true
Tapera_naevia_2;1590;1518;72;72;1.0;0.954;true
Tauraco_macrorhynchus_1;1539;1518;21;21;1.0;0.986;true
Tauraco_macrorhynchus_2;1539;1518;21;21;1.0;0.986;true
Terenura_callinota_1;1539;1518;21;21;1.0;0.986;true
Terenura_callinota_2;1539;1518;21;21;1.0;0.986;true
Thamnophilus_ruficapillu_1;1476;1476;0;0;1.0;1.0;true
Thamnophilus_ruficapillu_2;1476;1476;0;0;1.0;1.0;true
Theristicus_caerulescens_1;1563;1518;45;45;1.0;0.971;true
Theristicus_caerulescens_2;1563;1518;45;45;1.0;0.971;true
Tigrisoma_lineatum_1;1119;1119;0;0;1.0;1.0;true
Tigrisoma_lineatum_2;1119;1119;0;0;1.0;1.0;true
Tinamus_major_1;1530;1497;33;33;1.0;0.978;true
Tinamus_major_2;1530;1497;33;33;1.0;0.978;true
Tityra_cayana_1;954;954;0;0;1.0;1.0;true
Tityra_cayana_2;954;954;0;0;1.0;1.0;true
Tockus_camurus_1;1434;1434;0;0;1.0;1.0;true
Tockus_camurus_2;1434;1434;0;0;1.0;1.0;true
Todus_mexicanus_1;1581;1518;63;63;1.0;0.96;true
Todus_mexicanus_2;1581;1518;63;63;1.0;0.96;true
Topaza_pella_1;1605;1515;90;90;0.998;0.943;true
Topaza_pella_2;1605;1515;90;90;0.998;0.943;true
Treron_calvus_1;1551;1518;33;33;1.0;0.978;true
Treron_calvus_2;1551;1518;33;33;1.0;0.978;true
Tringa_solitaria_1;1539;1518;21;21;1.0;0.986;true
Tringa_solitaria_2;1539;1518;21;21;1.0;0.986;true
Trogon_elegans_1;1575;1518;57;57;1.0;0.963;true
Trogon_elegans_2;1575;1518;57;57;1.0;0.963;true
Turdus_olivater_1;1587;1515;72;72;1.0;0.954;true
Turdus_olivater_2;1587;1515;72;72;1.0;0.954;true
Turnix_ocellata_1;1587;1515;72;72;1.0;0.954;true
Turnix_ocellata_2;1587;1515;72;72;1.0;0.954;true
Tyrannus_albogularis_1;1590;1518;72;72;1.0;0.954;true
Tyrannus_albogularis_2;1590;1518;72;72;1.0;0.954;true
Tyto_alba_1;444;444;0;0;1.0;1.0;true
Tyto_alba_2;444;444;0;0;1.0;1.0;true
Upupa_epops_1;969;969;0;0;1.0;1.0;true
Upupa_epops_2;969;969;0;0;1.0;1.0;true
Uria_aalge_1;1506;1506;0;0;1.0;1.0;true
Uria_aalge_2;1506;1506;0;0;1.0;1.0;true
Urocolius_indicus_1;1500;1500;0;0;1.0;1.0;true
Urocolius_indicus_2;1500;1500;0;0;1.0;1.0;true
Vultur_gryphus_1;1515;1515;0;0;1.0;1.0;true
Vultur_gryphus_2;1515;1515;0;0;1.0;1.0;true
