seqName;initialSeqLength;nbKeep;nbTrim;nbInformativeTrim;percentKeepExcludingExtremities;percentKeepIncludingExtremities;keptSequences
Acanthisitta_chloris_1;1488;1392;96;96;1.0;0.935;true
Acanthisitta_chloris_2;1488;1392;96;96;1.0;0.935;true
Accipiter_superciliosus_1;1584;1392;192;192;1.0;0.878;true
Accipiter_superciliosus_2;1584;1392;192;192;1.0;0.878;true
Aegotheles_insignis_1;1485;1392;93;93;1.0;0.937;true
Aegotheles_insignis_2;1485;1392;93;93;1.0;0.937;true
Alcedo_quadribrachys_1;1425;1392;33;33;1.0;0.976;true
Alcedo_quadribrachys_2;1425;1392;33;33;1.0;0.976;true
Anas_superciliosa_1;1014;1014;0;0;1.0;1.0;true
Anas_superciliosa_2;1014;1014;0;0;1.0;1.0;true
Anhinga_anhinga_1;1497;1392;105;105;1.0;0.929;true
Anhinga_anhinga_2;1497;1392;105;105;1.0;0.929;true
Anser_canagicus_1;858;858;0;0;1.0;1.0;true
Anser_canagicus_2;858;858;0;0;1.0;1.0;true
Anseranas_semipalmata_1;1530;1371;159;159;1.0;0.896;true
Anseranas_semipalmata_2;1530;1371;159;159;1.0;0.896;true
Apaloderma_aequatoriale_1;1431;1392;39;39;1.0;0.972;true
Apaloderma_aequatoriale_2;1431;1392;39;39;1.0;0.972;true
Apteryx_sp._1;1578;1392;186;186;1.0;0.882;true
Apteryx_sp._2;1578;1392;186;186;1.0;0.882;true
Aramus_guarauna_1;1473;1392;81;81;1.0;0.945;true
Aramus_guarauna_2;1473;1392;81;81;1.0;0.945;true
Archilochus_colubris_1;1053;1053;0;0;1.0;1.0;true
Archilochus_colubris_2;1053;1053;0;0;1.0;1.0;true
Ardea_herodias_1;1497;1392;105;105;1.0;0.929;true
Ardea_herodias_2;1497;1392;105;105;1.0;0.929;true
Ardeotis_kori_1;1476;1392;84;84;1.0;0.943;true
Ardeotis_kori_2;1476;1392;84;84;1.0;0.943;true
Arenaria_interpres_1;1164;1164;0;0;1.0;1.0;true
Arenaria_interpres_2;1164;1164;0;0;1.0;1.0;true
Atelornis_pittoides_1;1449;1392;57;57;1.0;0.96;true
Atelornis_pittoides_2;1449;1392;57;57;1.0;0.96;true
Aythya_valisineria_1;1512;1392;120;120;1.0;0.92;true
Aythya_valisineria_2;1512;1392;120;120;1.0;0.92;true
Balaeniceps_rex_1;1635;1392;243;243;1.0;0.851;true
Balaeniceps_rex_2;1635;1392;243;243;1.0;0.851;true
Balearica_regulorum_1;1395;1392;3;3;1.0;0.997;true
Balearica_regulorum_2;1395;1392;3;3;1.0;0.997;true
Barnardius_zonarius_1;1230;1221;9;9;1.0;0.992;true
Barnardius_zonarius_2;1230;1221;9;9;1.0;0.992;true
Bonasa_umbellus_1;1548;1392;156;156;1.0;0.899;true
Bonasa_umbellus_2;1548;1392;156;156;1.0;0.899;true
Buccanodon_duchaillui_1;1560;1386;174;174;1.0;0.888;true
Buccanodon_duchaillui_2;1560;1386;174;174;1.0;0.888;true
Bucco_capensis_1;1497;1389;108;108;1.0;0.927;true
Bucco_capensis_2;1497;1389;108;108;1.0;0.927;true
Bucorvus_leadbeateri_1;1356;1356;0;0;1.0;1.0;true
Bucorvus_leadbeateri_2;1356;1356;0;0;1.0;1.0;true
Burhinus_oedicnemus_1;1605;1389;216;216;1.0;0.865;true
Burhinus_oedicnemus_2;1605;1389;216;216;1.0;0.865;true
Buteo_jamaicensis_1;1584;1392;192;192;1.0;0.878;true
Buteo_jamaicensis_2;1584;1392;192;192;1.0;0.878;true
Caiman_croccodilus_1;1356;1353;3;3;1.0;0.997;true
Caiman_croccodilus_2;1356;1353;3;3;1.0;0.997;true
Calandrella_brachydactyla_1;1467;1392;75;75;1.0;0.948;true
Calandrella_brachydactyla_2;1467;1392;75;75;1.0;0.948;true
Calyptomena_viridis_1;1449;1386;63;63;1.0;0.956;true
Calyptomena_viridis_2;1449;1386;63;63;1.0;0.956;true
Capito_niger_1;1347;1347;0;0;1.0;1.0;true
Capito_niger_2;1347;1347;0;0;1.0;1.0;true
Caprimulgus_europaeus_1;1395;1386;9;9;1.0;0.993;true
Caprimulgus_europaeus_2;1395;1386;9;9;1.0;0.993;true
Caracara_cheriway_1;1647;1389;258;258;1.0;0.843;true
Caracara_cheriway_2;1647;1389;258;258;1.0;0.843;true
Cariama_cristata_1;1473;1392;81;81;1.0;0.945;true
Cariama_cristata_2;1473;1392;81;81;1.0;0.945;true
Casuarius_bennetti_1;1317;1308;9;9;1.0;0.993;true
Casuarius_bennetti_2;1317;1308;9;9;1.0;0.993;true
Cathartes_burrovianus_1;1545;1392;153;153;1.0;0.9;true
Cathartes_burrovianus_2;1545;1392;153;153;1.0;0.9;true
Centropus_bengalensis_1;1527;1392;135;135;1.0;0.911;true
Centropus_bengalensis_2;1527;1392;135;135;1.0;0.911;true
Chaetura_brachyura_1;1428;1392;36;36;1.0;0.974;true
Chaetura_brachyura_2;1428;1392;36;36;1.0;0.974;true
Charadrius_hiaticula_1;1386;1386;0;0;1.0;1.0;true
Charadrius_hiaticula_2;1386;1386;0;0;1.0;1.0;true
Chauna_torquata_1;1545;1389;156;156;1.0;0.899;true
Chauna_torquata_2;1545;1389;156;156;1.0;0.899;true
Chelidoptera_tenebrosa_1;1353;1350;3;3;1.0;0.997;true
Chelidoptera_tenebrosa_2;1353;1350;3;3;1.0;0.997;true
Chloroceryle_inda_1;1212;1209;3;3;1.0;0.997;true
Chloroceryle_inda_2;1212;1209;3;3;1.0;0.997;true
Chordeiles_pusillus_1;1482;1392;90;90;1.0;0.939;true
Chordeiles_pusillus_2;1482;1392;90;90;1.0;0.939;true
Chroicocephalus_cirrocephalus_1;1227;1224;3;3;1.0;0.997;true
Chroicocephalus_cirrocephalus_2;1227;1224;3;3;1.0;0.997;true
Chunga_burmeisteri_1;1479;1392;87;87;1.0;0.941;true
Chunga_burmeisteri_2;1479;1392;87;87;1.0;0.941;true
Ciconia_nigra_1;1392;1383;9;9;1.0;0.993;true
Ciconia_nigra_2;1392;1383;9;9;1.0;0.993;true
Climacteris_melanura_1;1476;1392;84;84;1.0;0.943;true
Climacteris_melanura_2;1476;1392;84;84;1.0;0.943;true
Coccyzus_melacoryphus_1;1482;1392;90;90;1.0;0.939;true
Coccyzus_melacoryphus_2;1482;1392;90;90;1.0;0.939;true
Colinus_cristatus_1;1446;1392;54;54;1.0;0.962;true
Colinus_cristatus_2;1446;1392;54;54;1.0;0.962;true
Colius_colius_1;1488;1392;96;96;1.0;0.935;true
Colius_colius_2;1488;1392;96;96;1.0;0.935;true
Columba_livia_1;1245;1236;9;9;1.0;0.992;true
Columba_livia_2;1245;1236;9;9;1.0;0.992;true
Columbina_minuta_1;1338;1323;15;15;1.0;0.988;true
Columbina_minuta_2;1338;1323;15;15;1.0;0.988;true
Coracias_cyanogaster_1;1539;1392;147;147;1.0;0.904;true
Coracias_cyanogaster_2;1539;1392;147;147;1.0;0.904;true
Corvus_albus_1;1329;1320;9;9;1.0;0.993;true
Corvus_albus_2;1329;1320;9;9;1.0;0.993;true
Corythaeola_cristata_1;1239;1230;9;9;1.0;0.992;true
Corythaeola_cristata_2;1239;1230;9;9;1.0;0.992;true
Cotinga_cayana_1;1533;1392;141;141;1.0;0.908;true
Cotinga_cayana_2;1533;1392;141;141;1.0;0.908;true
Crax_alector_1;1572;1392;180;180;1.0;0.885;true
Crax_alector_2;1572;1392;180;180;1.0;0.885;true
Crocodylus_porosus_1;729;729;0;0;1.0;1.0;true
Crocodylus_porosus_2;729;729;0;0;1.0;1.0;true
Cryptopipo_aenigma_1;1440;1392;48;48;1.0;0.966;true
Cryptopipo_aenigma_2;1440;1392;48;48;1.0;0.966;true
Crypturellus_tataupa_1;972;969;3;3;0.996;0.996;true
Crypturellus_tataupa_2;972;969;3;3;0.996;0.996;true
Cuculus_optatus_1;1491;1392;99;99;1.0;0.933;true
Cuculus_optatus_2;1491;1392;99;99;1.0;0.933;true
Dendrocygna_viduata_1;954;876;78;78;1.0;0.918;true
Dendrocygna_viduata_2;954;876;78;78;1.0;0.918;true
Deroptyus_accipitrinus_1;1083;1011;72;72;1.0;0.933;true
Deroptyus_accipitrinus_2;1083;1011;72;72;1.0;0.933;true
Dromaius_novaehollandiae_1;1689;1392;297;297;1.0;0.824;true
Dromaius_novaehollandiae_2;1689;1392;297;297;1.0;0.824;true
Elaenia_flavogaster_1;1473;1389;84;84;1.0;0.942;true
Elaenia_flavogaster_2;1473;1389;84;84;1.0;0.942;true
Elanus_leucurus_1;1485;1392;93;93;1.0;0.937;true
Elanus_leucurus_2;1485;1392;93;93;1.0;0.937;true
Eudromia_elegans_1;1227;1218;9;9;1.0;0.992;true
Eudromia_elegans_2;1227;1218;9;9;1.0;0.992;true
Eurostopodus_macrotis_1;1464;1392;72;72;1.0;0.95;true
Eurostopodus_macrotis_2;1464;1392;72;72;1.0;0.95;true
Eurylaimus_ochromalus_1;1470;1386;84;84;1.0;0.942;true
Eurylaimus_ochromalus_2;1470;1386;84;84;1.0;0.942;true
Eurypyga_helias_1;1227;1218;9;9;1.0;0.992;true
Eurypyga_helias_2;1227;1218;9;9;1.0;0.992;true
Falco_sparverius_1;1557;1392;165;165;1.0;0.894;true
Falco_sparverius_2;1557;1392;165;165;1.0;0.894;true
Fregata_magnificens_1;1533;1392;141;141;1.0;0.908;true
Fregata_magnificens_2;1533;1392;141;141;1.0;0.908;true
Fringilla_coelebs_1;1470;1392;78;78;1.0;0.946;true
Fringilla_coelebs_2;1470;1392;78;78;1.0;0.946;true
Fulmarus_glacialoides_1;1545;1392;153;153;1.0;0.9;true
Fulmarus_glacialoides_2;1545;1392;153;153;1.0;0.9;true
Furnarius_rufus_1;1485;1392;93;93;1.0;0.937;true
Furnarius_rufus_2;1485;1392;93;93;1.0;0.937;true
Galbula_dea_1;1656;1386;270;270;1.0;0.836;true
Galbula_dea_2;1656;1386;270;270;1.0;0.836;true
Gallus_gallus_1;1608;1392;216;216;1.0;0.865;true
Gallus_gallus_2;1608;1392;216;216;1.0;0.865;true
Gavia_immer_1;1557;1392;165;165;1.0;0.894;true
Gavia_immer_2;1557;1392;165;165;1.0;0.894;true
Glareola_nuchalis_1;1467;1392;75;75;1.0;0.948;true
Glareola_nuchalis_2;1467;1392;75;75;1.0;0.948;true
Grus_canadensis_1;936;927;9;9;1.0;0.99;true
Grus_canadensis_2;936;927;9;9;1.0;0.99;true
Haematopus_palliatus_1;1566;1389;177;177;1.0;0.886;true
Haematopus_palliatus_2;1566;1389;177;177;1.0;0.886;true
Heliornis_fulica_1;1473;1392;81;81;1.0;0.945;true
Heliornis_fulica_2;1473;1392;81;81;1.0;0.945;true
Hemiprocne_comata_1;1545;1392;153;153;1.0;0.9;true
Hemiprocne_comata_2;1545;1392;153;153;1.0;0.9;true
Hirundinea_ferruginea_1;1299;1230;69;69;1.0;0.946;true
Hirundinea_ferruginea_2;1299;1230;69;69;1.0;0.946;true
Hymenops_perspicillatus_1;1482;1392;90;90;1.0;0.939;true
Hymenops_perspicillatus_2;1482;1392;90;90;1.0;0.939;true
Ibycter_americanus_1;1596;1389;207;207;1.0;0.87;true
Ibycter_americanus_2;1596;1389;207;207;1.0;0.87;true
Indicator_exilis_1;1440;1386;54;54;1.0;0.962;true
Indicator_exilis_2;1440;1386;54;54;1.0;0.962;true
Ixobrychus_minutus_1;1407;1395;12;12;1.0;0.991;true
Ixobrychus_minutus_2;1407;1395;12;12;1.0;0.991;true
Jacana_jacana_1;1215;1215;0;0;1.0;1.0;true
Jacana_jacana_2;1215;1215;0;0;1.0;1.0;true
Jynx_torquilla_1;1530;1386;144;144;1.0;0.905;true
Jynx_torquilla_2;1530;1386;144;144;1.0;0.905;true
Leipoa_ocellata_1;1407;1392;15;15;1.0;0.989;true
Leipoa_ocellata_2;1407;1392;15;15;1.0;0.989;true
Lepidocolaptes_angustirostr_1;1503;1392;111;111;1.0;0.926;true
Lepidocolaptes_angustirostr_2;1503;1392;111;111;1.0;0.926;true
Leptoptilos_crumeniferus_1;1440;1392;48;48;1.0;0.966;true
Leptoptilos_crumeniferus_2;1440;1392;48;48;1.0;0.966;true
Leptosomus_discolor_1;1392;1389;3;3;1.0;0.997;true
Leptosomus_discolor_2;1392;1389;3;3;1.0;0.997;true
Leptotila_rufaxilla_1;1449;1392;57;57;1.0;0.96;true
Leptotila_rufaxilla_2;1449;1392;57;57;1.0;0.96;true
Limosa_lapponica_1;1209;1209;0;0;1.0;1.0;true
Limosa_lapponica_2;1209;1209;0;0;1.0;1.0;true
Lophorina_superba_1;1452;1392;60;60;1.0;0.958;true
Lophorina_superba_2;1452;1392;60;60;1.0;0.958;true
Malurus_splendens_1;1110;1095;15;15;1.0;0.986;true
Malurus_splendens_2;1110;1095;15;15;1.0;0.986;true
Megalaima_chrysopogon_1;1494;1386;108;108;1.0;0.927;true
Megalaima_chrysopogon_2;1494;1386;108;108;1.0;0.927;true
Melanopareia_maximilian_1;1608;1389;219;219;1.0;0.863;true
Melanopareia_maximilian_2;1608;1389;219;219;1.0;0.863;true
Menura_novaehollandiae_1;1479;1392;87;87;1.0;0.941;true
Menura_novaehollandiae_2;1479;1392;87;87;1.0;0.941;true
Merops_muelleri_1;1524;1392;132;132;1.0;0.913;true
Merops_muelleri_2;1524;1392;132;132;1.0;0.913;true
Mesitornis_unicolor_1;1404;1392;12;12;1.0;0.991;true
Mesitornis_unicolor_2;1404;1392;12;12;1.0;0.991;true
Micrastur_gilvicollis_1;1572;1392;180;180;1.0;0.885;true
Micrastur_gilvicollis_2;1572;1392;180;180;1.0;0.885;true
Micropygia_schomburgkii_1;1239;1236;3;3;1.0;0.997;true
Micropygia_schomburgkii_2;1239;1236;3;3;1.0;0.997;true
Momotus_lessonii_1;1386;1383;3;3;1.0;0.997;true
Momotus_lessonii_2;1386;1383;3;3;1.0;0.997;true
Monias_benschi_1;1485;1392;93;93;0.997;0.937;true
Monias_benschi_2;1485;1392;93;93;0.997;0.937;true
Morus_serrator_1;1389;1380;9;9;1.0;0.993;true
Morus_serrator_2;1389;1380;9;9;1.0;0.993;true
Myiobius_barbatus_1;1458;1389;69;69;1.0;0.952;true
Myiobius_barbatus_2;1458;1389;69;69;1.0;0.952;true
Myrmornis_torquata_1;1467;1392;75;75;1.0;0.948;true
Myrmornis_torquata_2;1467;1392;75;75;1.0;0.948;true
Myrmothera_campanisona_1;654;654;0;0;1.0;1.0;true
Myrmothera_campanisona_2;654;654;0;0;1.0;1.0;true
Neodrepanis_coruscans_1;1479;1386;93;93;1.0;0.937;true
Neodrepanis_coruscans_2;1479;1386;93;93;1.0;0.937;true
Neopelma_chrysocephalum_1;1485;1392;93;93;1.0;0.937;true
Neopelma_chrysocephalum_2;1485;1392;93;93;1.0;0.937;true
Nestor_meridionalis_1;1458;1392;66;66;1.0;0.954;true
Nestor_meridionalis_2;1458;1392;66;66;1.0;0.954;true
Nothoprocta_ornata_1;1191;1182;9;9;1.0;0.992;true
Nothoprocta_ornata_2;1191;1182;9;9;1.0;0.992;true
Numida_malagris_1;1518;1392;126;126;1.0;0.916;true
Numida_malagris_2;1518;1392;126;126;1.0;0.916;true
Nyctibius_griseus_1;1728;1392;336;336;1.0;0.805;true
Nyctibius_griseus_2;1728;1392;336;336;1.0;0.805;true
Oceanites_oceanicus_1;1602;1392;210;210;1.0;0.868;true
Oceanites_oceanicus_2;1602;1392;210;210;1.0;0.868;true
Oceanodroma_leucorhoa_1;1620;1392;228;228;1.0;0.859;true
Oceanodroma_leucorhoa_2;1620;1392;228;228;1.0;0.859;true
Odontophorus_gujanensis_1;1572;1392;180;180;1.0;0.885;true
Odontophorus_gujanensis_2;1572;1392;180;180;1.0;0.885;true
Opisthocomus_hoazin_1;1416;1392;24;24;1.0;0.983;true
Opisthocomus_hoazin_2;1416;1392;24;24;1.0;0.983;true
Ortalis_motmot_1;1536;1392;144;144;1.0;0.906;true
Ortalis_motmot_2;1536;1392;144;144;1.0;0.906;true
Oxyruncus_cristatus_1;1239;1230;9;9;1.0;0.992;true
Oxyruncus_cristatus_2;1239;1230;9;9;1.0;0.992;true
Oxyura_jamaicensis_1;1467;1386;81;81;1.0;0.944;true
Oxyura_jamaicensis_2;1467;1386;81;81;1.0;0.944;true
Pandion_haliaetus_1;1515;1392;123;123;1.0;0.918;true
Pandion_haliaetus_2;1515;1392;123;123;1.0;0.918;true
Pedionomus_torquatus_1;1389;1389;0;0;1.0;1.0;true
Pedionomus_torquatus_2;1389;1389;0;0;1.0;1.0;true
Pelagodroma_marina_1;1527;1359;168;168;1.0;0.889;true
Pelagodroma_marina_2;1527;1359;168;168;1.0;0.889;true
Pelecanoides_urinatrix_1;1539;1389;150;150;1.0;0.902;true
Pelecanoides_urinatrix_2;1539;1389;150;150;1.0;0.902;true
Pelecanus_occidentalis_1;1593;1392;201;201;1.0;0.873;true
Pelecanus_occidentalis_2;1593;1392;201;201;1.0;0.873;true
Phaethon_rubricauda_1;1533;1392;141;141;1.0;0.908;true
Phaethon_rubricauda_2;1533;1392;141;141;1.0;0.908;true
Phaethornis_superciliosus_1;1251;1248;3;3;1.0;0.997;true
Phaethornis_superciliosus_2;1251;1248;3;3;1.0;0.997;true
Phalacrocorax_brasili_1;1548;1392;156;156;1.0;0.899;true
Phalacrocorax_brasili_2;1548;1392;156;156;1.0;0.899;true
Phoebastria_nigripes_1;1428;1392;36;36;1.0;0.974;true
Phoebastria_nigripes_2;1428;1392;36;36;1.0;0.974;true
Phoenicopterus_ruber_1;1401;1392;9;9;1.0;0.993;true
Phoenicopterus_ruber_2;1401;1392;9;9;1.0;0.993;true
Phoeniculus_purpureus_1;1320;1317;3;3;1.0;0.997;true
Phoeniculus_purpureus_2;1320;1317;3;3;1.0;0.997;true
Picus_canus_1;1449;1386;63;63;1.0;0.956;true
Picus_canus_2;1449;1386;63;63;1.0;0.956;true
Pipra_erythrocephala_1;1431;1392;39;39;1.0;0.972;true
Pipra_erythrocephala_2;1431;1392;39;39;1.0;0.972;true
Piprites_chloris_1;1545;1392;153;153;1.0;0.9;true
Piprites_chloris_2;1545;1392;153;153;1.0;0.9;true
Pitta_angolensis_1;1440;1386;54;54;1.0;0.962;true
Pitta_angolensis_2;1440;1386;54;54;1.0;0.962;true
Podargus_strigoides_1;1532;1385;147;147;1.0;0.904;true
Podargus_strigoides_2;1532;1385;147;147;1.0;0.904;true
Poecile_lugubris_1;840;840;0;0;1.0;1.0;true
Poecile_lugubris_2;840;840;0;0;1.0;1.0;true
Porphyrio_porphyrio_1;1488;1392;96;96;1.0;0.935;true
Porphyrio_porphyrio_2;1488;1392;96;96;1.0;0.935;true
Probosciger_aterrimus_1;1230;1221;9;9;1.0;0.992;true
Probosciger_aterrimus_2;1230;1221;9;9;1.0;0.992;true
Psittacus_erithacus_1;1494;1392;102;102;1.0;0.931;true
Psittacus_erithacus_2;1494;1392;102;102;1.0;0.931;true
Psittrichas_fulgidus_1;1533;1392;141;141;1.0;0.908;true
Psittrichas_fulgidus_2;1533;1392;141;141;1.0;0.908;true
Psophia_crepitans_1;1476;1392;84;84;1.0;0.943;true
Psophia_crepitans_2;1476;1392;84;84;1.0;0.943;true
Pterocles_bicinctus_1;1485;1392;93;93;1.0;0.937;true
Pterocles_bicinctus_2;1485;1392;93;93;1.0;0.937;true
Pterodroma_externa_1;1515;1392;123;123;1.0;0.918;true
Pterodroma_externa_2;1515;1392;123;123;1.0;0.918;true
Ptilinopus_magnificus_1;1434;1389;45;45;1.0;0.968;true
Ptilinopus_magnificus_2;1434;1389;45;45;1.0;0.968;true
Ptilonorhynchus_violaceus_1;1575;1392;183;183;1.0;0.883;true
Ptilonorhynchus_violaceus_2;1575;1392;183;183;1.0;0.883;true
Puffinus_griseus_1;1545;1392;153;153;1.0;0.9;true
Puffinus_griseus_2;1545;1392;153;153;1.0;0.9;true
Pycnonotus_macrotis_1;1446;1392;54;54;0.997;0.962;true
Pycnonotus_macrotis_2;1446;1392;54;54;0.997;0.962;true
Rallus_longirostris_1;915;912;3;3;1.0;0.996;true
Rallus_longirostris_2;915;912;3;3;1.0;0.996;true
Ramphastos_ambiguus_1;1749;1386;363;363;1.0;0.792;true
Ramphastos_ambiguus_2;1749;1386;363;363;1.0;0.792;true
Recurvirostra_americana_1;1527;1389;138;138;1.0;0.909;true
Recurvirostra_americana_2;1527;1389;138;138;1.0;0.909;true
Regulus_ignicapilla_1;1488;1392;96;96;1.0;0.935;true
Regulus_ignicapilla_2;1488;1392;96;96;1.0;0.935;true
Rhea_americana_1;1578;1392;186;186;1.0;0.882;true
Rhea_americana_2;1578;1392;186;186;1.0;0.882;true
Rhynchocyclus_olivaceus_1;1479;1392;87;87;1.0;0.941;true
Rhynchocyclus_olivaceus_2;1479;1392;87;87;1.0;0.941;true
Rollandia_rolland_1;1467;1392;75;75;1.0;0.948;true
Rollandia_rolland_2;1467;1392;75;75;1.0;0.948;true
Rollulus_rouloul_1;1446;1392;54;54;1.0;0.962;true
Rollulus_rouloul_2;1446;1392;54;54;1.0;0.962;true
Rostratula_benghalensis_1;1167;1167;0;0;1.0;1.0;true
Rostratula_benghalensis_2;1167;1167;0;0;1.0;1.0;true
Rupicola_rupicola_1;1299;1290;9;9;1.0;0.993;true
Rupicola_rupicola_2;1299;1290;9;9;1.0;0.993;true
Rynchops_niger_1;1233;1230;3;3;1.0;0.997;true
Rynchops_niger_2;1233;1230;3;3;1.0;0.997;true
Sagittarius_serpentarius_1;1464;1392;72;72;1.0;0.95;true
Sagittarius_serpentarius_2;1464;1392;72;72;1.0;0.95;true
Sarothrura_rufa_1;948;945;3;3;1.0;0.996;true
Sarothrura_rufa_2;948;945;3;3;1.0;0.996;true
Schiffornis_turdina_1;1020;933;87;87;1.0;0.914;true
Schiffornis_turdina_2;1020;933;87;87;1.0;0.914;true
Sclerurus_mexicanus_1;1566;1392;174;174;1.0;0.888;true
Sclerurus_mexicanus_2;1566;1392;174;174;1.0;0.888;true
Scopus_umbretta_1;1584;1392;192;192;1.0;0.878;true
Scopus_umbretta_2;1584;1392;192;192;1.0;0.878;true
Sericulus_bakeri_1;1626;1392;234;234;1.0;0.856;true
Sericulus_bakeri_2;1626;1392;234;234;1.0;0.856;true
Smithornis_rufolateralis_1;1470;1386;84;84;1.0;0.942;true
Smithornis_rufolateralis_2;1470;1386;84;84;1.0;0.942;true
Spheniscus_humboldti_1;1521;1392;129;129;1.0;0.915;true
Spheniscus_humboldti_2;1521;1392;129;129;1.0;0.915;true
Spizella_arborea_1;1116;1047;69;69;1.0;0.938;true
Spizella_arborea_2;1116;1047;69;69;1.0;0.938;true
Steatornis_caripensi_1;360;360;0;0;1.0;1.0;true
Steatornis_caripensi_2;360;360;0;0;1.0;1.0;true
Sterna_hirundo_1;1284;1281;3;3;1.0;0.997;true
Sterna_hirundo_2;1284;1281;3;3;1.0;0.997;true
Streptoprocne_zonaris_1;1485;1392;93;93;1.0;0.937;true
Streptoprocne_zonaris_2;1485;1392;93;93;1.0;0.937;true
Strix_varia_1;1068;1059;9;9;1.0;0.991;true
Strix_varia_2;1068;1059;9;9;1.0;0.991;true
Struthio_camelus_1;768;618;150;150;1.0;0.804;true
Struthio_camelus_2;768;618;150;150;1.0;0.804;true
Sylvia_melanocephala_1;1461;1389;72;72;1.0;0.95;true
Sylvia_melanocephala_2;1461;1389;72;72;1.0;0.95;true
Syrrhaptes_paradoxus_1;504;495;9;9;1.0;0.982;true
Syrrhaptes_paradoxus_2;504;495;9;9;1.0;0.982;true
Tapera_naevia_1;1569;1392;177;177;1.0;0.887;true
Tapera_naevia_2;1569;1392;177;177;1.0;0.887;true
Tauraco_macrorhynchus_1;1431;1392;39;39;1.0;0.972;true
Tauraco_macrorhynchus_2;1431;1392;39;39;1.0;0.972;true
Terenura_callinota_1;1449;1392;57;57;1.0;0.96;true
Terenura_callinota_2;1449;1392;57;57;1.0;0.96;true
Thamnophilus_ruficapillu_1;1008;999;9;9;1.0;0.991;true
Thamnophilus_ruficapillu_2;1008;999;9;9;1.0;0.991;true
Theristicus_caerulescens_1;1122;1110;12;12;0.997;0.989;true
Theristicus_caerulescens_2;1122;1110;12;12;0.997;0.989;true
Tigrisoma_lineatum_1;1482;1392;90;90;1.0;0.939;true
Tigrisoma_lineatum_2;1482;1392;90;90;1.0;0.939;true
Tinamus_major_1;576;576;0;0;1.0;1.0;true
Tinamus_major_2;576;576;0;0;1.0;1.0;true
Tityra_cayana_1;999;927;72;72;1.0;0.927;true
Tityra_cayana_2;999;927;72;72;1.0;0.927;true
Tockus_camurus_1;1410;1389;21;21;1.0;0.985;true
Tockus_camurus_2;1410;1389;21;21;1.0;0.985;true
Todus_mexicanus_1;1401;1392;9;9;1.0;0.993;true
Todus_mexicanus_2;1401;1392;9;9;1.0;0.993;true
Topaza_pella_1;1221;1221;0;0;1.0;1.0;true
Topaza_pella_2;1221;1221;0;0;1.0;1.0;true
Treron_calvus_1;1320;1311;9;9;1.0;0.993;true
Treron_calvus_2;1320;1311;9;9;1.0;0.993;true
Tringa_solitaria_1;1053;1053;0;0;1.0;1.0;true
Tringa_solitaria_2;1053;1053;0;0;1.0;1.0;true
Trogon_elegans_1;1428;1392;36;36;1.0;0.974;true
Trogon_elegans_2;1428;1392;36;36;1.0;0.974;true
Turdus_olivater_1;1488;1392;96;96;1.0;0.935;true
Turdus_olivater_2;1488;1392;96;96;1.0;0.935;true
Turnix_ocellata_1;1211;1196;15;15;0.987;0.987;true
Turnix_ocellata_2;1211;1196;15;15;0.987;0.987;true
Tyrannus_albogularis_1;1485;1392;93;93;1.0;0.937;true
Tyrannus_albogularis_2;1485;1392;93;93;1.0;0.937;true
Tyto_alba_1;879;807;72;72;1.0;0.918;true
Tyto_alba_2;879;807;72;72;1.0;0.918;true
Upupa_epops_1;1551;1392;159;159;1.0;0.897;true
Upupa_epops_2;1551;1392;159;159;1.0;0.897;true
Uria_aalge_1;1278;1275;3;3;1.0;0.997;true
Uria_aalge_2;1278;1275;3;3;1.0;0.997;true
Urocolius_indicus_1;1374;1362;12;12;0.997;0.991;true
Urocolius_indicus_2;1374;1362;12;12;0.997;0.991;true
Vultur_gryphus_1;1290;1290;0;0;1.0;1.0;true
Vultur_gryphus_2;1290;1290;0;0;1.0;1.0;true
