seqName;initialSeqLength;nbKeep;nbTrim;nbInformativeTrim;percentKeepExcludingExtremities;percentKeepIncludingExtremities;keptSequences
Acanthisitta_chloris_1;1716;1479;237;237;1.0;0.861;true
Acanthisitta_chloris_2;1716;1479;237;237;1.0;0.861;true
Accipiter_superciliosus_1;1473;1473;0;0;1.0;1.0;true
Accipiter_superciliosus_2;1473;1473;0;0;1.0;1.0;true
Aegotheles_insignis_1;1428;1428;0;0;1.0;1.0;true
Aegotheles_insignis_2;1428;1428;0;0;1.0;1.0;true
Alcedo_quadribrachys_1;1473;1473;0;0;1.0;1.0;true
Alcedo_quadribrachys_2;1473;1473;0;0;1.0;1.0;true
Anas_superciliosa_1;1494;1479;15;15;1.0;0.989;true
Anas_superciliosa_2;1494;1479;15;15;1.0;0.989;true
Anhinga_anhinga_1;1647;1479;168;168;1.0;0.897;true
Anhinga_anhinga_2;1647;1479;168;168;1.0;0.897;true
Anser_canagicus_1;1551;1479;72;72;1.0;0.953;true
Anser_canagicus_2;1551;1479;72;72;1.0;0.953;true
Anseranas_semipalmata_1;1545;1479;66;66;1.0;0.957;true
Anseranas_semipalmata_2;1545;1479;66;66;1.0;0.957;true
Apaloderma_aequatoriale_1;1542;1479;63;63;1.0;0.959;true
Apaloderma_aequatoriale_2;1542;1479;63;63;1.0;0.959;true
Apteryx_sp._1;1464;1464;0;0;1.0;1.0;true
Apteryx_sp._2;1464;1464;0;0;1.0;1.0;true
Aramus_guarauna_1;1503;1479;24;24;1.0;0.984;true
Aramus_guarauna_2;1503;1479;24;24;1.0;0.984;true
Archilochus_colubris_1;1581;1479;102;102;1.0;0.935;true
Archilochus_colubris_2;1581;1479;102;102;1.0;0.935;true
Ardea_herodias_1;1530;1479;51;51;1.0;0.966;true
Ardea_herodias_2;1530;1479;51;51;1.0;0.966;true
Ardeotis_kori_1;1653;1479;174;174;1.0;0.894;true
Ardeotis_kori_2;1653;1479;174;174;1.0;0.894;true
Arenaria_interpres_1;1533;1479;54;54;1.0;0.964;true
Arenaria_interpres_2;1533;1479;54;54;1.0;0.964;true
Atelornis_pittoides_1;1482;1479;3;3;1.0;0.997;true
Atelornis_pittoides_2;1482;1479;3;3;1.0;0.997;true
Aythya_valisineria_1;1548;1479;69;69;1.0;0.955;true
Aythya_valisineria_2;1548;1479;69;69;1.0;0.955;true
Balaeniceps_rex_1;1512;1479;33;33;1.0;0.978;true
Balaeniceps_rex_2;1512;1479;33;33;1.0;0.978;true
Balearica_regulorum_1;738;738;0;0;1.0;1.0;true
Balearica_regulorum_2;738;738;0;0;1.0;1.0;true
Barnardius_zonarius_1;1407;1407;0;0;1.0;1.0;true
Barnardius_zonarius_2;1407;1407;0;0;1.0;1.0;true
Bonasa_umbellus_1;1524;1479;45;45;1.0;0.97;true
Bonasa_umbellus_2;1524;1479;45;45;1.0;0.97;true
Buccanodon_duchaillui_1;1617;1479;138;138;1.0;0.914;true
Buccanodon_duchaillui_2;1617;1479;138;138;1.0;0.914;true
Bucco_capensis_1;1590;1479;111;111;1.0;0.93;true
Bucco_capensis_2;1590;1479;111;111;1.0;0.93;true
Bucorvus_leadbeateri_1;1488;1479;9;9;1.0;0.993;true
Bucorvus_leadbeateri_2;1488;1479;9;9;1.0;0.993;true
Burhinus_oedicnemus_1;1518;1479;39;39;1.0;0.974;true
Burhinus_oedicnemus_2;1518;1479;39;39;1.0;0.974;true
Buteo_jamaicensis_1;1530;1479;51;51;1.0;0.966;true
Buteo_jamaicensis_2;1530;1479;51;51;1.0;0.966;true
Caiman_croccodilus_1;1446;1446;0;0;1.0;1.0;true
Caiman_croccodilus_2;1446;1446;0;0;1.0;1.0;true
Calandrella_brachydactyla_1;1566;1479;87;87;1.0;0.944;true
Calandrella_brachydactyla_2;1566;1479;87;87;1.0;0.944;true
Calyptomena_viridis_1;1566;1479;87;87;1.0;0.944;true
Calyptomena_viridis_2;1566;1479;87;87;1.0;0.944;true
Capito_niger_1;1497;1479;18;18;1.0;0.987;true
Capito_niger_2;1497;1479;18;18;1.0;0.987;true
Caprimulgus_europaeus_1;1665;1479;186;186;1.0;0.888;true
Caprimulgus_europaeus_2;1665;1479;186;186;1.0;0.888;true
Caracara_cheriway_1;1449;1449;0;0;1.0;1.0;true
Caracara_cheriway_2;1449;1449;0;0;1.0;1.0;true
Cariama_cristata_1;1581;1479;102;102;1.0;0.935;true
Cariama_cristata_2;1581;1479;102;102;1.0;0.935;true
Casuarius_bennetti_1;1485;1479;6;6;1.0;0.995;true
Casuarius_bennetti_2;1485;1479;6;6;1.0;0.995;true
Cathartes_burrovianus_1;1479;1479;0;0;1.0;1.0;true
Cathartes_burrovianus_2;1479;1479;0;0;1.0;1.0;true
Centropus_bengalensis_1;1545;1479;66;66;1.0;0.957;true
Centropus_bengalensis_2;1545;1479;66;66;1.0;0.957;true
Chaetura_brachyura_1;1614;1479;135;135;1.0;0.916;true
Chaetura_brachyura_2;1614;1479;135;135;1.0;0.916;true
Charadrius_hiaticula_1;1512;1479;33;33;1.0;0.978;true
Charadrius_hiaticula_2;1512;1479;33;33;1.0;0.978;true
Chauna_torquata_1;1632;1479;153;153;1.0;0.906;true
Chauna_torquata_2;1632;1479;153;153;1.0;0.906;true
Chelidoptera_tenebrosa_1;1536;1473;63;63;1.0;0.958;true
Chelidoptera_tenebrosa_2;1536;1473;63;63;1.0;0.958;true
Chloroceryle_inda_1;1521;1479;42;42;1.0;0.972;true
Chloroceryle_inda_2;1521;1479;42;42;1.0;0.972;true
Chordeiles_pusillus_1;1587;1479;108;108;1.0;0.931;true
Chordeiles_pusillus_2;1587;1479;108;108;1.0;0.931;true
Chroicocephalus_cirrocephalus_1;1584;1479;105;105;1.0;0.933;true
Chroicocephalus_cirrocephalus_2;1584;1479;105;105;1.0;0.933;true
Chunga_burmeisteri_1;1527;1479;48;48;1.0;0.968;true
Chunga_burmeisteri_2;1527;1479;48;48;1.0;0.968;true
Ciconia_nigra_1;1476;1476;0;0;1.0;1.0;true
Ciconia_nigra_2;1476;1476;0;0;1.0;1.0;true
Climacteris_melanura_1;1512;1479;33;33;1.0;0.978;true
Climacteris_melanura_2;1512;1479;33;33;1.0;0.978;true
Coccyzus_melacoryphus_1;1653;1479;174;174;1.0;0.894;true
Coccyzus_melacoryphus_2;1653;1479;174;174;1.0;0.894;true
Colinus_cristatus_1;1446;1446;0;0;1.0;1.0;true
Colinus_cristatus_2;1446;1446;0;0;1.0;1.0;true
Colius_colius_1;1440;1440;0;0;1.0;1.0;true
Colius_colius_2;1440;1440;0;0;1.0;1.0;true
Columba_livia_1;1482;1479;3;3;1.0;0.997;true
Columba_livia_2;1482;1479;3;3;1.0;0.997;true
Columbina_minuta_1;1485;1479;6;6;1.0;0.995;true
Columbina_minuta_2;1485;1479;6;6;1.0;0.995;true
Coracias_cyanogaster_1;1527;1479;48;48;1.0;0.968;true
Coracias_cyanogaster_2;1527;1479;48;48;1.0;0.968;true
Corvus_albus_1;1482;1479;3;3;1.0;0.997;true
Corvus_albus_2;1482;1479;3;3;1.0;0.997;true
Corythaeola_cristata_1;1512;1479;33;33;1.0;0.978;true
Corythaeola_cristata_2;1512;1479;33;33;1.0;0.978;true
Cotinga_cayana_1;1548;1479;69;69;1.0;0.955;true
Cotinga_cayana_2;1548;1479;69;69;1.0;0.955;true
Crax_alector_1;1605;1479;126;126;1.0;0.921;true
Crax_alector_2;1605;1479;126;126;1.0;0.921;true
Crocodylus_porosus_1;1422;1422;0;0;1.0;1.0;true
Crocodylus_porosus_2;1422;1422;0;0;1.0;1.0;true
Cryptopipo_aenigma_1;1395;1395;0;0;1.0;1.0;true
Cryptopipo_aenigma_2;1395;1395;0;0;1.0;1.0;true
Crypturellus_tataupa_1;1527;1479;48;48;1.0;0.968;true
Crypturellus_tataupa_2;1527;1479;48;48;1.0;0.968;true
Cuculus_optatus_1;1599;1479;120;120;1.0;0.924;true
Cuculus_optatus_2;1599;1479;120;120;1.0;0.924;true
Dendrocygna_viduata_1;1041;1041;0;0;1.0;1.0;true
Dendrocygna_viduata_2;1041;1041;0;0;1.0;1.0;true
Deroptyus_accipitrinus_1;1476;1476;0;0;1.0;1.0;true
Deroptyus_accipitrinus_2;1476;1476;0;0;1.0;1.0;true
Dromaius_novaehollandiae_1;1497;1479;18;18;1.0;0.987;true
Dromaius_novaehollandiae_2;1497;1479;18;18;1.0;0.987;true
Elaenia_flavogaster_1;1650;1479;171;171;1.0;0.896;true
Elaenia_flavogaster_2;1650;1479;171;171;1.0;0.896;true
Elanus_leucurus_1;1422;1422;0;0;1.0;1.0;true
Elanus_leucurus_2;1422;1422;0;0;1.0;1.0;true
Eudromia_elegans_1;1527;1479;48;48;1.0;0.968;true
Eudromia_elegans_2;1527;1479;48;48;1.0;0.968;true
Eurostopodus_macrotis_1;1473;1473;0;0;1.0;1.0;true
Eurostopodus_macrotis_2;1473;1473;0;0;1.0;1.0;true
Eurylaimus_ochromalus_1;1170;1170;0;0;1.0;1.0;true
Eurylaimus_ochromalus_2;1170;1170;0;0;1.0;1.0;true
Eurypyga_helias_1;1542;1479;63;63;1.0;0.959;true
Eurypyga_helias_2;1542;1479;63;63;1.0;0.959;true
Falco_sparverius_1;1626;1479;147;147;1.0;0.909;true
Falco_sparverius_2;1626;1479;147;147;1.0;0.909;true
Fregata_magnificens_1;1437;1437;0;0;1.0;1.0;true
Fregata_magnificens_2;1437;1437;0;0;1.0;1.0;true
Fringilla_coelebs_1;1539;1479;60;60;1.0;0.961;true
Fringilla_coelebs_2;1539;1479;60;60;1.0;0.961;true
Fulmarus_glacialoides_1;1617;1479;138;138;1.0;0.914;true
Fulmarus_glacialoides_2;1617;1479;138;138;1.0;0.914;true
Furnarius_rufus_1;1581;1479;102;102;1.0;0.935;true
Furnarius_rufus_2;1581;1479;102;102;1.0;0.935;true
Galbula_dea_1;1620;1479;141;141;1.0;0.912;true
Galbula_dea_2;1620;1479;141;141;1.0;0.912;true
Gallus_gallus_1;1629;1479;150;150;1.0;0.907;true
Gallus_gallus_2;1629;1479;150;150;1.0;0.907;true
Gavia_immer_1;1551;1479;72;72;1.0;0.953;true
Gavia_immer_2;1551;1479;72;72;1.0;0.953;true
Glareola_nuchalis_1;1545;1479;66;66;1.0;0.957;true
Glareola_nuchalis_2;1545;1479;66;66;1.0;0.957;true
Grus_canadensis_1;1482;1479;3;3;1.0;0.997;true
Grus_canadensis_2;1482;1479;3;3;1.0;0.997;true
Haematopus_palliatus_1;1563;1479;84;84;1.0;0.946;true
Haematopus_palliatus_2;1563;1479;84;84;1.0;0.946;true
Heliornis_fulica_1;1719;1479;240;240;1.0;0.86;true
Heliornis_fulica_2;1719;1479;240;240;1.0;0.86;true
Hemiprocne_comata_1;1494;1479;15;15;1.0;0.989;true
Hemiprocne_comata_2;1494;1479;15;15;1.0;0.989;true
Hirundinea_ferruginea_1;1545;1479;66;66;1.0;0.957;true
Hirundinea_ferruginea_2;1545;1479;66;66;1.0;0.957;true
Hymenops_perspicillatus_1;1587;1479;108;108;1.0;0.931;true
Hymenops_perspicillatus_2;1587;1479;108;108;1.0;0.931;true
Ibycter_americanus_1;1536;1479;57;57;1.0;0.962;true
Ibycter_americanus_2;1536;1479;57;57;1.0;0.962;true
Indicator_exilis_1;1734;1479;255;255;1.0;0.852;true
Indicator_exilis_2;1734;1479;255;255;1.0;0.852;true
Ixobrychus_minutus_1;687;687;0;0;1.0;1.0;true
Ixobrychus_minutus_2;687;687;0;0;1.0;1.0;true
Jacana_jacana_1;1662;1479;183;183;1.0;0.889;true
Jacana_jacana_2;1662;1479;183;183;1.0;0.889;true
Jynx_torquilla_1;1680;1479;201;201;1.0;0.88;true
Jynx_torquilla_2;1680;1479;201;201;1.0;0.88;true
Leipoa_ocellata_1;1512;1479;33;33;1.0;0.978;true
Leipoa_ocellata_2;1512;1479;33;33;1.0;0.978;true
Lepidocolaptes_angustirostr_1;1485;1479;6;6;1.0;0.995;true
Lepidocolaptes_angustirostr_2;1485;1479;6;6;1.0;0.995;true
Leptoptilos_crumeniferus_1;1458;1458;0;0;1.0;1.0;true
Leptoptilos_crumeniferus_2;1458;1458;0;0;1.0;1.0;true
Leptosomus_discolor_1;1530;1479;51;51;1.0;0.966;true
Leptosomus_discolor_2;1530;1479;51;51;1.0;0.966;true
Leptotila_rufaxilla_1;1542;1479;63;63;1.0;0.959;true
Leptotila_rufaxilla_2;1542;1479;63;63;1.0;0.959;true
Limosa_lapponica_1;1494;1479;15;15;1.0;0.989;true
Limosa_lapponica_2;1494;1479;15;15;1.0;0.989;true
Lophorina_superba_1;1455;1455;0;0;1.0;1.0;true
Lophorina_superba_2;1455;1455;0;0;1.0;1.0;true
Malurus_splendens_1;1521;1479;42;42;1.0;0.972;true
Malurus_splendens_2;1521;1479;42;42;1.0;0.972;true
Megalaima_chrysopogon_1;1584;1479;105;105;1.0;0.933;true
Megalaima_chrysopogon_2;1584;1479;105;105;1.0;0.933;true
Melanopareia_maximilian_1;1494;1479;15;15;1.0;0.989;true
Melanopareia_maximilian_2;1494;1479;15;15;1.0;0.989;true
Menura_novaehollandiae_1;1494;1479;15;15;1.0;0.989;true
Menura_novaehollandiae_2;1494;1479;15;15;1.0;0.989;true
Merops_muelleri_1;1644;1479;165;165;1.0;0.899;true
Merops_muelleri_2;1644;1479;165;165;1.0;0.899;true
Mesitornis_unicolor_1;1575;1479;96;96;1.0;0.939;true
Mesitornis_unicolor_2;1575;1479;96;96;1.0;0.939;true
Micrastur_gilvicollis_1;1503;1479;24;24;1.0;0.984;true
Micrastur_gilvicollis_2;1503;1479;24;24;1.0;0.984;true
Micropygia_schomburgkii_1;1461;1461;0;0;1.0;1.0;true
Micropygia_schomburgkii_2;1461;1461;0;0;1.0;1.0;true
Momotus_lessonii_1;1482;1479;3;3;1.0;0.997;true
Momotus_lessonii_2;1482;1479;3;3;1.0;0.997;true
Monias_benschi_1;1500;1479;21;21;1.0;0.986;true
Monias_benschi_2;1500;1479;21;21;1.0;0.986;true
Morus_serrator_1;1485;1479;6;6;1.0;0.995;true
Morus_serrator_2;1485;1479;6;6;1.0;0.995;true
Myiobius_barbatus_1;1437;1437;0;0;1.0;1.0;true
Myiobius_barbatus_2;1437;1437;0;0;1.0;1.0;true
Myrmornis_torquata_1;1572;1479;93;93;1.0;0.94;true
Myrmornis_torquata_2;1572;1479;93;93;1.0;0.94;true
Myrmothera_campanisona_1;1479;1479;0;0;1.0;1.0;true
Myrmothera_campanisona_2;1479;1479;0;0;1.0;1.0;true
Neodrepanis_coruscans_1;1545;1479;66;66;1.0;0.957;true
Neodrepanis_coruscans_2;1545;1479;66;66;1.0;0.957;true
Neopelma_chrysocephalum_1;1554;1479;75;75;1.0;0.951;true
Neopelma_chrysocephalum_2;1554;1479;75;75;1.0;0.951;true
Nestor_meridionalis_1;1503;1479;24;24;1.0;0.984;true
Nestor_meridionalis_2;1503;1479;24;24;1.0;0.984;true
Nothoprocta_ornata_1;1623;1479;144;144;1.0;0.911;true
Nothoprocta_ornata_2;1623;1479;144;144;1.0;0.911;true
Numida_malagris_1;1521;1479;42;42;1.0;0.972;true
Numida_malagris_2;1521;1479;42;42;1.0;0.972;true
Nyctibius_griseus_1;1731;1479;252;252;1.0;0.854;true
Nyctibius_griseus_2;1731;1479;252;252;1.0;0.854;true
Oceanites_oceanicus_1;1464;1464;0;0;1.0;1.0;true
Oceanites_oceanicus_2;1464;1464;0;0;1.0;1.0;true
Oceanodroma_leucorhoa_1;1401;1401;0;0;1.0;1.0;true
Oceanodroma_leucorhoa_2;1401;1401;0;0;1.0;1.0;true
Odontophorus_gujanensis_1;1401;1401;0;0;1.0;1.0;true
Odontophorus_gujanensis_2;1401;1401;0;0;1.0;1.0;true
Opisthocomus_hoazin_1;1482;1479;3;3;1.0;0.997;true
Opisthocomus_hoazin_2;1482;1479;3;3;1.0;0.997;true
Ortalis_motmot_1;1140;1140;0;0;1.0;1.0;true
Ortalis_motmot_2;1140;1140;0;0;1.0;1.0;true
Oxyruncus_cristatus_1;1449;1449;0;0;1.0;1.0;true
Oxyruncus_cristatus_2;1449;1449;0;0;1.0;1.0;true
Oxyura_jamaicensis_1;1572;1479;93;93;1.0;0.94;true
Oxyura_jamaicensis_2;1572;1479;93;93;1.0;0.94;true
Pandion_haliaetus_1;1386;1386;0;0;1.0;1.0;true
Pandion_haliaetus_2;1386;1386;0;0;1.0;1.0;true
Pedionomus_torquatus_1;1698;1479;219;217;1.0;0.871;true
Pedionomus_torquatus_2;1698;1479;219;217;1.0;0.871;true
Pelagodroma_marina_1;744;744;0;0;1.0;1.0;true
Pelagodroma_marina_2;744;744;0;0;1.0;1.0;true
Pelecanoides_urinatrix_1;1509;1479;30;30;1.0;0.98;true
Pelecanoides_urinatrix_2;1509;1479;30;30;1.0;0.98;true
Pelecanus_occidentalis_1;1602;1479;123;123;1.0;0.923;true
Pelecanus_occidentalis_2;1602;1479;123;123;1.0;0.923;true
Phaethon_rubricauda_1;1440;1440;0;0;1.0;1.0;true
Phaethon_rubricauda_2;1440;1440;0;0;1.0;1.0;true
Phaethornis_superciliosus_1;1518;1479;39;39;1.0;0.974;true
Phaethornis_superciliosus_2;1518;1479;39;39;1.0;0.974;true
Phalacrocorax_brasili_1;1569;1479;90;90;1.0;0.942;true
Phalacrocorax_brasili_2;1569;1479;90;90;1.0;0.942;true
Phoebastria_nigripes_1;1308;1308;0;0;1.0;1.0;true
Phoebastria_nigripes_2;1308;1308;0;0;1.0;1.0;true
Phoenicopterus_ruber_1;738;738;0;0;1.0;1.0;true
Phoenicopterus_ruber_2;738;738;0;0;1.0;1.0;true
Phoeniculus_purpureus_1;942;942;0;0;1.0;1.0;true
Phoeniculus_purpureus_2;942;942;0;0;1.0;1.0;true
Picus_canus_1;1578;1479;99;99;1.0;0.937;true
Picus_canus_2;1578;1479;99;99;1.0;0.937;true
Pipra_erythrocephala_1;1596;1479;117;117;1.0;0.926;true
Pipra_erythrocephala_2;1596;1479;117;117;1.0;0.926;true
Piprites_chloris_1;1590;1479;111;111;1.0;0.93;true
Piprites_chloris_2;1590;1479;111;111;1.0;0.93;true
Pitta_angolensis_1;1563;1479;84;84;1.0;0.946;true
Pitta_angolensis_2;1563;1479;84;84;1.0;0.946;true
Podargus_strigoides_1;1698;1479;219;219;1.0;0.871;true
Podargus_strigoides_2;1698;1479;219;219;1.0;0.871;true
Poecile_lugubris_1;1629;1479;150;150;1.0;0.907;true
Poecile_lugubris_2;1629;1479;150;150;1.0;0.907;true
Porphyrio_porphyrio_1;1647;1479;168;168;1.0;0.897;true
Porphyrio_porphyrio_2;1647;1479;168;168;1.0;0.897;true
Probosciger_aterrimus_1;1500;1479;21;21;1.0;0.986;true
Probosciger_aterrimus_2;1500;1479;21;21;1.0;0.986;true
Psittacus_erithacus_1;1560;1479;81;81;1.0;0.948;true
Psittacus_erithacus_2;1560;1479;81;81;1.0;0.948;true
Psittrichas_fulgidus_1;1440;1440;0;0;1.0;1.0;true
Psittrichas_fulgidus_2;1440;1440;0;0;1.0;1.0;true
Psophia_crepitans_1;1605;1479;126;126;1.0;0.921;true
Psophia_crepitans_2;1605;1479;126;126;1.0;0.921;true
Pterocles_bicinctus_1;1659;1479;180;180;1.0;0.891;true
Pterocles_bicinctus_2;1659;1479;180;180;1.0;0.891;true
Pterodroma_externa_1;1434;1434;0;0;1.0;1.0;true
Pterodroma_externa_2;1434;1434;0;0;1.0;1.0;true
Ptilinopus_magnificus_1;1614;1479;135;135;1.0;0.916;true
Ptilinopus_magnificus_2;1614;1479;135;135;1.0;0.916;true
Ptilonorhynchus_violaceus_1;1590;1479;111;111;1.0;0.93;true
Ptilonorhynchus_violaceus_2;1590;1479;111;111;1.0;0.93;true
Puffinus_griseus_1;1371;1371;0;0;1.0;1.0;true
Puffinus_griseus_2;1371;1371;0;0;1.0;1.0;true
Pycnonotus_macrotis_1;1596;1479;117;117;1.0;0.926;true
Pycnonotus_macrotis_2;1596;1479;117;117;1.0;0.926;true
Rallus_longirostris_1;1059;1059;0;0;1.0;1.0;true
Rallus_longirostris_2;1059;1059;0;0;1.0;1.0;true
Ramphastos_ambiguus_1;1590;1479;111;111;1.0;0.93;true
Ramphastos_ambiguus_2;1590;1479;111;111;1.0;0.93;true
Recurvirostra_americana_1;1410;1410;0;0;1.0;1.0;true
Recurvirostra_americana_2;1410;1410;0;0;1.0;1.0;true
Regulus_ignicapilla_1;1485;1479;6;6;1.0;0.995;true
Regulus_ignicapilla_2;1485;1479;6;6;1.0;0.995;true
Rhea_americana_1;1527;1479;48;48;1.0;0.968;true
Rhea_americana_2;1527;1479;48;48;1.0;0.968;true
Rhynchocyclus_olivaceus_1;1527;1479;48;48;1.0;0.968;true
Rhynchocyclus_olivaceus_2;1527;1479;48;48;1.0;0.968;true
Rollandia_rolland_1;951;951;0;0;1.0;1.0;true
Rollandia_rolland_2;951;951;0;0;1.0;1.0;true
Rollulus_rouloul_1;1491;1479;12;12;1.0;0.991;true
Rollulus_rouloul_2;1491;1479;12;12;1.0;0.991;true
Rostratula_benghalensis_1;1446;1446;0;0;1.0;1.0;true
Rostratula_benghalensis_2;1446;1446;0;0;1.0;1.0;true
Rupicola_rupicola_1;1554;1479;75;75;1.0;0.951;true
Rupicola_rupicola_2;1554;1479;75;75;1.0;0.951;true
Rynchops_niger_1;1527;1479;48;48;1.0;0.968;true
Rynchops_niger_2;1527;1479;48;48;1.0;0.968;true
Sagittarius_serpentarius_1;1380;1380;0;0;1.0;1.0;true
Sagittarius_serpentarius_2;1380;1380;0;0;1.0;1.0;true
Sarothrura_rufa_1;1572;1479;93;93;1.0;0.94;true
Sarothrura_rufa_2;1572;1479;93;93;1.0;0.94;true
Schiffornis_turdina_1;1149;1149;0;0;1.0;1.0;true
Schiffornis_turdina_2;1149;1149;0;0;1.0;1.0;true
Sclerurus_mexicanus_1;1623;1479;144;144;1.0;0.911;true
Sclerurus_mexicanus_2;1623;1479;144;144;1.0;0.911;true
Scopus_umbretta_1;1452;1452;0;0;1.0;1.0;true
Scopus_umbretta_2;1452;1452;0;0;1.0;1.0;true
Sericulus_bakeri_1;1536;1479;57;57;1.0;0.962;true
Sericulus_bakeri_2;1536;1479;57;57;1.0;0.962;true
Smithornis_rufolateralis_1;1629;1479;150;150;1.0;0.907;true
Smithornis_rufolateralis_2;1629;1479;150;150;1.0;0.907;true
Spheniscus_humboldti_1;1503;1479;24;24;1.0;0.984;true
Spheniscus_humboldti_2;1503;1479;24;24;1.0;0.984;true
Spizella_arborea_1;537;537;0;0;1.0;1.0;true
Spizella_arborea_2;537;537;0;0;1.0;1.0;true
Steatornis_caripensi_1;588;588;0;0;1.0;1.0;true
Steatornis_caripensi_2;588;588;0;0;1.0;1.0;true
Sterna_hirundo_1;1488;1479;9;9;1.0;0.993;true
Sterna_hirundo_2;1488;1479;9;9;1.0;0.993;true
Streptoprocne_zonaris_1;1476;1476;0;0;1.0;1.0;true
Streptoprocne_zonaris_2;1476;1476;0;0;1.0;1.0;true
Strix_varia_1;1542;1479;63;63;1.0;0.959;true
Strix_varia_2;1542;1479;63;63;1.0;0.959;true
Struthio_camelus_1;1476;1476;0;0;1.0;1.0;true
Struthio_camelus_2;1476;1476;0;0;1.0;1.0;true
Sylvia_melanocephala_1;1536;1479;57;57;1.0;0.962;true
Sylvia_melanocephala_2;1536;1479;57;57;1.0;0.962;true
Syrrhaptes_paradoxus_1;1569;1479;90;90;1.0;0.942;true
Syrrhaptes_paradoxus_2;1569;1479;90;90;1.0;0.942;true
Tapera_naevia_1;1518;1479;39;39;1.0;0.974;true
Tapera_naevia_2;1518;1479;39;39;1.0;0.974;true
Tauraco_macrorhynchus_1;1332;1332;0;0;1.0;1.0;true
Tauraco_macrorhynchus_2;1332;1332;0;0;1.0;1.0;true
Terenura_callinota_1;1539;1479;60;60;1.0;0.961;true
Terenura_callinota_2;1539;1479;60;60;1.0;0.961;true
Thamnophilus_ruficapillu_1;1035;1035;0;0;1.0;1.0;true
Thamnophilus_ruficapillu_2;1035;1035;0;0;1.0;1.0;true
Theristicus_caerulescens_1;1473;1473;0;0;1.0;1.0;true
Theristicus_caerulescens_2;1473;1473;0;0;1.0;1.0;true
Tigrisoma_lineatum_1;1419;1419;0;0;1.0;1.0;true
Tigrisoma_lineatum_2;1419;1419;0;0;1.0;1.0;true
Tinamus_major_1;1566;1479;87;87;1.0;0.944;true
Tinamus_major_2;1566;1479;87;87;1.0;0.944;true
Tityra_cayana_1;1533;1479;54;54;1.0;0.964;true
Tityra_cayana_2;1533;1479;54;54;1.0;0.964;true
Tockus_camurus_1;1512;1479;33;33;1.0;0.978;true
Tockus_camurus_2;1512;1479;33;33;1.0;0.978;true
Todus_mexicanus_1;1494;1479;15;15;1.0;0.989;true
Todus_mexicanus_2;1494;1479;15;15;1.0;0.989;true
Topaza_pella_1;1575;1479;96;96;1.0;0.939;true
Topaza_pella_2;1575;1479;96;96;1.0;0.939;true
Treron_calvus_1;1485;1479;6;6;1.0;0.995;true
Treron_calvus_2;1485;1479;6;6;1.0;0.995;true
Tringa_solitaria_1;1473;1473;0;0;1.0;1.0;true
Tringa_solitaria_2;1473;1473;0;0;1.0;1.0;true
Trogon_elegans_1;1620;1479;141;141;1.0;0.912;true
Trogon_elegans_2;1620;1479;141;141;1.0;0.912;true
Turdus_olivater_1;1440;1440;0;0;1.0;1.0;true
Turdus_olivater_2;1440;1440;0;0;1.0;1.0;true
Turnix_ocellata_1;1470;1470;0;0;1.0;1.0;true
Turnix_ocellata_2;1470;1470;0;0;1.0;1.0;true
Tyrannus_albogularis_1;1638;1479;159;159;1.0;0.902;true
Tyrannus_albogularis_2;1638;1479;159;159;1.0;0.902;true
Tyto_alba_1;537;537;0;0;1.0;1.0;true
Tyto_alba_2;537;537;0;0;1.0;1.0;true
Upupa_epops_1;1452;1452;0;0;1.0;1.0;true
Upupa_epops_2;1452;1452;0;0;1.0;1.0;true
Uria_aalge_1;1518;1479;39;39;1.0;0.974;true
Uria_aalge_2;1518;1479;39;39;1.0;0.974;true
Urocolius_indicus_1;1569;1479;90;90;1.0;0.942;true
Urocolius_indicus_2;1569;1479;90;90;1.0;0.942;true
Vultur_gryphus_1;1017;1017;0;0;1.0;1.0;true
Vultur_gryphus_2;1017;1017;0;0;1.0;1.0;true
