seqName;initialSeqLength;nbKeep;nbTrim;nbInformativeTrim;percentHomologExcludingExtremities;percentHomologIncludingExtremities;keptSequences
Acanthisitta_chloris_1;256;256;0;0;1.0;1.0;true
Acanthisitta_chloris_2;256;256;0;0;1.0;1.0;true
Accipiter_superciliosus_1;256;256;0;0;1.0;1.0;true
Accipiter_superciliosus_2;256;256;0;0;1.0;1.0;true
Aegotheles_insignis_1;256;256;0;0;1.0;1.0;true
Aegotheles_insignis_2;256;256;0;0;1.0;1.0;true
Alcedo_quadribrachys_1;256;256;0;0;1.0;1.0;true
Alcedo_quadribrachys_2;256;256;0;0;1.0;1.0;true
Anas_superciliosa_1;256;256;0;0;1.0;1.0;true
Anas_superciliosa_2;256;256;0;0;1.0;1.0;true
Anhinga_anhinga_1;256;256;0;0;1.0;1.0;true
Anhinga_anhinga_2;256;256;0;0;1.0;1.0;true
Anser_canagicus_1;331;274;57;57;1.0;0.827;true
Anser_canagicus_2;331;274;57;57;1.0;0.827;true
Anseranas_semipalmata_1;256;256;0;0;1.0;1.0;true
Anseranas_semipalmata_2;256;256;0;0;1.0;1.0;true
Apaloderma_aequatoriale_1;256;256;0;0;1.0;1.0;true
Apaloderma_aequatoriale_2;256;256;0;0;1.0;1.0;true
Apteryx_sp._1;256;256;0;0;1.0;1.0;true
Apteryx_sp._2;256;256;0;0;1.0;1.0;true
Aramus_guarauna_1;256;256;0;0;1.0;1.0;true
Aramus_guarauna_2;256;256;0;0;1.0;1.0;true
Archilochus_colubris_1;256;256;0;0;1.0;1.0;true
Archilochus_colubris_2;256;256;0;0;1.0;1.0;true
Ardea_herodias_1;256;256;0;0;1.0;1.0;true
Ardea_herodias_2;256;256;0;0;1.0;1.0;true
Ardeotis_kori_1;256;256;0;0;1.0;1.0;true
Ardeotis_kori_2;256;256;0;0;1.0;1.0;true
Arenaria_interpres_1;256;256;0;0;1.0;1.0;true
Arenaria_interpres_2;256;256;0;0;1.0;1.0;true
Atelornis_pittoides_1;256;256;0;0;1.0;1.0;true
Atelornis_pittoides_2;256;256;0;0;1.0;1.0;true
Aythya_valisineria_1;256;256;0;0;1.0;1.0;true
Aythya_valisineria_2;256;256;0;0;1.0;1.0;true
Balaeniceps_rex_1;256;256;0;0;1.0;1.0;true
Balaeniceps_rex_2;256;256;0;0;1.0;1.0;true
Balearica_regulorum_1;256;256;0;0;1.0;1.0;true
Balearica_regulorum_2;256;256;0;0;1.0;1.0;true
Barnardius_zonarius_1;256;256;0;0;1.0;1.0;true
Barnardius_zonarius_2;256;256;0;0;1.0;1.0;true
Bonasa_umbellus_1;256;256;0;0;1.0;1.0;true
Bonasa_umbellus_2;256;256;0;0;1.0;1.0;true
Buccanodon_duchaillui_1;256;256;0;0;1.0;1.0;true
Buccanodon_duchaillui_2;256;256;0;0;1.0;1.0;true
Bucco_capensis_1;256;256;0;0;1.0;1.0;true
Bucco_capensis_2;256;256;0;0;1.0;1.0;true
Bucorvus_leadbeateri_1;256;256;0;0;1.0;1.0;true
Bucorvus_leadbeateri_2;256;256;0;0;1.0;1.0;true
Burhinus_oedicnemus_1;256;256;0;0;1.0;1.0;true
Burhinus_oedicnemus_2;256;256;0;0;1.0;1.0;true
Buteo_jamaicensis_1;256;256;0;0;1.0;1.0;true
Buteo_jamaicensis_2;256;256;0;0;1.0;1.0;true
Caiman_croccodilus_1;256;256;0;0;1.0;1.0;true
Caiman_croccodilus_2;256;256;0;0;1.0;1.0;true
Calandrella_brachydactyla_1;256;256;0;0;1.0;1.0;true
Calandrella_brachydactyla_2;256;256;0;0;1.0;1.0;true
Calyptomena_viridis_1;256;256;0;0;1.0;1.0;true
Calyptomena_viridis_2;256;256;0;0;1.0;1.0;true
Capito_niger_1;256;256;0;0;1.0;1.0;true
Capito_niger_2;256;256;0;0;1.0;1.0;true
Caprimulgus_europaeus_1;256;256;0;0;1.0;1.0;true
Caprimulgus_europaeus_2;256;256;0;0;1.0;1.0;true
Caracara_cheriway_1;256;256;0;0;1.0;1.0;true
Caracara_cheriway_2;256;256;0;0;1.0;1.0;true
Cariama_cristata_1;256;256;0;0;1.0;1.0;true
Cariama_cristata_2;256;256;0;0;1.0;1.0;true
Casuarius_bennetti_1;322;322;0;0;1.0;1.0;true
Casuarius_bennetti_2;322;322;0;0;1.0;1.0;true
Cathartes_burrovianus_1;256;256;0;0;1.0;1.0;true
Cathartes_burrovianus_2;256;256;0;0;1.0;1.0;true
Centropus_bengalensis_1;256;256;0;0;1.0;1.0;true
Centropus_bengalensis_2;256;256;0;0;1.0;1.0;true
Chaetura_brachyura_1;256;256;0;0;1.0;1.0;true
Chaetura_brachyura_2;256;256;0;0;1.0;1.0;true
Charadrius_hiaticula_1;256;256;0;0;1.0;1.0;true
Charadrius_hiaticula_2;256;256;0;0;1.0;1.0;true
Chauna_torquata_1;256;256;0;0;1.0;1.0;true
Chauna_torquata_2;256;256;0;0;1.0;1.0;true
Chelidoptera_tenebrosa_1;256;256;0;0;1.0;1.0;true
Chelidoptera_tenebrosa_2;256;256;0;0;1.0;1.0;true
Chloroceryle_inda_1;256;256;0;0;1.0;1.0;true
Chloroceryle_inda_2;256;256;0;0;1.0;1.0;true
Chordeiles_pusillus_1;256;256;0;0;1.0;1.0;true
Chordeiles_pusillus_2;256;256;0;0;1.0;1.0;true
Chunga_burmeisteri_1;256;256;0;0;1.0;1.0;true
Chunga_burmeisteri_2;256;256;0;0;1.0;1.0;true
Ciconia_nigra_1;256;256;0;0;1.0;1.0;true
Ciconia_nigra_2;256;256;0;0;1.0;1.0;true
Climacteris_melanura_1;256;256;0;0;1.0;1.0;true
Climacteris_melanura_2;256;256;0;0;1.0;1.0;true
Coccyzus_melacoryphus_1;256;256;0;0;1.0;1.0;true
Coccyzus_melacoryphus_2;256;256;0;0;1.0;1.0;true
Colinus_cristatus_1;256;256;0;0;1.0;1.0;true
Colinus_cristatus_2;256;256;0;0;1.0;1.0;true
Colius_colius_1;256;256;0;0;1.0;1.0;true
Colius_colius_2;256;256;0;0;1.0;1.0;true
Columba_livia_1;256;256;0;0;1.0;1.0;true
Columba_livia_2;256;256;0;0;1.0;1.0;true
Columbina_minuta_1;256;256;0;0;1.0;1.0;true
Columbina_minuta_2;256;256;0;0;1.0;1.0;true
Coracias_cyanogaster_1;256;256;0;0;1.0;1.0;true
Coracias_cyanogaster_2;256;256;0;0;1.0;1.0;true
Corvus_albus_1;274;274;0;0;1.0;1.0;true
Corvus_albus_2;274;274;0;0;1.0;1.0;true
Corythaeola_cristata_1;256;256;0;0;1.0;1.0;true
Corythaeola_cristata_2;256;256;0;0;1.0;1.0;true
Cotinga_cayana_1;256;256;0;0;1.0;1.0;true
Cotinga_cayana_2;256;256;0;0;1.0;1.0;true
Crax_alector_1;256;256;0;0;1.0;1.0;true
Crax_alector_2;256;256;0;0;1.0;1.0;true
Crocodylus_porosus_1;256;256;0;0;1.0;1.0;true
Crocodylus_porosus_2;256;256;0;0;1.0;1.0;true
Cryptopipo_aenigma_1;256;256;0;0;1.0;1.0;true
Cryptopipo_aenigma_2;256;256;0;0;1.0;1.0;true
Crypturellus_tataupa_1;319;319;0;0;1.0;1.0;true
Crypturellus_tataupa_2;319;319;0;0;1.0;1.0;true
Cuculus_optatus_1;256;256;0;0;1.0;1.0;true
Cuculus_optatus_2;256;256;0;0;1.0;1.0;true
Dendrocygna_viduata_1;256;256;0;0;1.0;1.0;true
Dendrocygna_viduata_2;256;256;0;0;1.0;1.0;true
Dromaius_novaehollandiae_1;256;256;0;0;1.0;1.0;true
Dromaius_novaehollandiae_2;256;256;0;0;1.0;1.0;true
Elaenia_flavogaster_1;256;256;0;0;1.0;1.0;true
Elaenia_flavogaster_2;256;256;0;0;1.0;1.0;true
Elanus_leucurus_1;256;256;0;0;1.0;1.0;true
Elanus_leucurus_2;256;256;0;0;1.0;1.0;true
Eudromia_elegans_1;322;322;0;0;1.0;1.0;true
Eudromia_elegans_2;322;322;0;0;1.0;1.0;true
Eurostopodus_macrotis_1;328;274;54;54;1.0;0.835;true
Eurostopodus_macrotis_2;328;274;54;54;1.0;0.835;true
Eurylaimus_ochromalus_1;256;256;0;0;1.0;1.0;true
Eurylaimus_ochromalus_2;256;256;0;0;1.0;1.0;true
Eurypyga_helias_1;256;256;0;0;1.0;1.0;true
Eurypyga_helias_2;256;256;0;0;1.0;1.0;true
Falco_sparverius_1;256;256;0;0;1.0;1.0;true
Falco_sparverius_2;256;256;0;0;1.0;1.0;true
Fregata_magnificens_1;256;256;0;0;1.0;1.0;true
Fregata_magnificens_2;256;256;0;0;1.0;1.0;true
Fringilla_coelebs_1;256;256;0;0;1.0;1.0;true
Fringilla_coelebs_2;256;256;0;0;1.0;1.0;true
Fulmarus_glacialoides_1;256;256;0;0;1.0;1.0;true
Fulmarus_glacialoides_2;256;256;0;0;1.0;1.0;true
Furnarius_rufus_1;256;256;0;0;1.0;1.0;true
Furnarius_rufus_2;256;256;0;0;1.0;1.0;true
Galbula_dea_1;256;256;0;0;1.0;1.0;true
Galbula_dea_2;256;256;0;0;1.0;1.0;true
Gallus_gallus_1;256;256;0;0;1.0;1.0;true
Gallus_gallus_2;256;256;0;0;1.0;1.0;true
Gavia_immer_1;256;256;0;0;1.0;1.0;true
Gavia_immer_2;256;256;0;0;1.0;1.0;true
Glareola_nuchalis_1;256;256;0;0;1.0;1.0;true
Glareola_nuchalis_2;256;256;0;0;1.0;1.0;true
Grus_canadensis_1;256;256;0;0;1.0;1.0;true
Grus_canadensis_2;256;256;0;0;1.0;1.0;true
Haematopus_palliatus_1;256;256;0;0;1.0;1.0;true
Haematopus_palliatus_2;256;256;0;0;1.0;1.0;true
Heliornis_fulica_1;256;256;0;0;1.0;1.0;true
Heliornis_fulica_2;256;256;0;0;1.0;1.0;true
Hirundinea_ferruginea_1;256;256;0;0;1.0;1.0;true
Hirundinea_ferruginea_2;256;256;0;0;1.0;1.0;true
Hymenops_perspicillatus_1;256;256;0;0;1.0;1.0;true
Hymenops_perspicillatus_2;256;256;0;0;1.0;1.0;true
Ibycter_americanus_1;256;256;0;0;1.0;1.0;true
Ibycter_americanus_2;256;256;0;0;1.0;1.0;true
Indicator_exilis_1;256;256;0;0;1.0;1.0;true
Indicator_exilis_2;256;256;0;0;1.0;1.0;true
Ixobrychus_minutus_1;256;256;0;0;1.0;1.0;true
Ixobrychus_minutus_2;256;256;0;0;1.0;1.0;true
Jacana_jacana_1;256;256;0;0;1.0;1.0;true
Jacana_jacana_2;256;256;0;0;1.0;1.0;true
Jynx_torquilla_1;256;256;0;0;1.0;1.0;true
Jynx_torquilla_2;256;256;0;0;1.0;1.0;true
Leipoa_ocellata_1;256;256;0;0;1.0;1.0;true
Leipoa_ocellata_2;256;256;0;0;1.0;1.0;true
Lepidocolaptes_angustirostr_1;256;256;0;0;1.0;1.0;true
Lepidocolaptes_angustirostr_2;256;256;0;0;1.0;1.0;true
Leptoptilos_crumeniferus_1;256;256;0;0;1.0;1.0;true
Leptoptilos_crumeniferus_2;256;256;0;0;1.0;1.0;true
Leptosomus_discolor_1;256;256;0;0;1.0;1.0;true
Leptosomus_discolor_2;256;256;0;0;1.0;1.0;true
Leptotila_rufaxilla_1;256;256;0;0;1.0;1.0;true
Leptotila_rufaxilla_2;256;256;0;0;1.0;1.0;true
Limosa_lapponica_1;256;256;0;0;1.0;1.0;true
Limosa_lapponica_2;256;256;0;0;1.0;1.0;true
Lophorina_superba_1;274;274;0;0;1.0;1.0;true
Lophorina_superba_2;274;274;0;0;1.0;1.0;true
Megalaima_chrysopogon_1;256;256;0;0;1.0;1.0;true
Megalaima_chrysopogon_2;256;256;0;0;1.0;1.0;true
Melanopareia_maximilian_1;256;256;0;0;1.0;1.0;true
Melanopareia_maximilian_2;256;256;0;0;1.0;1.0;true
Menura_novaehollandiae_1;256;256;0;0;1.0;1.0;true
Menura_novaehollandiae_2;256;256;0;0;1.0;1.0;true
Merops_muelleri_1;256;256;0;0;1.0;1.0;true
Merops_muelleri_2;256;256;0;0;1.0;1.0;true
Mesitornis_unicolor_1;256;256;0;0;1.0;1.0;true
Mesitornis_unicolor_2;256;256;0;0;1.0;1.0;true
Micrastur_gilvicollis_1;256;256;0;0;1.0;1.0;true
Micrastur_gilvicollis_2;256;256;0;0;1.0;1.0;true
Micropygia_schomburgkii_1;256;256;0;0;1.0;1.0;true
Micropygia_schomburgkii_2;256;256;0;0;1.0;1.0;true
Momotus_lessonii_1;256;256;0;0;1.0;1.0;true
Momotus_lessonii_2;256;256;0;0;1.0;1.0;true
Monias_benschi_1;256;256;0;0;1.0;1.0;true
Monias_benschi_2;256;256;0;0;1.0;1.0;true
Morus_serrator_1;256;256;0;0;1.0;1.0;true
Morus_serrator_2;256;256;0;0;1.0;1.0;true
Myiobius_barbatus_1;256;256;0;0;1.0;1.0;true
Myiobius_barbatus_2;256;256;0;0;1.0;1.0;true
Myrmornis_torquata_1;256;256;0;0;1.0;1.0;true
Myrmornis_torquata_2;256;256;0;0;1.0;1.0;true
Neodrepanis_coruscans_1;256;256;0;0;1.0;1.0;true
Neodrepanis_coruscans_2;256;256;0;0;1.0;1.0;true
Neopelma_chrysocephalum_1;256;256;0;0;1.0;1.0;true
Neopelma_chrysocephalum_2;256;256;0;0;1.0;1.0;true
Nestor_meridionalis_1;256;256;0;0;1.0;1.0;true
Nestor_meridionalis_2;256;256;0;0;1.0;1.0;true
Nothoprocta_ornata_1;322;322;0;0;1.0;1.0;true
Nothoprocta_ornata_2;322;322;0;0;1.0;1.0;true
Numida_malagris_1;256;256;0;0;1.0;1.0;true
Numida_malagris_2;256;256;0;0;1.0;1.0;true
Nyctibius_griseus_1;256;256;0;0;1.0;1.0;true
Nyctibius_griseus_2;256;256;0;0;1.0;1.0;true
Oceanites_oceanicus_1;256;256;0;0;1.0;1.0;true
Oceanites_oceanicus_2;256;256;0;0;1.0;1.0;true
Oceanodroma_leucorhoa_1;256;256;0;0;1.0;1.0;true
Oceanodroma_leucorhoa_2;256;256;0;0;1.0;1.0;true
Odontophorus_gujanensis_1;256;256;0;0;1.0;1.0;true
Odontophorus_gujanensis_2;256;256;0;0;1.0;1.0;true
Opisthocomus_hoazin_1;256;256;0;0;1.0;1.0;true
Opisthocomus_hoazin_2;256;256;0;0;1.0;1.0;true
Ortalis_motmot_1;256;256;0;0;1.0;1.0;true
Ortalis_motmot_2;256;256;0;0;1.0;1.0;true
Oxyruncus_cristatus_1;256;256;0;0;1.0;1.0;true
Oxyruncus_cristatus_2;256;256;0;0;1.0;1.0;true
Oxyura_jamaicensis_1;256;256;0;0;1.0;1.0;true
Oxyura_jamaicensis_2;256;256;0;0;1.0;1.0;true
Pedionomus_torquatus_1;256;256;0;0;1.0;1.0;true
Pedionomus_torquatus_2;256;256;0;0;1.0;1.0;true
Pelagodroma_marina_1;256;256;0;0;1.0;1.0;true
Pelagodroma_marina_2;256;256;0;0;1.0;1.0;true
Pelecanoides_urinatrix_1;256;256;0;0;1.0;1.0;true
Pelecanoides_urinatrix_2;256;256;0;0;1.0;1.0;true
Pelecanus_occidentalis_1;256;256;0;0;1.0;1.0;true
Pelecanus_occidentalis_2;256;256;0;0;1.0;1.0;true
Phaethon_rubricauda_1;256;256;0;0;1.0;1.0;true
Phaethon_rubricauda_2;256;256;0;0;1.0;1.0;true
Phaethornis_superciliosus_1;256;256;0;0;1.0;1.0;true
Phaethornis_superciliosus_2;256;256;0;0;1.0;1.0;true
Phalacrocorax_brasili_1;256;256;0;0;1.0;1.0;true
Phalacrocorax_brasili_2;256;256;0;0;1.0;1.0;true
Phoebastria_nigripes_1;256;256;0;0;1.0;1.0;true
Phoebastria_nigripes_2;256;256;0;0;1.0;1.0;true
Phoenicopterus_ruber_1;256;256;0;0;1.0;1.0;true
Phoenicopterus_ruber_2;256;256;0;0;1.0;1.0;true
Picus_canus_1;256;256;0;0;1.0;1.0;true
Picus_canus_2;256;256;0;0;1.0;1.0;true
Pipra_erythrocephala_1;256;256;0;0;1.0;1.0;true
Pipra_erythrocephala_2;256;256;0;0;1.0;1.0;true
Piprites_chloris_1;256;256;0;0;1.0;1.0;true
Piprites_chloris_2;256;256;0;0;1.0;1.0;true
Pitta_angolensis_1;256;256;0;0;1.0;1.0;true
Pitta_angolensis_2;256;256;0;0;1.0;1.0;true
Podargus_strigoides_1;256;256;0;0;1.0;1.0;true
Podargus_strigoides_2;256;256;0;0;1.0;1.0;true
Poecile_lugubris_1;256;256;0;0;1.0;1.0;true
Poecile_lugubris_2;256;256;0;0;1.0;1.0;true
Probosciger_aterrimus_1;256;256;0;0;1.0;1.0;true
Probosciger_aterrimus_2;256;256;0;0;1.0;1.0;true
Psittacus_erithacus_1;256;256;0;0;1.0;1.0;true
Psittacus_erithacus_2;256;256;0;0;1.0;1.0;true
Psittrichas_fulgidus_1;256;256;0;0;1.0;1.0;true
Psittrichas_fulgidus_2;256;256;0;0;1.0;1.0;true
Psophia_crepitans_1;256;256;0;0;1.0;1.0;true
Psophia_crepitans_2;256;256;0;0;1.0;1.0;true
Pterocles_bicinctus_1;256;256;0;0;1.0;1.0;true
Pterocles_bicinctus_2;256;256;0;0;1.0;1.0;true
Pterodroma_externa_1;256;256;0;0;1.0;1.0;true
Pterodroma_externa_2;256;256;0;0;1.0;1.0;true
Ptilinopus_magnificus_1;256;256;0;0;1.0;1.0;true
Ptilinopus_magnificus_2;256;256;0;0;1.0;1.0;true
Ptilonorhynchus_violaceus_1;256;256;0;0;1.0;1.0;true
Ptilonorhynchus_violaceus_2;256;256;0;0;1.0;1.0;true
Pycnonotus_macrotis_1;256;256;0;0;1.0;1.0;true
Pycnonotus_macrotis_2;256;256;0;0;1.0;1.0;true
Ramphastos_ambiguus_1;256;256;0;0;1.0;1.0;true
Ramphastos_ambiguus_2;256;256;0;0;1.0;1.0;true
Recurvirostra_americana_1;256;256;0;0;1.0;1.0;true
Recurvirostra_americana_2;256;256;0;0;1.0;1.0;true
Regulus_ignicapilla_1;256;256;0;0;1.0;1.0;true
Regulus_ignicapilla_2;256;256;0;0;1.0;1.0;true
Rhea_americana_1;322;322;0;0;1.0;1.0;true
Rhea_americana_2;322;322;0;0;1.0;1.0;true
Rhynchocyclus_olivaceus_1;256;256;0;0;1.0;1.0;true
Rhynchocyclus_olivaceus_2;256;256;0;0;1.0;1.0;true
Rollandia_rolland_1;256;256;0;0;1.0;1.0;true
Rollandia_rolland_2;256;256;0;0;1.0;1.0;true
Rollulus_rouloul_1;256;256;0;0;1.0;1.0;true
Rollulus_rouloul_2;256;256;0;0;1.0;1.0;true
Rostratula_benghalensis_1;256;256;0;0;1.0;1.0;true
Rostratula_benghalensis_2;256;256;0;0;1.0;1.0;true
Rupicola_rupicola_1;256;256;0;0;1.0;1.0;true
Rupicola_rupicola_2;256;256;0;0;1.0;1.0;true
Rynchops_niger_1;256;256;0;0;1.0;1.0;true
Rynchops_niger_2;256;256;0;0;1.0;1.0;true
Sagittarius_serpentarius_1;256;256;0;0;1.0;1.0;true
Sagittarius_serpentarius_2;256;256;0;0;1.0;1.0;true
Sarothrura_rufa_1;256;256;0;0;1.0;1.0;true
Sarothrura_rufa_2;256;256;0;0;1.0;1.0;true
Schiffornis_turdina_1;256;256;0;0;1.0;1.0;true
Schiffornis_turdina_2;256;256;0;0;1.0;1.0;true
Sclerurus_mexicanus_1;256;256;0;0;1.0;1.0;true
Sclerurus_mexicanus_2;256;256;0;0;1.0;1.0;true
Scopus_umbretta_1;256;256;0;0;1.0;1.0;true
Scopus_umbretta_2;256;256;0;0;1.0;1.0;true
Sericulus_bakeri_1;256;256;0;0;1.0;1.0;true
Sericulus_bakeri_2;256;256;0;0;1.0;1.0;true
Smithornis_rufolateralis_1;256;256;0;0;1.0;1.0;true
Smithornis_rufolateralis_2;256;256;0;0;1.0;1.0;true
Steatornis_caripensi_1;253;253;0;0;1.0;1.0;true
Steatornis_caripensi_2;253;253;0;0;1.0;1.0;true
Sterna_hirundo_1;256;256;0;0;1.0;1.0;true
Sterna_hirundo_2;256;256;0;0;1.0;1.0;true
Streptoprocne_zonaris_1;256;256;0;0;1.0;1.0;true
Streptoprocne_zonaris_2;256;256;0;0;1.0;1.0;true
Strix_varia_1;256;256;0;0;1.0;1.0;true
Strix_varia_2;256;256;0;0;1.0;1.0;true
Sylvia_melanocephala_1;256;256;0;0;1.0;1.0;true
Sylvia_melanocephala_2;256;256;0;0;1.0;1.0;true
Syrrhaptes_paradoxus_1;256;256;0;0;1.0;1.0;true
Syrrhaptes_paradoxus_2;256;256;0;0;1.0;1.0;true
Tapera_naevia_1;256;256;0;0;1.0;1.0;true
Tapera_naevia_2;256;256;0;0;1.0;1.0;true
Tauraco_macrorhynchus_1;256;256;0;0;1.0;1.0;true
Tauraco_macrorhynchus_2;256;256;0;0;1.0;1.0;true
Terenura_callinota_1;256;256;0;0;1.0;1.0;true
Terenura_callinota_2;256;256;0;0;1.0;1.0;true
Thamnophilus_ruficapillu_1;256;256;0;0;1.0;1.0;true
Thamnophilus_ruficapillu_2;256;256;0;0;1.0;1.0;true
Theristicus_caerulescens_1;256;256;0;0;1.0;1.0;true
Theristicus_caerulescens_2;256;256;0;0;1.0;1.0;true
Tigrisoma_lineatum_1;256;256;0;0;1.0;1.0;true
Tigrisoma_lineatum_2;256;256;0;0;1.0;1.0;true
Tinamus_major_1;319;319;0;0;1.0;1.0;true
Tinamus_major_2;319;319;0;0;1.0;1.0;true
Tockus_camurus_1;256;256;0;0;1.0;1.0;true
Tockus_camurus_2;256;256;0;0;1.0;1.0;true
Todus_mexicanus_1;256;256;0;0;1.0;1.0;true
Todus_mexicanus_2;256;256;0;0;1.0;1.0;true
Topaza_pella_1;256;256;0;0;1.0;1.0;true
Topaza_pella_2;256;256;0;0;1.0;1.0;true
Treron_calvus_1;256;256;0;0;1.0;1.0;true
Treron_calvus_2;256;256;0;0;1.0;1.0;true
Tringa_solitaria_1;256;256;0;0;1.0;1.0;true
Tringa_solitaria_2;256;256;0;0;1.0;1.0;true
Trogon_elegans_1;256;256;0;0;1.0;1.0;true
Trogon_elegans_2;256;256;0;0;1.0;1.0;true
Turdus_olivater_1;283;283;0;0;1.0;1.0;true
Turdus_olivater_2;283;283;0;0;1.0;1.0;true
Turnix_ocellata_1;256;256;0;0;1.0;1.0;true
Turnix_ocellata_2;256;256;0;0;1.0;1.0;true
Tyrannus_albogularis_1;256;256;0;0;1.0;1.0;true
Tyrannus_albogularis_2;256;256;0;0;1.0;1.0;true
Uria_aalge_1;208;208;0;0;1.0;1.0;true
Uria_aalge_2;208;208;0;0;1.0;1.0;true
Urocolius_indicus_1;256;256;0;0;1.0;1.0;true
Urocolius_indicus_2;256;256;0;0;1.0;1.0;true
