seqName;initialSeqLength;nbKeep;nbTrim;nbInformativeTrim;percentKeepExcludingExtremities;percentKeepIncludingExtremities;keptSequences
Acanthisitta_chloris_1;1629;1554;75;75;1.0;0.953;true
Acanthisitta_chloris_2;1629;1554;75;75;1.0;0.953;true
Accipiter_superciliosus_1;1344;1344;0;0;1.0;1.0;true
Accipiter_superciliosus_2;1344;1344;0;0;1.0;1.0;true
Aegotheles_insignis_1;1500;1497;3;3;1.0;0.998;true
Aegotheles_insignis_2;1500;1497;3;3;1.0;0.998;true
Alcedo_quadribrachys_1;1572;1554;18;18;1.0;0.988;true
Alcedo_quadribrachys_2;1572;1554;18;18;1.0;0.988;true
Anas_superciliosa_1;1110;1092;18;18;1.0;0.983;true
Anas_superciliosa_2;1110;1092;18;18;1.0;0.983;true
Anhinga_anhinga_1;1584;1554;30;30;1.0;0.981;true
Anhinga_anhinga_2;1584;1554;30;30;1.0;0.981;true
Anser_canagicus_1;1692;1554;138;138;1.0;0.918;true
Anser_canagicus_2;1692;1554;138;138;1.0;0.918;true
Anseranas_semipalmata_1;1623;1554;69;69;1.0;0.957;true
Anseranas_semipalmata_2;1623;1554;69;69;1.0;0.957;true
Apaloderma_aequatoriale_1;1572;1554;18;18;1.0;0.988;true
Apaloderma_aequatoriale_2;1572;1554;18;18;1.0;0.988;true
Apteryx_sp._1;1590;1521;69;69;1.0;0.956;true
Apteryx_sp._2;1590;1521;69;69;1.0;0.956;true
Aramus_guarauna_1;1683;1554;129;129;1.0;0.923;true
Aramus_guarauna_2;1683;1554;129;129;1.0;0.923;true
Archilochus_colubris_1;1416;1341;75;75;1.0;0.947;true
Archilochus_colubris_2;1416;1341;75;75;1.0;0.947;true
Ardea_herodias_1;1539;1536;3;3;1.0;0.998;true
Ardea_herodias_2;1539;1536;3;3;1.0;0.998;true
Ardeotis_kori_1;1611;1554;57;57;1.0;0.964;true
Ardeotis_kori_2;1611;1554;57;57;1.0;0.964;true
Arenaria_interpres_1;1566;1554;12;12;1.0;0.992;true
Arenaria_interpres_2;1566;1554;12;12;1.0;0.992;true
Atelornis_pittoides_1;1548;1545;3;3;1.0;0.998;true
Atelornis_pittoides_2;1548;1545;3;3;1.0;0.998;true
Aythya_valisineria_1;1665;1554;111;111;1.0;0.933;true
Aythya_valisineria_2;1665;1554;111;111;1.0;0.933;true
Balaeniceps_rex_1;1530;1527;3;3;1.0;0.998;true
Balaeniceps_rex_2;1530;1527;3;3;1.0;0.998;true
Balearica_regulorum_1;1515;1515;0;0;1.0;1.0;true
Balearica_regulorum_2;1515;1515;0;0;1.0;1.0;true
Barnardius_zonarius_1;1203;1176;27;27;1.0;0.977;true
Barnardius_zonarius_2;1203;1176;27;27;1.0;0.977;true
Bonasa_umbellus_1;1650;1554;96;96;1.0;0.941;true
Bonasa_umbellus_2;1650;1554;96;96;1.0;0.941;true
Buccanodon_duchaillui_1;1614;1554;60;60;1.0;0.962;true
Buccanodon_duchaillui_2;1614;1554;60;60;1.0;0.962;true
Bucco_capensis_1;1626;1554;72;72;1.0;0.955;true
Bucco_capensis_2;1626;1554;72;72;1.0;0.955;true
Bucorvus_leadbeateri_1;1557;1554;3;3;1.0;0.998;true
Bucorvus_leadbeateri_2;1557;1554;3;3;1.0;0.998;true
Burhinus_oedicnemus_1;1572;1554;18;18;1.0;0.988;true
Burhinus_oedicnemus_2;1572;1554;18;18;1.0;0.988;true
Buteo_jamaicensis_1;1602;1554;48;48;1.0;0.97;true
Buteo_jamaicensis_2;1602;1554;48;48;1.0;0.97;true
Caiman_croccodilus_1;624;621;3;3;0.995;0.995;true
Caiman_croccodilus_2;624;621;3;3;0.995;0.995;true
Calandrella_brachydactyla_1;1632;1554;78;78;1.0;0.952;true
Calandrella_brachydactyla_2;1632;1554;78;78;1.0;0.952;true
Calyptomena_viridis_1;1545;1542;3;3;1.0;0.998;true
Calyptomena_viridis_2;1545;1542;3;3;1.0;0.998;true
Capito_niger_1;1236;1188;48;48;1.0;0.961;true
Capito_niger_2;1236;1188;48;48;1.0;0.961;true
Caprimulgus_europaeus_1;1596;1554;42;42;1.0;0.973;true
Caprimulgus_europaeus_2;1596;1554;42;42;1.0;0.973;true
Caracara_cheriway_1;1701;1554;147;147;1.0;0.913;true
Caracara_cheriway_2;1701;1554;147;147;1.0;0.913;true
Cariama_cristata_1;1701;1542;159;159;1.0;0.906;true
Cariama_cristata_2;1701;1542;159;159;1.0;0.906;true
Casuarius_bennetti_1;1581;1536;45;45;1.0;0.971;true
Casuarius_bennetti_2;1581;1536;45;45;1.0;0.971;true
Cathartes_burrovianus_1;1137;1137;0;0;1.0;1.0;true
Cathartes_burrovianus_2;1137;1137;0;0;1.0;1.0;true
Centropus_bengalensis_1;1470;1392;78;78;1.0;0.946;true
Centropus_bengalensis_2;1470;1392;78;78;1.0;0.946;true
Chaetura_brachyura_1;1446;1392;54;54;1.0;0.962;true
Chaetura_brachyura_2;1446;1392;54;54;1.0;0.962;true
Charadrius_hiaticula_1;1299;1299;0;0;1.0;1.0;true
Charadrius_hiaticula_2;1299;1299;0;0;1.0;1.0;true
Chauna_torquata_1;1767;1554;213;213;1.0;0.879;true
Chauna_torquata_2;1767;1554;213;213;1.0;0.879;true
Chelidoptera_tenebrosa_1;1635;1554;81;81;1.0;0.95;true
Chelidoptera_tenebrosa_2;1635;1554;81;81;1.0;0.95;true
Chloroceryle_inda_1;1152;1152;0;0;1.0;1.0;true
Chloroceryle_inda_2;1152;1152;0;0;1.0;1.0;true
Chordeiles_pusillus_1;1626;1554;72;72;1.0;0.955;true
Chordeiles_pusillus_2;1626;1554;72;72;1.0;0.955;true
Chroicocephalus_cirrocephalus_1;918;918;0;0;1.0;1.0;true
Chroicocephalus_cirrocephalus_2;918;918;0;0;1.0;1.0;true
Chunga_burmeisteri_1;1662;1542;120;120;1.0;0.927;true
Chunga_burmeisteri_2;1662;1542;120;120;1.0;0.927;true
Ciconia_nigra_1;1494;1491;3;3;1.0;0.997;true
Ciconia_nigra_2;1494;1491;3;3;1.0;0.997;true
Climacteris_melanura_1;1518;1404;114;114;1.0;0.924;true
Climacteris_melanura_2;1518;1404;114;114;1.0;0.924;true
Coccyzus_melacoryphus_1;1203;1122;81;81;1.0;0.932;true
Coccyzus_melacoryphus_2;1203;1122;81;81;1.0;0.932;true
Colinus_cristatus_1;1635;1554;81;81;1.0;0.95;true
Colinus_cristatus_2;1635;1554;81;81;1.0;0.95;true
Colius_colius_1;1524;1521;3;3;1.0;0.998;true
Colius_colius_2;1524;1521;3;3;1.0;0.998;true
Columba_livia_1;1605;1554;51;51;1.0;0.968;true
Columba_livia_2;1605;1554;51;51;1.0;0.968;true
Columbina_minuta_1;1677;1554;123;123;1.0;0.926;true
Columbina_minuta_2;1677;1554;123;123;1.0;0.926;true
Coracias_cyanogaster_1;1587;1554;33;33;1.0;0.979;true
Coracias_cyanogaster_2;1587;1554;33;33;1.0;0.979;true
Corvus_albus_1;1668;1554;114;114;1.0;0.931;true
Corvus_albus_2;1668;1554;114;114;1.0;0.931;true
Corythaeola_cristata_1;483;483;0;0;1.0;1.0;true
Corythaeola_cristata_2;483;483;0;0;1.0;1.0;true
Cotinga_cayana_1;1686;1554;132;132;1.0;0.921;true
Cotinga_cayana_2;1686;1554;132;132;1.0;0.921;true
Crax_alector_1;1629;1554;75;75;1.0;0.953;true
Crax_alector_2;1629;1554;75;75;1.0;0.953;true
Crocodylus_porosus_1;849;849;0;0;1.0;1.0;true
Crocodylus_porosus_2;849;849;0;0;1.0;1.0;true
Cryptopipo_aenigma_1;1674;1554;120;120;1.0;0.928;true
Cryptopipo_aenigma_2;1674;1554;120;120;1.0;0.928;true
Crypturellus_tataupa_1;1599;1554;45;45;0.998;0.971;true
Crypturellus_tataupa_2;1599;1554;45;45;0.998;0.971;true
Cuculus_optatus_1;1221;1221;0;0;1.0;1.0;true
Cuculus_optatus_2;1221;1221;0;0;1.0;1.0;true
Dendrocygna_viduata_1;1527;1524;3;3;1.0;0.998;true
Dendrocygna_viduata_2;1527;1524;3;3;1.0;0.998;true
Deroptyus_accipitrinus_1;1203;1203;0;0;1.0;1.0;true
Deroptyus_accipitrinus_2;1203;1203;0;0;1.0;1.0;true
Dromaius_novaehollandiae_1;1608;1536;72;72;1.0;0.955;true
Dromaius_novaehollandiae_2;1608;1536;72;72;1.0;0.955;true
Elaenia_flavogaster_1;1665;1554;111;111;1.0;0.933;true
Elaenia_flavogaster_2;1665;1554;111;111;1.0;0.933;true
Elanus_leucurus_1;1236;1215;21;21;1.0;0.983;true
Elanus_leucurus_2;1236;1215;21;21;1.0;0.983;true
Eudromia_elegans_1;1653;1557;96;96;1.0;0.941;true
Eudromia_elegans_2;1653;1557;96;96;1.0;0.941;true
Eurostopodus_macrotis_1;1683;1554;129;129;1.0;0.923;true
Eurostopodus_macrotis_2;1683;1554;129;129;1.0;0.923;true
Eurylaimus_ochromalus_1;1617;1554;63;63;1.0;0.961;true
Eurylaimus_ochromalus_2;1617;1554;63;63;1.0;0.961;true
Eurypyga_helias_1;1482;1479;3;3;1.0;0.997;true
Eurypyga_helias_2;1482;1479;3;3;1.0;0.997;true
Falco_sparverius_1;1758;1554;204;204;1.0;0.883;true
Falco_sparverius_2;1758;1554;204;204;1.0;0.883;true
Fregata_magnificens_1;1575;1554;21;21;1.0;0.986;true
Fregata_magnificens_2;1575;1554;21;21;1.0;0.986;true
Fringilla_coelebs_1;1653;1554;99;99;1.0;0.94;true
Fringilla_coelebs_2;1653;1554;99;99;1.0;0.94;true
Fulmarus_glacialoides_1;1533;1530;3;3;1.0;0.998;true
Fulmarus_glacialoides_2;1533;1530;3;3;1.0;0.998;true
Furnarius_rufus_1;1614;1554;60;60;1.0;0.962;true
Furnarius_rufus_2;1614;1554;60;60;1.0;0.962;true
Galbula_dea_1;1632;1554;78;78;1.0;0.952;true
Galbula_dea_2;1632;1554;78;78;1.0;0.952;true
Gallus_gallus_1;1674;1554;120;120;1.0;0.928;true
Gallus_gallus_2;1674;1554;120;120;1.0;0.928;true
Gavia_immer_1;1419;1398;21;21;1.0;0.985;true
Gavia_immer_2;1419;1398;21;21;1.0;0.985;true
Glareola_nuchalis_1;1581;1554;27;27;0.996;0.982;true
Glareola_nuchalis_2;1581;1554;27;27;0.996;0.982;true
Grus_canadensis_1;1407;1404;3;3;1.0;0.997;true
Grus_canadensis_2;1407;1404;3;3;1.0;0.997;true
Haematopus_palliatus_1;1584;1554;30;30;1.0;0.981;true
Haematopus_palliatus_2;1584;1554;30;30;1.0;0.981;true
Heliornis_fulica_1;1638;1554;84;84;1.0;0.948;true
Heliornis_fulica_2;1638;1554;84;84;1.0;0.948;true
Hemiprocne_comata_1;1134;1107;27;27;1.0;0.976;true
Hemiprocne_comata_2;1134;1107;27;27;1.0;0.976;true
Hirundinea_ferruginea_1;1584;1554;30;30;1.0;0.981;true
Hirundinea_ferruginea_2;1584;1554;30;30;1.0;0.981;true
Hymenops_perspicillatus_1;1494;1491;3;3;1.0;0.997;true
Hymenops_perspicillatus_2;1494;1491;3;3;1.0;0.997;true
Ibycter_americanus_1;1578;1554;24;24;1.0;0.984;true
Ibycter_americanus_2;1578;1554;24;24;1.0;0.984;true
Indicator_exilis_1;1584;1554;30;30;1.0;0.981;true
Indicator_exilis_2;1584;1554;30;30;1.0;0.981;true
Ixobrychus_minutus_1;1524;1521;3;3;1.0;0.998;true
Ixobrychus_minutus_2;1524;1521;3;3;1.0;0.998;true
Jacana_jacana_1;1566;1551;15;15;1.0;0.99;true
Jacana_jacana_2;1566;1551;15;15;1.0;0.99;true
Jynx_torquilla_1;1632;1554;78;78;1.0;0.952;true
Jynx_torquilla_2;1632;1554;78;78;1.0;0.952;true
Leipoa_ocellata_1;1227;1227;0;0;1.0;1.0;true
Leipoa_ocellata_2;1227;1227;0;0;1.0;1.0;true
Lepidocolaptes_angustirostr_1;1611;1554;57;57;1.0;0.964;true
Lepidocolaptes_angustirostr_2;1611;1554;57;57;1.0;0.964;true
Leptoptilos_crumeniferus_1;1116;1044;72;72;1.0;0.935;true
Leptoptilos_crumeniferus_2;1116;1044;72;72;1.0;0.935;true
Leptosomus_discolor_1;1623;1542;81;81;1.0;0.95;true
Leptosomus_discolor_2;1623;1542;81;81;1.0;0.95;true
Leptotila_rufaxilla_1;1599;1554;45;45;1.0;0.971;true
Leptotila_rufaxilla_2;1599;1554;45;45;1.0;0.971;true
Limosa_lapponica_1;1503;1503;0;0;1.0;1.0;true
Limosa_lapponica_2;1503;1503;0;0;1.0;1.0;true
Lophorina_superba_1;1419;1407;12;12;1.0;0.991;true
Lophorina_superba_2;1419;1407;12;12;1.0;0.991;true
Malurus_splendens_1;1017;1017;0;0;1.0;1.0;true
Malurus_splendens_2;1017;1017;0;0;1.0;1.0;true
Megalaima_chrysopogon_1;1635;1554;81;81;1.0;0.95;true
Megalaima_chrysopogon_2;1635;1554;81;81;1.0;0.95;true
Melanopareia_maximilian_1;1494;1491;3;3;1.0;0.997;true
Melanopareia_maximilian_2;1494;1491;3;3;1.0;0.997;true
Menura_novaehollandiae_1;1704;1554;150;150;1.0;0.911;true
Menura_novaehollandiae_2;1704;1554;150;150;1.0;0.911;true
Merops_muelleri_1;1647;1554;93;93;1.0;0.943;true
Merops_muelleri_2;1647;1554;93;93;1.0;0.943;true
Mesitornis_unicolor_1;1674;1554;120;120;1.0;0.928;true
Mesitornis_unicolor_2;1674;1554;120;120;1.0;0.928;true
Micrastur_gilvicollis_1;1590;1554;36;36;1.0;0.977;true
Micrastur_gilvicollis_2;1590;1554;36;36;1.0;0.977;true
Micropygia_schomburgkii_1;1572;1554;18;18;1.0;0.988;true
Micropygia_schomburgkii_2;1572;1554;18;18;1.0;0.988;true
Momotus_lessonii_1;1518;1515;3;3;1.0;0.998;true
Momotus_lessonii_2;1518;1515;3;3;1.0;0.998;true
Monias_benschi_1;1608;1554;54;54;1.0;0.966;true
Monias_benschi_2;1608;1554;54;54;1.0;0.966;true
Morus_serrator_1;1563;1551;12;12;1.0;0.992;true
Morus_serrator_2;1563;1551;12;12;1.0;0.992;true
Myiobius_barbatus_1;1599;1554;45;45;1.0;0.971;true
Myiobius_barbatus_2;1599;1554;45;45;1.0;0.971;true
Myrmornis_torquata_1;1518;1515;3;3;1.0;0.998;true
Myrmornis_torquata_2;1518;1515;3;3;1.0;0.998;true
Myrmothera_campanisona_1;1338;1335;3;3;1.0;0.997;true
Myrmothera_campanisona_2;1338;1335;3;3;1.0;0.997;true
Neodrepanis_coruscans_1;1614;1554;60;60;1.0;0.962;true
Neodrepanis_coruscans_2;1614;1554;60;60;1.0;0.962;true
Neopelma_chrysocephalum_1;1566;1554;12;12;1.0;0.992;true
Neopelma_chrysocephalum_2;1566;1554;12;12;1.0;0.992;true
Nestor_meridionalis_1;1638;1551;87;87;1.0;0.946;true
Nestor_meridionalis_2;1638;1551;87;87;1.0;0.946;true
Nothoprocta_ornata_1;1641;1518;123;123;0.974;0.925;true
Nothoprocta_ornata_2;1641;1518;123;123;0.974;0.925;true
Numida_malagris_1;1587;1554;33;33;1.0;0.979;true
Numida_malagris_2;1587;1554;33;33;1.0;0.979;true
Nyctibius_griseus_1;1725;1554;171;171;1.0;0.9;true
Nyctibius_griseus_2;1725;1554;171;171;1.0;0.9;true
Oceanites_oceanicus_1;1635;1554;81;81;1.0;0.95;true
Oceanites_oceanicus_2;1635;1554;81;81;1.0;0.95;true
Oceanodroma_leucorhoa_1;1569;1554;15;15;1.0;0.99;true
Oceanodroma_leucorhoa_2;1569;1554;15;15;1.0;0.99;true
Odontophorus_gujanensis_1;1587;1554;33;33;1.0;0.979;true
Odontophorus_gujanensis_2;1587;1554;33;33;1.0;0.979;true
Opisthocomus_hoazin_1;1230;1122;108;108;1.0;0.912;true
Opisthocomus_hoazin_2;1230;1122;108;108;1.0;0.912;true
Ortalis_motmot_1;1611;1548;63;63;1.0;0.96;true
Ortalis_motmot_2;1611;1548;63;63;1.0;0.96;true
Oxyruncus_cristatus_1;1296;1173;123;123;1.0;0.905;true
Oxyruncus_cristatus_2;1296;1173;123;123;1.0;0.905;true
Oxyura_jamaicensis_1;1641;1554;87;87;1.0;0.946;true
Oxyura_jamaicensis_2;1641;1554;87;87;1.0;0.946;true
Pandion_haliaetus_1;549;546;3;3;1.0;0.994;true
Pandion_haliaetus_2;549;546;3;3;1.0;0.994;true
Pedionomus_torquatus_1;1689;1542;147;147;1.0;0.912;true
Pedionomus_torquatus_2;1689;1542;147;147;1.0;0.912;true
Pelagodroma_marina_1;1587;1554;33;33;1.0;0.979;true
Pelagodroma_marina_2;1587;1554;33;33;1.0;0.979;true
Pelecanoides_urinatrix_1;1287;1287;0;0;1.0;1.0;true
Pelecanoides_urinatrix_2;1287;1287;0;0;1.0;1.0;true
Pelecanus_occidentalis_1;1155;1155;0;0;1.0;1.0;true
Pelecanus_occidentalis_2;1155;1155;0;0;1.0;1.0;true
Phaethon_rubricauda_1;1647;1554;93;93;1.0;0.943;true
Phaethon_rubricauda_2;1647;1554;93;93;1.0;0.943;true
Phaethornis_superciliosus_1;1548;1545;3;3;1.0;0.998;true
Phaethornis_superciliosus_2;1548;1545;3;3;1.0;0.998;true
Phalacrocorax_brasili_1;1698;1554;144;144;1.0;0.915;true
Phalacrocorax_brasili_2;1698;1554;144;144;1.0;0.915;true
Phoebastria_nigripes_1;1584;1554;30;30;1.0;0.981;true
Phoebastria_nigripes_2;1584;1554;30;30;1.0;0.981;true
Phoenicopterus_ruber_1;1458;1455;3;3;1.0;0.997;true
Phoenicopterus_ruber_2;1458;1455;3;3;1.0;0.997;true
Phoeniculus_purpureus_1;1194;1194;0;0;1.0;1.0;true
Phoeniculus_purpureus_2;1194;1194;0;0;1.0;1.0;true
Picus_canus_1;1632;1554;78;78;1.0;0.952;true
Picus_canus_2;1632;1554;78;78;1.0;0.952;true
Pipra_erythrocephala_1;1557;1554;3;3;1.0;0.998;true
Pipra_erythrocephala_2;1557;1554;3;3;1.0;0.998;true
Piprites_chloris_1;1605;1554;51;51;1.0;0.968;true
Piprites_chloris_2;1605;1554;51;51;1.0;0.968;true
Pitta_angolensis_1;1131;1083;48;48;1.0;0.957;true
Pitta_angolensis_2;1131;1083;48;48;1.0;0.957;true
Podargus_strigoides_1;1599;1554;45;45;1.0;0.971;true
Podargus_strigoides_2;1599;1554;45;45;1.0;0.971;true
Poecile_lugubris_1;1146;1131;15;15;1.0;0.986;true
Poecile_lugubris_2;1146;1131;15;15;1.0;0.986;true
Porphyrio_porphyrio_1;1314;1311;3;3;1.0;0.997;true
Porphyrio_porphyrio_2;1314;1311;3;3;1.0;0.997;true
Probosciger_aterrimus_1;1308;1278;30;30;1.0;0.977;true
Probosciger_aterrimus_2;1308;1278;30;30;1.0;0.977;true
Psittacus_erithacus_1;1737;1554;183;183;1.0;0.894;true
Psittacus_erithacus_2;1737;1554;183;183;1.0;0.894;true
Psittrichas_fulgidus_1;1662;1554;108;108;1.0;0.935;true
Psittrichas_fulgidus_2;1662;1554;108;108;1.0;0.935;true
Psophia_crepitans_1;1677;1554;123;123;1.0;0.926;true
Psophia_crepitans_2;1677;1554;123;123;1.0;0.926;true
Pterocles_bicinctus_1;1782;1554;228;228;1.0;0.872;true
Pterocles_bicinctus_2;1782;1554;228;228;1.0;0.872;true
Pterodroma_externa_1;1572;1554;18;18;1.0;0.988;true
Pterodroma_externa_2;1572;1554;18;18;1.0;0.988;true
Ptilinopus_magnificus_1;1506;1392;114;114;1.0;0.924;true
Ptilinopus_magnificus_2;1506;1392;114;114;1.0;0.924;true
Ptilonorhynchus_violaceus_1;1761;1551;210;210;1.0;0.88;true
Ptilonorhynchus_violaceus_2;1761;1551;210;210;1.0;0.88;true
Puffinus_griseus_1;1596;1554;42;42;1.0;0.973;true
Puffinus_griseus_2;1596;1554;42;42;1.0;0.973;true
Pycnonotus_macrotis_1;1650;1554;96;96;1.0;0.941;true
Pycnonotus_macrotis_2;1650;1554;96;96;1.0;0.941;true
Rallus_longirostris_1;783;783;0;0;1.0;1.0;true
Rallus_longirostris_2;783;783;0;0;1.0;1.0;true
Ramphastos_ambiguus_1;1680;1554;126;126;1.0;0.925;true
Ramphastos_ambiguus_2;1680;1554;126;126;1.0;0.925;true
Recurvirostra_americana_1;1548;1545;3;3;1.0;0.998;true
Recurvirostra_americana_2;1548;1545;3;3;1.0;0.998;true
Regulus_ignicapilla_1;1674;1554;120;120;1.0;0.928;true
Regulus_ignicapilla_2;1674;1554;120;120;1.0;0.928;true
Rhea_americana_1;1605;1554;51;51;1.0;0.968;true
Rhea_americana_2;1605;1554;51;51;1.0;0.968;true
Rhynchocyclus_olivaceus_1;1635;1554;81;81;1.0;0.95;true
Rhynchocyclus_olivaceus_2;1635;1554;81;81;1.0;0.95;true
Rollandia_rolland_1;1575;1554;21;21;1.0;0.986;true
Rollandia_rolland_2;1575;1554;21;21;1.0;0.986;true
Rollulus_rouloul_1;1146;1146;0;0;1.0;1.0;true
Rollulus_rouloul_2;1146;1146;0;0;1.0;1.0;true
Rostratula_benghalensis_1;1059;1059;0;0;1.0;1.0;true
Rostratula_benghalensis_2;1059;1059;0;0;1.0;1.0;true
Rupicola_rupicola_1;1437;1434;3;3;1.0;0.997;true
Rupicola_rupicola_2;1437;1434;3;3;1.0;0.997;true
Rynchops_niger_1;1563;1560;3;3;1.0;0.998;true
Rynchops_niger_2;1563;1560;3;3;1.0;0.998;true
Sagittarius_serpentarius_1;1416;1416;0;0;1.0;1.0;true
Sagittarius_serpentarius_2;1416;1416;0;0;1.0;1.0;true
Sarothrura_rufa_1;1344;1293;51;51;1.0;0.962;true
Sarothrura_rufa_2;1344;1293;51;51;1.0;0.962;true
Schiffornis_turdina_1;1431;1428;3;3;1.0;0.997;true
Schiffornis_turdina_2;1431;1428;3;3;1.0;0.997;true
Sclerurus_mexicanus_1;1653;1554;99;99;1.0;0.94;true
Sclerurus_mexicanus_2;1653;1554;99;99;1.0;0.94;true
Scopus_umbretta_1;1494;1485;9;9;1.0;0.993;true
Scopus_umbretta_2;1494;1485;9;9;1.0;0.993;true
Sericulus_bakeri_1;1674;1551;123;123;1.0;0.926;true
Sericulus_bakeri_2;1674;1551;123;123;1.0;0.926;true
Smithornis_rufolateralis_1;1677;1554;123;123;1.0;0.926;true
Smithornis_rufolateralis_2;1677;1554;123;123;1.0;0.926;true
Spheniscus_humboldti_1;1491;1488;3;3;1.0;0.997;true
Spheniscus_humboldti_2;1491;1488;3;3;1.0;0.997;true
Spizella_arborea_1;696;696;0;0;1.0;1.0;true
Spizella_arborea_2;696;696;0;0;1.0;1.0;true
Steatornis_caripensi_1;390;390;0;0;1.0;1.0;true
Steatornis_caripensi_2;390;390;0;0;1.0;1.0;true
Sterna_hirundo_1;1230;1224;6;6;0.995;0.995;true
Sterna_hirundo_2;1230;1224;6;6;0.995;0.995;true
Streptoprocne_zonaris_1;1560;1554;6;6;1.0;0.996;true
Streptoprocne_zonaris_2;1560;1554;6;6;1.0;0.996;true
Strix_varia_1;921;921;0;0;1.0;1.0;true
Strix_varia_2;921;921;0;0;1.0;1.0;true
Struthio_camelus_1;1542;1539;3;3;1.0;0.998;true
Struthio_camelus_2;1542;1539;3;3;1.0;0.998;true
Sylvia_melanocephala_1;1533;1530;3;3;1.0;0.998;true
Sylvia_melanocephala_2;1533;1530;3;3;1.0;0.998;true
Syrrhaptes_paradoxus_1;1584;1554;30;30;1.0;0.981;true
Syrrhaptes_paradoxus_2;1584;1554;30;30;1.0;0.981;true
Tapera_naevia_1;1509;1506;3;3;1.0;0.998;true
Tapera_naevia_2;1509;1506;3;3;1.0;0.998;true
Tauraco_macrorhynchus_1;885;885;0;0;1.0;1.0;true
Tauraco_macrorhynchus_2;885;885;0;0;1.0;1.0;true
Terenura_callinota_1;1650;1554;96;96;1.0;0.941;true
Terenura_callinota_2;1650;1554;96;96;1.0;0.941;true
Thamnophilus_ruficapillu_1;1533;1530;3;3;1.0;0.998;true
Thamnophilus_ruficapillu_2;1533;1530;3;3;1.0;0.998;true
Theristicus_caerulescens_1;1578;1554;24;24;1.0;0.984;true
Theristicus_caerulescens_2;1578;1554;24;24;1.0;0.984;true
Tigrisoma_lineatum_1;1383;1383;0;0;1.0;1.0;true
Tigrisoma_lineatum_2;1383;1383;0;0;1.0;1.0;true
Tinamus_major_1;1605;1557;48;48;1.0;0.97;true
Tinamus_major_2;1605;1557;48;48;1.0;0.97;true
Tityra_cayana_1;1566;1554;12;12;1.0;0.992;true
Tityra_cayana_2;1566;1554;12;12;1.0;0.992;true
Tockus_camurus_1;1272;1239;33;33;1.0;0.974;true
Tockus_camurus_2;1272;1239;33;33;1.0;0.974;true
Todus_mexicanus_1;1425;1422;3;3;1.0;0.997;true
Todus_mexicanus_2;1425;1422;3;3;1.0;0.997;true
Topaza_pella_1;1335;1266;69;69;1.0;0.948;true
Topaza_pella_2;1335;1266;69;69;1.0;0.948;true
Treron_calvus_1;1629;1554;75;75;1.0;0.953;true
Treron_calvus_2;1629;1554;75;75;1.0;0.953;true
Tringa_solitaria_1;1638;1548;90;90;1.0;0.945;true
Tringa_solitaria_2;1638;1548;90;90;1.0;0.945;true
Trogon_elegans_1;1551;1548;3;3;1.0;0.998;true
Trogon_elegans_2;1551;1548;3;3;1.0;0.998;true
Turdus_olivater_1;1212;1179;33;33;1.0;0.972;true
Turdus_olivater_2;1212;1179;33;33;1.0;0.972;true
Turnix_ocellata_1;1281;1182;99;99;1.0;0.922;true
Turnix_ocellata_2;1281;1182;99;99;1.0;0.922;true
Tyrannus_albogularis_1;1635;1554;81;81;1.0;0.95;true
Tyrannus_albogularis_2;1635;1554;81;81;1.0;0.95;true
Tyto_alba_1;1149;1149;0;0;1.0;1.0;true
Tyto_alba_2;1149;1149;0;0;1.0;1.0;true
Upupa_epops_1;1053;1053;0;0;1.0;1.0;true
Upupa_epops_2;1053;1053;0;0;1.0;1.0;true
Uria_aalge_1;987;987;0;0;1.0;1.0;true
Uria_aalge_2;987;987;0;0;1.0;1.0;true
Urocolius_indicus_1;1563;1554;9;9;1.0;0.994;true
Urocolius_indicus_2;1563;1554;9;9;1.0;0.994;true
Vultur_gryphus_1;642;642;0;0;1.0;1.0;true
Vultur_gryphus_2;642;642;0;0;1.0;1.0;true
