seqName;initialSeqLength;nbKeep;nbTrim;nbInformativeTrim;percentKeepExcludingExtremities;percentKeepIncludingExtremities;keptSequences
Acanthisitta_chloris_1;1230;1116;114;114;1.0;0.907;true
Acanthisitta_chloris_2;1230;1116;114;114;1.0;0.907;true
Accipiter_superciliosus_1;1083;1083;0;0;1.0;1.0;true
Accipiter_superciliosus_2;1083;1083;0;0;1.0;1.0;true
Aegotheles_insignis_1;1116;1116;0;0;1.0;1.0;true
Aegotheles_insignis_2;1116;1116;0;0;1.0;1.0;true
Alcedo_quadribrachys_1;1113;1113;0;0;1.0;1.0;true
Alcedo_quadribrachys_2;1113;1113;0;0;1.0;1.0;true
Anas_superciliosa_1;1005;1005;0;0;1.0;1.0;true
Anas_superciliosa_2;1005;1005;0;0;1.0;1.0;true
Anhinga_anhinga_1;1218;1116;102;102;1.0;0.916;true
Anhinga_anhinga_2;1218;1116;102;102;1.0;0.916;true
Anser_canagicus_1;1185;1116;69;69;1.0;0.941;true
Anser_canagicus_2;1185;1116;69;69;1.0;0.941;true
Anseranas_semipalmata_1;1206;1116;90;90;1.0;0.925;true
Anseranas_semipalmata_2;1206;1116;90;90;1.0;0.925;true
Apaloderma_aequatoriale_1;1125;1116;9;9;1.0;0.992;true
Apaloderma_aequatoriale_2;1125;1116;9;9;1.0;0.992;true
Apteryx_sp._1;1065;1065;0;0;1.0;1.0;true
Apteryx_sp._2;1065;1065;0;0;1.0;1.0;true
Aramus_guarauna_1;1152;1116;36;36;1.0;0.968;true
Aramus_guarauna_2;1152;1116;36;36;1.0;0.968;true
Archilochus_colubris_1;993;993;0;0;1.0;1.0;true
Archilochus_colubris_2;993;993;0;0;1.0;1.0;true
Ardea_herodias_1;1221;1116;105;105;1.0;0.914;true
Ardea_herodias_2;1221;1116;105;105;1.0;0.914;true
Ardeotis_kori_1;1209;1113;96;96;1.0;0.92;true
Ardeotis_kori_2;1209;1113;96;96;1.0;0.92;true
Arenaria_interpres_1;1107;1107;0;0;1.0;1.0;true
Arenaria_interpres_2;1107;1107;0;0;1.0;1.0;true
Atelornis_pittoides_1;1077;1077;0;0;1.0;1.0;true
Atelornis_pittoides_2;1077;1077;0;0;1.0;1.0;true
Aythya_valisineria_1;1071;1071;0;0;1.0;1.0;true
Aythya_valisineria_2;1071;1071;0;0;1.0;1.0;true
Balaeniceps_rex_1;1149;1116;33;33;1.0;0.971;true
Balaeniceps_rex_2;1149;1116;33;33;1.0;0.971;true
Balearica_regulorum_1;1056;1056;0;0;1.0;1.0;true
Balearica_regulorum_2;1056;1056;0;0;1.0;1.0;true
Barnardius_zonarius_1;1089;1080;9;9;1.0;0.991;true
Barnardius_zonarius_2;1089;1080;9;9;1.0;0.991;true
Bonasa_umbellus_1;1221;1116;105;105;1.0;0.914;true
Bonasa_umbellus_2;1221;1116;105;105;1.0;0.914;true
Buccanodon_duchaillui_1;1182;1116;66;66;1.0;0.944;true
Buccanodon_duchaillui_2;1182;1116;66;66;1.0;0.944;true
Bucco_capensis_1;1197;1110;87;87;1.0;0.927;true
Bucco_capensis_2;1197;1110;87;87;1.0;0.927;true
Bucorvus_leadbeateri_1;1107;1107;0;0;1.0;1.0;true
Bucorvus_leadbeateri_2;1107;1107;0;0;1.0;1.0;true
Burhinus_oedicnemus_1;1143;1116;27;27;1.0;0.976;true
Burhinus_oedicnemus_2;1143;1116;27;27;1.0;0.976;true
Buteo_jamaicensis_1;1149;1116;33;33;1.0;0.971;true
Buteo_jamaicensis_2;1149;1116;33;33;1.0;0.971;true
Caiman_croccodilus_1;1038;1038;0;0;1.0;1.0;true
Caiman_croccodilus_2;1038;1038;0;0;1.0;1.0;true
Calandrella_brachydactyla_1;1182;1113;69;69;1.0;0.941;true
Calandrella_brachydactyla_2;1182;1113;69;69;1.0;0.941;true
Calyptomena_viridis_1;1146;1116;30;30;1.0;0.973;true
Calyptomena_viridis_2;1146;1116;30;30;1.0;0.973;true
Capito_niger_1;1209;1116;93;93;1.0;0.923;true
Capito_niger_2;1209;1116;93;93;1.0;0.923;true
Caprimulgus_europaeus_1;1140;1116;24;24;1.0;0.978;true
Caprimulgus_europaeus_2;1140;1116;24;24;1.0;0.978;true
Caracara_cheriway_1;1164;1116;48;48;1.0;0.958;true
Caracara_cheriway_2;1164;1116;48;48;1.0;0.958;true
Cariama_cristata_1;1146;1116;30;30;1.0;0.973;true
Cariama_cristata_2;1146;1116;30;30;1.0;0.973;true
Casuarius_bennetti_1;1218;1116;102;102;1.0;0.916;true
Casuarius_bennetti_2;1218;1116;102;102;1.0;0.916;true
Cathartes_burrovianus_1;1146;1116;30;30;1.0;0.973;true
Cathartes_burrovianus_2;1146;1116;30;30;1.0;0.973;true
Centropus_bengalensis_1;1149;1116;33;33;1.0;0.971;true
Centropus_bengalensis_2;1149;1116;33;33;1.0;0.971;true
Chaetura_brachyura_1;1164;1116;48;48;1.0;0.958;true
Chaetura_brachyura_2;1164;1116;48;48;1.0;0.958;true
Charadrius_hiaticula_1;1044;1044;0;0;1.0;1.0;true
Charadrius_hiaticula_2;1044;1044;0;0;1.0;1.0;true
Chauna_torquata_1;1218;1116;102;102;1.0;0.916;true
Chauna_torquata_2;1218;1116;102;102;1.0;0.916;true
Chelidoptera_tenebrosa_1;1170;1116;54;54;1.0;0.953;true
Chelidoptera_tenebrosa_2;1170;1116;54;54;1.0;0.953;true
Chloroceryle_inda_1;1125;1113;12;12;1.0;0.989;true
Chloroceryle_inda_2;1125;1113;12;12;1.0;0.989;true
Chordeiles_pusillus_1;1164;1116;48;48;1.0;0.958;true
Chordeiles_pusillus_2;1164;1116;48;48;1.0;0.958;true
Chroicocephalus_cirrocephalus_1;1050;1050;0;0;1.0;1.0;true
Chroicocephalus_cirrocephalus_2;1050;1050;0;0;1.0;1.0;true
Chunga_burmeisteri_1;1230;1116;114;114;1.0;0.907;true
Chunga_burmeisteri_2;1230;1116;114;114;1.0;0.907;true
Ciconia_nigra_1;1215;1116;99;99;1.0;0.918;true
Ciconia_nigra_2;1215;1116;99;99;1.0;0.918;true
Climacteris_melanura_1;1143;1116;27;27;1.0;0.976;true
Climacteris_melanura_2;1143;1116;27;27;1.0;0.976;true
Coccyzus_melacoryphus_1;1158;1116;42;42;1.0;0.963;true
Coccyzus_melacoryphus_2;1158;1116;42;42;1.0;0.963;true
Colinus_cristatus_1;1179;1116;63;63;1.0;0.946;true
Colinus_cristatus_2;1179;1116;63;63;1.0;0.946;true
Colius_colius_1;1209;1116;93;93;1.0;0.923;true
Colius_colius_2;1209;1116;93;93;1.0;0.923;true
Columba_livia_1;1116;1116;0;0;1.0;1.0;true
Columba_livia_2;1116;1116;0;0;1.0;1.0;true
Columbina_minuta_1;1200;1116;84;84;1.0;0.93;true
Columbina_minuta_2;1200;1116;84;84;1.0;0.93;true
Coracias_cyanogaster_1;1203;1113;90;90;1.0;0.925;true
Coracias_cyanogaster_2;1203;1113;90;90;1.0;0.925;true
Corvus_albus_1;1167;1116;51;51;1.0;0.956;true
Corvus_albus_2;1167;1116;51;51;1.0;0.956;true
Corythaeola_cristata_1;1059;1059;0;0;1.0;1.0;true
Corythaeola_cristata_2;1059;1059;0;0;1.0;1.0;true
Cotinga_cayana_1;1131;1116;15;15;1.0;0.986;true
Cotinga_cayana_2;1131;1116;15;15;1.0;0.986;true
Crax_alector_1;1179;1116;63;63;1.0;0.946;true
Crax_alector_2;1179;1116;63;63;1.0;0.946;true
Crocodylus_porosus_1;1131;1116;15;15;1.0;0.986;true
Crocodylus_porosus_2;1131;1116;15;15;1.0;0.986;true
Cryptopipo_aenigma_1;276;276;0;0;1.0;1.0;true
Cryptopipo_aenigma_2;276;276;0;0;1.0;1.0;true
Crypturellus_tataupa_1;606;606;0;0;1.0;1.0;true
Crypturellus_tataupa_2;606;606;0;0;1.0;1.0;true
Cuculus_optatus_1;1038;1038;0;0;1.0;1.0;true
Cuculus_optatus_2;1038;1038;0;0;1.0;1.0;true
Dendrocygna_viduata_1;588;588;0;0;1.0;1.0;true
Dendrocygna_viduata_2;588;588;0;0;1.0;1.0;true
Deroptyus_accipitrinus_1;1128;1116;12;12;1.0;0.989;true
Deroptyus_accipitrinus_2;1128;1116;12;12;1.0;0.989;true
Dromaius_novaehollandiae_1;1200;1116;84;84;1.0;0.93;true
Dromaius_novaehollandiae_2;1200;1116;84;84;1.0;0.93;true
Elaenia_flavogaster_1;1221;1116;105;105;1.0;0.914;true
Elaenia_flavogaster_2;1221;1116;105;105;1.0;0.914;true
Elanus_leucurus_1;1152;1116;36;36;1.0;0.968;true
Elanus_leucurus_2;1152;1116;36;36;1.0;0.968;true
Eudromia_elegans_1;1218;1116;102;102;1.0;0.916;true
Eudromia_elegans_2;1218;1116;102;102;1.0;0.916;true
Eurostopodus_macrotis_1;1230;1116;114;114;1.0;0.907;true
Eurostopodus_macrotis_2;1230;1116;114;114;1.0;0.907;true
Eurylaimus_ochromalus_1;1074;1074;0;0;1.0;1.0;true
Eurylaimus_ochromalus_2;1074;1074;0;0;1.0;1.0;true
Eurypyga_helias_1;1143;1116;27;27;1.0;0.976;true
Eurypyga_helias_2;1143;1116;27;27;1.0;0.976;true
Falco_sparverius_1;1230;1116;114;114;1.0;0.907;true
Falco_sparverius_2;1230;1116;114;114;1.0;0.907;true
Fregata_magnificens_1;1071;1071;0;0;1.0;1.0;true
Fregata_magnificens_2;1071;1071;0;0;1.0;1.0;true
Fringilla_coelebs_1;1140;1113;27;27;1.0;0.976;true
Fringilla_coelebs_2;1140;1113;27;27;1.0;0.976;true
Fulmarus_glacialoides_1;1185;1116;69;69;1.0;0.941;true
Fulmarus_glacialoides_2;1185;1116;69;69;1.0;0.941;true
Furnarius_rufus_1;1080;1080;0;0;1.0;1.0;true
Furnarius_rufus_2;1080;1080;0;0;1.0;1.0;true
Galbula_dea_1;1185;1113;72;72;1.0;0.939;true
Galbula_dea_2;1185;1113;72;72;1.0;0.939;true
Gallus_gallus_1;1221;1116;105;105;1.0;0.914;true
Gallus_gallus_2;1221;1116;105;105;1.0;0.914;true
Gavia_immer_1;1098;1098;0;0;1.0;1.0;true
Gavia_immer_2;1098;1098;0;0;1.0;1.0;true
Glareola_nuchalis_1;1059;1059;0;0;1.0;1.0;true
Glareola_nuchalis_2;1059;1059;0;0;1.0;1.0;true
Grus_canadensis_1;1122;1116;6;6;1.0;0.994;true
Grus_canadensis_2;1122;1116;6;6;1.0;0.994;true
Haematopus_palliatus_1;1191;1116;75;75;1.0;0.937;true
Haematopus_palliatus_2;1191;1116;75;75;1.0;0.937;true
Heliornis_fulica_1;1236;1116;120;120;1.0;0.902;true
Heliornis_fulica_2;1236;1116;120;120;1.0;0.902;true
Hemiprocne_comata_1;1122;1116;6;6;1.0;0.994;true
Hemiprocne_comata_2;1122;1116;6;6;1.0;0.994;true
Hirundinea_ferruginea_1;1074;1074;0;0;1.0;1.0;true
Hirundinea_ferruginea_2;1074;1074;0;0;1.0;1.0;true
Hymenops_perspicillatus_1;1098;1098;0;0;1.0;1.0;true
Hymenops_perspicillatus_2;1098;1098;0;0;1.0;1.0;true
Ibycter_americanus_1;1209;1116;93;93;1.0;0.923;true
Ibycter_americanus_2;1209;1116;93;93;1.0;0.923;true
Indicator_exilis_1;1176;1116;60;60;1.0;0.948;true
Indicator_exilis_2;1176;1116;60;60;1.0;0.948;true
Ixobrychus_minutus_1;1176;1116;60;60;1.0;0.948;true
Ixobrychus_minutus_2;1176;1116;60;60;1.0;0.948;true
Jacana_jacana_1;1221;1116;105;105;1.0;0.914;true
Jacana_jacana_2;1221;1116;105;105;1.0;0.914;true
Jynx_torquilla_1;1161;1116;45;45;1.0;0.961;true
Jynx_torquilla_2;1161;1116;45;45;1.0;0.961;true
Leipoa_ocellata_1;1164;1116;48;48;1.0;0.958;true
Leipoa_ocellata_2;1164;1116;48;48;1.0;0.958;true
Lepidocolaptes_angustirostr_1;1146;1116;30;30;1.0;0.973;true
Lepidocolaptes_angustirostr_2;1146;1116;30;30;1.0;0.973;true
Leptoptilos_crumeniferus_1;1143;1116;27;27;1.0;0.976;true
Leptoptilos_crumeniferus_2;1143;1116;27;27;1.0;0.976;true
Leptosomus_discolor_1;1230;1116;114;114;1.0;0.907;true
Leptosomus_discolor_2;1230;1116;114;114;1.0;0.907;true
Leptotila_rufaxilla_1;1149;1116;33;33;1.0;0.971;true
Leptotila_rufaxilla_2;1149;1116;33;33;1.0;0.971;true
Limosa_lapponica_1;1146;1116;30;30;1.0;0.973;true
Limosa_lapponica_2;1146;1116;30;30;1.0;0.973;true
Lophorina_superba_1;1143;1116;27;27;1.0;0.976;true
Lophorina_superba_2;1143;1116;27;27;1.0;0.976;true
Malurus_splendens_1;1059;1059;0;0;1.0;1.0;true
Malurus_splendens_2;1059;1059;0;0;1.0;1.0;true
Megalaima_chrysopogon_1;1101;1101;0;0;1.0;1.0;true
Megalaima_chrysopogon_2;1101;1101;0;0;1.0;1.0;true
Melanopareia_maximilian_1;1083;1083;0;0;1.0;1.0;true
Melanopareia_maximilian_2;1083;1083;0;0;1.0;1.0;true
Menura_novaehollandiae_1;1218;1116;102;102;1.0;0.916;true
Menura_novaehollandiae_2;1218;1116;102;102;1.0;0.916;true
Merops_muelleri_1;1128;1113;15;15;1.0;0.986;true
Merops_muelleri_2;1128;1113;15;15;1.0;0.986;true
Mesitornis_unicolor_1;1143;1116;27;27;1.0;0.976;true
Mesitornis_unicolor_2;1143;1116;27;27;1.0;0.976;true
Micrastur_gilvicollis_1;1167;1116;51;51;1.0;0.956;true
Micrastur_gilvicollis_2;1167;1116;51;51;1.0;0.956;true
Micropygia_schomburgkii_1;1191;1116;75;75;1.0;0.937;true
Micropygia_schomburgkii_2;1191;1116;75;75;1.0;0.937;true
Momotus_lessonii_1;1002;1002;0;0;1.0;1.0;true
Momotus_lessonii_2;1002;1002;0;0;1.0;1.0;true
Monias_benschi_1;1209;1116;93;93;1.0;0.923;true
Monias_benschi_2;1209;1116;93;93;1.0;0.923;true
Morus_serrator_1;1230;1116;114;114;1.0;0.907;true
Morus_serrator_2;1230;1116;114;114;1.0;0.907;true
Myiobius_barbatus_1;1074;1074;0;0;1.0;1.0;true
Myiobius_barbatus_2;1074;1074;0;0;1.0;1.0;true
Myrmornis_torquata_1;1125;1116;9;9;1.0;0.992;true
Myrmornis_torquata_2;1125;1116;9;9;1.0;0.992;true
Myrmothera_campanisona_1;1185;1116;69;69;1.0;0.941;true
Myrmothera_campanisona_2;1185;1116;69;69;1.0;0.941;true
Neodrepanis_coruscans_1;1119;1116;3;3;1.0;0.997;true
Neodrepanis_coruscans_2;1119;1116;3;3;1.0;0.997;true
Neopelma_chrysocephalum_1;1113;1113;0;0;1.0;1.0;true
Neopelma_chrysocephalum_2;1113;1113;0;0;1.0;1.0;true
Nestor_meridionalis_1;1233;1116;117;117;1.0;0.905;true
Nestor_meridionalis_2;1233;1116;117;117;1.0;0.905;true
Nothoprocta_ornata_1;750;639;111;111;1.0;0.852;true
Nothoprocta_ornata_2;750;639;111;111;1.0;0.852;true
Numida_malagris_1;1152;1116;36;36;1.0;0.968;true
Numida_malagris_2;1152;1116;36;36;1.0;0.968;true
Nyctibius_griseus_1;1230;1116;114;114;1.0;0.907;true
Nyctibius_griseus_2;1230;1116;114;114;1.0;0.907;true
Oceanites_oceanicus_1;1188;1116;72;72;1.0;0.939;true
Oceanites_oceanicus_2;1188;1116;72;72;1.0;0.939;true
Oceanodroma_leucorhoa_1;993;993;0;0;1.0;1.0;true
Oceanodroma_leucorhoa_2;993;993;0;0;1.0;1.0;true
Odontophorus_gujanensis_1;1164;1116;48;48;1.0;0.958;true
Odontophorus_gujanensis_2;1164;1116;48;48;1.0;0.958;true
Opisthocomus_hoazin_1;1167;1116;51;51;1.0;0.956;true
Opisthocomus_hoazin_2;1167;1116;51;51;1.0;0.956;true
Ortalis_motmot_1;972;972;0;0;1.0;1.0;true
Ortalis_motmot_2;972;972;0;0;1.0;1.0;true
Oxyruncus_cristatus_1;1131;1116;15;15;1.0;0.986;true
Oxyruncus_cristatus_2;1131;1116;15;15;1.0;0.986;true
Oxyura_jamaicensis_1;1221;1116;105;105;1.0;0.914;true
Oxyura_jamaicensis_2;1221;1116;105;105;1.0;0.914;true
Pandion_haliaetus_1;462;462;0;0;1.0;1.0;true
Pandion_haliaetus_2;462;462;0;0;1.0;1.0;true
Pedionomus_torquatus_1;1230;1116;114;114;1.0;0.907;true
Pedionomus_torquatus_2;1230;1116;114;114;1.0;0.907;true
Pelagodroma_marina_1;978;978;0;0;1.0;1.0;true
Pelagodroma_marina_2;978;978;0;0;1.0;1.0;true
Pelecanoides_urinatrix_1;1152;1116;36;36;1.0;0.968;true
Pelecanoides_urinatrix_2;1152;1116;36;36;1.0;0.968;true
Pelecanus_occidentalis_1;1122;1116;6;6;1.0;0.994;true
Pelecanus_occidentalis_2;1122;1116;6;6;1.0;0.994;true
Phaethon_rubricauda_1;1083;969;114;114;1.0;0.894;true
Phaethon_rubricauda_2;1083;969;114;114;1.0;0.894;true
Phaethornis_superciliosus_1;978;978;0;0;1.0;1.0;true
Phaethornis_superciliosus_2;978;978;0;0;1.0;1.0;true
Phalacrocorax_brasili_1;1227;1116;111;111;1.0;0.909;true
Phalacrocorax_brasili_2;1227;1116;111;111;1.0;0.909;true
Phoebastria_nigripes_1;996;996;0;0;1.0;1.0;true
Phoebastria_nigripes_2;996;996;0;0;1.0;1.0;true
Phoenicopterus_ruber_1;1062;1062;0;0;1.0;1.0;true
Phoenicopterus_ruber_2;1062;1062;0;0;1.0;1.0;true
Phoeniculus_purpureus_1;1032;1032;0;0;1.0;1.0;true
Phoeniculus_purpureus_2;1032;1032;0;0;1.0;1.0;true
Picus_canus_1;1149;1116;33;33;1.0;0.971;true
Picus_canus_2;1149;1116;33;33;1.0;0.971;true
Pipra_erythrocephala_1;1170;1116;54;54;1.0;0.953;true
Pipra_erythrocephala_2;1170;1116;54;54;1.0;0.953;true
Piprites_chloris_1;1182;1116;66;66;1.0;0.944;true
Piprites_chloris_2;1182;1116;66;66;1.0;0.944;true
Pitta_angolensis_1;1152;1116;36;36;1.0;0.968;true
Pitta_angolensis_2;1152;1116;36;36;1.0;0.968;true
Podargus_strigoides_1;1230;1116;114;114;1.0;0.907;true
Podargus_strigoides_2;1230;1116;114;114;1.0;0.907;true
Poecile_lugubris_1;624;624;0;0;1.0;1.0;true
Poecile_lugubris_2;624;624;0;0;1.0;1.0;true
Porphyrio_porphyrio_1;1230;1116;114;114;1.0;0.907;true
Porphyrio_porphyrio_2;1230;1116;114;114;1.0;0.907;true
Probosciger_aterrimus_1;1233;1116;117;117;1.0;0.905;true
Probosciger_aterrimus_2;1233;1116;117;117;1.0;0.905;true
Psittacus_erithacus_1;1152;1116;36;36;1.0;0.968;true
Psittacus_erithacus_2;1152;1116;36;36;1.0;0.968;true
Psittrichas_fulgidus_1;1149;1116;33;33;1.0;0.971;true
Psittrichas_fulgidus_2;1149;1116;33;33;1.0;0.971;true
Psophia_crepitans_1;1185;1116;69;69;1.0;0.941;true
Psophia_crepitans_2;1185;1116;69;69;1.0;0.941;true
Pterocles_bicinctus_1;1200;1116;84;84;1.0;0.93;true
Pterocles_bicinctus_2;1200;1116;84;84;1.0;0.93;true
Pterodroma_externa_1;1143;1116;27;27;1.0;0.976;true
Pterodroma_externa_2;1143;1116;27;27;1.0;0.976;true
Ptilinopus_magnificus_1;1188;1116;72;72;1.0;0.939;true
Ptilinopus_magnificus_2;1188;1116;72;72;1.0;0.939;true
Ptilonorhynchus_violaceus_1;1194;1119;75;75;1.0;0.937;true
Ptilonorhynchus_violaceus_2;1194;1119;75;75;1.0;0.937;true
Puffinus_griseus_1;1176;1116;60;60;1.0;0.948;true
Puffinus_griseus_2;1176;1116;60;60;1.0;0.948;true
Pycnonotus_macrotis_1;1158;1113;45;45;1.0;0.961;true
Pycnonotus_macrotis_2;1158;1113;45;45;1.0;0.961;true
Rallus_longirostris_1;1140;1116;24;24;1.0;0.978;true
Rallus_longirostris_2;1140;1116;24;24;1.0;0.978;true
Ramphastos_ambiguus_1;1233;1116;117;117;1.0;0.905;true
Ramphastos_ambiguus_2;1233;1116;117;117;1.0;0.905;true
Recurvirostra_americana_1;1221;1116;105;105;1.0;0.914;true
Recurvirostra_americana_2;1221;1116;105;105;1.0;0.914;true
Regulus_ignicapilla_1;1221;1113;108;108;1.0;0.911;true
Regulus_ignicapilla_2;1221;1113;108;108;1.0;0.911;true
Rhea_americana_1;1149;1116;33;33;1.0;0.971;true
Rhea_americana_2;1149;1116;33;33;1.0;0.971;true
Rhynchocyclus_olivaceus_1;1197;1116;81;81;1.0;0.932;true
Rhynchocyclus_olivaceus_2;1197;1116;81;81;1.0;0.932;true
Rollandia_rolland_1;1128;1116;12;12;1.0;0.989;true
Rollandia_rolland_2;1128;1116;12;12;1.0;0.989;true
Rollulus_rouloul_1;1005;1005;0;0;1.0;1.0;true
Rollulus_rouloul_2;1005;1005;0;0;1.0;1.0;true
Rostratula_benghalensis_1;1146;1116;30;30;1.0;0.973;true
Rostratula_benghalensis_2;1146;1116;30;30;1.0;0.973;true
Rupicola_rupicola_1;1131;1116;15;15;1.0;0.986;true
Rupicola_rupicola_2;1131;1116;15;15;1.0;0.986;true
Rynchops_niger_1;1110;1110;0;0;1.0;1.0;true
Rynchops_niger_2;1110;1110;0;0;1.0;1.0;true
Sagittarius_serpentarius_1;1023;1023;0;0;1.0;1.0;true
Sagittarius_serpentarius_2;1023;1023;0;0;1.0;1.0;true
Sarothrura_rufa_1;1107;1107;0;0;1.0;1.0;true
Sarothrura_rufa_2;1107;1107;0;0;1.0;1.0;true
Schiffornis_turdina_1;1113;1113;0;0;1.0;1.0;true
Schiffornis_turdina_2;1113;1113;0;0;1.0;1.0;true
Sclerurus_mexicanus_1;1143;1116;27;27;1.0;0.976;true
Sclerurus_mexicanus_2;1143;1116;27;27;1.0;0.976;true
Scopus_umbretta_1;1230;1116;114;114;1.0;0.907;true
Scopus_umbretta_2;1230;1116;114;114;1.0;0.907;true
Sericulus_bakeri_1;1224;1119;105;105;1.0;0.914;true
Sericulus_bakeri_2;1224;1119;105;105;1.0;0.914;true
Smithornis_rufolateralis_1;1233;1116;117;117;1.0;0.905;true
Smithornis_rufolateralis_2;1233;1116;117;117;1.0;0.905;true
Spheniscus_humboldti_1;1116;1116;0;0;1.0;1.0;true
Spheniscus_humboldti_2;1116;1116;0;0;1.0;1.0;true
Spizella_arborea_1;1119;1113;6;6;1.0;0.994;true
Spizella_arborea_2;1119;1113;6;6;1.0;0.994;true
Steatornis_caripensi_1;111;111;0;0;1.0;1.0;true
Steatornis_caripensi_2;111;111;0;0;1.0;1.0;true
Sterna_hirundo_1;1098;1098;0;0;1.0;1.0;true
Sterna_hirundo_2;1098;1098;0;0;1.0;1.0;true
Streptoprocne_zonaris_1;1146;1116;30;30;1.0;0.973;true
Streptoprocne_zonaris_2;1146;1116;30;30;1.0;0.973;true
Strix_varia_1;1170;1116;54;54;1.0;0.953;true
Strix_varia_2;1170;1116;54;54;1.0;0.953;true
Struthio_camelus_1;1056;1056;0;0;1.0;1.0;true
Struthio_camelus_2;1056;1056;0;0;1.0;1.0;true
Sylvia_melanocephala_1;936;936;0;0;1.0;1.0;true
Sylvia_melanocephala_2;936;936;0;0;1.0;1.0;true
Syrrhaptes_paradoxus_1;1068;1068;0;0;1.0;1.0;true
Syrrhaptes_paradoxus_2;1068;1068;0;0;1.0;1.0;true
Tapera_naevia_1;1167;1116;51;51;1.0;0.956;true
Tapera_naevia_2;1167;1116;51;51;1.0;0.956;true
Tauraco_macrorhynchus_1;1110;1110;0;0;1.0;1.0;true
Tauraco_macrorhynchus_2;1110;1110;0;0;1.0;1.0;true
Terenura_callinota_1;1161;1116;45;45;1.0;0.961;true
Terenura_callinota_2;1161;1116;45;45;1.0;0.961;true
Thamnophilus_ruficapillu_1;1149;1116;33;33;1.0;0.971;true
Thamnophilus_ruficapillu_2;1149;1116;33;33;1.0;0.971;true
Theristicus_caerulescens_1;1101;1101;0;0;1.0;1.0;true
Theristicus_caerulescens_2;1101;1101;0;0;1.0;1.0;true
Tigrisoma_lineatum_1;1194;1116;78;78;1.0;0.934;true
Tigrisoma_lineatum_2;1194;1116;78;78;1.0;0.934;true
Tinamus_major_1;321;321;0;0;1.0;1.0;true
Tinamus_major_2;321;321;0;0;1.0;1.0;true
Tityra_cayana_1;1197;1116;81;81;1.0;0.932;true
Tityra_cayana_2;1197;1116;81;81;1.0;0.932;true
Tockus_camurus_1;1113;1113;0;0;1.0;1.0;true
Tockus_camurus_2;1113;1113;0;0;1.0;1.0;true
Todus_mexicanus_1;1110;1110;0;0;1.0;1.0;true
Todus_mexicanus_2;1110;1110;0;0;1.0;1.0;true
Topaza_pella_1;891;891;0;0;1.0;1.0;true
Topaza_pella_2;891;891;0;0;1.0;1.0;true
Treron_calvus_1;1230;1116;114;114;1.0;0.907;true
Treron_calvus_2;1230;1116;114;114;1.0;0.907;true
Tringa_solitaria_1;1197;1116;81;81;1.0;0.932;true
Tringa_solitaria_2;1197;1116;81;81;1.0;0.932;true
Trogon_elegans_1;1206;1116;90;90;1.0;0.925;true
Trogon_elegans_2;1206;1116;90;90;1.0;0.925;true
Turdus_olivater_1;1185;1113;72;72;1.0;0.939;true
Turdus_olivater_2;1185;1113;72;72;1.0;0.939;true
Turnix_ocellata_1;957;945;12;12;0.987;0.987;true
Turnix_ocellata_2;957;945;12;12;0.987;0.987;true
Tyrannus_albogularis_1;1182;1116;66;66;1.0;0.944;true
Tyrannus_albogularis_2;1182;1116;66;66;1.0;0.944;true
Tyto_alba_1;711;711;0;0;1.0;1.0;true
Tyto_alba_2;711;711;0;0;1.0;1.0;true
Upupa_epops_1;1221;1116;105;105;1.0;0.914;true
Upupa_epops_2;1221;1116;105;105;1.0;0.914;true
Uria_aalge_1;1206;1116;90;90;1.0;0.925;true
Uria_aalge_2;1206;1116;90;90;1.0;0.925;true
Urocolius_indicus_1;990;990;0;0;1.0;1.0;true
Urocolius_indicus_2;990;990;0;0;1.0;1.0;true
Vultur_gryphus_1;1107;1107;0;0;1.0;1.0;true
Vultur_gryphus_2;1107;1107;0;0;1.0;1.0;true
