seqName;initialSeqLength;nbKeep;nbTrim;nbInformativeTrim;percentHomologExcludingExtremities;percentHomologIncludingExtremities;keptSequences
Acanthisitta_chloris_1;481;481;0;0;1.0;1.0;true
Acanthisitta_chloris_2;481;481;0;0;1.0;1.0;true
Accipiter_superciliosus_1;481;481;0;0;1.0;1.0;true
Accipiter_superciliosus_2;481;481;0;0;1.0;1.0;true
Aegotheles_insignis_1;481;481;0;0;1.0;1.0;true
Aegotheles_insignis_2;481;481;0;0;1.0;1.0;true
Alcedo_quadribrachys_1;481;481;0;0;1.0;1.0;true
Alcedo_quadribrachys_2;481;481;0;0;1.0;1.0;true
Anas_superciliosa_1;481;481;0;0;1.0;1.0;true
Anas_superciliosa_2;481;481;0;0;1.0;1.0;true
Anhinga_anhinga_1;481;481;0;0;1.0;1.0;true
Anhinga_anhinga_2;481;481;0;0;1.0;1.0;true
Anser_canagicus_1;481;481;0;0;1.0;1.0;true
Anser_canagicus_2;481;481;0;0;1.0;1.0;true
Anseranas_semipalmata_1;481;481;0;0;1.0;1.0;true
Anseranas_semipalmata_2;481;481;0;0;1.0;1.0;true
Apaloderma_aequatoriale_1;513;513;0;0;1.0;1.0;true
Apaloderma_aequatoriale_2;513;513;0;0;1.0;1.0;true
Apteryx_sp._1;481;481;0;0;1.0;1.0;true
Apteryx_sp._2;481;481;0;0;1.0;1.0;true
Aramus_guarauna_1;478;478;0;0;1.0;1.0;true
Aramus_guarauna_2;478;478;0;0;1.0;1.0;true
Archilochus_colubris_1;481;481;0;0;1.0;1.0;true
Archilochus_colubris_2;481;481;0;0;1.0;1.0;true
Ardea_herodias_1;481;481;0;0;1.0;1.0;true
Ardea_herodias_2;481;481;0;0;1.0;1.0;true
Ardeotis_kori_1;481;481;0;0;1.0;1.0;true
Ardeotis_kori_2;481;481;0;0;1.0;1.0;true
Arenaria_interpres_1;481;481;0;0;1.0;1.0;true
Arenaria_interpres_2;481;481;0;0;1.0;1.0;true
Atelornis_pittoides_1;481;481;0;0;1.0;1.0;true
Atelornis_pittoides_2;481;481;0;0;1.0;1.0;true
Aythya_valisineria_1;481;481;0;0;1.0;1.0;true
Aythya_valisineria_2;481;481;0;0;1.0;1.0;true
Balaeniceps_rex_1;481;481;0;0;1.0;1.0;true
Balaeniceps_rex_2;481;481;0;0;1.0;1.0;true
Balearica_regulorum_1;471;471;0;0;1.0;1.0;true
Balearica_regulorum_2;471;471;0;0;1.0;1.0;true
Barnardius_zonarius_1;481;481;0;0;1.0;1.0;true
Barnardius_zonarius_2;481;481;0;0;1.0;1.0;true
Bonasa_umbellus_1;481;481;0;0;1.0;1.0;true
Bonasa_umbellus_2;481;481;0;0;1.0;1.0;true
Buccanodon_duchaillui_1;481;481;0;0;1.0;1.0;true
Buccanodon_duchaillui_2;481;481;0;0;1.0;1.0;true
Bucco_capensis_1;481;481;0;0;1.0;1.0;true
Bucco_capensis_2;481;481;0;0;1.0;1.0;true
Bucorvus_leadbeateri_1;385;385;0;0;1.0;1.0;true
Bucorvus_leadbeateri_2;385;385;0;0;1.0;1.0;true
Burhinus_oedicnemus_1;470;470;0;0;1.0;1.0;true
Burhinus_oedicnemus_2;470;470;0;0;1.0;1.0;true
Buteo_jamaicensis_1;481;481;0;0;1.0;1.0;true
Buteo_jamaicensis_2;481;481;0;0;1.0;1.0;true
Caiman_croccodilus_1;456;456;0;0;1.0;1.0;true
Caiman_croccodilus_2;456;456;0;0;1.0;1.0;true
Calandrella_brachydactyla_1;481;481;0;0;1.0;1.0;true
Calandrella_brachydactyla_2;481;481;0;0;1.0;1.0;true
Calyptomena_viridis_1;475;475;0;0;1.0;1.0;true
Calyptomena_viridis_2;475;475;0;0;1.0;1.0;true
Capito_niger_1;481;481;0;0;1.0;1.0;true
Capito_niger_2;481;481;0;0;1.0;1.0;true
Caprimulgus_europaeus_1;481;481;0;0;1.0;1.0;true
Caprimulgus_europaeus_2;481;481;0;0;1.0;1.0;true
Caracara_cheriway_1;481;481;0;0;1.0;1.0;true
Caracara_cheriway_2;481;481;0;0;1.0;1.0;true
Cariama_cristata_1;481;481;0;0;1.0;1.0;true
Cariama_cristata_2;481;481;0;0;1.0;1.0;true
Casuarius_bennetti_1;481;481;0;0;1.0;1.0;true
Casuarius_bennetti_2;481;481;0;0;1.0;1.0;true
Cathartes_burrovianus_1;481;481;0;0;1.0;1.0;true
Cathartes_burrovianus_2;481;481;0;0;1.0;1.0;true
Centropus_bengalensis_1;553;553;0;0;1.0;1.0;true
Centropus_bengalensis_2;553;553;0;0;1.0;1.0;true
Chaetura_brachyura_1;481;481;0;0;1.0;1.0;true
Chaetura_brachyura_2;481;481;0;0;1.0;1.0;true
Charadrius_hiaticula_1;481;481;0;0;1.0;1.0;true
Charadrius_hiaticula_2;481;481;0;0;1.0;1.0;true
Chauna_torquata_1;481;481;0;0;1.0;1.0;true
Chauna_torquata_2;481;481;0;0;1.0;1.0;true
Chelidoptera_tenebrosa_1;481;481;0;0;1.0;1.0;true
Chelidoptera_tenebrosa_2;481;481;0;0;1.0;1.0;true
Chloroceryle_inda_1;511;511;0;0;1.0;1.0;true
Chloroceryle_inda_2;511;511;0;0;1.0;1.0;true
Chordeiles_pusillus_1;481;481;0;0;1.0;1.0;true
Chordeiles_pusillus_2;481;481;0;0;1.0;1.0;true
Chroicocephalus_cirrocephalus_1;481;481;0;0;1.0;1.0;true
Chroicocephalus_cirrocephalus_2;481;481;0;0;1.0;1.0;true
Chunga_burmeisteri_1;481;481;0;0;1.0;1.0;true
Chunga_burmeisteri_2;481;481;0;0;1.0;1.0;true
Ciconia_nigra_1;481;481;0;0;1.0;1.0;true
Ciconia_nigra_2;481;481;0;0;1.0;1.0;true
Climacteris_melanura_1;481;481;0;0;1.0;1.0;true
Climacteris_melanura_2;481;481;0;0;1.0;1.0;true
Coccyzus_melacoryphus_1;481;481;0;0;1.0;1.0;true
Coccyzus_melacoryphus_2;481;481;0;0;1.0;1.0;true
Colinus_cristatus_1;481;481;0;0;1.0;1.0;true
Colinus_cristatus_2;481;481;0;0;1.0;1.0;true
Colius_colius_1;481;481;0;0;1.0;1.0;true
Colius_colius_2;481;481;0;0;1.0;1.0;true
Columba_livia_1;481;481;0;0;1.0;1.0;true
Columba_livia_2;481;481;0;0;1.0;1.0;true
Columbina_minuta_1;481;481;0;0;1.0;1.0;true
Columbina_minuta_2;481;481;0;0;1.0;1.0;true
Coracias_cyanogaster_1;481;481;0;0;1.0;1.0;true
Coracias_cyanogaster_2;481;481;0;0;1.0;1.0;true
Corvus_albus_1;481;481;0;0;1.0;1.0;true
Corvus_albus_2;481;481;0;0;1.0;1.0;true
Corythaeola_cristata_1;501;501;0;0;1.0;1.0;true
Corythaeola_cristata_2;501;501;0;0;1.0;1.0;true
Cotinga_cayana_1;478;478;0;0;1.0;1.0;true
Cotinga_cayana_2;478;478;0;0;1.0;1.0;true
Crax_alector_1;481;481;0;0;1.0;1.0;true
Crax_alector_2;481;481;0;0;1.0;1.0;true
Crocodylus_porosus_1;481;481;0;0;1.0;1.0;true
Crocodylus_porosus_2;481;481;0;0;1.0;1.0;true
Cryptopipo_aenigma_1;478;478;0;0;1.0;1.0;true
Cryptopipo_aenigma_2;478;478;0;0;1.0;1.0;true
Crypturellus_tataupa_1;481;481;0;0;1.0;1.0;true
Crypturellus_tataupa_2;481;481;0;0;1.0;1.0;true
Cuculus_optatus_1;481;481;0;0;1.0;1.0;true
Cuculus_optatus_2;481;481;0;0;1.0;1.0;true
Dendrocygna_viduata_1;481;481;0;0;1.0;1.0;true
Dendrocygna_viduata_2;481;481;0;0;1.0;1.0;true
Deroptyus_accipitrinus_1;481;481;0;0;1.0;1.0;true
Deroptyus_accipitrinus_2;481;481;0;0;1.0;1.0;true
Dromaius_novaehollandiae_1;481;481;0;0;1.0;1.0;true
Dromaius_novaehollandiae_2;481;481;0;0;1.0;1.0;true
Elaenia_flavogaster_1;478;478;0;0;1.0;1.0;true
Elaenia_flavogaster_2;478;478;0;0;1.0;1.0;true
Elanus_leucurus_1;478;478;0;0;1.0;1.0;true
Elanus_leucurus_2;478;478;0;0;1.0;1.0;true
Eudromia_elegans_1;481;481;0;0;1.0;1.0;true
Eudromia_elegans_2;481;481;0;0;1.0;1.0;true
Eurostopodus_macrotis_1;481;481;0;0;1.0;1.0;true
Eurostopodus_macrotis_2;481;481;0;0;1.0;1.0;true
Eurylaimus_ochromalus_1;481;481;0;0;1.0;1.0;true
Eurylaimus_ochromalus_2;481;481;0;0;1.0;1.0;true
Eurypyga_helias_1;481;481;0;0;1.0;1.0;true
Eurypyga_helias_2;481;481;0;0;1.0;1.0;true
Falco_sparverius_1;481;481;0;0;1.0;1.0;true
Falco_sparverius_2;481;481;0;0;1.0;1.0;true
Fregata_magnificens_1;481;481;0;0;1.0;1.0;true
Fregata_magnificens_2;481;481;0;0;1.0;1.0;true
Fringilla_coelebs_1;481;481;0;0;1.0;1.0;true
Fringilla_coelebs_2;481;481;0;0;1.0;1.0;true
Fulmarus_glacialoides_1;481;481;0;0;1.0;1.0;true
Fulmarus_glacialoides_2;481;481;0;0;1.0;1.0;true
Furnarius_rufus_1;481;481;0;0;1.0;1.0;true
Furnarius_rufus_2;481;481;0;0;1.0;1.0;true
Galbula_dea_1;481;481;0;0;1.0;1.0;true
Galbula_dea_2;481;481;0;0;1.0;1.0;true
Gallus_gallus_1;481;481;0;0;1.0;1.0;true
Gallus_gallus_2;481;481;0;0;1.0;1.0;true
Gavia_immer_1;478;478;0;0;1.0;1.0;true
Gavia_immer_2;478;478;0;0;1.0;1.0;true
Glareola_nuchalis_1;481;481;0;0;1.0;1.0;true
Glareola_nuchalis_2;481;481;0;0;1.0;1.0;true
Grus_canadensis_1;478;478;0;0;1.0;1.0;true
Grus_canadensis_2;478;478;0;0;1.0;1.0;true
Haematopus_palliatus_1;470;470;0;0;1.0;1.0;true
Haematopus_palliatus_2;470;470;0;0;1.0;1.0;true
Heliornis_fulica_1;481;481;0;0;1.0;1.0;true
Heliornis_fulica_2;481;481;0;0;1.0;1.0;true
Hemiprocne_comata_1;453;453;0;0;1.0;1.0;true
Hemiprocne_comata_2;453;453;0;0;1.0;1.0;true
Hirundinea_ferruginea_1;478;478;0;0;1.0;1.0;true
Hirundinea_ferruginea_2;478;478;0;0;1.0;1.0;true
Hymenops_perspicillatus_1;478;478;0;0;1.0;1.0;true
Hymenops_perspicillatus_2;478;478;0;0;1.0;1.0;true
Ibycter_americanus_1;481;481;0;0;1.0;1.0;true
Ibycter_americanus_2;481;481;0;0;1.0;1.0;true
Indicator_exilis_1;481;481;0;0;1.0;1.0;true
Indicator_exilis_2;481;481;0;0;1.0;1.0;true
Ixobrychus_minutus_1;481;481;0;0;1.0;1.0;true
Ixobrychus_minutus_2;481;481;0;0;1.0;1.0;true
Jacana_jacana_1;481;481;0;0;1.0;1.0;true
Jacana_jacana_2;481;481;0;0;1.0;1.0;true
Jynx_torquilla_1;481;481;0;0;1.0;1.0;true
Jynx_torquilla_2;481;481;0;0;1.0;1.0;true
Leipoa_ocellata_1;481;481;0;0;1.0;1.0;true
Leipoa_ocellata_2;481;481;0;0;1.0;1.0;true
Lepidocolaptes_angustirostr_1;481;481;0;0;1.0;1.0;true
Lepidocolaptes_angustirostr_2;481;481;0;0;1.0;1.0;true
Leptoptilos_crumeniferus_1;481;481;0;0;1.0;1.0;true
Leptoptilos_crumeniferus_2;481;481;0;0;1.0;1.0;true
Leptosomus_discolor_1;472;472;0;0;1.0;1.0;true
Leptosomus_discolor_2;472;472;0;0;1.0;1.0;true
Leptotila_rufaxilla_1;481;481;0;0;1.0;1.0;true
Leptotila_rufaxilla_2;481;481;0;0;1.0;1.0;true
Limosa_lapponica_1;481;481;0;0;1.0;1.0;true
Limosa_lapponica_2;481;481;0;0;1.0;1.0;true
Lophorina_superba_1;481;481;0;0;1.0;1.0;true
Lophorina_superba_2;481;481;0;0;1.0;1.0;true
Megalaima_chrysopogon_1;481;481;0;0;1.0;1.0;true
Megalaima_chrysopogon_2;481;481;0;0;1.0;1.0;true
Melanopareia_maximilian_1;511;511;0;0;1.0;1.0;true
Melanopareia_maximilian_2;511;511;0;0;1.0;1.0;true
Menura_novaehollandiae_1;478;478;0;0;1.0;1.0;true
Menura_novaehollandiae_2;478;478;0;0;1.0;1.0;true
Merops_muelleri_1;511;511;0;0;1.0;1.0;true
Merops_muelleri_2;511;511;0;0;1.0;1.0;true
Mesitornis_unicolor_1;481;481;0;0;1.0;1.0;true
Mesitornis_unicolor_2;481;481;0;0;1.0;1.0;true
Micrastur_gilvicollis_1;481;481;0;0;1.0;1.0;true
Micrastur_gilvicollis_2;481;481;0;0;1.0;1.0;true
Micropygia_schomburgkii_1;481;481;0;0;1.0;1.0;true
Micropygia_schomburgkii_2;481;481;0;0;1.0;1.0;true
Momotus_lessonii_1;481;481;0;0;1.0;1.0;true
Momotus_lessonii_2;481;481;0;0;1.0;1.0;true
Monias_benschi_1;481;481;0;0;1.0;1.0;true
Monias_benschi_2;481;481;0;0;1.0;1.0;true
Morus_serrator_1;481;481;0;0;1.0;1.0;true
Morus_serrator_2;481;481;0;0;1.0;1.0;true
Myiobius_barbatus_1;478;478;0;0;1.0;1.0;true
Myiobius_barbatus_2;478;478;0;0;1.0;1.0;true
Myrmornis_torquata_1;481;481;0;0;1.0;1.0;true
Myrmornis_torquata_2;481;481;0;0;1.0;1.0;true
Myrmothera_campanisona_1;481;481;0;0;1.0;1.0;true
Myrmothera_campanisona_2;481;481;0;0;1.0;1.0;true
Neodrepanis_coruscans_1;481;481;0;0;1.0;1.0;true
Neodrepanis_coruscans_2;481;481;0;0;1.0;1.0;true
Neopelma_chrysocephalum_1;478;478;0;0;1.0;1.0;true
Neopelma_chrysocephalum_2;478;478;0;0;1.0;1.0;true
Nestor_meridionalis_1;529;529;0;0;1.0;1.0;true
Nestor_meridionalis_2;529;529;0;0;1.0;1.0;true
Nothoprocta_ornata_1;481;481;0;0;1.0;1.0;true
Nothoprocta_ornata_2;481;481;0;0;1.0;1.0;true
Numida_malagris_1;481;481;0;0;1.0;1.0;true
Numida_malagris_2;481;481;0;0;1.0;1.0;true
Oceanites_oceanicus_1;481;481;0;0;1.0;1.0;true
Oceanites_oceanicus_2;481;481;0;0;1.0;1.0;true
Oceanodroma_leucorhoa_1;501;501;0;0;1.0;1.0;true
Oceanodroma_leucorhoa_2;501;501;0;0;1.0;1.0;true
Odontophorus_gujanensis_1;481;481;0;0;1.0;1.0;true
Odontophorus_gujanensis_2;481;481;0;0;1.0;1.0;true
Opisthocomus_hoazin_1;481;481;0;0;1.0;1.0;true
Opisthocomus_hoazin_2;481;481;0;0;1.0;1.0;true
Ortalis_motmot_1;481;481;0;0;1.0;1.0;true
Ortalis_motmot_2;481;481;0;0;1.0;1.0;true
Oxyruncus_cristatus_1;478;478;0;0;1.0;1.0;true
Oxyruncus_cristatus_2;478;478;0;0;1.0;1.0;true
Oxyura_jamaicensis_1;481;481;0;0;1.0;1.0;true
Oxyura_jamaicensis_2;481;481;0;0;1.0;1.0;true
Pandion_haliaetus_1;481;481;0;0;1.0;1.0;true
Pandion_haliaetus_2;481;481;0;0;1.0;1.0;true
Pedionomus_torquatus_1;481;481;0;0;1.0;1.0;true
Pedionomus_torquatus_2;481;481;0;0;1.0;1.0;true
Pelagodroma_marina_1;481;481;0;0;1.0;1.0;true
Pelagodroma_marina_2;481;481;0;0;1.0;1.0;true
Pelecanoides_urinatrix_1;481;481;0;0;1.0;1.0;true
Pelecanoides_urinatrix_2;481;481;0;0;1.0;1.0;true
Pelecanus_occidentalis_1;481;481;0;0;1.0;1.0;true
Pelecanus_occidentalis_2;481;481;0;0;1.0;1.0;true
Phaethon_rubricauda_1;481;481;0;0;1.0;1.0;true
Phaethon_rubricauda_2;481;481;0;0;1.0;1.0;true
Phaethornis_superciliosus_1;481;481;0;0;1.0;1.0;true
Phaethornis_superciliosus_2;481;481;0;0;1.0;1.0;true
Phalacrocorax_brasili_1;481;481;0;0;1.0;1.0;true
Phalacrocorax_brasili_2;481;481;0;0;1.0;1.0;true
Phoebastria_nigripes_1;481;481;0;0;1.0;1.0;true
Phoebastria_nigripes_2;481;481;0;0;1.0;1.0;true
Phoenicopterus_ruber_1;481;481;0;0;1.0;1.0;true
Phoenicopterus_ruber_2;481;481;0;0;1.0;1.0;true
Phoeniculus_purpureus_1;481;481;0;0;1.0;1.0;true
Phoeniculus_purpureus_2;481;481;0;0;1.0;1.0;true
Picus_canus_1;481;481;0;0;1.0;1.0;true
Picus_canus_2;481;481;0;0;1.0;1.0;true
Pipra_erythrocephala_1;478;478;0;0;1.0;1.0;true
Pipra_erythrocephala_2;478;478;0;0;1.0;1.0;true
Piprites_chloris_1;478;478;0;0;1.0;1.0;true
Piprites_chloris_2;478;478;0;0;1.0;1.0;true
Pitta_angolensis_1;481;481;0;0;1.0;1.0;true
Pitta_angolensis_2;481;481;0;0;1.0;1.0;true
Podargus_strigoides_1;481;481;0;0;1.0;1.0;true
Podargus_strigoides_2;481;481;0;0;1.0;1.0;true
Poecile_lugubris_1;460;460;0;0;1.0;1.0;true
Poecile_lugubris_2;460;460;0;0;1.0;1.0;true
Porphyrio_porphyrio_1;481;481;0;0;1.0;1.0;true
Porphyrio_porphyrio_2;481;481;0;0;1.0;1.0;true
Probosciger_aterrimus_1;481;481;0;0;1.0;1.0;true
Probosciger_aterrimus_2;481;481;0;0;1.0;1.0;true
Psittacus_erithacus_1;481;481;0;0;1.0;1.0;true
Psittacus_erithacus_2;481;481;0;0;1.0;1.0;true
Psittrichas_fulgidus_1;481;481;0;0;1.0;1.0;true
Psittrichas_fulgidus_2;481;481;0;0;1.0;1.0;true
Psophia_crepitans_1;481;481;0;0;1.0;1.0;true
Psophia_crepitans_2;481;481;0;0;1.0;1.0;true
Pterocles_bicinctus_1;478;478;0;0;1.0;1.0;true
Pterocles_bicinctus_2;478;478;0;0;1.0;1.0;true
Pterodroma_externa_1;481;481;0;0;1.0;1.0;true
Pterodroma_externa_2;481;481;0;0;1.0;1.0;true
Ptilinopus_magnificus_1;532;532;0;0;1.0;1.0;true
Ptilinopus_magnificus_2;532;532;0;0;1.0;1.0;true
Ptilonorhynchus_violaceus_1;481;481;0;0;1.0;1.0;true
Ptilonorhynchus_violaceus_2;481;481;0;0;1.0;1.0;true
Puffinus_griseus_1;481;481;0;0;1.0;1.0;true
Puffinus_griseus_2;481;481;0;0;1.0;1.0;true
Rallus_longirostris_1;334;334;0;0;1.0;1.0;true
Rallus_longirostris_2;334;334;0;0;1.0;1.0;true
Ramphastos_ambiguus_1;481;481;0;0;1.0;1.0;true
Ramphastos_ambiguus_2;481;481;0;0;1.0;1.0;true
Recurvirostra_americana_1;470;470;0;0;1.0;1.0;true
Recurvirostra_americana_2;470;470;0;0;1.0;1.0;true
Regulus_ignicapilla_1;481;481;0;0;1.0;1.0;true
Regulus_ignicapilla_2;481;481;0;0;1.0;1.0;true
Rhea_americana_1;481;481;0;0;1.0;1.0;true
Rhea_americana_2;481;481;0;0;1.0;1.0;true
Rhynchocyclus_olivaceus_1;478;478;0;0;1.0;1.0;true
Rhynchocyclus_olivaceus_2;478;478;0;0;1.0;1.0;true
Rollandia_rolland_1;481;481;0;0;1.0;1.0;true
Rollandia_rolland_2;481;481;0;0;1.0;1.0;true
Rollulus_rouloul_1;481;481;0;0;1.0;1.0;true
Rollulus_rouloul_2;481;481;0;0;1.0;1.0;true
Rostratula_benghalensis_1;532;532;0;0;1.0;1.0;true
Rostratula_benghalensis_2;532;532;0;0;1.0;1.0;true
Rupicola_rupicola_1;478;478;0;0;1.0;1.0;true
Rupicola_rupicola_2;478;478;0;0;1.0;1.0;true
Rynchops_niger_1;481;481;0;0;1.0;1.0;true
Rynchops_niger_2;481;481;0;0;1.0;1.0;true
Sagittarius_serpentarius_1;481;481;0;0;1.0;1.0;true
Sagittarius_serpentarius_2;481;481;0;0;1.0;1.0;true
Sarothrura_rufa_1;481;481;0;0;1.0;1.0;true
Sarothrura_rufa_2;481;481;0;0;1.0;1.0;true
Schiffornis_turdina_1;478;478;0;0;1.0;1.0;true
Schiffornis_turdina_2;478;478;0;0;1.0;1.0;true
Sclerurus_mexicanus_1;481;481;0;0;1.0;1.0;true
Sclerurus_mexicanus_2;481;481;0;0;1.0;1.0;true
Scopus_umbretta_1;481;481;0;0;1.0;1.0;true
Scopus_umbretta_2;481;481;0;0;1.0;1.0;true
Sericulus_bakeri_1;481;481;0;0;1.0;1.0;true
Sericulus_bakeri_2;481;481;0;0;1.0;1.0;true
Smithornis_rufolateralis_1;481;481;0;0;1.0;1.0;true
Smithornis_rufolateralis_2;481;481;0;0;1.0;1.0;true
Sterna_hirundo_1;481;481;0;0;1.0;1.0;true
Sterna_hirundo_2;481;481;0;0;1.0;1.0;true
Streptoprocne_zonaris_1;481;481;0;0;1.0;1.0;true
Streptoprocne_zonaris_2;481;481;0;0;1.0;1.0;true
Strix_varia_1;481;481;0;0;1.0;1.0;true
Strix_varia_2;481;481;0;0;1.0;1.0;true
Struthio_camelus_1;481;481;0;0;1.0;1.0;true
Struthio_camelus_2;481;481;0;0;1.0;1.0;true
Syrrhaptes_paradoxus_1;478;478;0;0;1.0;1.0;true
Syrrhaptes_paradoxus_2;478;478;0;0;1.0;1.0;true
Tapera_naevia_1;481;481;0;0;1.0;1.0;true
Tapera_naevia_2;481;481;0;0;1.0;1.0;true
Tauraco_macrorhynchus_1;130;130;0;0;1.0;1.0;true
Tauraco_macrorhynchus_2;130;130;0;0;1.0;1.0;true
Terenura_callinota_1;481;481;0;0;1.0;1.0;true
Terenura_callinota_2;481;481;0;0;1.0;1.0;true
Thamnophilus_ruficapillu_1;481;481;0;0;1.0;1.0;true
Thamnophilus_ruficapillu_2;481;481;0;0;1.0;1.0;true
Theristicus_caerulescens_1;481;481;0;0;1.0;1.0;true
Theristicus_caerulescens_2;481;481;0;0;1.0;1.0;true
Tigrisoma_lineatum_1;481;481;0;0;1.0;1.0;true
Tigrisoma_lineatum_2;481;481;0;0;1.0;1.0;true
Tinamus_major_1;481;481;0;0;1.0;1.0;true
Tinamus_major_2;481;481;0;0;1.0;1.0;true
Tityra_cayana_1;498;498;0;0;1.0;1.0;true
Tityra_cayana_2;498;498;0;0;1.0;1.0;true
Tockus_camurus_1;511;511;0;0;1.0;1.0;true
Tockus_camurus_2;511;511;0;0;1.0;1.0;true
Todus_mexicanus_1;481;481;0;0;1.0;1.0;true
Todus_mexicanus_2;481;481;0;0;1.0;1.0;true
Topaza_pella_1;481;481;0;0;1.0;1.0;true
Topaza_pella_2;481;481;0;0;1.0;1.0;true
Treron_calvus_1;481;481;0;0;1.0;1.0;true
Treron_calvus_2;481;481;0;0;1.0;1.0;true
Tringa_solitaria_1;481;481;0;0;1.0;1.0;true
Tringa_solitaria_2;481;481;0;0;1.0;1.0;true
Trogon_elegans_1;500;500;0;0;1.0;1.0;true
Trogon_elegans_2;500;500;0;0;1.0;1.0;true
Turdus_olivater_1;481;481;0;0;1.0;1.0;true
Turdus_olivater_2;481;481;0;0;1.0;1.0;true
Turnix_ocellata_1;481;481;0;0;1.0;1.0;true
Turnix_ocellata_2;481;481;0;0;1.0;1.0;true
Tyrannus_albogularis_1;478;478;0;0;1.0;1.0;true
Tyrannus_albogularis_2;478;478;0;0;1.0;1.0;true
Tyto_alba_1;429;429;0;0;1.0;1.0;true
Tyto_alba_2;429;429;0;0;1.0;1.0;true
Upupa_epops_1;481;481;0;0;1.0;1.0;true
Upupa_epops_2;481;481;0;0;1.0;1.0;true
Uria_aalge_1;481;481;0;0;1.0;1.0;true
Uria_aalge_2;481;481;0;0;1.0;1.0;true
Urocolius_indicus_1;481;481;0;0;1.0;1.0;true
Urocolius_indicus_2;481;481;0;0;1.0;1.0;true
Vultur_gryphus_1;481;481;0;0;1.0;1.0;true
Vultur_gryphus_2;481;481;0;0;1.0;1.0;true
