seqName;initialSeqLength;nbKeep;nbTrim;nbInformativeTrim;percentKeepExcludingExtremities;percentKeepIncludingExtremities;keptSequences
Acanthisitta_chloris_1;238;237;1;1;1.0;0.995;true
Acanthisitta_chloris_2;238;237;1;1;1.0;0.995;true
Alcedo_quadribrachys_1;238;237;1;1;1.0;0.995;true
Alcedo_quadribrachys_2;238;237;1;1;1.0;0.995;true
Anas_superciliosa_1;238;237;1;1;1.0;0.995;true
Anas_superciliosa_2;238;237;1;1;1.0;0.995;true
Anhinga_anhinga_1;238;237;1;1;1.0;0.995;true
Anhinga_anhinga_2;238;237;1;1;1.0;0.995;true
Anser_canagicus_1;238;237;1;1;1.0;0.995;true
Anser_canagicus_2;238;237;1;1;1.0;0.995;true
Anseranas_semipalmata_1;238;237;1;1;1.0;0.995;true
Anseranas_semipalmata_2;238;237;1;1;1.0;0.995;true
Apaloderma_aequatoriale_1;238;237;1;1;1.0;0.995;true
Apaloderma_aequatoriale_2;238;237;1;1;1.0;0.995;true
Apteryx_sp._1;238;237;1;1;1.0;0.995;true
Apteryx_sp._2;238;237;1;1;1.0;0.995;true
Aramus_guarauna_1;238;237;1;1;1.0;0.995;true
Aramus_guarauna_2;238;237;1;1;1.0;0.995;true
Archilochus_colubris_1;238;237;1;1;1.0;0.995;true
Archilochus_colubris_2;238;237;1;1;1.0;0.995;true
Ardea_herodias_1;238;237;1;1;1.0;0.995;true
Ardea_herodias_2;238;237;1;1;1.0;0.995;true
Ardeotis_kori_1;238;237;1;1;1.0;0.995;true
Ardeotis_kori_2;238;237;1;1;1.0;0.995;true
Arenaria_interpres_1;238;237;1;1;1.0;0.995;true
Arenaria_interpres_2;238;237;1;1;1.0;0.995;true
Atelornis_pittoides_1;238;237;1;1;1.0;0.995;true
Atelornis_pittoides_2;238;237;1;1;1.0;0.995;true
Aythya_valisineria_1;238;237;1;1;1.0;0.995;true
Aythya_valisineria_2;238;237;1;1;1.0;0.995;true
Balaeniceps_rex_1;238;237;1;1;1.0;0.995;true
Balaeniceps_rex_2;238;237;1;1;1.0;0.995;true
Barnardius_zonarius_1;238;237;1;1;1.0;0.995;true
Barnardius_zonarius_2;238;237;1;1;1.0;0.995;true
Bonasa_umbellus_1;238;237;1;1;1.0;0.995;true
Bonasa_umbellus_2;238;237;1;1;1.0;0.995;true
Buccanodon_duchaillui_1;238;237;1;1;1.0;0.995;true
Buccanodon_duchaillui_2;238;237;1;1;1.0;0.995;true
Bucco_capensis_1;238;237;1;1;1.0;0.995;true
Bucco_capensis_2;238;237;1;1;1.0;0.995;true
Burhinus_oedicnemus_1;238;237;1;1;1.0;0.995;true
Burhinus_oedicnemus_2;238;237;1;1;1.0;0.995;true
Buteo_jamaicensis_1;238;237;1;1;1.0;0.995;true
Buteo_jamaicensis_2;238;237;1;1;1.0;0.995;true
Calandrella_brachydactyla_1;238;237;1;1;1.0;0.995;true
Calandrella_brachydactyla_2;238;237;1;1;1.0;0.995;true
Calyptomena_viridis_1;238;237;1;1;1.0;0.995;true
Calyptomena_viridis_2;238;237;1;1;1.0;0.995;true
Capito_niger_1;238;237;1;1;1.0;0.995;true
Capito_niger_2;238;237;1;1;1.0;0.995;true
Caprimulgus_europaeus_1;238;237;1;1;1.0;0.995;true
Caprimulgus_europaeus_2;238;237;1;1;1.0;0.995;true
Caracara_cheriway_1;238;237;1;1;1.0;0.995;true
Caracara_cheriway_2;238;237;1;1;1.0;0.995;true
Cariama_cristata_1;238;237;1;1;1.0;0.995;true
Cariama_cristata_2;238;237;1;1;1.0;0.995;true
Casuarius_bennetti_1;238;237;1;1;1.0;0.995;true
Casuarius_bennetti_2;238;237;1;1;1.0;0.995;true
Cathartes_burrovianus_1;238;237;1;1;1.0;0.995;true
Cathartes_burrovianus_2;238;237;1;1;1.0;0.995;true
Centropus_bengalensis_1;238;237;1;1;1.0;0.995;true
Centropus_bengalensis_2;238;237;1;1;1.0;0.995;true
Chaetura_brachyura_1;238;237;1;1;1.0;0.995;true
Chaetura_brachyura_2;238;237;1;1;1.0;0.995;true
Charadrius_hiaticula_1;238;237;1;1;1.0;0.995;true
Charadrius_hiaticula_2;238;237;1;1;1.0;0.995;true
Chauna_torquata_1;238;237;1;1;1.0;0.995;true
Chauna_torquata_2;238;237;1;1;1.0;0.995;true
Chelidoptera_tenebrosa_1;238;237;1;1;1.0;0.995;true
Chelidoptera_tenebrosa_2;238;237;1;1;1.0;0.995;true
Chloroceryle_inda_1;238;237;1;1;1.0;0.995;true
Chloroceryle_inda_2;238;237;1;1;1.0;0.995;true
Chordeiles_pusillus_1;238;237;1;1;1.0;0.995;true
Chordeiles_pusillus_2;238;237;1;1;1.0;0.995;true
Chunga_burmeisteri_1;238;237;1;1;1.0;0.995;true
Chunga_burmeisteri_2;238;237;1;1;1.0;0.995;true
Ciconia_nigra_1;238;237;1;1;1.0;0.995;true
Ciconia_nigra_2;238;237;1;1;1.0;0.995;true
Climacteris_melanura_1;238;237;1;1;1.0;0.995;true
Climacteris_melanura_2;238;237;1;1;1.0;0.995;true
Coccyzus_melacoryphus_1;238;237;1;1;1.0;0.995;true
Coccyzus_melacoryphus_2;238;237;1;1;1.0;0.995;true
Colinus_cristatus_1;238;237;1;1;1.0;0.995;true
Colinus_cristatus_2;238;237;1;1;1.0;0.995;true
Colius_colius_1;238;237;1;1;1.0;0.995;true
Colius_colius_2;238;237;1;1;1.0;0.995;true
Columba_livia_1;238;237;1;1;1.0;0.995;true
Columba_livia_2;238;237;1;1;1.0;0.995;true
Columbina_minuta_1;238;237;1;1;1.0;0.995;true
Columbina_minuta_2;238;237;1;1;1.0;0.995;true
Coracias_cyanogaster_1;238;237;1;1;1.0;0.995;true
Coracias_cyanogaster_2;238;237;1;1;1.0;0.995;true
Corvus_albus_1;238;237;1;1;1.0;0.995;true
Corvus_albus_2;238;237;1;1;1.0;0.995;true
Corythaeola_cristata_1;238;237;1;1;1.0;0.995;true
Corythaeola_cristata_2;238;237;1;1;1.0;0.995;true
Cotinga_cayana_1;238;237;1;1;1.0;0.995;true
Cotinga_cayana_2;238;237;1;1;1.0;0.995;true
Crax_alector_1;238;237;1;1;1.0;0.995;true
Crax_alector_2;238;237;1;1;1.0;0.995;true
Crocodylus_porosus_1;297;237;60;60;1.0;0.797;true
Crocodylus_porosus_2;297;237;60;60;1.0;0.797;true
Crypturellus_tataupa_1;238;237;1;1;1.0;0.995;true
Crypturellus_tataupa_2;238;237;1;1;1.0;0.995;true
Cuculus_optatus_1;238;237;1;1;1.0;0.995;true
Cuculus_optatus_2;238;237;1;1;1.0;0.995;true
Dendrocygna_viduata_1;238;237;1;1;1.0;0.995;true
Dendrocygna_viduata_2;238;237;1;1;1.0;0.995;true
Deroptyus_accipitrinus_1;238;237;1;1;1.0;0.995;true
Deroptyus_accipitrinus_2;238;237;1;1;1.0;0.995;true
Dromaius_novaehollandiae_1;238;237;1;1;1.0;0.995;true
Dromaius_novaehollandiae_2;238;237;1;1;1.0;0.995;true
Elaenia_flavogaster_1;238;237;1;1;1.0;0.995;true
Elaenia_flavogaster_2;238;237;1;1;1.0;0.995;true
Elanus_leucurus_1;238;237;1;1;1.0;0.995;true
Elanus_leucurus_2;238;237;1;1;1.0;0.995;true
Eudromia_elegans_1;238;237;1;1;1.0;0.995;true
Eudromia_elegans_2;238;237;1;1;1.0;0.995;true
Eurostopodus_macrotis_1;238;237;1;1;1.0;0.995;true
Eurostopodus_macrotis_2;238;237;1;1;1.0;0.995;true
Eurypyga_helias_1;238;237;1;1;1.0;0.995;true
Eurypyga_helias_2;238;237;1;1;1.0;0.995;true
Falco_sparverius_1;238;237;1;1;1.0;0.995;true
Falco_sparverius_2;238;237;1;1;1.0;0.995;true
Fregata_magnificens_1;238;237;1;1;1.0;0.995;true
Fregata_magnificens_2;238;237;1;1;1.0;0.995;true
Fringilla_coelebs_1;238;237;1;1;1.0;0.995;true
Fringilla_coelebs_2;238;237;1;1;1.0;0.995;true
Fulmarus_glacialoides_1;238;237;1;1;1.0;0.995;true
Fulmarus_glacialoides_2;238;237;1;1;1.0;0.995;true
Furnarius_rufus_1;238;237;1;1;1.0;0.995;true
Furnarius_rufus_2;238;237;1;1;1.0;0.995;true
Galbula_dea_1;238;237;1;1;1.0;0.995;true
Galbula_dea_2;238;237;1;1;1.0;0.995;true
Gallus_gallus_1;238;237;1;1;1.0;0.995;true
Gallus_gallus_2;238;237;1;1;1.0;0.995;true
Gavia_immer_1;238;237;1;1;1.0;0.995;true
Gavia_immer_2;238;237;1;1;1.0;0.995;true
Glareola_nuchalis_1;238;237;1;1;1.0;0.995;true
Glareola_nuchalis_2;238;237;1;1;1.0;0.995;true
Grus_canadensis_1;238;237;1;1;1.0;0.995;true
Grus_canadensis_2;238;237;1;1;1.0;0.995;true
Haematopus_palliatus_1;238;237;1;1;1.0;0.995;true
Haematopus_palliatus_2;238;237;1;1;1.0;0.995;true
Heliornis_fulica_1;238;237;1;1;1.0;0.995;true
Heliornis_fulica_2;238;237;1;1;1.0;0.995;true
Hemiprocne_comata_1;238;237;1;1;1.0;0.995;true
Hemiprocne_comata_2;238;237;1;1;1.0;0.995;true
Hirundinea_ferruginea_1;238;237;1;1;1.0;0.995;true
Hirundinea_ferruginea_2;238;237;1;1;1.0;0.995;true
Hymenops_perspicillatus_1;238;237;1;1;1.0;0.995;true
Hymenops_perspicillatus_2;238;237;1;1;1.0;0.995;true
Ibycter_americanus_1;238;237;1;1;1.0;0.995;true
Ibycter_americanus_2;238;237;1;1;1.0;0.995;true
Indicator_exilis_1;238;237;1;1;1.0;0.995;true
Indicator_exilis_2;238;237;1;1;1.0;0.995;true
Ixobrychus_minutus_1;238;237;1;1;1.0;0.995;true
Ixobrychus_minutus_2;238;237;1;1;1.0;0.995;true
Jacana_jacana_1;238;237;1;1;1.0;0.995;true
Jacana_jacana_2;238;237;1;1;1.0;0.995;true
Jynx_torquilla_1;238;237;1;1;1.0;0.995;true
Jynx_torquilla_2;238;237;1;1;1.0;0.995;true
Leipoa_ocellata_1;238;237;1;1;1.0;0.995;true
Leipoa_ocellata_2;238;237;1;1;1.0;0.995;true
Lepidocolaptes_angustirostr_1;238;237;1;1;1.0;0.995;true
Lepidocolaptes_angustirostr_2;238;237;1;1;1.0;0.995;true
Leptoptilos_crumeniferus_1;238;237;1;1;1.0;0.995;true
Leptoptilos_crumeniferus_2;238;237;1;1;1.0;0.995;true
Leptosomus_discolor_1;238;237;1;1;1.0;0.995;true
Leptosomus_discolor_2;238;237;1;1;1.0;0.995;true
Leptotila_rufaxilla_1;238;237;1;1;1.0;0.995;true
Leptotila_rufaxilla_2;238;237;1;1;1.0;0.995;true
Limosa_lapponica_1;238;237;1;1;1.0;0.995;true
Limosa_lapponica_2;238;237;1;1;1.0;0.995;true
Lophorina_superba_1;238;237;1;1;1.0;0.995;true
Lophorina_superba_2;238;237;1;1;1.0;0.995;true
Malurus_splendens_1;238;237;1;1;1.0;0.995;true
Malurus_splendens_2;238;237;1;1;1.0;0.995;true
Megalaima_chrysopogon_1;238;237;1;1;1.0;0.995;true
Megalaima_chrysopogon_2;238;237;1;1;1.0;0.995;true
Melanopareia_maximilian_1;238;237;1;1;1.0;0.995;true
Melanopareia_maximilian_2;238;237;1;1;1.0;0.995;true
Menura_novaehollandiae_1;238;237;1;1;1.0;0.995;true
Menura_novaehollandiae_2;238;237;1;1;1.0;0.995;true
Merops_muelleri_1;238;237;1;1;1.0;0.995;true
Merops_muelleri_2;238;237;1;1;1.0;0.995;true
Mesitornis_unicolor_1;238;237;1;1;1.0;0.995;true
Mesitornis_unicolor_2;238;237;1;1;1.0;0.995;true
Micrastur_gilvicollis_1;238;237;1;1;1.0;0.995;true
Micrastur_gilvicollis_2;238;237;1;1;1.0;0.995;true
Micropygia_schomburgkii_1;238;237;1;1;1.0;0.995;true
Micropygia_schomburgkii_2;238;237;1;1;1.0;0.995;true
Momotus_lessonii_1;238;237;1;1;1.0;0.995;true
Momotus_lessonii_2;238;237;1;1;1.0;0.995;true
Monias_benschi_1;238;237;1;1;1.0;0.995;true
Monias_benschi_2;238;237;1;1;1.0;0.995;true
Morus_serrator_1;238;237;1;1;1.0;0.995;true
Morus_serrator_2;238;237;1;1;1.0;0.995;true
Myiobius_barbatus_1;238;237;1;1;1.0;0.995;true
Myiobius_barbatus_2;238;237;1;1;1.0;0.995;true
Myrmornis_torquata_1;238;237;1;1;1.0;0.995;true
Myrmornis_torquata_2;238;237;1;1;1.0;0.995;true
Myrmothera_campanisona_1;237;237;0;0;1.0;1.0;true
Myrmothera_campanisona_2;237;237;0;0;1.0;1.0;true
Neodrepanis_coruscans_1;238;237;1;1;1.0;0.995;true
Neodrepanis_coruscans_2;238;237;1;1;1.0;0.995;true
Neopelma_chrysocephalum_1;238;237;1;1;1.0;0.995;true
Neopelma_chrysocephalum_2;238;237;1;1;1.0;0.995;true
Nestor_meridionalis_1;238;237;1;1;1.0;0.995;true
Nestor_meridionalis_2;238;237;1;1;1.0;0.995;true
Nothoprocta_ornata_1;238;237;1;1;1.0;0.995;true
Nothoprocta_ornata_2;238;237;1;1;1.0;0.995;true
Numida_malagris_1;238;237;1;1;1.0;0.995;true
Numida_malagris_2;238;237;1;1;1.0;0.995;true
Nyctibius_griseus_1;238;237;1;1;1.0;0.995;true
Nyctibius_griseus_2;238;237;1;1;1.0;0.995;true
Oceanites_oceanicus_1;238;237;1;1;1.0;0.995;true
Oceanites_oceanicus_2;238;237;1;1;1.0;0.995;true
Oceanodroma_leucorhoa_1;238;237;1;1;1.0;0.995;true
Oceanodroma_leucorhoa_2;238;237;1;1;1.0;0.995;true
Odontophorus_gujanensis_1;238;237;1;1;1.0;0.995;true
Odontophorus_gujanensis_2;238;237;1;1;1.0;0.995;true
Opisthocomus_hoazin_1;238;237;1;1;1.0;0.995;true
Opisthocomus_hoazin_2;238;237;1;1;1.0;0.995;true
Ortalis_motmot_1;238;237;1;1;1.0;0.995;true
Ortalis_motmot_2;238;237;1;1;1.0;0.995;true
Oxyruncus_cristatus_1;238;237;1;1;1.0;0.995;true
Oxyruncus_cristatus_2;238;237;1;1;1.0;0.995;true
Oxyura_jamaicensis_1;238;237;1;1;1.0;0.995;true
Oxyura_jamaicensis_2;238;237;1;1;1.0;0.995;true
Pedionomus_torquatus_1;238;237;1;1;1.0;0.995;true
Pedionomus_torquatus_2;238;237;1;1;1.0;0.995;true
Pelagodroma_marina_1;238;237;1;1;1.0;0.995;true
Pelagodroma_marina_2;238;237;1;1;1.0;0.995;true
Pelecanoides_urinatrix_1;238;237;1;1;1.0;0.995;true
Pelecanoides_urinatrix_2;238;237;1;1;1.0;0.995;true
Pelecanus_occidentalis_1;238;237;1;1;1.0;0.995;true
Pelecanus_occidentalis_2;238;237;1;1;1.0;0.995;true
Phaethon_rubricauda_1;238;237;1;1;1.0;0.995;true
Phaethon_rubricauda_2;238;237;1;1;1.0;0.995;true
Phaethornis_superciliosus_1;238;237;1;1;1.0;0.995;true
Phaethornis_superciliosus_2;238;237;1;1;1.0;0.995;true
Phalacrocorax_brasili_1;238;237;1;1;1.0;0.995;true
Phalacrocorax_brasili_2;238;237;1;1;1.0;0.995;true
Phoebastria_nigripes_1;238;237;1;1;1.0;0.995;true
Phoebastria_nigripes_2;238;237;1;1;1.0;0.995;true
Phoenicopterus_ruber_1;238;237;1;1;1.0;0.995;true
Phoenicopterus_ruber_2;238;237;1;1;1.0;0.995;true
Phoeniculus_purpureus_1;238;237;1;1;1.0;0.995;true
Phoeniculus_purpureus_2;238;237;1;1;1.0;0.995;true
Picus_canus_1;238;237;1;1;1.0;0.995;true
Picus_canus_2;238;237;1;1;1.0;0.995;true
Pipra_erythrocephala_1;238;237;1;1;1.0;0.995;true
Pipra_erythrocephala_2;238;237;1;1;1.0;0.995;true
Piprites_chloris_1;238;237;1;1;1.0;0.995;true
Piprites_chloris_2;238;237;1;1;1.0;0.995;true
Pitta_angolensis_1;238;237;1;1;1.0;0.995;true
Pitta_angolensis_2;238;237;1;1;1.0;0.995;true
Podargus_strigoides_1;238;237;1;1;1.0;0.995;true
Podargus_strigoides_2;238;237;1;1;1.0;0.995;true
Poecile_lugubris_1;238;237;1;1;1.0;0.995;true
Poecile_lugubris_2;238;237;1;1;1.0;0.995;true
Porphyrio_porphyrio_1;238;237;1;1;1.0;0.995;true
Porphyrio_porphyrio_2;238;237;1;1;1.0;0.995;true
Probosciger_aterrimus_1;238;237;1;1;1.0;0.995;true
Probosciger_aterrimus_2;238;237;1;1;1.0;0.995;true
Psittacus_erithacus_1;238;237;1;1;1.0;0.995;true
Psittacus_erithacus_2;238;237;1;1;1.0;0.995;true
Psittrichas_fulgidus_1;238;237;1;1;1.0;0.995;true
Psittrichas_fulgidus_2;238;237;1;1;1.0;0.995;true
Psophia_crepitans_1;238;237;1;1;1.0;0.995;true
Psophia_crepitans_2;238;237;1;1;1.0;0.995;true
Pterocles_bicinctus_1;238;237;1;1;1.0;0.995;true
Pterocles_bicinctus_2;238;237;1;1;1.0;0.995;true
Pterodroma_externa_1;238;237;1;1;1.0;0.995;true
Pterodroma_externa_2;238;237;1;1;1.0;0.995;true
Ptilinopus_magnificus_1;238;237;1;1;1.0;0.995;true
Ptilinopus_magnificus_2;238;237;1;1;1.0;0.995;true
Ptilonorhynchus_violaceus_1;238;237;1;1;1.0;0.995;true
Ptilonorhynchus_violaceus_2;238;237;1;1;1.0;0.995;true
Puffinus_griseus_1;237;237;0;0;1.0;1.0;true
Puffinus_griseus_2;237;237;0;0;1.0;1.0;true
Pycnonotus_macrotis_1;238;237;1;1;1.0;0.995;true
Pycnonotus_macrotis_2;238;237;1;1;1.0;0.995;true
Ramphastos_ambiguus_1;238;237;1;1;1.0;0.995;true
Ramphastos_ambiguus_2;238;237;1;1;1.0;0.995;true
Recurvirostra_americana_1;238;237;1;1;1.0;0.995;true
Recurvirostra_americana_2;238;237;1;1;1.0;0.995;true
Regulus_ignicapilla_1;238;237;1;1;1.0;0.995;true
Regulus_ignicapilla_2;238;237;1;1;1.0;0.995;true
Rhea_americana_1;238;237;1;1;1.0;0.995;true
Rhea_americana_2;238;237;1;1;1.0;0.995;true
Rhynchocyclus_olivaceus_1;238;237;1;1;1.0;0.995;true
Rhynchocyclus_olivaceus_2;238;237;1;1;1.0;0.995;true
Rollandia_rolland_1;238;237;1;1;1.0;0.995;true
Rollandia_rolland_2;238;237;1;1;1.0;0.995;true
Rollulus_rouloul_1;238;237;1;1;1.0;0.995;true
Rollulus_rouloul_2;238;237;1;1;1.0;0.995;true
Rostratula_benghalensis_1;238;237;1;1;1.0;0.995;true
Rostratula_benghalensis_2;238;237;1;1;1.0;0.995;true
Rupicola_rupicola_1;238;237;1;1;1.0;0.995;true
Rupicola_rupicola_2;238;237;1;1;1.0;0.995;true
Rynchops_niger_1;238;237;1;1;1.0;0.995;true
Rynchops_niger_2;238;237;1;1;1.0;0.995;true
Sagittarius_serpentarius_1;238;237;1;1;1.0;0.995;true
Sagittarius_serpentarius_2;238;237;1;1;1.0;0.995;true
Sarothrura_rufa_1;238;237;1;1;1.0;0.995;true
Sarothrura_rufa_2;238;237;1;1;1.0;0.995;true
Schiffornis_turdina_1;238;237;1;1;1.0;0.995;true
Schiffornis_turdina_2;238;237;1;1;1.0;0.995;true
Sclerurus_mexicanus_1;238;237;1;1;1.0;0.995;true
Sclerurus_mexicanus_2;238;237;1;1;1.0;0.995;true
Scopus_umbretta_1;238;237;1;1;1.0;0.995;true
Scopus_umbretta_2;238;237;1;1;1.0;0.995;true
Sericulus_bakeri_1;238;237;1;1;1.0;0.995;true
Sericulus_bakeri_2;238;237;1;1;1.0;0.995;true
Smithornis_rufolateralis_1;238;237;1;1;1.0;0.995;true
Smithornis_rufolateralis_2;238;237;1;1;1.0;0.995;true
Spizella_arborea_1;118;117;1;1;1.0;0.991;true
Spizella_arborea_2;118;117;1;1;1.0;0.991;true
Steatornis_caripensi_1;279;237;42;42;1.0;0.849;true
Steatornis_caripensi_2;279;237;42;42;1.0;0.849;true
Sterna_hirundo_1;238;237;1;1;1.0;0.995;true
Sterna_hirundo_2;238;237;1;1;1.0;0.995;true
Streptoprocne_zonaris_1;238;237;1;1;1.0;0.995;true
Streptoprocne_zonaris_2;238;237;1;1;1.0;0.995;true
Strix_varia_1;238;237;1;1;1.0;0.995;true
Strix_varia_2;238;237;1;1;1.0;0.995;true
Sylvia_melanocephala_1;238;237;1;1;1.0;0.995;true
Sylvia_melanocephala_2;238;237;1;1;1.0;0.995;true
Syrrhaptes_paradoxus_1;238;237;1;1;1.0;0.995;true
Syrrhaptes_paradoxus_2;238;237;1;1;1.0;0.995;true
Tapera_naevia_1;238;237;1;1;1.0;0.995;true
Tapera_naevia_2;238;237;1;1;1.0;0.995;true
Tauraco_macrorhynchus_1;238;237;1;1;1.0;0.995;true
Tauraco_macrorhynchus_2;238;237;1;1;1.0;0.995;true
Terenura_callinota_1;238;237;1;1;1.0;0.995;true
Terenura_callinota_2;238;237;1;1;1.0;0.995;true
Thamnophilus_ruficapillu_1;238;237;1;1;1.0;0.995;true
Thamnophilus_ruficapillu_2;238;237;1;1;1.0;0.995;true
Theristicus_caerulescens_1;238;237;1;1;1.0;0.995;true
Theristicus_caerulescens_2;238;237;1;1;1.0;0.995;true
Tigrisoma_lineatum_1;238;237;1;1;1.0;0.995;true
Tigrisoma_lineatum_2;238;237;1;1;1.0;0.995;true
Tityra_cayana_1;238;237;1;1;1.0;0.995;true
Tityra_cayana_2;238;237;1;1;1.0;0.995;true
Tockus_camurus_1;238;237;1;1;1.0;0.995;true
Tockus_camurus_2;238;237;1;1;1.0;0.995;true
Todus_mexicanus_1;238;237;1;1;1.0;0.995;true
Todus_mexicanus_2;238;237;1;1;1.0;0.995;true
Topaza_pella_1;238;237;1;1;1.0;0.995;true
Topaza_pella_2;238;237;1;1;1.0;0.995;true
Treron_calvus_1;238;237;1;1;1.0;0.995;true
Treron_calvus_2;238;237;1;1;1.0;0.995;true
Tringa_solitaria_1;238;237;1;1;1.0;0.995;true
Tringa_solitaria_2;238;237;1;1;1.0;0.995;true
Trogon_elegans_1;238;237;1;1;1.0;0.995;true
Trogon_elegans_2;238;237;1;1;1.0;0.995;true
Turdus_olivater_1;235;234;1;1;1.0;0.995;true
Turdus_olivater_2;235;234;1;1;1.0;0.995;true
Turnix_ocellata_1;238;237;1;1;1.0;0.995;true
Turnix_ocellata_2;238;237;1;1;1.0;0.995;true
Tyrannus_albogularis_1;238;237;1;1;1.0;0.995;true
Tyrannus_albogularis_2;238;237;1;1;1.0;0.995;true
Upupa_epops_1;238;237;1;1;1.0;0.995;true
Upupa_epops_2;238;237;1;1;1.0;0.995;true
Uria_aalge_1;238;237;1;1;1.0;0.995;true
Uria_aalge_2;238;237;1;1;1.0;0.995;true
Urocolius_indicus_1;238;237;1;1;1.0;0.995;true
Urocolius_indicus_2;238;237;1;1;1.0;0.995;true
