seqName;initialSeqLength;nbKeep;nbTrim;nbInformativeTrim;percentKeepExcludingExtremities;percentKeepIncludingExtremities;keptSequences
Acanthisitta_chloris_1;927;897;30;30;1.0;0.967;true
Acanthisitta_chloris_2;927;897;30;30;1.0;0.967;true
Accipiter_superciliosus_1;714;705;9;9;1.0;0.987;true
Accipiter_superciliosus_2;714;705;9;9;1.0;0.987;true
Aegotheles_insignis_1;915;897;18;18;1.0;0.98;true
Aegotheles_insignis_2;915;897;18;18;1.0;0.98;true
Anas_superciliosa_1;492;492;0;0;1.0;1.0;true
Anas_superciliosa_2;492;492;0;0;1.0;1.0;true
Anhinga_anhinga_1;936;897;39;39;1.0;0.958;true
Anhinga_anhinga_2;936;897;39;39;1.0;0.958;true
Anser_canagicus_1;936;897;39;39;1.0;0.958;true
Anser_canagicus_2;936;897;39;39;1.0;0.958;true
Anseranas_semipalmata_1;906;867;39;39;0.966;0.956;true
Anseranas_semipalmata_2;906;867;39;39;0.966;0.956;true
Apaloderma_aequatoriale_1;939;900;39;39;1.0;0.958;true
Apaloderma_aequatoriale_2;939;900;39;39;1.0;0.958;true
Apteryx_sp._1;906;864;42;42;0.966;0.953;true
Apteryx_sp._2;906;864;42;42;0.966;0.953;true
Aramus_guarauna_1;936;897;39;39;1.0;0.958;true
Aramus_guarauna_2;936;897;39;39;1.0;0.958;true
Archilochus_colubris_1;927;897;30;30;1.0;0.967;true
Archilochus_colubris_2;927;897;30;30;1.0;0.967;true
Ardea_herodias_1;936;897;39;39;1.0;0.958;true
Ardea_herodias_2;936;897;39;39;1.0;0.958;true
Ardeotis_kori_1;936;897;39;39;1.0;0.958;true
Ardeotis_kori_2;936;897;39;39;1.0;0.958;true
Arenaria_interpres_1;933;897;36;36;1.0;0.961;true
Arenaria_interpres_2;933;897;36;36;1.0;0.961;true
Atelornis_pittoides_1;936;897;39;39;1.0;0.958;true
Atelornis_pittoides_2;936;897;39;39;1.0;0.958;true
Aythya_valisineria_1;927;897;30;30;1.0;0.967;true
Aythya_valisineria_2;927;897;30;30;1.0;0.967;true
Balaeniceps_rex_1;924;894;30;30;1.0;0.967;true
Balaeniceps_rex_2;924;894;30;30;1.0;0.967;true
Balearica_regulorum_1;912;867;45;45;0.966;0.95;true
Balearica_regulorum_2;912;867;45;45;0.966;0.95;true
Barnardius_zonarius_1;825;783;42;42;1.0;0.949;true
Barnardius_zonarius_2;825;783;42;42;1.0;0.949;true
Bonasa_umbellus_1;927;897;30;30;1.0;0.967;true
Bonasa_umbellus_2;927;897;30;30;1.0;0.967;true
Buccanodon_duchaillui_1;936;897;39;39;1.0;0.958;true
Buccanodon_duchaillui_2;936;897;39;39;1.0;0.958;true
Bucco_capensis_1;936;897;39;39;1.0;0.958;true
Bucco_capensis_2;936;897;39;39;1.0;0.958;true
Bucorvus_leadbeateri_1;678;678;0;0;1.0;1.0;true
Bucorvus_leadbeateri_2;678;678;0;0;1.0;1.0;true
Burhinus_oedicnemus_1;906;867;39;39;0.966;0.956;true
Burhinus_oedicnemus_2;906;867;39;39;0.966;0.956;true
Buteo_jamaicensis_1;936;897;39;39;1.0;0.958;true
Buteo_jamaicensis_2;936;897;39;39;1.0;0.958;true
Calandrella_brachydactyla_1;939;897;42;42;1.0;0.955;true
Calandrella_brachydactyla_2;939;897;42;42;1.0;0.955;true
Calyptomena_viridis_1;939;897;42;42;1.0;0.955;true
Calyptomena_viridis_2;939;897;42;42;1.0;0.955;true
Capito_niger_1;735;705;30;30;1.0;0.959;true
Capito_niger_2;735;705;30;30;1.0;0.959;true
Caprimulgus_europaeus_1;933;897;36;36;1.0;0.961;true
Caprimulgus_europaeus_2;933;897;36;36;1.0;0.961;true
Caracara_cheriway_1;930;897;33;33;1.0;0.964;true
Caracara_cheriway_2;930;897;33;33;1.0;0.964;true
Cariama_cristata_1;936;897;39;39;1.0;0.958;true
Cariama_cristata_2;936;897;39;39;1.0;0.958;true
Casuarius_bennetti_1;939;897;42;42;1.0;0.955;true
Casuarius_bennetti_2;939;897;42;42;1.0;0.955;true
Cathartes_burrovianus_1;858;849;9;9;1.0;0.989;true
Cathartes_burrovianus_2;858;849;9;9;1.0;0.989;true
Centropus_bengalensis_1;933;891;42;42;1.0;0.954;true
Centropus_bengalensis_2;933;891;42;42;1.0;0.954;true
Chaetura_brachyura_1;936;897;39;39;1.0;0.958;true
Chaetura_brachyura_2;936;897;39;39;1.0;0.958;true
Charadrius_hiaticula_1;531;522;9;9;1.0;0.983;true
Charadrius_hiaticula_2;531;522;9;9;1.0;0.983;true
Chauna_torquata_1;936;897;39;39;1.0;0.958;true
Chauna_torquata_2;936;897;39;39;1.0;0.958;true
Chelidoptera_tenebrosa_1;936;897;39;39;1.0;0.958;true
Chelidoptera_tenebrosa_2;936;867;69;69;0.966;0.926;true
Chloroceryle_inda_1;924;894;30;30;1.0;0.967;true
Chloroceryle_inda_2;924;894;30;30;1.0;0.967;true
Chordeiles_pusillus_1;936;897;39;39;1.0;0.958;true
Chordeiles_pusillus_2;936;897;39;39;1.0;0.958;true
Chroicocephalus_cirrocephalus_1;906;897;9;9;1.0;0.99;true
Chroicocephalus_cirrocephalus_2;906;897;9;9;1.0;0.99;true
Chunga_burmeisteri_1;936;897;39;39;1.0;0.958;true
Chunga_burmeisteri_2;936;897;39;39;1.0;0.958;true
Ciconia_nigra_1;717;717;0;0;1.0;1.0;true
Ciconia_nigra_2;717;717;0;0;1.0;1.0;true
Climacteris_melanura_1;933;897;36;36;1.0;0.961;true
Climacteris_melanura_2;933;897;36;36;1.0;0.961;true
Coccyzus_melacoryphus_1;936;897;39;39;1.0;0.958;true
Coccyzus_melacoryphus_2;936;897;39;39;1.0;0.958;true
Colinus_cristatus_1;900;870;30;30;1.0;0.966;true
Colinus_cristatus_2;900;870;30;30;1.0;0.966;true
Colius_colius_1;822;780;42;42;1.0;0.948;true
Colius_colius_2;822;813;9;9;1.0;0.989;true
Columba_livia_1;927;897;30;30;1.0;0.967;true
Columba_livia_2;927;897;30;30;1.0;0.967;true
Columbina_minuta_1;936;897;39;39;1.0;0.958;true
Columbina_minuta_2;936;897;39;39;1.0;0.958;true
Coracias_cyanogaster_1;936;897;39;39;1.0;0.958;true
Coracias_cyanogaster_2;936;897;39;39;1.0;0.958;true
Corvus_albus_1;939;897;42;42;1.0;0.955;true
Corvus_albus_2;939;897;42;42;1.0;0.955;true
Corythaeola_cristata_1;666;657;9;9;1.0;0.986;true
Corythaeola_cristata_2;666;657;9;9;1.0;0.986;true
Cotinga_cayana_1;933;897;36;36;1.0;0.961;true
Cotinga_cayana_2;933;897;36;36;1.0;0.961;true
Crax_alector_1;936;897;39;39;1.0;0.958;true
Crax_alector_2;936;897;39;39;1.0;0.958;true
Cryptopipo_aenigma_1;939;897;42;42;1.0;0.955;true
Cryptopipo_aenigma_2;939;897;42;42;1.0;0.955;true
Crypturellus_tataupa_1;915;897;18;18;1.0;0.98;true
Crypturellus_tataupa_2;915;897;18;18;1.0;0.98;true
Cuculus_optatus_1;936;897;39;39;1.0;0.958;true
Cuculus_optatus_2;936;897;39;39;1.0;0.958;true
Dendrocygna_viduata_1;396;387;9;9;1.0;0.977;true
Dendrocygna_viduata_2;396;387;9;9;1.0;0.977;true
Deroptyus_accipitrinus_1;276;264;12;12;1.0;0.956;true
Deroptyus_accipitrinus_2;276;264;12;12;1.0;0.956;true
Dromaius_novaehollandiae_1;939;897;42;42;1.0;0.955;true
Dromaius_novaehollandiae_2;939;897;42;42;1.0;0.955;true
Elaenia_flavogaster_1;939;897;42;42;1.0;0.955;true
Elaenia_flavogaster_2;939;897;42;42;1.0;0.955;true
Elanus_leucurus_1;810;810;0;0;1.0;1.0;true
Elanus_leucurus_2;810;810;0;0;1.0;1.0;true
Eudromia_elegans_1;915;897;18;18;1.0;0.98;true
Eudromia_elegans_2;915;897;18;18;1.0;0.98;true
Eurostopodus_macrotis_1;936;897;39;39;1.0;0.958;true
Eurostopodus_macrotis_2;936;897;39;39;1.0;0.958;true
Eurylaimus_ochromalus_1;804;804;0;0;1.0;1.0;true
Eurylaimus_ochromalus_2;804;804;0;0;1.0;1.0;true
Eurypyga_helias_1;936;897;39;39;1.0;0.958;true
Eurypyga_helias_2;936;897;39;39;1.0;0.958;true
Falco_sparverius_1;936;897;39;39;1.0;0.958;true
Falco_sparverius_2;936;897;39;39;1.0;0.958;true
Fregata_magnificens_1;936;897;39;39;1.0;0.958;true
Fregata_magnificens_2;936;897;39;39;1.0;0.958;true
Fringilla_coelebs_1;939;897;42;42;1.0;0.955;true
Fringilla_coelebs_2;939;897;42;42;1.0;0.955;true
Fulmarus_glacialoides_1;936;897;39;39;1.0;0.958;true
Fulmarus_glacialoides_2;936;897;39;39;1.0;0.958;true
Furnarius_rufus_1;933;888;45;45;1.0;0.951;true
Furnarius_rufus_2;933;888;45;45;1.0;0.951;true
Galbula_dea_1;936;897;39;39;1.0;0.958;true
Galbula_dea_2;936;897;39;39;1.0;0.958;true
Gallus_gallus_1;927;897;30;30;1.0;0.967;true
Gallus_gallus_2;927;897;30;30;1.0;0.967;true
Gavia_immer_1;924;894;30;30;1.0;0.967;true
Gavia_immer_2;924;894;30;30;1.0;0.967;true
Glareola_nuchalis_1;936;897;39;39;1.0;0.958;true
Glareola_nuchalis_2;936;897;39;39;1.0;0.958;true
Grus_canadensis_1;912;867;45;45;0.966;0.95;true
Grus_canadensis_2;912;867;45;45;0.966;0.95;true
Haematopus_palliatus_1;936;897;39;39;1.0;0.958;true
Haematopus_palliatus_2;936;897;39;39;1.0;0.958;true
Heliornis_fulica_1;936;882;54;54;1.0;0.942;true
Heliornis_fulica_2;936;882;54;54;1.0;0.942;true
Hemiprocne_comata_1;864;855;9;9;1.0;0.989;true
Hemiprocne_comata_2;864;855;9;9;1.0;0.989;true
Hirundinea_ferruginea_1;834;822;12;12;1.0;0.985;true
Hirundinea_ferruginea_2;834;822;12;12;1.0;0.985;true
Hymenops_perspicillatus_1;900;888;12;12;1.0;0.986;true
Hymenops_perspicillatus_2;900;888;12;12;1.0;0.986;true
Ibycter_americanus_1;930;897;33;33;1.0;0.964;true
Ibycter_americanus_2;930;897;33;33;1.0;0.964;true
Indicator_exilis_1;936;897;39;39;1.0;0.958;true
Indicator_exilis_2;936;897;39;39;1.0;0.958;true
Ixobrychus_minutus_1;936;897;39;39;1.0;0.958;true
Ixobrychus_minutus_2;936;897;39;39;1.0;0.958;true
Jacana_jacana_1;936;897;39;39;1.0;0.958;true
Jacana_jacana_2;936;897;39;39;1.0;0.958;true
Jynx_torquilla_1;864;837;27;27;1.0;0.968;true
Jynx_torquilla_2;864;837;27;27;1.0;0.968;true
Leipoa_ocellata_1;738;690;48;48;0.962;0.934;true
Leipoa_ocellata_2;738;690;48;48;0.962;0.934;true
Lepidocolaptes_angustirostr_1;930;888;42;42;1.0;0.954;true
Lepidocolaptes_angustirostr_2;930;888;42;42;1.0;0.954;true
Leptoptilos_crumeniferus_1;906;897;9;9;1.0;0.99;true
Leptoptilos_crumeniferus_2;906;897;9;9;1.0;0.99;true
Leptosomus_discolor_1;876;798;78;78;0.943;0.91;true
Leptosomus_discolor_2;876;798;78;78;0.943;0.91;true
Leptotila_rufaxilla_1;924;894;30;30;1.0;0.967;true
Leptotila_rufaxilla_2;924;894;30;30;1.0;0.967;true
Limosa_lapponica_1;936;897;39;39;1.0;0.958;true
Limosa_lapponica_2;936;897;39;39;1.0;0.958;true
Lophorina_superba_1;939;897;42;42;1.0;0.955;true
Lophorina_superba_2;939;897;42;42;1.0;0.955;true
Malurus_splendens_1;801;789;12;12;1.0;0.985;true
Malurus_splendens_2;801;789;12;12;1.0;0.985;true
Megalaima_chrysopogon_1;843;834;9;9;1.0;0.989;true
Megalaima_chrysopogon_2;843;834;9;9;1.0;0.989;true
Melanopareia_maximilian_1;918;888;30;30;1.0;0.967;true
Melanopareia_maximilian_2;918;888;30;30;1.0;0.967;true
Menura_novaehollandiae_1;909;888;21;21;1.0;0.976;true
Menura_novaehollandiae_2;909;888;21;21;1.0;0.976;true
Merops_muelleri_1;936;897;39;39;1.0;0.958;true
Merops_muelleri_2;936;897;39;39;1.0;0.958;true
Mesitornis_unicolor_1;744;744;0;0;1.0;1.0;true
Mesitornis_unicolor_2;744;744;0;0;1.0;1.0;true
Micrastur_gilvicollis_1;930;897;33;33;1.0;0.964;true
Micrastur_gilvicollis_2;930;897;33;33;1.0;0.964;true
Micropygia_schomburgkii_1;690;681;9;9;1.0;0.986;true
Micropygia_schomburgkii_2;690;681;9;9;1.0;0.986;true
Momotus_lessonii_1;930;897;33;33;1.0;0.964;true
Momotus_lessonii_2;930;897;33;33;1.0;0.964;true
Monias_benschi_1;498;489;9;9;1.0;0.981;true
Monias_benschi_2;498;489;9;9;1.0;0.981;true
Morus_serrator_1;934;895;39;39;1.0;0.958;true
Morus_serrator_2;934;895;39;39;1.0;0.958;true
Myiobius_barbatus_1;807;795;12;12;1.0;0.985;true
Myiobius_barbatus_2;807;795;12;12;1.0;0.985;true
Myrmornis_torquata_1;864;849;15;15;1.0;0.982;true
Myrmornis_torquata_2;864;849;15;15;1.0;0.982;true
Myrmothera_campanisona_1;933;888;45;45;1.0;0.951;true
Myrmothera_campanisona_2;933;888;45;45;1.0;0.951;true
Neodrepanis_coruscans_1;924;894;30;30;1.0;0.967;true
Neodrepanis_coruscans_2;924;894;30;30;1.0;0.967;true
Neopelma_chrysocephalum_1;939;897;42;42;1.0;0.955;true
Neopelma_chrysocephalum_2;939;897;42;42;1.0;0.955;true
Nestor_meridionalis_1;933;897;36;36;1.0;0.961;true
Nestor_meridionalis_2;933;897;36;36;1.0;0.961;true
Nothoprocta_ornata_1;813;807;6;6;1.0;0.992;true
Nothoprocta_ornata_2;813;807;6;6;1.0;0.992;true
Numida_malagris_1;915;885;30;30;1.0;0.967;true
Numida_malagris_2;915;885;30;30;1.0;0.967;true
Nyctibius_griseus_1;936;897;39;39;1.0;0.958;true
Nyctibius_griseus_2;936;897;39;39;1.0;0.958;true
Oceanites_oceanicus_1;938;899;39;39;0.996;0.958;true
Oceanites_oceanicus_2;938;899;39;39;0.996;0.958;true
Oceanodroma_leucorhoa_1;668;659;9;9;1.0;0.986;true
Oceanodroma_leucorhoa_2;668;659;9;9;1.0;0.986;true
Odontophorus_gujanensis_1;894;894;0;0;1.0;1.0;true
Odontophorus_gujanensis_2;894;894;0;0;1.0;1.0;true
Opisthocomus_hoazin_1;906;855;51;51;0.953;0.943;true
Opisthocomus_hoazin_2;906;855;51;51;0.953;0.943;true
Ortalis_motmot_1;936;897;39;39;1.0;0.958;true
Ortalis_motmot_2;936;897;39;39;1.0;0.958;true
Oxyruncus_cristatus_1;939;897;42;42;1.0;0.955;true
Oxyruncus_cristatus_2;939;897;42;42;1.0;0.955;true
Oxyura_jamaicensis_1;906;855;51;51;0.953;0.943;true
Oxyura_jamaicensis_2;906;855;51;51;0.953;0.943;true
Pandion_haliaetus_1;639;630;9;9;1.0;0.985;true
Pandion_haliaetus_2;639;630;9;9;1.0;0.985;true
Pedionomus_torquatus_1;936;897;39;39;1.0;0.958;true
Pedionomus_torquatus_2;936;897;39;39;1.0;0.958;true
Pelecanoides_urinatrix_1;933;894;39;39;1.0;0.958;true
Pelecanoides_urinatrix_2;933;894;39;39;1.0;0.958;true
Pelecanus_occidentalis_1;795;786;9;9;1.0;0.988;true
Pelecanus_occidentalis_2;795;786;9;9;1.0;0.988;true
Phaethon_rubricauda_1;450;420;30;30;1.0;0.933;true
Phaethon_rubricauda_2;450;420;30;30;1.0;0.933;true
Phaethornis_superciliosus_1;639;639;0;0;1.0;1.0;true
Phaethornis_superciliosus_2;639;639;0;0;1.0;1.0;true
Phalacrocorax_brasili_1;927;897;30;30;1.0;0.967;true
Phalacrocorax_brasili_2;927;897;30;30;1.0;0.967;true
Phoebastria_nigripes_1;798;789;9;9;1.0;0.988;true
Phoebastria_nigripes_2;798;789;9;9;1.0;0.988;true
Phoenicopterus_ruber_1;906;867;39;39;0.966;0.956;true
Phoenicopterus_ruber_2;906;867;39;39;0.966;0.956;true
Phoeniculus_purpureus_1;561;561;0;0;1.0;1.0;true
Phoeniculus_purpureus_2;561;561;0;0;1.0;1.0;true
Picus_canus_1;936;897;39;39;1.0;0.958;true
Picus_canus_2;936;897;39;39;1.0;0.958;true
Pipra_erythrocephala_1;939;897;42;42;1.0;0.955;true
Pipra_erythrocephala_2;939;897;42;42;1.0;0.955;true
Piprites_chloris_1;939;897;42;42;1.0;0.955;true
Piprites_chloris_2;939;897;42;42;1.0;0.955;true
Pitta_angolensis_1;939;897;42;42;1.0;0.955;true
Pitta_angolensis_2;939;897;42;42;1.0;0.955;true
Podargus_strigoides_1;936;897;39;39;1.0;0.958;true
Podargus_strigoides_2;936;897;39;39;1.0;0.958;true
Poecile_lugubris_1;657;657;0;0;1.0;1.0;true
Poecile_lugubris_2;657;657;0;0;1.0;1.0;true
Porphyrio_porphyrio_1;936;897;39;39;1.0;0.958;true
Porphyrio_porphyrio_2;936;897;39;39;1.0;0.958;true
Probosciger_aterrimus_1;555;555;0;0;1.0;1.0;true
Probosciger_aterrimus_2;555;555;0;0;1.0;1.0;true
Psittacus_erithacus_1;939;897;42;42;1.0;0.955;true
Psittacus_erithacus_2;939;897;42;42;1.0;0.955;true
Psittrichas_fulgidus_1;939;897;42;42;1.0;0.955;true
Psittrichas_fulgidus_2;939;897;42;42;1.0;0.955;true
Psophia_crepitans_1;936;897;39;39;1.0;0.958;true
Psophia_crepitans_2;936;897;39;39;1.0;0.958;true
Pterocles_bicinctus_1;936;897;39;39;1.0;0.958;true
Pterocles_bicinctus_2;936;897;39;39;1.0;0.958;true
Pterodroma_externa_1;937;898;39;39;1.0;0.958;true
Pterodroma_externa_2;937;898;39;39;1.0;0.958;true
Ptilinopus_magnificus_1;741;732;9;9;1.0;0.987;true
Ptilinopus_magnificus_2;741;732;9;9;1.0;0.987;true
Ptilonorhynchus_violaceus_1;939;897;42;42;1.0;0.955;true
Ptilonorhynchus_violaceus_2;939;897;42;42;1.0;0.955;true
Puffinus_griseus_1;726;696;30;30;1.0;0.958;true
Puffinus_griseus_2;726;696;30;30;1.0;0.958;true
Pycnonotus_macrotis_1;939;888;51;51;1.0;0.945;true
Pycnonotus_macrotis_2;939;888;51;51;1.0;0.945;true
Rallus_longirostris_1;576;546;30;30;1.0;0.947;true
Rallus_longirostris_2;576;546;30;30;1.0;0.947;true
Ramphastos_ambiguus_1;936;897;39;39;1.0;0.958;true
Ramphastos_ambiguus_2;936;897;39;39;1.0;0.958;true
Recurvirostra_americana_1;936;897;39;39;1.0;0.958;true
Recurvirostra_americana_2;936;897;39;39;1.0;0.958;true
Regulus_ignicapilla_1;939;897;42;42;1.0;0.955;true
Regulus_ignicapilla_2;939;897;42;42;1.0;0.955;true
Rhea_americana_1;930;897;33;33;1.0;0.964;true
Rhea_americana_2;930;897;33;33;1.0;0.964;true
Rhynchocyclus_olivaceus_1;938;896;42;42;1.0;0.955;true
Rhynchocyclus_olivaceus_2;938;896;42;42;1.0;0.955;true
Rollandia_rolland_1;936;897;39;39;1.0;0.958;true
Rollandia_rolland_2;936;897;39;39;1.0;0.958;true
Rollulus_rouloul_1;927;897;30;30;1.0;0.967;true
Rollulus_rouloul_2;927;897;30;30;1.0;0.967;true
Rostratula_benghalensis_1;831;801;30;30;1.0;0.963;true
Rostratula_benghalensis_2;831;801;30;30;1.0;0.963;true
Rupicola_rupicola_1;939;897;42;42;1.0;0.955;true
Rupicola_rupicola_2;939;897;42;42;1.0;0.955;true
Rynchops_niger_1;696;687;9;9;1.0;0.987;true
Rynchops_niger_2;696;687;9;9;1.0;0.987;true
Sagittarius_serpentarius_1;927;897;30;30;1.0;0.967;true
Sagittarius_serpentarius_2;927;897;30;30;1.0;0.967;true
Sarothrura_rufa_1;807;798;9;9;1.0;0.988;true
Sarothrura_rufa_2;807;798;9;9;1.0;0.988;true
Schiffornis_turdina_1;912;882;30;30;1.0;0.967;true
Schiffornis_turdina_2;912;882;30;30;1.0;0.967;true
Sclerurus_mexicanus_1;933;888;45;45;1.0;0.951;true
Sclerurus_mexicanus_2;933;888;45;45;1.0;0.951;true
Scopus_umbretta_1;936;813;123;123;0.906;0.868;true
Scopus_umbretta_2;936;813;123;123;0.906;0.868;true
Sericulus_bakeri_1;939;897;42;42;1.0;0.955;true
Sericulus_bakeri_2;939;897;42;42;1.0;0.955;true
Smithornis_rufolateralis_1;927;897;30;30;1.0;0.967;true
Smithornis_rufolateralis_2;927;897;30;30;1.0;0.967;true
Spheniscus_humboldti_1;822;813;9;9;1.0;0.989;true
Spheniscus_humboldti_2;822;813;9;9;1.0;0.989;true
Spizella_arborea_1;936;897;39;39;1.0;0.958;true
Spizella_arborea_2;936;897;39;39;1.0;0.958;true
Steatornis_caripensi_1;687;687;0;0;1.0;1.0;true
Steatornis_caripensi_2;687;687;0;0;1.0;1.0;true
Sterna_hirundo_1;630;630;0;0;1.0;1.0;true
Sterna_hirundo_2;630;630;0;0;1.0;1.0;true
Streptoprocne_zonaris_1;936;897;39;39;1.0;0.958;true
Streptoprocne_zonaris_2;936;897;39;39;1.0;0.958;true
Strix_varia_1;543;543;0;0;1.0;1.0;true
Strix_varia_2;543;543;0;0;1.0;1.0;true
Struthio_camelus_1;900;870;30;30;1.0;0.966;true
Struthio_camelus_2;900;870;30;30;1.0;0.966;true
Sylvia_melanocephala_1;903;888;15;15;1.0;0.983;true
Sylvia_melanocephala_2;903;888;15;15;1.0;0.983;true
Syrrhaptes_paradoxus_1;936;867;69;69;0.966;0.926;true
Syrrhaptes_paradoxus_2;936;867;69;69;0.966;0.926;true
Tapera_naevia_1;936;897;39;39;1.0;0.958;true
Tapera_naevia_2;936;897;39;39;1.0;0.958;true
Tauraco_macrorhynchus_1;915;897;18;18;1.0;0.98;true
Tauraco_macrorhynchus_2;915;897;18;18;1.0;0.98;true
Terenura_callinota_1;918;888;30;30;1.0;0.967;true
Terenura_callinota_2;918;888;30;30;1.0;0.967;true
Thamnophilus_ruficapillu_1;735;720;15;15;1.0;0.979;true
Thamnophilus_ruficapillu_2;735;720;15;15;1.0;0.979;true
Theristicus_caerulescens_1;936;897;39;39;1.0;0.958;true
Theristicus_caerulescens_2;936;897;39;39;1.0;0.958;true
Tigrisoma_lineatum_1;672;672;0;0;1.0;1.0;true
Tigrisoma_lineatum_2;672;672;0;0;1.0;1.0;true
Tinamus_major_1;393;381;12;12;1.0;0.969;true
Tinamus_major_2;393;381;12;12;1.0;0.969;true
Tityra_cayana_1;789;789;0;0;1.0;1.0;true
Tityra_cayana_2;789;768;21;21;1.0;0.973;true
Tockus_camurus_1;936;897;39;39;1.0;0.958;true
Tockus_camurus_2;936;897;39;39;1.0;0.958;true
Todus_mexicanus_1;642;612;30;30;1.0;0.953;true
Todus_mexicanus_2;642;612;30;30;1.0;0.953;true
Topaza_pella_1;819;789;30;30;1.0;0.963;true
Topaza_pella_2;819;789;30;30;1.0;0.963;true
Treron_calvus_1;681;672;9;9;1.0;0.986;true
Treron_calvus_2;681;672;9;9;1.0;0.986;true
Tringa_solitaria_1;936;897;39;39;1.0;0.958;true
Tringa_solitaria_2;936;897;39;39;1.0;0.958;true
Trogon_elegans_1;936;900;36;36;1.0;0.961;true
Trogon_elegans_2;936;900;36;36;1.0;0.961;true
Turdus_olivater_1;939;897;42;42;1.0;0.955;true
Turdus_olivater_2;939;897;42;42;1.0;0.955;true
Turnix_ocellata_1;933;879;54;54;1.0;0.942;true
Turnix_ocellata_2;933;879;54;54;1.0;0.942;true
Tyrannus_albogularis_1;939;897;42;42;1.0;0.955;true
Tyrannus_albogularis_2;939;897;42;42;1.0;0.955;true
Tyto_alba_1;492;492;0;0;1.0;1.0;true
Tyto_alba_2;492;492;0;0;1.0;1.0;true
Upupa_epops_1;831;822;9;9;1.0;0.989;true
Upupa_epops_2;831;822;9;9;1.0;0.989;true
Uria_aalge_1;642;633;9;9;1.0;0.985;true
Uria_aalge_2;642;633;9;9;1.0;0.985;true
Urocolius_indicus_1;873;870;3;3;1.0;0.996;true
Urocolius_indicus_2;873;870;3;3;1.0;0.996;true
Vultur_gryphus_1;786;777;9;9;1.0;0.988;true
Vultur_gryphus_2;786;777;9;9;1.0;0.988;true
