seqName;initialSeqLength;nbKeep;nbTrim;nbInformativeTrim;percentHomologExcludingExtremities;percentHomologIncludingExtremities;keptSequences
Acanthisitta_chloris_1;927;927;0;0;1.0;1.0;true
Acanthisitta_chloris_2;927;927;0;0;1.0;1.0;true
Accipiter_superciliosus_1;714;714;0;0;1.0;1.0;true
Accipiter_superciliosus_2;714;714;0;0;1.0;1.0;true
Aegotheles_insignis_1;915;915;0;0;1.0;1.0;true
Aegotheles_insignis_2;915;915;0;0;1.0;1.0;true
Anas_superciliosa_1;492;492;0;0;1.0;1.0;true
Anas_superciliosa_2;492;492;0;0;1.0;1.0;true
Anhinga_anhinga_1;936;936;0;0;1.0;1.0;true
Anhinga_anhinga_2;936;936;0;0;1.0;1.0;true
Anser_canagicus_1;936;936;0;0;1.0;1.0;true
Anser_canagicus_2;936;936;0;0;1.0;1.0;true
Anseranas_semipalmata_1;906;906;0;0;1.0;1.0;true
Anseranas_semipalmata_2;906;906;0;0;1.0;1.0;true
Apaloderma_aequatoriale_1;939;939;0;0;1.0;1.0;true
Apaloderma_aequatoriale_2;939;939;0;0;1.0;1.0;true
Apteryx_sp._1;906;906;0;0;1.0;1.0;true
Apteryx_sp._2;906;906;0;0;1.0;1.0;true
Aramus_guarauna_1;936;936;0;0;1.0;1.0;true
Aramus_guarauna_2;936;936;0;0;1.0;1.0;true
Archilochus_colubris_1;927;927;0;0;1.0;1.0;true
Archilochus_colubris_2;927;927;0;0;1.0;1.0;true
Ardea_herodias_1;936;936;0;0;1.0;1.0;true
Ardea_herodias_2;936;936;0;0;1.0;1.0;true
Ardeotis_kori_1;936;936;0;0;1.0;1.0;true
Ardeotis_kori_2;936;936;0;0;1.0;1.0;true
Arenaria_interpres_1;933;933;0;0;1.0;1.0;true
Arenaria_interpres_2;933;933;0;0;1.0;1.0;true
Atelornis_pittoides_1;936;936;0;0;1.0;1.0;true
Atelornis_pittoides_2;936;936;0;0;1.0;1.0;true
Aythya_valisineria_1;927;927;0;0;1.0;1.0;true
Aythya_valisineria_2;927;927;0;0;1.0;1.0;true
Balaeniceps_rex_1;924;924;0;0;1.0;1.0;true
Balaeniceps_rex_2;924;924;0;0;1.0;1.0;true
Balearica_regulorum_1;912;912;0;0;1.0;1.0;true
Balearica_regulorum_2;912;912;0;0;1.0;1.0;true
Barnardius_zonarius_1;825;825;0;0;1.0;1.0;true
Barnardius_zonarius_2;825;825;0;0;1.0;1.0;true
Bonasa_umbellus_1;927;927;0;0;1.0;1.0;true
Bonasa_umbellus_2;927;927;0;0;1.0;1.0;true
Buccanodon_duchaillui_1;936;936;0;0;1.0;1.0;true
Buccanodon_duchaillui_2;936;936;0;0;1.0;1.0;true
Bucco_capensis_1;936;936;0;0;1.0;1.0;true
Bucco_capensis_2;936;936;0;0;1.0;1.0;true
Bucorvus_leadbeateri_1;678;678;0;0;1.0;1.0;true
Bucorvus_leadbeateri_2;678;678;0;0;1.0;1.0;true
Burhinus_oedicnemus_1;906;906;0;0;1.0;1.0;true
Burhinus_oedicnemus_2;906;906;0;0;1.0;1.0;true
Buteo_jamaicensis_1;936;936;0;0;1.0;1.0;true
Buteo_jamaicensis_2;936;936;0;0;1.0;1.0;true
Calandrella_brachydactyla_1;939;939;0;0;1.0;1.0;true
Calandrella_brachydactyla_2;939;939;0;0;1.0;1.0;true
Calyptomena_viridis_1;939;939;0;0;1.0;1.0;true
Calyptomena_viridis_2;939;939;0;0;1.0;1.0;true
Capito_niger_1;735;735;0;0;1.0;1.0;true
Capito_niger_2;735;735;0;0;1.0;1.0;true
Caprimulgus_europaeus_1;933;933;0;0;1.0;1.0;true
Caprimulgus_europaeus_2;933;933;0;0;1.0;1.0;true
Caracara_cheriway_1;930;930;0;0;1.0;1.0;true
Caracara_cheriway_2;930;930;0;0;1.0;1.0;true
Cariama_cristata_1;936;936;0;0;1.0;1.0;true
Cariama_cristata_2;936;936;0;0;1.0;1.0;true
Casuarius_bennetti_1;939;939;0;0;1.0;1.0;true
Casuarius_bennetti_2;939;939;0;0;1.0;1.0;true
Cathartes_burrovianus_1;858;858;0;0;1.0;1.0;true
Cathartes_burrovianus_2;858;858;0;0;1.0;1.0;true
Centropus_bengalensis_1;933;933;0;0;1.0;1.0;true
Centropus_bengalensis_2;933;933;0;0;1.0;1.0;true
Chaetura_brachyura_1;936;936;0;0;1.0;1.0;true
Chaetura_brachyura_2;936;936;0;0;1.0;1.0;true
Charadrius_hiaticula_1;531;531;0;0;1.0;1.0;true
Charadrius_hiaticula_2;531;531;0;0;1.0;1.0;true
Chauna_torquata_1;936;936;0;0;1.0;1.0;true
Chauna_torquata_2;936;936;0;0;1.0;1.0;true
Chelidoptera_tenebrosa_1;936;936;0;0;1.0;1.0;true
Chelidoptera_tenebrosa_2;936;936;0;0;1.0;1.0;true
Chloroceryle_inda_1;924;924;0;0;1.0;1.0;true
Chloroceryle_inda_2;924;924;0;0;1.0;1.0;true
Chordeiles_pusillus_1;936;936;0;0;1.0;1.0;true
Chordeiles_pusillus_2;936;936;0;0;1.0;1.0;true
Chroicocephalus_cirrocephalus_1;906;906;0;0;1.0;1.0;true
Chroicocephalus_cirrocephalus_2;906;906;0;0;1.0;1.0;true
Chunga_burmeisteri_1;936;936;0;0;1.0;1.0;true
Chunga_burmeisteri_2;936;936;0;0;1.0;1.0;true
Ciconia_nigra_1;717;717;0;0;1.0;1.0;true
Ciconia_nigra_2;717;717;0;0;1.0;1.0;true
Climacteris_melanura_1;933;933;0;0;1.0;1.0;true
Climacteris_melanura_2;933;933;0;0;1.0;1.0;true
Coccyzus_melacoryphus_1;936;936;0;0;1.0;1.0;true
Coccyzus_melacoryphus_2;936;936;0;0;1.0;1.0;true
Colinus_cristatus_1;900;900;0;0;1.0;1.0;true
Colinus_cristatus_2;900;900;0;0;1.0;1.0;true
Colius_colius_1;822;822;0;0;1.0;1.0;true
Colius_colius_2;822;822;0;0;1.0;1.0;true
Columba_livia_1;927;927;0;0;1.0;1.0;true
Columba_livia_2;927;927;0;0;1.0;1.0;true
Columbina_minuta_1;936;936;0;0;1.0;1.0;true
Columbina_minuta_2;936;936;0;0;1.0;1.0;true
Coracias_cyanogaster_1;936;936;0;0;1.0;1.0;true
Coracias_cyanogaster_2;936;936;0;0;1.0;1.0;true
Corvus_albus_1;939;939;0;0;1.0;1.0;true
Corvus_albus_2;939;939;0;0;1.0;1.0;true
Corythaeola_cristata_1;666;666;0;0;1.0;1.0;true
Corythaeola_cristata_2;666;666;0;0;1.0;1.0;true
Cotinga_cayana_1;933;933;0;0;1.0;1.0;true
Cotinga_cayana_2;933;933;0;0;1.0;1.0;true
Crax_alector_1;936;936;0;0;1.0;1.0;true
Crax_alector_2;936;936;0;0;1.0;1.0;true
Cryptopipo_aenigma_1;939;939;0;0;1.0;1.0;true
Cryptopipo_aenigma_2;939;939;0;0;1.0;1.0;true
Crypturellus_tataupa_1;915;915;0;0;1.0;1.0;true
Crypturellus_tataupa_2;915;915;0;0;1.0;1.0;true
Cuculus_optatus_1;936;936;0;0;1.0;1.0;true
Cuculus_optatus_2;936;936;0;0;1.0;1.0;true
Dendrocygna_viduata_1;396;396;0;0;1.0;1.0;true
Dendrocygna_viduata_2;396;396;0;0;1.0;1.0;true
Deroptyus_accipitrinus_1;276;276;0;0;1.0;1.0;true
Deroptyus_accipitrinus_2;276;276;0;0;1.0;1.0;true
Dromaius_novaehollandiae_1;939;939;0;0;1.0;1.0;true
Dromaius_novaehollandiae_2;939;939;0;0;1.0;1.0;true
Elaenia_flavogaster_1;939;939;0;0;1.0;1.0;true
Elaenia_flavogaster_2;939;939;0;0;1.0;1.0;true
Elanus_leucurus_1;810;810;0;0;1.0;1.0;true
Elanus_leucurus_2;810;810;0;0;1.0;1.0;true
Eudromia_elegans_1;915;915;0;0;1.0;1.0;true
Eudromia_elegans_2;915;915;0;0;1.0;1.0;true
Eurostopodus_macrotis_1;936;936;0;0;1.0;1.0;true
Eurostopodus_macrotis_2;936;936;0;0;1.0;1.0;true
Eurylaimus_ochromalus_1;804;804;0;0;1.0;1.0;true
Eurylaimus_ochromalus_2;804;804;0;0;1.0;1.0;true
Eurypyga_helias_1;936;936;0;0;1.0;1.0;true
Eurypyga_helias_2;936;936;0;0;1.0;1.0;true
Falco_sparverius_1;936;936;0;0;1.0;1.0;true
Falco_sparverius_2;936;936;0;0;1.0;1.0;true
Fregata_magnificens_1;936;936;0;0;1.0;1.0;true
Fregata_magnificens_2;936;936;0;0;1.0;1.0;true
Fringilla_coelebs_1;939;939;0;0;1.0;1.0;true
Fringilla_coelebs_2;939;939;0;0;1.0;1.0;true
Fulmarus_glacialoides_1;936;936;0;0;1.0;1.0;true
Fulmarus_glacialoides_2;936;936;0;0;1.0;1.0;true
Furnarius_rufus_1;933;933;0;0;1.0;1.0;true
Furnarius_rufus_2;933;933;0;0;1.0;1.0;true
Galbula_dea_1;936;936;0;0;1.0;1.0;true
Galbula_dea_2;936;936;0;0;1.0;1.0;true
Gallus_gallus_1;927;927;0;0;1.0;1.0;true
Gallus_gallus_2;927;927;0;0;1.0;1.0;true
Gavia_immer_1;924;924;0;0;1.0;1.0;true
Gavia_immer_2;924;924;0;0;1.0;1.0;true
Glareola_nuchalis_1;936;936;0;0;1.0;1.0;true
Glareola_nuchalis_2;936;936;0;0;1.0;1.0;true
Grus_canadensis_1;912;912;0;0;1.0;1.0;true
Grus_canadensis_2;912;912;0;0;1.0;1.0;true
Haematopus_palliatus_1;936;936;0;0;1.0;1.0;true
Haematopus_palliatus_2;936;936;0;0;1.0;1.0;true
Heliornis_fulica_1;936;936;0;0;1.0;1.0;true
Heliornis_fulica_2;936;936;0;0;1.0;1.0;true
Hemiprocne_comata_1;864;864;0;0;1.0;1.0;true
Hemiprocne_comata_2;864;864;0;0;1.0;1.0;true
Hirundinea_ferruginea_1;834;834;0;0;1.0;1.0;true
Hirundinea_ferruginea_2;834;834;0;0;1.0;1.0;true
Hymenops_perspicillatus_1;900;900;0;0;1.0;1.0;true
Hymenops_perspicillatus_2;900;900;0;0;1.0;1.0;true
Ibycter_americanus_1;930;930;0;0;1.0;1.0;true
Ibycter_americanus_2;930;930;0;0;1.0;1.0;true
Indicator_exilis_1;936;936;0;0;1.0;1.0;true
Indicator_exilis_2;936;936;0;0;1.0;1.0;true
Ixobrychus_minutus_1;936;936;0;0;1.0;1.0;true
Ixobrychus_minutus_2;936;936;0;0;1.0;1.0;true
Jacana_jacana_1;936;936;0;0;1.0;1.0;true
Jacana_jacana_2;936;936;0;0;1.0;1.0;true
Jynx_torquilla_1;864;864;0;0;1.0;1.0;true
Jynx_torquilla_2;864;864;0;0;1.0;1.0;true
Leipoa_ocellata_1;738;738;0;0;1.0;1.0;true
Leipoa_ocellata_2;738;738;0;0;1.0;1.0;true
Lepidocolaptes_angustirostr_1;930;930;0;0;1.0;1.0;true
Lepidocolaptes_angustirostr_2;930;930;0;0;1.0;1.0;true
Leptoptilos_crumeniferus_1;906;906;0;0;1.0;1.0;true
Leptoptilos_crumeniferus_2;906;906;0;0;1.0;1.0;true
Leptosomus_discolor_1;876;876;0;0;1.0;1.0;true
Leptosomus_discolor_2;876;876;0;0;1.0;1.0;true
Leptotila_rufaxilla_1;924;924;0;0;1.0;1.0;true
Leptotila_rufaxilla_2;924;924;0;0;1.0;1.0;true
Limosa_lapponica_1;936;936;0;0;1.0;1.0;true
Limosa_lapponica_2;936;936;0;0;1.0;1.0;true
Lophorina_superba_1;939;939;0;0;1.0;1.0;true
Lophorina_superba_2;939;939;0;0;1.0;1.0;true
Malurus_splendens_1;801;801;0;0;1.0;1.0;true
Malurus_splendens_2;801;801;0;0;1.0;1.0;true
Megalaima_chrysopogon_1;843;843;0;0;1.0;1.0;true
Megalaima_chrysopogon_2;843;843;0;0;1.0;1.0;true
Melanopareia_maximilian_1;918;918;0;0;1.0;1.0;true
Melanopareia_maximilian_2;918;918;0;0;1.0;1.0;true
Menura_novaehollandiae_1;909;909;0;0;1.0;1.0;true
Menura_novaehollandiae_2;909;909;0;0;1.0;1.0;true
Merops_muelleri_1;936;936;0;0;1.0;1.0;true
Merops_muelleri_2;936;936;0;0;1.0;1.0;true
Mesitornis_unicolor_1;744;744;0;0;1.0;1.0;true
Mesitornis_unicolor_2;744;744;0;0;1.0;1.0;true
Micrastur_gilvicollis_1;930;930;0;0;1.0;1.0;true
Micrastur_gilvicollis_2;930;930;0;0;1.0;1.0;true
Micropygia_schomburgkii_1;690;690;0;0;1.0;1.0;true
Micropygia_schomburgkii_2;690;690;0;0;1.0;1.0;true
Momotus_lessonii_1;930;930;0;0;1.0;1.0;true
Momotus_lessonii_2;930;930;0;0;1.0;1.0;true
Monias_benschi_1;498;498;0;0;1.0;1.0;true
Monias_benschi_2;498;498;0;0;1.0;1.0;true
Morus_serrator_1;934;934;0;0;1.0;1.0;true
Morus_serrator_2;934;934;0;0;1.0;1.0;true
Myiobius_barbatus_1;807;807;0;0;1.0;1.0;true
Myiobius_barbatus_2;807;807;0;0;1.0;1.0;true
Myrmornis_torquata_1;864;864;0;0;1.0;1.0;true
Myrmornis_torquata_2;864;864;0;0;1.0;1.0;true
Myrmothera_campanisona_1;933;933;0;0;1.0;1.0;true
Myrmothera_campanisona_2;933;933;0;0;1.0;1.0;true
Neodrepanis_coruscans_1;924;924;0;0;1.0;1.0;true
Neodrepanis_coruscans_2;924;924;0;0;1.0;1.0;true
Neopelma_chrysocephalum_1;939;939;0;0;1.0;1.0;true
Neopelma_chrysocephalum_2;939;939;0;0;1.0;1.0;true
Nestor_meridionalis_1;933;933;0;0;1.0;1.0;true
Nestor_meridionalis_2;933;933;0;0;1.0;1.0;true
Nothoprocta_ornata_1;813;813;0;0;1.0;1.0;true
Nothoprocta_ornata_2;813;813;0;0;1.0;1.0;true
Numida_malagris_1;915;915;0;0;1.0;1.0;true
Numida_malagris_2;915;915;0;0;1.0;1.0;true
Nyctibius_griseus_1;936;936;0;0;1.0;1.0;true
Nyctibius_griseus_2;936;936;0;0;1.0;1.0;true
Oceanites_oceanicus_1;938;938;0;0;1.0;1.0;true
Oceanites_oceanicus_2;938;938;0;0;1.0;1.0;true
Oceanodroma_leucorhoa_1;668;668;0;0;1.0;1.0;true
Oceanodroma_leucorhoa_2;668;668;0;0;1.0;1.0;true
Odontophorus_gujanensis_1;894;894;0;0;1.0;1.0;true
Odontophorus_gujanensis_2;894;894;0;0;1.0;1.0;true
Opisthocomus_hoazin_1;906;906;0;0;1.0;1.0;true
Opisthocomus_hoazin_2;906;906;0;0;1.0;1.0;true
Ortalis_motmot_1;936;936;0;0;1.0;1.0;true
Ortalis_motmot_2;936;936;0;0;1.0;1.0;true
Oxyruncus_cristatus_1;939;939;0;0;1.0;1.0;true
Oxyruncus_cristatus_2;939;939;0;0;1.0;1.0;true
Oxyura_jamaicensis_1;906;906;0;0;1.0;1.0;true
Oxyura_jamaicensis_2;906;906;0;0;1.0;1.0;true
Pandion_haliaetus_1;639;639;0;0;1.0;1.0;true
Pandion_haliaetus_2;639;639;0;0;1.0;1.0;true
Pedionomus_torquatus_1;936;936;0;0;1.0;1.0;true
Pedionomus_torquatus_2;936;936;0;0;1.0;1.0;true
Pelecanoides_urinatrix_1;933;933;0;0;1.0;1.0;true
Pelecanoides_urinatrix_2;933;933;0;0;1.0;1.0;true
Pelecanus_occidentalis_1;795;795;0;0;1.0;1.0;true
Pelecanus_occidentalis_2;795;795;0;0;1.0;1.0;true
Phaethon_rubricauda_1;450;450;0;0;1.0;1.0;true
Phaethon_rubricauda_2;450;450;0;0;1.0;1.0;true
Phaethornis_superciliosus_1;639;639;0;0;1.0;1.0;true
Phaethornis_superciliosus_2;639;639;0;0;1.0;1.0;true
Phalacrocorax_brasili_1;927;927;0;0;1.0;1.0;true
Phalacrocorax_brasili_2;927;927;0;0;1.0;1.0;true
Phoebastria_nigripes_1;798;798;0;0;1.0;1.0;true
Phoebastria_nigripes_2;798;798;0;0;1.0;1.0;true
Phoenicopterus_ruber_1;906;906;0;0;1.0;1.0;true
Phoenicopterus_ruber_2;906;906;0;0;1.0;1.0;true
Phoeniculus_purpureus_1;561;561;0;0;1.0;1.0;true
Phoeniculus_purpureus_2;561;561;0;0;1.0;1.0;true
Picus_canus_1;936;936;0;0;1.0;1.0;true
Picus_canus_2;936;936;0;0;1.0;1.0;true
Pipra_erythrocephala_1;939;939;0;0;1.0;1.0;true
Pipra_erythrocephala_2;939;939;0;0;1.0;1.0;true
Piprites_chloris_1;939;939;0;0;1.0;1.0;true
Piprites_chloris_2;939;939;0;0;1.0;1.0;true
Pitta_angolensis_1;939;939;0;0;1.0;1.0;true
Pitta_angolensis_2;939;939;0;0;1.0;1.0;true
Podargus_strigoides_1;936;936;0;0;1.0;1.0;true
Podargus_strigoides_2;936;936;0;0;1.0;1.0;true
Poecile_lugubris_1;657;657;0;0;1.0;1.0;true
Poecile_lugubris_2;657;657;0;0;1.0;1.0;true
Porphyrio_porphyrio_1;936;936;0;0;1.0;1.0;true
Porphyrio_porphyrio_2;936;936;0;0;1.0;1.0;true
Probosciger_aterrimus_1;555;555;0;0;1.0;1.0;true
Probosciger_aterrimus_2;555;555;0;0;1.0;1.0;true
Psittacus_erithacus_1;939;939;0;0;1.0;1.0;true
Psittacus_erithacus_2;939;939;0;0;1.0;1.0;true
Psittrichas_fulgidus_1;939;939;0;0;1.0;1.0;true
Psittrichas_fulgidus_2;939;939;0;0;1.0;1.0;true
Psophia_crepitans_1;936;936;0;0;1.0;1.0;true
Psophia_crepitans_2;936;936;0;0;1.0;1.0;true
Pterocles_bicinctus_1;936;936;0;0;1.0;1.0;true
Pterocles_bicinctus_2;936;936;0;0;1.0;1.0;true
Pterodroma_externa_1;937;937;0;0;1.0;1.0;true
Pterodroma_externa_2;937;937;0;0;1.0;1.0;true
Ptilinopus_magnificus_1;741;741;0;0;1.0;1.0;true
Ptilinopus_magnificus_2;741;741;0;0;1.0;1.0;true
Ptilonorhynchus_violaceus_1;939;939;0;0;1.0;1.0;true
Ptilonorhynchus_violaceus_2;939;939;0;0;1.0;1.0;true
Puffinus_griseus_1;726;726;0;0;1.0;1.0;true
Puffinus_griseus_2;726;726;0;0;1.0;1.0;true
Pycnonotus_macrotis_1;939;939;0;0;1.0;1.0;true
Pycnonotus_macrotis_2;939;939;0;0;1.0;1.0;true
Rallus_longirostris_1;576;576;0;0;1.0;1.0;true
Rallus_longirostris_2;576;576;0;0;1.0;1.0;true
Ramphastos_ambiguus_1;936;936;0;0;1.0;1.0;true
Ramphastos_ambiguus_2;936;936;0;0;1.0;1.0;true
Recurvirostra_americana_1;936;936;0;0;1.0;1.0;true
Recurvirostra_americana_2;936;936;0;0;1.0;1.0;true
Regulus_ignicapilla_1;939;939;0;0;1.0;1.0;true
Regulus_ignicapilla_2;939;939;0;0;1.0;1.0;true
Rhea_americana_1;930;930;0;0;1.0;1.0;true
Rhea_americana_2;930;930;0;0;1.0;1.0;true
Rhynchocyclus_olivaceus_1;938;938;0;0;1.0;1.0;true
Rhynchocyclus_olivaceus_2;938;938;0;0;1.0;1.0;true
Rollandia_rolland_1;936;936;0;0;1.0;1.0;true
Rollandia_rolland_2;936;936;0;0;1.0;1.0;true
Rollulus_rouloul_1;927;927;0;0;1.0;1.0;true
Rollulus_rouloul_2;927;927;0;0;1.0;1.0;true
Rostratula_benghalensis_1;831;831;0;0;1.0;1.0;true
Rostratula_benghalensis_2;831;831;0;0;1.0;1.0;true
Rupicola_rupicola_1;939;939;0;0;1.0;1.0;true
Rupicola_rupicola_2;939;939;0;0;1.0;1.0;true
Rynchops_niger_1;696;696;0;0;1.0;1.0;true
Rynchops_niger_2;696;696;0;0;1.0;1.0;true
Sagittarius_serpentarius_1;927;927;0;0;1.0;1.0;true
Sagittarius_serpentarius_2;927;927;0;0;1.0;1.0;true
Sarothrura_rufa_1;807;807;0;0;1.0;1.0;true
Sarothrura_rufa_2;807;807;0;0;1.0;1.0;true
Schiffornis_turdina_1;912;912;0;0;1.0;1.0;true
Schiffornis_turdina_2;912;912;0;0;1.0;1.0;true
Sclerurus_mexicanus_1;933;933;0;0;1.0;1.0;true
Sclerurus_mexicanus_2;933;933;0;0;1.0;1.0;true
Scopus_umbretta_1;936;936;0;0;1.0;1.0;true
Scopus_umbretta_2;936;936;0;0;1.0;1.0;true
Sericulus_bakeri_1;939;939;0;0;1.0;1.0;true
Sericulus_bakeri_2;939;939;0;0;1.0;1.0;true
Smithornis_rufolateralis_1;927;927;0;0;1.0;1.0;true
Smithornis_rufolateralis_2;927;927;0;0;1.0;1.0;true
Spheniscus_humboldti_1;822;822;0;0;1.0;1.0;true
Spheniscus_humboldti_2;822;822;0;0;1.0;1.0;true
Spizella_arborea_1;936;936;0;0;1.0;1.0;true
Spizella_arborea_2;936;936;0;0;1.0;1.0;true
Steatornis_caripensi_1;687;687;0;0;1.0;1.0;true
Steatornis_caripensi_2;687;687;0;0;1.0;1.0;true
Sterna_hirundo_1;630;630;0;0;1.0;1.0;true
Sterna_hirundo_2;630;630;0;0;1.0;1.0;true
Streptoprocne_zonaris_1;936;936;0;0;1.0;1.0;true
Streptoprocne_zonaris_2;936;936;0;0;1.0;1.0;true
Strix_varia_1;543;543;0;0;1.0;1.0;true
Strix_varia_2;543;543;0;0;1.0;1.0;true
Struthio_camelus_1;900;900;0;0;1.0;1.0;true
Struthio_camelus_2;900;900;0;0;1.0;1.0;true
Sylvia_melanocephala_1;903;903;0;0;1.0;1.0;true
Sylvia_melanocephala_2;903;903;0;0;1.0;1.0;true
Syrrhaptes_paradoxus_1;936;936;0;0;1.0;1.0;true
Syrrhaptes_paradoxus_2;936;936;0;0;1.0;1.0;true
Tapera_naevia_1;936;936;0;0;1.0;1.0;true
Tapera_naevia_2;936;936;0;0;1.0;1.0;true
Tauraco_macrorhynchus_1;915;915;0;0;1.0;1.0;true
Tauraco_macrorhynchus_2;915;915;0;0;1.0;1.0;true
Terenura_callinota_1;918;918;0;0;1.0;1.0;true
Terenura_callinota_2;918;918;0;0;1.0;1.0;true
Thamnophilus_ruficapillu_1;735;735;0;0;1.0;1.0;true
Thamnophilus_ruficapillu_2;735;735;0;0;1.0;1.0;true
Theristicus_caerulescens_1;936;936;0;0;1.0;1.0;true
Theristicus_caerulescens_2;936;936;0;0;1.0;1.0;true
Tigrisoma_lineatum_1;672;672;0;0;1.0;1.0;true
Tigrisoma_lineatum_2;672;672;0;0;1.0;1.0;true
Tinamus_major_1;393;393;0;0;1.0;1.0;true
Tinamus_major_2;393;393;0;0;1.0;1.0;true
Tityra_cayana_1;789;789;0;0;1.0;1.0;true
Tityra_cayana_2;789;789;0;0;1.0;1.0;true
Tockus_camurus_1;936;936;0;0;1.0;1.0;true
Tockus_camurus_2;936;936;0;0;1.0;1.0;true
Todus_mexicanus_1;642;642;0;0;1.0;1.0;true
Todus_mexicanus_2;642;642;0;0;1.0;1.0;true
Topaza_pella_1;819;819;0;0;1.0;1.0;true
Topaza_pella_2;819;819;0;0;1.0;1.0;true
Treron_calvus_1;681;681;0;0;1.0;1.0;true
Treron_calvus_2;681;681;0;0;1.0;1.0;true
Tringa_solitaria_1;936;936;0;0;1.0;1.0;true
Tringa_solitaria_2;936;936;0;0;1.0;1.0;true
Trogon_elegans_1;936;936;0;0;1.0;1.0;true
Trogon_elegans_2;936;936;0;0;1.0;1.0;true
Turdus_olivater_1;939;939;0;0;1.0;1.0;true
Turdus_olivater_2;939;939;0;0;1.0;1.0;true
Turnix_ocellata_1;933;933;0;0;1.0;1.0;true
Turnix_ocellata_2;933;933;0;0;1.0;1.0;true
Tyrannus_albogularis_1;939;939;0;0;1.0;1.0;true
Tyrannus_albogularis_2;939;939;0;0;1.0;1.0;true
Tyto_alba_1;492;492;0;0;1.0;1.0;true
Tyto_alba_2;492;492;0;0;1.0;1.0;true
Upupa_epops_1;831;831;0;0;1.0;1.0;true
Upupa_epops_2;831;831;0;0;1.0;1.0;true
Uria_aalge_1;642;642;0;0;1.0;1.0;true
Uria_aalge_2;642;642;0;0;1.0;1.0;true
Urocolius_indicus_1;873;873;0;0;1.0;1.0;true
Urocolius_indicus_2;873;873;0;0;1.0;1.0;true
Vultur_gryphus_1;786;786;0;0;1.0;1.0;true
Vultur_gryphus_2;786;786;0;0;1.0;1.0;true
