seqName;initialSeqLength;nbKeep;nbTrim;nbInformativeTrim;percentKeepExcludingExtremities;percentKeepIncludingExtremities;keptSequences
Acanthisitta_chloris_1;1074;1041;33;33;1.0;0.969;true
Acanthisitta_chloris_2;1074;1041;33;33;1.0;0.969;true
Accipiter_superciliosus_1;1080;1059;21;21;1.0;0.98;true
Accipiter_superciliosus_2;1080;1059;21;21;1.0;0.98;true
Aegotheles_insignis_1;1764;1059;705;705;1.0;0.6;true
Aegotheles_insignis_2;1764;1059;705;705;1.0;0.6;true
Alcedo_quadribrachys_1;1062;1041;21;21;1.0;0.98;true
Alcedo_quadribrachys_2;1062;1041;21;21;1.0;0.98;true
Anas_superciliosa_1;933;891;42;42;1.0;0.954;true
Anas_superciliosa_2;933;891;42;42;1.0;0.954;true
Anhinga_anhinga_1;1116;1059;57;57;1.0;0.948;true
Anhinga_anhinga_2;1116;1059;57;57;1.0;0.948;true
Anser_canagicus_1;963;963;0;0;1.0;1.0;true
Anser_canagicus_2;963;963;0;0;1.0;1.0;true
Anseranas_semipalmata_1;1077;1026;51;51;1.0;0.952;true
Anseranas_semipalmata_2;1077;1026;51;51;1.0;0.952;true
Apaloderma_aequatoriale_1;1092;1059;33;33;1.0;0.969;true
Apaloderma_aequatoriale_2;1092;1059;33;33;1.0;0.969;true
Apteryx_sp._1;1035;1035;0;0;1.0;1.0;true
Apteryx_sp._2;1035;1035;0;0;1.0;1.0;true
Aramus_guarauna_1;1158;1059;99;99;1.0;0.914;true
Aramus_guarauna_2;1158;1059;99;99;1.0;0.914;true
Archilochus_colubris_1;1290;1059;231;231;1.0;0.82;true
Archilochus_colubris_2;1290;1059;231;231;1.0;0.82;true
Ardea_herodias_1;1125;1059;66;66;1.0;0.941;true
Ardea_herodias_2;1125;1059;66;66;1.0;0.941;true
Ardeotis_kori_1;1119;1059;60;60;1.0;0.946;true
Ardeotis_kori_2;1119;1059;60;60;1.0;0.946;true
Arenaria_interpres_1;1020;990;30;30;1.0;0.97;true
Arenaria_interpres_2;1020;990;30;30;1.0;0.97;true
Atelornis_pittoides_1;1152;1059;93;93;1.0;0.919;true
Atelornis_pittoides_2;1152;1059;93;93;1.0;0.919;true
Aythya_valisineria_1;1092;1062;30;30;1.0;0.972;true
Aythya_valisineria_2;1092;1062;30;30;1.0;0.972;true
Balaeniceps_rex_1;1095;1059;36;36;1.0;0.967;true
Balaeniceps_rex_2;1095;1059;36;36;1.0;0.967;true
Balearica_regulorum_1;504;504;0;0;1.0;1.0;true
Balearica_regulorum_2;504;504;0;0;1.0;1.0;true
Barnardius_zonarius_1;1137;1059;78;78;1.0;0.931;true
Barnardius_zonarius_2;1137;1059;78;78;1.0;0.931;true
Bonasa_umbellus_1;1128;1062;66;66;1.0;0.941;true
Bonasa_umbellus_2;1128;1062;66;66;1.0;0.941;true
Buccanodon_duchaillui_1;1872;1059;813;813;1.0;0.565;true
Buccanodon_duchaillui_2;1872;1059;813;813;1.0;0.565;true
Bucco_capensis_1;1155;1059;96;96;1.0;0.916;true
Bucco_capensis_2;1155;1059;96;96;1.0;0.916;true
Bucorvus_leadbeateri_1;1167;1053;114;114;1.0;0.902;true
Bucorvus_leadbeateri_2;1167;1053;114;114;1.0;0.902;true
Burhinus_oedicnemus_1;1194;1059;135;135;1.0;0.886;true
Burhinus_oedicnemus_2;1194;1059;135;135;1.0;0.886;true
Buteo_jamaicensis_1;1143;1059;84;84;1.0;0.926;true
Buteo_jamaicensis_2;1143;1059;84;84;1.0;0.926;true
Caiman_croccodilus_1;1032;1032;0;0;1.0;1.0;true
Caiman_croccodilus_2;1032;1032;0;0;1.0;1.0;true
Calandrella_brachydactyla_1;1104;1059;45;45;1.0;0.959;true
Calandrella_brachydactyla_2;1104;1059;45;45;1.0;0.959;true
Calyptomena_viridis_1;1101;1056;45;45;1.0;0.959;true
Calyptomena_viridis_2;1101;1056;45;45;1.0;0.959;true
Capito_niger_1;1104;1056;48;48;1.0;0.956;true
Capito_niger_2;1104;1056;48;48;1.0;0.956;true
Caprimulgus_europaeus_1;1557;1059;498;498;1.0;0.68;true
Caprimulgus_europaeus_2;1557;1059;498;498;1.0;0.68;true
Caracara_cheriway_1;1218;1059;159;159;1.0;0.869;true
Caracara_cheriway_2;1218;1059;159;159;1.0;0.869;true
Cariama_cristata_1;1137;1059;78;78;1.0;0.931;true
Cariama_cristata_2;1137;1059;78;78;1.0;0.931;true
Casuarius_bennetti_1;1086;1041;45;45;1.0;0.958;true
Casuarius_bennetti_2;1086;1041;45;45;1.0;0.958;true
Cathartes_burrovianus_1;909;909;0;0;1.0;1.0;true
Cathartes_burrovianus_2;909;909;0;0;1.0;1.0;true
Centropus_bengalensis_1;1137;1059;78;78;1.0;0.931;true
Centropus_bengalensis_2;1137;1059;78;78;1.0;0.931;true
Chaetura_brachyura_1;1080;1059;21;21;1.0;0.98;true
Chaetura_brachyura_2;1080;1059;21;21;1.0;0.98;true
Charadrius_hiaticula_1;1005;1005;0;0;1.0;1.0;true
Charadrius_hiaticula_2;1005;1005;0;0;1.0;1.0;true
Chauna_torquata_1;1326;1062;264;264;1.0;0.8;true
Chauna_torquata_2;1326;1062;264;264;1.0;0.8;true
Chelidoptera_tenebrosa_1;1113;1059;54;54;1.0;0.951;true
Chelidoptera_tenebrosa_2;1113;1059;54;54;1.0;0.951;true
Chloroceryle_inda_1;1134;1059;75;75;1.0;0.933;true
Chloroceryle_inda_2;1134;1059;75;75;1.0;0.933;true
Chordeiles_pusillus_1;1110;1059;51;51;1.0;0.954;true
Chordeiles_pusillus_2;1110;1059;51;51;1.0;0.954;true
Chroicocephalus_cirrocephalus_1;705;675;30;30;1.0;0.957;true
Chroicocephalus_cirrocephalus_2;705;675;30;30;1.0;0.957;true
Chunga_burmeisteri_1;1833;1059;774;774;1.0;0.577;true
Chunga_burmeisteri_2;1833;1059;774;774;1.0;0.577;true
Ciconia_nigra_1;1071;1059;12;12;1.0;0.988;true
Ciconia_nigra_2;1071;1059;12;12;1.0;0.988;true
Climacteris_melanura_1;1176;1059;117;117;1.0;0.9;true
Climacteris_melanura_2;1176;1059;117;117;1.0;0.9;true
Coccyzus_melacoryphus_1;1056;1026;30;30;1.0;0.971;true
Coccyzus_melacoryphus_2;1056;1026;30;30;1.0;0.971;true
Colinus_cristatus_1;420;420;0;0;1.0;1.0;true
Colinus_cristatus_2;420;420;0;0;1.0;1.0;true
Colius_colius_1;1143;1059;84;84;1.0;0.926;true
Colius_colius_2;1143;1059;84;84;1.0;0.926;true
Columba_livia_1;1164;1059;105;105;1.0;0.909;true
Columba_livia_2;1164;1059;105;105;1.0;0.909;true
Columbina_minuta_1;1170;1059;111;111;1.0;0.905;true
Columbina_minuta_2;1170;1059;111;111;1.0;0.905;true
Coracias_cyanogaster_1;1164;1059;105;105;1.0;0.909;true
Coracias_cyanogaster_2;1164;1059;105;105;1.0;0.909;true
Corvus_albus_1;1062;1047;15;15;1.0;0.985;true
Corvus_albus_2;1062;1047;15;15;1.0;0.985;true
Corythaeola_cristata_1;951;951;0;0;1.0;1.0;true
Corythaeola_cristata_2;951;951;0;0;1.0;1.0;true
Cotinga_cayana_1;1179;1059;120;120;1.0;0.898;true
Cotinga_cayana_2;1179;1059;120;120;1.0;0.898;true
Crax_alector_1;1104;1062;42;42;0.994;0.961;true
Crax_alector_2;1104;1062;42;42;0.994;0.961;true
Crocodylus_porosus_1;915;915;0;0;1.0;1.0;true
Crocodylus_porosus_2;915;915;0;0;1.0;1.0;true
Cryptopipo_aenigma_1;1152;1059;93;93;1.0;0.919;true
Cryptopipo_aenigma_2;1152;1059;93;93;1.0;0.919;true
Crypturellus_tataupa_1;1080;1032;48;48;1.0;0.955;true
Crypturellus_tataupa_2;1080;1032;48;48;1.0;0.955;true
Cuculus_optatus_1;1851;1059;792;792;1.0;0.572;true
Cuculus_optatus_2;1851;1059;792;792;1.0;0.572;true
Dendrocygna_viduata_1;684;684;0;0;1.0;1.0;true
Dendrocygna_viduata_2;684;684;0;0;1.0;1.0;true
Deroptyus_accipitrinus_1;1155;1059;96;96;1.0;0.916;true
Deroptyus_accipitrinus_2;1155;1059;96;96;1.0;0.916;true
Dromaius_novaehollandiae_1;1023;1020;3;3;1.0;0.997;true
Dromaius_novaehollandiae_2;1023;1020;3;3;1.0;0.997;true
Elaenia_flavogaster_1;1200;1059;141;141;1.0;0.882;true
Elaenia_flavogaster_2;1200;1059;141;141;1.0;0.882;true
Elanus_leucurus_1;630;630;0;0;1.0;1.0;true
Elanus_leucurus_2;630;630;0;0;1.0;1.0;true
Eudromia_elegans_1;1215;1056;159;159;1.0;0.869;true
Eudromia_elegans_2;1215;1056;159;159;1.0;0.869;true
Eurostopodus_macrotis_1;1086;1059;27;27;1.0;0.975;true
Eurostopodus_macrotis_2;1086;1059;27;27;1.0;0.975;true
Eurylaimus_ochromalus_1;1212;564;648;648;1.0;0.465;true
Eurylaimus_ochromalus_2;1212;564;648;648;1.0;0.465;true
Eurypyga_helias_1;1461;1047;414;414;1.0;0.716;true
Eurypyga_helias_2;1461;1047;414;414;1.0;0.716;true
Falco_sparverius_1;1944;1059;885;885;1.0;0.544;true
Falco_sparverius_2;1944;1059;885;885;1.0;0.544;true
Fregata_magnificens_1;1047;1047;0;0;1.0;1.0;true
Fregata_magnificens_2;1047;1047;0;0;1.0;1.0;true
Fringilla_coelebs_1;1152;1059;93;93;1.0;0.919;true
Fringilla_coelebs_2;1152;1059;93;93;1.0;0.919;true
Fulmarus_glacialoides_1;1107;1059;48;48;1.0;0.956;true
Fulmarus_glacialoides_2;1107;1059;48;48;1.0;0.956;true
Furnarius_rufus_1;1107;1059;48;48;1.0;0.956;true
Furnarius_rufus_2;1107;1059;48;48;1.0;0.956;true
Galbula_dea_1;2070;1059;1011;1011;1.0;0.511;true
Galbula_dea_2;2070;1059;1011;1011;1.0;0.511;true
Gallus_gallus_1;1215;1062;153;153;1.0;0.874;true
Gallus_gallus_2;1215;1062;153;153;1.0;0.874;true
Gavia_immer_1;1200;1026;174;174;1.0;0.855;true
Gavia_immer_2;1200;1026;174;174;1.0;0.855;true
Glareola_nuchalis_1;1107;1059;48;48;1.0;0.956;true
Glareola_nuchalis_2;1107;1059;48;48;1.0;0.956;true
Grus_canadensis_1;1152;1059;93;93;1.0;0.919;true
Grus_canadensis_2;1152;1059;93;93;1.0;0.919;true
Haematopus_palliatus_1;1197;1059;138;138;1.0;0.884;true
Haematopus_palliatus_2;1197;1059;138;138;1.0;0.884;true
Heliornis_fulica_1;1986;1059;927;927;1.0;0.533;true
Heliornis_fulica_2;1986;1059;927;927;1.0;0.533;true
Hemiprocne_comata_1;1641;1059;582;582;1.0;0.645;true
Hemiprocne_comata_2;1641;1059;582;582;1.0;0.645;true
Hirundinea_ferruginea_1;1083;1059;24;24;1.0;0.977;true
Hirundinea_ferruginea_2;1083;1059;24;24;1.0;0.977;true
Hymenops_perspicillatus_1;1131;1059;72;72;1.0;0.936;true
Hymenops_perspicillatus_2;1131;1059;72;72;1.0;0.936;true
Ibycter_americanus_1;1050;1041;9;9;1.0;0.991;true
Ibycter_americanus_2;1050;1041;9;9;1.0;0.991;true
Indicator_exilis_1;1104;1059;45;45;1.0;0.959;true
Indicator_exilis_2;1104;1059;45;45;1.0;0.959;true
Ixobrychus_minutus_1;1050;999;51;51;1.0;0.951;true
Ixobrychus_minutus_2;1050;999;51;51;1.0;0.951;true
Jacana_jacana_1;1164;1059;105;105;1.0;0.909;true
Jacana_jacana_2;1164;1059;105;105;1.0;0.909;true
Jynx_torquilla_1;1146;1059;87;87;1.0;0.924;true
Jynx_torquilla_2;1146;1059;87;87;1.0;0.924;true
Leipoa_ocellata_1;990;990;0;0;1.0;1.0;true
Leipoa_ocellata_2;990;990;0;0;1.0;1.0;true
Lepidocolaptes_angustirostr_1;1047;1035;12;12;1.0;0.988;true
Lepidocolaptes_angustirostr_2;1047;1035;12;12;1.0;0.988;true
Leptoptilos_crumeniferus_1;1056;1038;18;18;1.0;0.982;true
Leptoptilos_crumeniferus_2;1056;1038;18;18;1.0;0.982;true
Leptosomus_discolor_1;924;912;12;12;1.0;0.987;true
Leptosomus_discolor_2;924;912;12;12;1.0;0.987;true
Leptotila_rufaxilla_1;1158;1059;99;99;1.0;0.914;true
Leptotila_rufaxilla_2;1158;1059;99;99;1.0;0.914;true
Limosa_lapponica_1;1122;1044;78;78;1.0;0.93;true
Limosa_lapponica_2;1122;1044;78;78;1.0;0.93;true
Lophorina_superba_1;1074;1053;21;21;1.0;0.98;true
Lophorina_superba_2;1074;1053;21;21;1.0;0.98;true
Malurus_splendens_1;552;552;0;0;1.0;1.0;true
Malurus_splendens_2;552;552;0;0;1.0;1.0;true
Megalaima_chrysopogon_1;1071;1056;15;15;1.0;0.985;true
Megalaima_chrysopogon_2;1071;1056;15;15;1.0;0.985;true
Melanopareia_maximilian_1;1131;1059;72;72;1.0;0.936;true
Melanopareia_maximilian_2;1131;1059;72;72;1.0;0.936;true
Menura_novaehollandiae_1;1176;1059;117;117;1.0;0.9;true
Menura_novaehollandiae_2;1176;1059;117;117;1.0;0.9;true
Merops_muelleri_1;1095;1020;75;75;1.0;0.931;true
Merops_muelleri_2;1095;1020;75;75;1.0;0.931;true
Mesitornis_unicolor_1;1152;1059;93;93;1.0;0.919;true
Mesitornis_unicolor_2;1152;1059;93;93;1.0;0.919;true
Micrastur_gilvicollis_1;1155;1059;96;96;1.0;0.916;true
Micrastur_gilvicollis_2;1155;1059;96;96;1.0;0.916;true
Micropygia_schomburgkii_1;1482;1059;423;423;1.0;0.714;true
Micropygia_schomburgkii_2;1482;1059;423;423;1.0;0.714;true
Momotus_lessonii_1;1068;1044;24;24;1.0;0.977;true
Momotus_lessonii_2;1068;1044;24;24;1.0;0.977;true
Monias_benschi_1;1092;1059;33;33;1.0;0.969;true
Monias_benschi_2;1092;1059;33;33;1.0;0.969;true
Morus_serrator_1;1074;1059;15;15;1.0;0.986;true
Morus_serrator_2;1074;1059;15;15;1.0;0.986;true
Myiobius_barbatus_1;1068;1059;9;9;1.0;0.991;true
Myiobius_barbatus_2;1068;1059;9;9;1.0;0.991;true
Myrmornis_torquata_1;1131;1059;72;72;1.0;0.936;true
Myrmornis_torquata_2;1131;1059;72;72;1.0;0.936;true
Myrmothera_campanisona_1;870;855;15;15;1.0;0.982;true
Myrmothera_campanisona_2;870;855;15;15;1.0;0.982;true
Neodrepanis_coruscans_1;1194;1059;135;135;1.0;0.886;true
Neodrepanis_coruscans_2;1194;1059;135;135;1.0;0.886;true
Neopelma_chrysocephalum_1;1155;1059;96;96;1.0;0.916;true
Neopelma_chrysocephalum_2;1155;1059;96;96;1.0;0.916;true
Nestor_meridionalis_1;1137;1047;90;90;1.0;0.92;true
Nestor_meridionalis_2;1137;1047;90;90;1.0;0.92;true
Nothoprocta_ornata_1;1116;1032;84;84;1.0;0.924;true
Nothoprocta_ornata_2;1116;1032;84;84;1.0;0.924;true
Numida_malagris_1;1077;1041;36;36;1.0;0.966;true
Numida_malagris_2;1077;1041;36;36;1.0;0.966;true
Nyctibius_griseus_1;1364;1059;305;305;1.0;0.776;true
Nyctibius_griseus_2;1364;1059;305;305;1.0;0.776;true
Oceanites_oceanicus_1;1086;1056;30;30;1.0;0.972;true
Oceanites_oceanicus_2;1086;1056;30;30;1.0;0.972;true
Oceanodroma_leucorhoa_1;1161;1059;102;102;1.0;0.912;true
Oceanodroma_leucorhoa_2;1161;1059;102;102;1.0;0.912;true
Odontophorus_gujanensis_1;1098;1059;39;39;1.0;0.964;true
Odontophorus_gujanensis_2;1098;1059;39;39;1.0;0.964;true
Opisthocomus_hoazin_1;1113;1059;54;54;1.0;0.951;true
Opisthocomus_hoazin_2;1113;1059;54;54;1.0;0.951;true
Ortalis_motmot_1;915;891;24;24;1.0;0.973;true
Ortalis_motmot_2;915;891;24;24;1.0;0.973;true
Oxyruncus_cristatus_1;1014;975;39;39;1.0;0.961;true
Oxyruncus_cristatus_2;1014;975;39;39;1.0;0.961;true
Oxyura_jamaicensis_1;1125;1062;63;63;1.0;0.944;true
Oxyura_jamaicensis_2;1125;1062;63;63;1.0;0.944;true
Pandion_haliaetus_1;1059;1044;15;15;1.0;0.985;true
Pandion_haliaetus_2;1059;1044;15;15;1.0;0.985;true
Pedionomus_torquatus_1;2142;1059;1083;1083;1.0;0.494;true
Pedionomus_torquatus_2;2142;1059;1083;1083;1.0;0.494;true
Pelagodroma_marina_1;1017;1017;0;0;1.0;1.0;true
Pelagodroma_marina_2;1017;1017;0;0;1.0;1.0;true
Pelecanoides_urinatrix_1;969;969;0;0;1.0;1.0;true
Pelecanoides_urinatrix_2;969;969;0;0;1.0;1.0;true
Pelecanus_occidentalis_1;1149;1059;90;90;1.0;0.921;true
Pelecanus_occidentalis_2;1149;1059;90;90;1.0;0.921;true
Phaethon_rubricauda_1;1119;1059;60;60;1.0;0.946;true
Phaethon_rubricauda_2;1119;1059;60;60;1.0;0.946;true
Phaethornis_superciliosus_1;1098;1047;51;51;1.0;0.953;true
Phaethornis_superciliosus_2;1098;1047;51;51;1.0;0.953;true
Phalacrocorax_brasili_1;1089;1056;33;33;1.0;0.969;true
Phalacrocorax_brasili_2;1089;1056;33;33;1.0;0.969;true
Phoebastria_nigripes_1;1200;1059;141;141;1.0;0.882;true
Phoebastria_nigripes_2;1200;1059;141;141;1.0;0.882;true
Phoenicopterus_ruber_1;1062;1059;3;3;1.0;0.997;true
Phoenicopterus_ruber_2;1062;1059;3;3;1.0;0.997;true
Phoeniculus_purpureus_1;930;930;0;0;1.0;1.0;true
Phoeniculus_purpureus_2;930;930;0;0;1.0;1.0;true
Picus_canus_1;1098;1050;48;48;1.0;0.956;true
Picus_canus_2;1098;1050;48;48;1.0;0.956;true
Pipra_erythrocephala_1;1944;1059;885;885;1.0;0.544;true
Pipra_erythrocephala_2;1944;1059;885;885;1.0;0.544;true
Piprites_chloris_1;1092;1059;33;33;1.0;0.969;true
Piprites_chloris_2;1092;1059;33;33;1.0;0.969;true
Pitta_angolensis_1;1659;1059;600;600;1.0;0.638;true
Pitta_angolensis_2;1659;1059;600;600;1.0;0.638;true
Podargus_strigoides_1;1197;1059;138;138;1.0;0.884;true
Podargus_strigoides_2;1197;1059;138;138;1.0;0.884;true
Poecile_lugubris_1;1068;1029;39;39;1.0;0.963;true
Poecile_lugubris_2;1068;1029;39;39;1.0;0.963;true
Porphyrio_porphyrio_1;1224;1059;165;165;1.0;0.865;true
Porphyrio_porphyrio_2;1224;1059;165;165;1.0;0.865;true
Probosciger_aterrimus_1;1221;1059;162;162;1.0;0.867;true
Probosciger_aterrimus_2;1221;1059;162;162;1.0;0.867;true
Psittacus_erithacus_1;1731;1059;672;672;1.0;0.611;true
Psittacus_erithacus_2;1731;1059;672;672;1.0;0.611;true
Psittrichas_fulgidus_1;1074;1059;15;15;1.0;0.986;true
Psittrichas_fulgidus_2;1074;1059;15;15;1.0;0.986;true
Psophia_crepitans_1;1092;1059;33;33;1.0;0.969;true
Psophia_crepitans_2;1092;1059;33;33;1.0;0.969;true
Pterocles_bicinctus_1;1122;1059;63;63;1.0;0.943;true
Pterocles_bicinctus_2;1122;1059;63;63;1.0;0.943;true
Pterodroma_externa_1;1107;1059;48;48;1.0;0.956;true
Pterodroma_externa_2;1107;1059;48;48;1.0;0.956;true
Ptilinopus_magnificus_1;1119;1059;60;60;1.0;0.946;true
Ptilinopus_magnificus_2;1119;1059;60;60;1.0;0.946;true
Ptilonorhynchus_violaceus_1;1782;1059;723;723;1.0;0.594;true
Ptilonorhynchus_violaceus_2;1782;1059;723;723;1.0;0.594;true
Puffinus_griseus_1;1134;1053;81;81;1.0;0.928;true
Puffinus_griseus_2;1134;1053;81;81;1.0;0.928;true
Pycnonotus_macrotis_1;1173;1059;114;114;1.0;0.902;true
Pycnonotus_macrotis_2;1173;1059;114;114;1.0;0.902;true
Rallus_longirostris_1;510;483;27;27;1.0;0.947;true
Rallus_longirostris_2;510;483;27;27;1.0;0.947;true
Ramphastos_ambiguus_1;1893;1059;834;834;1.0;0.559;true
Ramphastos_ambiguus_2;1893;1059;834;834;1.0;0.559;true
Recurvirostra_americana_1;1068;1047;21;21;1.0;0.98;true
Recurvirostra_americana_2;1068;1047;21;21;1.0;0.98;true
Regulus_ignicapilla_1;1173;1059;114;114;1.0;0.902;true
Regulus_ignicapilla_2;1173;1059;114;114;1.0;0.902;true
Rhea_americana_1;1065;1041;24;24;1.0;0.977;true
Rhea_americana_2;1065;1041;24;24;1.0;0.977;true
Rhynchocyclus_olivaceus_1;1110;1059;51;51;1.0;0.954;true
Rhynchocyclus_olivaceus_2;1110;1059;51;51;1.0;0.954;true
Rollandia_rolland_1;1167;1059;108;108;1.0;0.907;true
Rollandia_rolland_2;1167;1059;108;108;1.0;0.907;true
Rollulus_rouloul_1;1062;1035;27;27;1.0;0.974;true
Rollulus_rouloul_2;1062;1035;27;27;1.0;0.974;true
Rostratula_benghalensis_1;1227;1059;168;168;1.0;0.863;true
Rostratula_benghalensis_2;1227;1059;168;168;1.0;0.863;true
Rupicola_rupicola_1;1086;1014;72;72;1.0;0.933;true
Rupicola_rupicola_2;1086;1014;72;72;1.0;0.933;true
Rynchops_niger_1;1176;1038;138;138;1.0;0.882;true
Rynchops_niger_2;1176;1038;138;138;1.0;0.882;true
Sagittarius_serpentarius_1;771;771;0;0;1.0;1.0;true
Sagittarius_serpentarius_2;771;771;0;0;1.0;1.0;true
Sarothrura_rufa_1;972;945;27;27;1.0;0.972;true
Sarothrura_rufa_2;972;945;27;27;1.0;0.972;true
Schiffornis_turdina_1;1065;1023;42;42;1.0;0.96;true
Schiffornis_turdina_2;1065;1023;42;42;1.0;0.96;true
Sclerurus_mexicanus_1;1149;1059;90;90;1.0;0.921;true
Sclerurus_mexicanus_2;1149;1059;90;90;1.0;0.921;true
Scopus_umbretta_1;456;450;6;6;1.0;0.986;true
Scopus_umbretta_2;456;450;6;6;1.0;0.986;true
Sericulus_bakeri_1;2190;1059;1131;1131;1.0;0.483;true
Sericulus_bakeri_2;2190;1059;1131;1131;1.0;0.483;true
Smithornis_rufolateralis_1;1206;1059;147;147;1.0;0.878;true
Smithornis_rufolateralis_2;1206;1059;147;147;1.0;0.878;true
Spheniscus_humboldti_1;546;528;18;18;1.0;0.967;true
Spheniscus_humboldti_2;546;528;18;18;1.0;0.967;true
Spizella_arborea_1;840;840;0;0;1.0;1.0;true
Spizella_arborea_2;840;840;0;0;1.0;1.0;true
Steatornis_caripensi_1;225;225;0;0;1.0;1.0;true
Steatornis_caripensi_2;225;225;0;0;1.0;1.0;true
Sterna_hirundo_1;1101;1059;42;42;1.0;0.961;true
Sterna_hirundo_2;1101;1059;42;42;1.0;0.961;true
Streptoprocne_zonaris_1;1059;1053;6;6;1.0;0.994;true
Streptoprocne_zonaris_2;1059;1053;6;6;1.0;0.994;true
Strix_varia_1;855;837;18;18;1.0;0.978;true
Strix_varia_2;855;837;18;18;1.0;0.978;true
Struthio_camelus_1;987;978;9;9;1.0;0.99;true
Struthio_camelus_2;987;978;9;9;1.0;0.99;true
Sylvia_melanocephala_1;930;921;9;9;1.0;0.99;true
Sylvia_melanocephala_2;930;921;9;9;1.0;0.99;true
Syrrhaptes_paradoxus_1;1092;1059;33;33;1.0;0.969;true
Syrrhaptes_paradoxus_2;1092;1059;33;33;1.0;0.969;true
Tapera_naevia_1;1011;1011;0;0;1.0;1.0;true
Tapera_naevia_2;1011;1011;0;0;1.0;1.0;true
Tauraco_macrorhynchus_1;957;957;0;0;1.0;1.0;true
Tauraco_macrorhynchus_2;957;957;0;0;1.0;1.0;true
Terenura_callinota_1;1095;1059;36;36;1.0;0.967;true
Terenura_callinota_2;1095;1059;36;36;1.0;0.967;true
Thamnophilus_ruficapillu_1;675;675;0;0;1.0;1.0;true
Thamnophilus_ruficapillu_2;675;675;0;0;1.0;1.0;true
Theristicus_caerulescens_1;1116;1059;57;57;1.0;0.948;true
Theristicus_caerulescens_2;1116;1059;57;57;1.0;0.948;true
Tigrisoma_lineatum_1;1098;1059;39;39;1.0;0.964;true
Tigrisoma_lineatum_2;1098;1059;39;39;1.0;0.964;true
Tinamus_major_1;975;936;39;39;1.0;0.96;true
Tinamus_major_2;975;936;39;39;1.0;0.96;true
Tityra_cayana_1;930;915;15;15;1.0;0.983;true
Tityra_cayana_2;930;915;15;15;1.0;0.983;true
Tockus_camurus_1;927;906;21;21;1.0;0.977;true
Tockus_camurus_2;927;906;21;21;1.0;0.977;true
Todus_mexicanus_1;1074;1038;36;36;1.0;0.966;true
Todus_mexicanus_2;1074;1038;36;36;1.0;0.966;true
Topaza_pella_1;1473;1059;414;414;1.0;0.718;true
Topaza_pella_2;1473;1059;414;414;1.0;0.718;true
Treron_calvus_1;1086;1059;27;27;1.0;0.975;true
Treron_calvus_2;1086;1059;27;27;1.0;0.975;true
Tringa_solitaria_1;1233;1026;207;207;1.0;0.832;true
Tringa_solitaria_2;1233;1026;207;207;1.0;0.832;true
Trogon_elegans_1;1206;1047;159;159;1.0;0.868;true
Trogon_elegans_2;1206;1047;159;159;1.0;0.868;true
Turdus_olivater_1;1110;1059;51;51;1.0;0.954;true
Turdus_olivater_2;1110;1059;51;51;1.0;0.954;true
Turnix_ocellata_1;465;465;0;0;1.0;1.0;true
Turnix_ocellata_2;465;465;0;0;1.0;1.0;true
Tyrannus_albogularis_1;1233;1059;174;174;1.0;0.858;true
Tyrannus_albogularis_2;1233;1059;174;174;1.0;0.858;true
Tyto_alba_1;519;519;0;0;1.0;1.0;true
Tyto_alba_2;519;519;0;0;1.0;1.0;true
Upupa_epops_1;972;972;0;0;1.0;1.0;true
Upupa_epops_2;972;972;0;0;1.0;1.0;true
Uria_aalge_1;1128;1059;69;69;1.0;0.938;true
Uria_aalge_2;1128;1059;69;69;1.0;0.938;true
Urocolius_indicus_1;849;849;0;0;1.0;1.0;true
Urocolius_indicus_2;849;849;0;0;1.0;1.0;true
Vultur_gryphus_1;768;768;0;0;1.0;1.0;true
Vultur_gryphus_2;768;768;0;0;1.0;1.0;true
