seqName;initialSeqLength;nbKeep;nbTrim;nbInformativeTrim;percentHomologExcludingExtremities;percentHomologIncludingExtremities;keptSequences
Acanthisitta_chloris_1;1091;1091;0;0;1.0;1.0;true
Acanthisitta_chloris_2;1091;1091;0;0;1.0;1.0;true
Accipiter_superciliosus_1;1091;1091;0;0;1.0;1.0;true
Accipiter_superciliosus_2;1091;1091;0;0;1.0;1.0;true
Aegotheles_insignis_1;1047;1047;0;0;1.0;1.0;true
Aegotheles_insignis_2;1047;1047;0;0;1.0;1.0;true
Anas_superciliosa_1;888;888;0;0;1.0;1.0;true
Anas_superciliosa_2;888;888;0;0;1.0;1.0;true
Anhinga_anhinga_1;1044;1044;0;0;1.0;1.0;true
Anhinga_anhinga_2;1044;1044;0;0;1.0;1.0;true
Anser_canagicus_1;1044;1044;0;0;1.0;1.0;true
Anser_canagicus_2;1044;1044;0;0;1.0;1.0;true
Anseranas_semipalmata_1;1044;1044;0;0;1.0;1.0;true
Anseranas_semipalmata_2;1044;1044;0;0;1.0;1.0;true
Apaloderma_aequatoriale_1;1047;1047;0;0;1.0;1.0;true
Apaloderma_aequatoriale_2;1047;1047;0;0;1.0;1.0;true
Apteryx_sp._1;1044;1044;0;0;1.0;1.0;true
Apteryx_sp._2;1044;1044;0;0;1.0;1.0;true
Aramus_guarauna_1;1044;1044;0;0;1.0;1.0;true
Aramus_guarauna_2;1044;1044;0;0;1.0;1.0;true
Archilochus_colubris_1;1044;1044;0;0;1.0;1.0;true
Archilochus_colubris_2;1044;1044;0;0;1.0;1.0;true
Ardea_herodias_1;1044;1044;0;0;1.0;1.0;true
Ardea_herodias_2;1044;1044;0;0;1.0;1.0;true
Ardeotis_kori_1;1044;1044;0;0;1.0;1.0;true
Ardeotis_kori_2;1044;1044;0;0;1.0;1.0;true
Arenaria_interpres_1;1020;1020;0;0;1.0;1.0;true
Arenaria_interpres_2;1020;1020;0;0;1.0;1.0;true
Atelornis_pittoides_1;1065;1065;0;0;1.0;1.0;true
Atelornis_pittoides_2;1065;1065;0;0;1.0;1.0;true
Aythya_valisineria_1;1029;1029;0;0;1.0;1.0;true
Aythya_valisineria_2;1029;1029;0;0;1.0;1.0;true
Balaeniceps_rex_1;1044;1044;0;0;1.0;1.0;true
Balaeniceps_rex_2;1044;1044;0;0;1.0;1.0;true
Balearica_regulorum_1;1044;1044;0;0;1.0;1.0;true
Balearica_regulorum_2;1044;1044;0;0;1.0;1.0;true
Barnardius_zonarius_1;1056;1056;0;0;1.0;1.0;true
Barnardius_zonarius_2;1056;1056;0;0;1.0;1.0;true
Bonasa_umbellus_1;1044;1044;0;0;1.0;1.0;true
Bonasa_umbellus_2;1044;1044;0;0;1.0;1.0;true
Buccanodon_duchaillui_1;963;963;0;0;1.0;1.0;true
Buccanodon_duchaillui_2;963;963;0;0;1.0;1.0;true
Bucco_capensis_1;1044;1044;0;0;1.0;1.0;true
Bucco_capensis_2;1044;1044;0;0;1.0;1.0;true
Bucorvus_leadbeateri_1;558;558;0;0;1.0;1.0;true
Bucorvus_leadbeateri_2;558;558;0;0;1.0;1.0;true
Burhinus_oedicnemus_1;1044;1044;0;0;1.0;1.0;true
Burhinus_oedicnemus_2;1044;1044;0;0;1.0;1.0;true
Buteo_jamaicensis_1;1044;1044;0;0;1.0;1.0;true
Buteo_jamaicensis_2;1044;1044;0;0;1.0;1.0;true
Caiman_croccodilus_1;330;330;0;0;1.0;1.0;true
Caiman_croccodilus_2;330;330;0;0;1.0;1.0;true
Calandrella_brachydactyla_1;1091;1091;0;0;1.0;1.0;true
Calandrella_brachydactyla_2;1091;1091;0;0;1.0;1.0;true
Calyptomena_viridis_1;1044;1044;0;0;1.0;1.0;true
Calyptomena_viridis_2;1044;1044;0;0;1.0;1.0;true
Capito_niger_1;948;948;0;0;1.0;1.0;true
Capito_niger_2;948;948;0;0;1.0;1.0;true
Caprimulgus_europaeus_1;1044;1044;0;0;1.0;1.0;true
Caprimulgus_europaeus_2;1044;1044;0;0;1.0;1.0;true
Caracara_cheriway_1;1044;1044;0;0;1.0;1.0;true
Caracara_cheriway_2;1044;1044;0;0;1.0;1.0;true
Cariama_cristata_1;1091;1091;0;0;1.0;1.0;true
Cariama_cristata_2;1091;1091;0;0;1.0;1.0;true
Casuarius_bennetti_1;1044;1044;0;0;1.0;1.0;true
Casuarius_bennetti_2;1044;1044;0;0;1.0;1.0;true
Cathartes_burrovianus_1;1044;1044;0;0;1.0;1.0;true
Cathartes_burrovianus_2;1044;1044;0;0;1.0;1.0;true
Centropus_bengalensis_1;1094;1094;0;0;1.0;1.0;true
Centropus_bengalensis_2;1094;1094;0;0;1.0;1.0;true
Chaetura_brachyura_1;1091;1091;0;0;1.0;1.0;true
Chaetura_brachyura_2;1091;1091;0;0;1.0;1.0;true
Charadrius_hiaticula_1;954;954;0;0;1.0;1.0;true
Charadrius_hiaticula_2;954;954;0;0;1.0;1.0;true
Chauna_torquata_1;1047;1047;0;0;1.0;1.0;true
Chauna_torquata_2;1047;1047;0;0;1.0;1.0;true
Chordeiles_pusillus_1;1091;1091;0;0;1.0;1.0;true
Chordeiles_pusillus_2;1091;1091;0;0;1.0;1.0;true
Chroicocephalus_cirrocephalus_1;1044;1044;0;0;1.0;1.0;true
Chroicocephalus_cirrocephalus_2;1044;1044;0;0;1.0;1.0;true
Chunga_burmeisteri_1;1091;1091;0;0;1.0;1.0;true
Chunga_burmeisteri_2;1091;1091;0;0;1.0;1.0;true
Ciconia_nigra_1;1091;1091;0;0;1.0;1.0;true
Ciconia_nigra_2;1091;1091;0;0;1.0;1.0;true
Climacteris_melanura_1;1044;1044;0;0;1.0;1.0;true
Climacteris_melanura_2;1044;1044;0;0;1.0;1.0;true
Coccyzus_melacoryphus_1;1047;1047;0;0;1.0;1.0;true
Coccyzus_melacoryphus_2;1047;1047;0;0;1.0;1.0;true
Colinus_cristatus_1;1044;1044;0;0;1.0;1.0;true
Colinus_cristatus_2;1044;1044;0;0;1.0;1.0;true
Colius_colius_1;1089;1089;0;0;1.0;1.0;true
Colius_colius_2;1089;1089;0;0;1.0;1.0;true
Columba_livia_1;1044;1044;0;0;1.0;1.0;true
Columba_livia_2;1044;1044;0;0;1.0;1.0;true
Columbina_minuta_1;1044;1044;0;0;1.0;1.0;true
Columbina_minuta_2;1044;1044;0;0;1.0;1.0;true
Coracias_cyanogaster_1;1038;1038;0;0;1.0;1.0;true
Coracias_cyanogaster_2;1038;1038;0;0;1.0;1.0;true
Corvus_albus_1;1044;1044;0;0;1.0;1.0;true
Corvus_albus_2;1044;1044;0;0;1.0;1.0;true
Corythaeola_cristata_1;978;978;0;0;1.0;1.0;true
Corythaeola_cristata_2;978;978;0;0;1.0;1.0;true
Cotinga_cayana_1;1044;1044;0;0;1.0;1.0;true
Cotinga_cayana_2;1044;1044;0;0;1.0;1.0;true
Crax_alector_1;1047;1047;0;0;1.0;1.0;true
Crax_alector_2;1047;1047;0;0;1.0;1.0;true
Crocodylus_porosus_1;402;402;0;0;1.0;1.0;true
Crocodylus_porosus_2;402;402;0;0;1.0;1.0;true
Cryptopipo_aenigma_1;1044;1044;0;0;1.0;1.0;true
Cryptopipo_aenigma_2;1044;1044;0;0;1.0;1.0;true
Crypturellus_tataupa_1;900;900;0;0;1.0;1.0;true
Crypturellus_tataupa_2;900;900;0;0;1.0;1.0;true
Cuculus_optatus_1;1044;1044;0;0;1.0;1.0;true
Cuculus_optatus_2;1044;1044;0;0;1.0;1.0;true
Dendrocygna_viduata_1;735;735;0;0;1.0;1.0;true
Dendrocygna_viduata_2;735;735;0;0;1.0;1.0;true
Deroptyus_accipitrinus_1;1094;1094;0;0;1.0;1.0;true
Deroptyus_accipitrinus_2;1094;1094;0;0;1.0;1.0;true
Dromaius_novaehollandiae_1;1044;1044;0;0;1.0;1.0;true
Dromaius_novaehollandiae_2;1044;1044;0;0;1.0;1.0;true
Elaenia_flavogaster_1;1053;1053;0;0;1.0;1.0;true
Elaenia_flavogaster_2;1053;1053;0;0;1.0;1.0;true
Elanus_leucurus_1;666;666;0;0;1.0;1.0;true
Elanus_leucurus_2;666;666;0;0;1.0;1.0;true
Eudromia_elegans_1;1086;1086;0;0;1.0;1.0;true
Eudromia_elegans_2;1086;1086;0;0;1.0;1.0;true
Eurostopodus_macrotis_1;1044;1044;0;0;1.0;1.0;true
Eurostopodus_macrotis_2;1044;1044;0;0;1.0;1.0;true
Eurylaimus_ochromalus_1;1091;1091;0;0;1.0;1.0;true
Eurylaimus_ochromalus_2;1091;1091;0;0;1.0;1.0;true
Eurypyga_helias_1;1020;1020;0;0;1.0;1.0;true
Eurypyga_helias_2;1020;1020;0;0;1.0;1.0;true
Falco_sparverius_1;1044;1044;0;0;1.0;1.0;true
Falco_sparverius_2;1044;1044;0;0;1.0;1.0;true
Fregata_magnificens_1;1091;1091;0;0;1.0;1.0;true
Fregata_magnificens_2;1091;1091;0;0;1.0;1.0;true
Fringilla_coelebs_1;1044;1044;0;0;1.0;1.0;true
Fringilla_coelebs_2;1044;1044;0;0;1.0;1.0;true
Fulmarus_glacialoides_1;1044;1044;0;0;1.0;1.0;true
Fulmarus_glacialoides_2;1044;1044;0;0;1.0;1.0;true
Furnarius_rufus_1;1044;1044;0;0;1.0;1.0;true
Furnarius_rufus_2;1044;1044;0;0;1.0;1.0;true
Galbula_dea_1;360;360;0;0;1.0;1.0;true
Galbula_dea_2;360;360;0;0;1.0;1.0;true
Gallus_gallus_1;1044;1044;0;0;1.0;1.0;true
Gallus_gallus_2;1044;1044;0;0;1.0;1.0;true
Gavia_immer_1;894;894;0;0;1.0;1.0;true
Gavia_immer_2;894;894;0;0;1.0;1.0;true
Glareola_nuchalis_1;1044;1044;0;0;1.0;1.0;true
Glareola_nuchalis_2;1044;1044;0;0;1.0;1.0;true
Grus_canadensis_1;936;936;0;0;1.0;1.0;true
Grus_canadensis_2;936;936;0;0;1.0;1.0;true
Haematopus_palliatus_1;1044;1044;0;0;1.0;1.0;true
Haematopus_palliatus_2;1044;1044;0;0;1.0;1.0;true
Heliornis_fulica_1;1038;1038;0;0;1.0;1.0;true
Heliornis_fulica_2;1038;1038;0;0;1.0;1.0;true
Hemiprocne_comata_1;1091;1091;0;0;1.0;1.0;true
Hemiprocne_comata_2;1091;1091;0;0;1.0;1.0;true
Hirundinea_ferruginea_1;1044;1044;0;0;1.0;1.0;true
Hirundinea_ferruginea_2;1044;1044;0;0;1.0;1.0;true
Hymenops_perspicillatus_1;1044;1044;0;0;1.0;1.0;true
Hymenops_perspicillatus_2;1044;1044;0;0;1.0;1.0;true
Ibycter_americanus_1;1086;1086;0;0;1.0;1.0;true
Ibycter_americanus_2;1086;1086;0;0;1.0;1.0;true
Indicator_exilis_1;1044;1044;0;0;1.0;1.0;true
Indicator_exilis_2;1044;1044;0;0;1.0;1.0;true
Ixobrychus_minutus_1;1047;1047;0;0;1.0;1.0;true
Ixobrychus_minutus_2;1047;1047;0;0;1.0;1.0;true
Jacana_jacana_1;1044;1044;0;0;1.0;1.0;true
Jacana_jacana_2;1044;1044;0;0;1.0;1.0;true
Jynx_torquilla_1;1044;1044;0;0;1.0;1.0;true
Jynx_torquilla_2;1044;1044;0;0;1.0;1.0;true
Leipoa_ocellata_1;1096;1096;0;0;1.0;1.0;true
Leipoa_ocellata_2;1096;1096;0;0;1.0;1.0;true
Lepidocolaptes_angustirostr_1;1020;1020;0;0;1.0;1.0;true
Lepidocolaptes_angustirostr_2;1020;1020;0;0;1.0;1.0;true
Leptoptilos_crumeniferus_1;1091;1091;0;0;1.0;1.0;true
Leptoptilos_crumeniferus_2;1091;1091;0;0;1.0;1.0;true
Leptosomus_discolor_1;966;966;0;0;1.0;1.0;true
Leptosomus_discolor_2;966;966;0;0;1.0;1.0;true
Leptotila_rufaxilla_1;1044;1044;0;0;1.0;1.0;true
Leptotila_rufaxilla_2;1044;1044;0;0;1.0;1.0;true
Limosa_lapponica_1;1044;1044;0;0;1.0;1.0;true
Limosa_lapponica_2;1044;1044;0;0;1.0;1.0;true
Lophorina_superba_1;729;729;0;0;1.0;1.0;true
Lophorina_superba_2;729;729;0;0;1.0;1.0;true
Malurus_splendens_1;1091;1091;0;0;1.0;1.0;true
Malurus_splendens_2;1091;1091;0;0;1.0;1.0;true
Megalaima_chrysopogon_1;1044;1044;0;0;1.0;1.0;true
Megalaima_chrysopogon_2;1044;1044;0;0;1.0;1.0;true
Melanopareia_maximilian_1;1044;1044;0;0;1.0;1.0;true
Melanopareia_maximilian_2;1044;1044;0;0;1.0;1.0;true
Menura_novaehollandiae_1;1044;1044;0;0;1.0;1.0;true
Menura_novaehollandiae_2;1044;1044;0;0;1.0;1.0;true
Merops_muelleri_1;861;861;0;0;1.0;1.0;true
Merops_muelleri_2;861;861;0;0;1.0;1.0;true
Mesitornis_unicolor_1;465;465;0;0;1.0;1.0;true
Mesitornis_unicolor_2;465;465;0;0;1.0;1.0;true
Micrastur_gilvicollis_1;1044;1044;0;0;1.0;1.0;true
Micrastur_gilvicollis_2;1044;1044;0;0;1.0;1.0;true
Micropygia_schomburgkii_1;1044;1044;0;0;1.0;1.0;true
Micropygia_schomburgkii_2;1044;1044;0;0;1.0;1.0;true
Monias_benschi_1;618;618;0;0;1.0;1.0;true
Monias_benschi_2;618;618;0;0;1.0;1.0;true
Morus_serrator_1;1044;1044;0;0;1.0;1.0;true
Morus_serrator_2;1044;1044;0;0;1.0;1.0;true
Myiobius_barbatus_1;1032;1032;0;0;1.0;1.0;true
Myiobius_barbatus_2;1032;1032;0;0;1.0;1.0;true
Myrmornis_torquata_1;1053;1053;0;0;1.0;1.0;true
Myrmornis_torquata_2;1053;1053;0;0;1.0;1.0;true
Myrmothera_campanisona_1;840;840;0;0;1.0;1.0;true
Myrmothera_campanisona_2;840;840;0;0;1.0;1.0;true
Neodrepanis_coruscans_1;1044;1044;0;0;1.0;1.0;true
Neodrepanis_coruscans_2;1044;1044;0;0;1.0;1.0;true
Neopelma_chrysocephalum_1;1044;1044;0;0;1.0;1.0;true
Neopelma_chrysocephalum_2;1044;1044;0;0;1.0;1.0;true
Nestor_meridionalis_1;1094;1094;0;0;1.0;1.0;true
Nestor_meridionalis_2;1094;1094;0;0;1.0;1.0;true
Nothoprocta_ornata_1;1086;1086;0;0;1.0;1.0;true
Nothoprocta_ornata_2;1086;1086;0;0;1.0;1.0;true
Numida_malagris_1;1093;1093;0;0;1.0;1.0;true
Numida_malagris_2;1093;1093;0;0;1.0;1.0;true
Nyctibius_griseus_1;1103;1103;0;0;1.0;1.0;true
Nyctibius_griseus_2;1103;1103;0;0;1.0;1.0;true
Oceanites_oceanicus_1;1044;1044;0;0;1.0;1.0;true
Oceanites_oceanicus_2;1044;1044;0;0;1.0;1.0;true
Oceanodroma_leucorhoa_1;972;972;0;0;1.0;1.0;true
Oceanodroma_leucorhoa_2;972;972;0;0;1.0;1.0;true
Odontophorus_gujanensis_1;1044;1044;0;0;1.0;1.0;true
Odontophorus_gujanensis_2;1044;1044;0;0;1.0;1.0;true
Opisthocomus_hoazin_1;1044;1044;0;0;1.0;1.0;true
Opisthocomus_hoazin_2;1044;1044;0;0;1.0;1.0;true
Ortalis_motmot_1;1047;1047;0;0;1.0;1.0;true
Ortalis_motmot_2;1047;1047;0;0;1.0;1.0;true
Oxyruncus_cristatus_1;954;954;0;0;1.0;1.0;true
Oxyruncus_cristatus_2;954;954;0;0;1.0;1.0;true
Oxyura_jamaicensis_1;969;969;0;0;1.0;1.0;true
Oxyura_jamaicensis_2;969;969;0;0;1.0;1.0;true
Pandion_haliaetus_1;1091;1091;0;0;1.0;1.0;true
Pandion_haliaetus_2;1091;1091;0;0;1.0;1.0;true
Pedionomus_torquatus_1;1053;1053;0;0;1.0;1.0;true
Pedionomus_torquatus_2;1053;1053;0;0;1.0;1.0;true
Pelagodroma_marina_1;1047;1047;0;0;1.0;1.0;true
Pelagodroma_marina_2;1047;1047;0;0;1.0;1.0;true
Pelecanoides_urinatrix_1;1044;1044;0;0;1.0;1.0;true
Pelecanoides_urinatrix_2;1044;1044;0;0;1.0;1.0;true
Pelecanus_occidentalis_1;1044;1044;0;0;1.0;1.0;true
Pelecanus_occidentalis_2;1044;1044;0;0;1.0;1.0;true
Phaethon_rubricauda_1;1091;1091;0;0;1.0;1.0;true
Phaethon_rubricauda_2;1091;1091;0;0;1.0;1.0;true
Phaethornis_superciliosus_1;1085;1085;0;0;1.0;1.0;true
Phaethornis_superciliosus_2;1085;1085;0;0;1.0;1.0;true
Phalacrocorax_brasili_1;1044;1044;0;0;1.0;1.0;true
Phalacrocorax_brasili_2;1044;1044;0;0;1.0;1.0;true
Phoebastria_nigripes_1;1044;1044;0;0;1.0;1.0;true
Phoebastria_nigripes_2;1044;1044;0;0;1.0;1.0;true
Phoenicopterus_ruber_1;1011;1011;0;0;1.0;1.0;true
Phoenicopterus_ruber_2;1011;1011;0;0;1.0;1.0;true
Phoeniculus_purpureus_1;798;798;0;0;1.0;1.0;true
Phoeniculus_purpureus_2;798;798;0;0;1.0;1.0;true
Picus_canus_1;1044;1044;0;0;1.0;1.0;true
Picus_canus_2;1044;1044;0;0;1.0;1.0;true
Pipra_erythrocephala_1;1044;1044;0;0;1.0;1.0;true
Pipra_erythrocephala_2;1044;1044;0;0;1.0;1.0;true
Piprites_chloris_1;1044;1044;0;0;1.0;1.0;true
Piprites_chloris_2;1044;1044;0;0;1.0;1.0;true
Pitta_angolensis_1;1044;1044;0;0;1.0;1.0;true
Pitta_angolensis_2;1044;1044;0;0;1.0;1.0;true
Podargus_strigoides_1;1047;1047;0;0;1.0;1.0;true
Podargus_strigoides_2;1047;1047;0;0;1.0;1.0;true
Poecile_lugubris_1;899;899;0;0;1.0;1.0;true
Poecile_lugubris_2;899;899;0;0;1.0;1.0;true
Porphyrio_porphyrio_1;1091;1091;0;0;1.0;1.0;true
Porphyrio_porphyrio_2;1091;1091;0;0;1.0;1.0;true
Probosciger_aterrimus_1;1085;1085;0;0;1.0;1.0;true
Probosciger_aterrimus_2;1085;1085;0;0;1.0;1.0;true
Psittacus_erithacus_1;1094;1094;0;0;1.0;1.0;true
Psittacus_erithacus_2;1094;1094;0;0;1.0;1.0;true
Psittrichas_fulgidus_1;1094;1094;0;0;1.0;1.0;true
Psittrichas_fulgidus_2;1094;1094;0;0;1.0;1.0;true
Psophia_crepitans_1;1047;1047;0;0;1.0;1.0;true
Psophia_crepitans_2;1047;1047;0;0;1.0;1.0;true
Pterocles_bicinctus_1;1044;1044;0;0;1.0;1.0;true
Pterocles_bicinctus_2;1044;1044;0;0;1.0;1.0;true
Pterodroma_externa_1;780;780;0;0;1.0;1.0;true
Pterodroma_externa_2;780;780;0;0;1.0;1.0;true
Ptilinopus_magnificus_1;1044;1044;0;0;1.0;1.0;true
Ptilinopus_magnificus_2;1044;1044;0;0;1.0;1.0;true
Ptilonorhynchus_violaceus_1;1044;1044;0;0;1.0;1.0;true
Ptilonorhynchus_violaceus_2;1044;1044;0;0;1.0;1.0;true
Puffinus_griseus_1;1044;1044;0;0;1.0;1.0;true
Puffinus_griseus_2;1044;1044;0;0;1.0;1.0;true
Pycnonotus_macrotis_1;1044;1044;0;0;1.0;1.0;true
Pycnonotus_macrotis_2;1044;1044;0;0;1.0;1.0;true
Rallus_longirostris_1;639;639;0;0;1.0;1.0;true
Rallus_longirostris_2;639;639;0;0;1.0;1.0;true
Ramphastos_ambiguus_1;1047;1047;0;0;1.0;1.0;true
Ramphastos_ambiguus_2;1047;1047;0;0;1.0;1.0;true
Recurvirostra_americana_1;1044;1044;0;0;1.0;1.0;true
Recurvirostra_americana_2;1044;1044;0;0;1.0;1.0;true
Regulus_ignicapilla_1;1044;1044;0;0;1.0;1.0;true
Regulus_ignicapilla_2;1044;1044;0;0;1.0;1.0;true
Rhea_americana_1;720;720;0;0;1.0;1.0;true
Rhea_americana_2;720;720;0;0;1.0;1.0;true
Rhynchocyclus_olivaceus_1;1044;1044;0;0;1.0;1.0;true
Rhynchocyclus_olivaceus_2;1044;1044;0;0;1.0;1.0;true
Rollandia_rolland_1;1044;1044;0;0;1.0;1.0;true
Rollandia_rolland_2;1044;1044;0;0;1.0;1.0;true
Rollulus_rouloul_1;1044;1044;0;0;1.0;1.0;true
Rollulus_rouloul_2;1044;1044;0;0;1.0;1.0;true
Rostratula_benghalensis_1;1044;1044;0;0;1.0;1.0;true
Rostratula_benghalensis_2;1044;1044;0;0;1.0;1.0;true
Rupicola_rupicola_1;651;651;0;0;1.0;1.0;true
Rupicola_rupicola_2;651;651;0;0;1.0;1.0;true
Rynchops_niger_1;1044;1044;0;0;1.0;1.0;true
Rynchops_niger_2;1044;1044;0;0;1.0;1.0;true
Sagittarius_serpentarius_1;1044;1044;0;0;1.0;1.0;true
Sagittarius_serpentarius_2;1044;1044;0;0;1.0;1.0;true
Sarothrura_rufa_1;900;900;0;0;1.0;1.0;true
Sarothrura_rufa_2;900;900;0;0;1.0;1.0;true
Schiffornis_turdina_1;1043;1043;0;0;1.0;1.0;true
Schiffornis_turdina_2;1043;1043;0;0;1.0;1.0;true
Sclerurus_mexicanus_1;1044;1044;0;0;1.0;1.0;true
Sclerurus_mexicanus_2;1044;1044;0;0;1.0;1.0;true
Scopus_umbretta_1;1044;1044;0;0;1.0;1.0;true
Scopus_umbretta_2;1044;1044;0;0;1.0;1.0;true
Sericulus_bakeri_1;1044;1044;0;0;1.0;1.0;true
Sericulus_bakeri_2;1044;1044;0;0;1.0;1.0;true
Smithornis_rufolateralis_1;1091;1091;0;0;1.0;1.0;true
Smithornis_rufolateralis_2;1091;1091;0;0;1.0;1.0;true
Spheniscus_humboldti_1;933;933;0;0;1.0;1.0;true
Spheniscus_humboldti_2;933;933;0;0;1.0;1.0;true
Spizella_arborea_1;1091;1091;0;0;1.0;1.0;true
Spizella_arborea_2;1091;1091;0;0;1.0;1.0;true
Steatornis_caripensi_1;492;492;0;0;1.0;1.0;true
Steatornis_caripensi_2;492;492;0;0;1.0;1.0;true
Sterna_hirundo_1;1005;1005;0;0;1.0;1.0;true
Sterna_hirundo_2;1005;1005;0;0;1.0;1.0;true
Streptoprocne_zonaris_1;1044;1044;0;0;1.0;1.0;true
Streptoprocne_zonaris_2;1044;1044;0;0;1.0;1.0;true
Strix_varia_1;1044;1044;0;0;1.0;1.0;true
Strix_varia_2;1044;1044;0;0;1.0;1.0;true
Struthio_camelus_1;1044;1044;0;0;1.0;1.0;true
Struthio_camelus_2;1044;1044;0;0;1.0;1.0;true
Sylvia_melanocephala_1;1044;1044;0;0;1.0;1.0;true
Sylvia_melanocephala_2;1044;1044;0;0;1.0;1.0;true
Syrrhaptes_paradoxus_1;1044;1044;0;0;1.0;1.0;true
Syrrhaptes_paradoxus_2;1044;1044;0;0;1.0;1.0;true
Tapera_naevia_1;1047;1047;0;0;1.0;1.0;true
Tapera_naevia_2;1047;1047;0;0;1.0;1.0;true
Tauraco_macrorhynchus_1;1053;1053;0;0;1.0;1.0;true
Tauraco_macrorhynchus_2;1053;1053;0;0;1.0;1.0;true
Terenura_callinota_1;1053;1053;0;0;1.0;1.0;true
Terenura_callinota_2;1053;1053;0;0;1.0;1.0;true
Thamnophilus_ruficapillu_1;1053;1053;0;0;1.0;1.0;true
Thamnophilus_ruficapillu_2;1053;1053;0;0;1.0;1.0;true
Theristicus_caerulescens_1;801;801;0;0;1.0;1.0;true
Theristicus_caerulescens_2;801;801;0;0;1.0;1.0;true
Tigrisoma_lineatum_1;1044;1044;0;0;1.0;1.0;true
Tigrisoma_lineatum_2;1044;1044;0;0;1.0;1.0;true
Tinamus_major_1;651;651;0;0;1.0;1.0;true
Tinamus_major_2;651;651;0;0;1.0;1.0;true
Tityra_cayana_1;606;558;48;48;1.0;0.92;true
Tityra_cayana_2;606;558;48;48;1.0;0.92;true
Tockus_camurus_1;1044;1044;0;0;1.0;1.0;true
Tockus_camurus_2;1044;1044;0;0;1.0;1.0;true
Todus_mexicanus_1;219;219;0;0;1.0;1.0;true
Todus_mexicanus_2;219;219;0;0;1.0;1.0;true
Topaza_pella_1;696;696;0;0;1.0;1.0;true
Topaza_pella_2;696;696;0;0;1.0;1.0;true
Treron_calvus_1;1044;1044;0;0;1.0;1.0;true
Treron_calvus_2;1044;1044;0;0;1.0;1.0;true
Tringa_solitaria_1;1044;1044;0;0;1.0;1.0;true
Tringa_solitaria_2;1044;1044;0;0;1.0;1.0;true
Trogon_elegans_1;1056;1056;0;0;1.0;1.0;true
Trogon_elegans_2;1056;1056;0;0;1.0;1.0;true
Turdus_olivater_1;1044;1044;0;0;1.0;1.0;true
Turdus_olivater_2;1044;1044;0;0;1.0;1.0;true
Turnix_ocellata_1;732;732;0;0;1.0;1.0;true
Turnix_ocellata_2;732;732;0;0;1.0;1.0;true
Tyrannus_albogularis_1;1044;1044;0;0;1.0;1.0;true
Tyrannus_albogularis_2;1044;1044;0;0;1.0;1.0;true
Tyto_alba_1;528;528;0;0;1.0;1.0;true
Tyto_alba_2;528;528;0;0;1.0;1.0;true
Upupa_epops_1;942;942;0;0;1.0;1.0;true
Upupa_epops_2;942;942;0;0;1.0;1.0;true
Uria_aalge_1;816;816;0;0;1.0;1.0;true
Uria_aalge_2;816;816;0;0;1.0;1.0;true
Urocolius_indicus_1;840;840;0;0;1.0;1.0;true
Urocolius_indicus_2;840;840;0;0;1.0;1.0;true
Vultur_gryphus_1;861;861;0;0;1.0;1.0;true
Vultur_gryphus_2;861;861;0;0;1.0;1.0;true
