seqName;initialSeqLength;nbKeep;nbTrim;nbInformativeTrim;percentKeepExcludingExtremities;percentKeepIncludingExtremities;keptSequences
Acanthisitta_chloris_1;2091;1737;354;354;1.0;0.83;true
Acanthisitta_chloris_2;2091;1737;354;354;1.0;0.83;true
Accipiter_superciliosus_1;1857;1737;120;120;1.0;0.935;true
Accipiter_superciliosus_2;1857;1737;120;120;1.0;0.935;true
Aegotheles_insignis_1;1806;1737;69;69;1.0;0.961;true
Aegotheles_insignis_2;1806;1737;69;69;1.0;0.961;true
Alcedo_quadribrachys_1;1602;1602;0;0;1.0;1.0;true
Alcedo_quadribrachys_2;1602;1602;0;0;1.0;1.0;true
Anas_superciliosa_1;1584;1584;0;0;1.0;1.0;true
Anas_superciliosa_2;1584;1584;0;0;1.0;1.0;true
Anhinga_anhinga_1;1986;1737;249;249;1.0;0.874;true
Anhinga_anhinga_2;1986;1737;249;249;1.0;0.874;true
Anser_canagicus_1;1845;1737;108;108;1.0;0.941;true
Anser_canagicus_2;1845;1737;108;108;1.0;0.941;true
Anseranas_semipalmata_1;1890;1704;186;186;1.0;0.901;true
Anseranas_semipalmata_2;1890;1704;186;186;1.0;0.901;true
Apaloderma_aequatoriale_1;1890;1737;153;153;1.0;0.919;true
Apaloderma_aequatoriale_2;1890;1737;153;153;1.0;0.919;true
Apteryx_sp._1;1680;1680;0;0;1.0;1.0;true
Apteryx_sp._2;1680;1680;0;0;1.0;1.0;true
Aramus_guarauna_1;1851;1737;114;114;1.0;0.938;true
Aramus_guarauna_2;1851;1737;114;114;1.0;0.938;true
Archilochus_colubris_1;2016;1737;279;279;1.0;0.861;true
Archilochus_colubris_2;2016;1737;279;279;1.0;0.861;true
Ardea_herodias_1;1962;1737;225;225;1.0;0.885;true
Ardea_herodias_2;1962;1737;225;225;1.0;0.885;true
Ardeotis_kori_1;1905;1737;168;168;1.0;0.911;true
Ardeotis_kori_2;1905;1737;168;168;1.0;0.911;true
Arenaria_interpres_1;1758;1722;36;36;1.0;0.979;true
Arenaria_interpres_2;1758;1722;36;36;1.0;0.979;true
Atelornis_pittoides_1;1830;1737;93;93;1.0;0.949;true
Atelornis_pittoides_2;1830;1737;93;93;1.0;0.949;true
Aythya_valisineria_1;1926;1737;189;189;1.0;0.901;true
Aythya_valisineria_2;1926;1737;189;189;1.0;0.901;true
Balaeniceps_rex_1;1848;1737;111;111;1.0;0.939;true
Balaeniceps_rex_2;1848;1737;111;111;1.0;0.939;true
Balearica_regulorum_1;1482;1482;0;0;1.0;1.0;true
Balearica_regulorum_2;1482;1482;0;0;1.0;1.0;true
Barnardius_zonarius_1;1821;1737;84;84;1.0;0.953;true
Barnardius_zonarius_2;1821;1737;84;84;1.0;0.953;true
Bonasa_umbellus_1;2016;1737;279;279;1.0;0.861;true
Bonasa_umbellus_2;2016;1737;279;279;1.0;0.861;true
Buccanodon_duchaillui_1;1854;1737;117;117;1.0;0.936;true
Buccanodon_duchaillui_2;1854;1737;117;117;1.0;0.936;true
Bucco_capensis_1;1857;1737;120;120;1.0;0.935;true
Bucco_capensis_2;1857;1737;120;120;1.0;0.935;true
Bucorvus_leadbeateri_1;1791;1737;54;54;1.0;0.969;true
Bucorvus_leadbeateri_2;1791;1737;54;54;1.0;0.969;true
Burhinus_oedicnemus_1;1860;1737;123;123;1.0;0.933;true
Burhinus_oedicnemus_2;1860;1737;123;123;1.0;0.933;true
Buteo_jamaicensis_1;1848;1737;111;111;1.0;0.939;true
Buteo_jamaicensis_2;1848;1737;111;111;1.0;0.939;true
Caiman_croccodilus_1;1422;1422;0;0;1.0;1.0;true
Caiman_croccodilus_2;1422;1422;0;0;1.0;1.0;true
Calandrella_brachydactyla_1;1749;1722;27;27;1.0;0.984;true
Calandrella_brachydactyla_2;1749;1722;27;27;1.0;0.984;true
Calyptomena_viridis_1;1857;1737;120;120;1.0;0.935;true
Calyptomena_viridis_2;1857;1737;120;120;1.0;0.935;true
Capito_niger_1;1602;1602;0;0;1.0;1.0;true
Capito_niger_2;1602;1602;0;0;1.0;1.0;true
Caprimulgus_europaeus_1;1827;1737;90;90;1.0;0.95;true
Caprimulgus_europaeus_2;1827;1737;90;90;1.0;0.95;true
Caracara_cheriway_1;1722;1716;6;6;1.0;0.996;true
Caracara_cheriway_2;1722;1716;6;6;1.0;0.996;true
Cariama_cristata_1;2016;1737;279;279;1.0;0.861;true
Cariama_cristata_2;2016;1737;279;279;1.0;0.861;true
Casuarius_bennetti_1;1830;1737;93;93;1.0;0.949;true
Casuarius_bennetti_2;1830;1737;93;93;1.0;0.949;true
Cathartes_burrovianus_1;1629;1581;48;48;1.0;0.97;true
Cathartes_burrovianus_2;1629;1581;48;48;1.0;0.97;true
Centropus_bengalensis_1;1890;1737;153;153;1.0;0.919;true
Centropus_bengalensis_2;1890;1737;153;153;1.0;0.919;true
Chaetura_brachyura_1;1788;1737;51;51;1.0;0.971;true
Chaetura_brachyura_2;1788;1737;51;51;1.0;0.971;true
Charadrius_hiaticula_1;1695;1695;0;0;1.0;1.0;true
Charadrius_hiaticula_2;1695;1695;0;0;1.0;1.0;true
Chauna_torquata_1;2040;1737;303;303;1.0;0.851;true
Chauna_torquata_2;2040;1737;303;303;1.0;0.851;true
Chelidoptera_tenebrosa_1;1587;1587;0;0;1.0;1.0;true
Chelidoptera_tenebrosa_2;1587;1587;0;0;1.0;1.0;true
Chloroceryle_inda_1;1794;1737;57;57;1.0;0.968;true
Chloroceryle_inda_2;1794;1737;57;57;1.0;0.968;true
Chordeiles_pusillus_1;2004;1737;267;267;1.0;0.866;true
Chordeiles_pusillus_2;2004;1737;267;267;1.0;0.866;true
Chroicocephalus_cirrocephalus_1;1638;1638;0;0;1.0;1.0;true
Chroicocephalus_cirrocephalus_2;1638;1638;0;0;1.0;1.0;true
Chunga_burmeisteri_1;1911;1737;174;174;1.0;0.908;true
Chunga_burmeisteri_2;1911;1737;174;174;1.0;0.908;true
Ciconia_nigra_1;1719;1698;21;21;1.0;0.987;true
Ciconia_nigra_2;1719;1698;21;21;1.0;0.987;true
Climacteris_melanura_1;1842;1737;105;105;1.0;0.942;true
Climacteris_melanura_2;1842;1737;105;105;1.0;0.942;true
Coccyzus_melacoryphus_1;1884;1737;147;147;1.0;0.921;true
Coccyzus_melacoryphus_2;1884;1737;147;147;1.0;0.921;true
Colinus_cristatus_1;1641;1557;84;84;1.0;0.948;true
Colinus_cristatus_2;1641;1557;84;84;1.0;0.948;true
Colius_colius_1;2025;1737;288;288;1.0;0.857;true
Colius_colius_2;2025;1737;288;288;1.0;0.857;true
Columba_livia_1;1917;1737;180;180;1.0;0.906;true
Columba_livia_2;1917;1737;180;180;1.0;0.906;true
Columbina_minuta_1;1887;1737;150;150;1.0;0.92;true
Columbina_minuta_2;1887;1737;150;150;1.0;0.92;true
Coracias_cyanogaster_1;1881;1737;144;144;1.0;0.923;true
Coracias_cyanogaster_2;1881;1737;144;144;1.0;0.923;true
Corvus_albus_1;1824;1737;87;87;1.0;0.952;true
Corvus_albus_2;1824;1737;87;87;1.0;0.952;true
Corythaeola_cristata_1;1626;1626;0;0;1.0;1.0;true
Corythaeola_cristata_2;1626;1626;0;0;1.0;1.0;true
Cotinga_cayana_1;1833;1737;96;96;1.0;0.947;true
Cotinga_cayana_2;1833;1737;96;96;1.0;0.947;true
Crax_alector_1;1821;1737;84;84;1.0;0.953;true
Crax_alector_2;1821;1737;84;84;1.0;0.953;true
Crocodylus_porosus_1;1071;1071;0;0;1.0;1.0;true
Crocodylus_porosus_2;1071;1071;0;0;1.0;1.0;true
Cryptopipo_aenigma_1;1755;1716;39;39;1.0;0.977;true
Cryptopipo_aenigma_2;1755;1716;39;39;1.0;0.977;true
Crypturellus_tataupa_1;1707;1626;81;81;1.0;0.952;true
Crypturellus_tataupa_2;1707;1626;81;81;1.0;0.952;true
Cuculus_optatus_1;1914;1737;177;177;1.0;0.907;true
Cuculus_optatus_2;1914;1737;177;177;1.0;0.907;true
Dendrocygna_viduata_1;1704;1704;0;0;1.0;1.0;true
Dendrocygna_viduata_2;1704;1704;0;0;1.0;1.0;true
Deroptyus_accipitrinus_1;1761;1713;48;48;1.0;0.972;true
Deroptyus_accipitrinus_2;1761;1713;48;48;1.0;0.972;true
Dromaius_novaehollandiae_1;1779;1695;84;84;1.0;0.952;true
Dromaius_novaehollandiae_2;1779;1695;84;84;1.0;0.952;true
Elaenia_flavogaster_1;1944;1737;207;207;1.0;0.893;true
Elaenia_flavogaster_2;1944;1737;207;207;1.0;0.893;true
Elanus_leucurus_1;1869;1737;132;132;1.0;0.929;true
Elanus_leucurus_2;1869;1737;132;132;1.0;0.929;true
Eudromia_elegans_1;1971;1737;234;234;1.0;0.881;true
Eudromia_elegans_2;1971;1737;234;234;1.0;0.881;true
Eurostopodus_macrotis_1;1743;1725;18;18;1.0;0.989;true
Eurostopodus_macrotis_2;1743;1725;18;18;1.0;0.989;true
Eurylaimus_ochromalus_1;747;747;0;0;1.0;1.0;true
Eurylaimus_ochromalus_2;747;747;0;0;1.0;1.0;true
Eurypyga_helias_1;1743;1683;60;60;1.0;0.965;true
Eurypyga_helias_2;1743;1683;60;60;1.0;0.965;true
Falco_sparverius_1;1890;1737;153;153;1.0;0.919;true
Falco_sparverius_2;1890;1737;153;153;1.0;0.919;true
Fregata_magnificens_1;1785;1734;51;51;1.0;0.971;true
Fregata_magnificens_2;1785;1734;51;51;1.0;0.971;true
Fringilla_coelebs_1;1998;1737;261;261;1.0;0.869;true
Fringilla_coelebs_2;1998;1737;261;261;1.0;0.869;true
Fulmarus_glacialoides_1;2049;1737;312;312;1.0;0.847;true
Fulmarus_glacialoides_2;2049;1737;312;312;1.0;0.847;true
Furnarius_rufus_1;1707;1662;45;45;1.0;0.973;true
Furnarius_rufus_2;1707;1662;45;45;1.0;0.973;true
Galbula_dea_1;2025;1737;288;288;1.0;0.857;true
Galbula_dea_2;2025;1737;288;288;1.0;0.857;true
Gallus_gallus_1;1905;1737;168;168;1.0;0.911;true
Gallus_gallus_2;1905;1737;168;168;1.0;0.911;true
Gavia_immer_1;1869;1737;132;132;1.0;0.929;true
Gavia_immer_2;1869;1737;132;132;1.0;0.929;true
Glareola_nuchalis_1;1812;1737;75;75;1.0;0.958;true
Glareola_nuchalis_2;1812;1737;75;75;1.0;0.958;true
Grus_canadensis_1;1695;1680;15;15;1.0;0.991;true
Grus_canadensis_2;1695;1680;15;15;1.0;0.991;true
Haematopus_palliatus_1;2274;1737;537;537;1.0;0.763;true
Haematopus_palliatus_2;2274;1737;537;537;1.0;0.763;true
Heliornis_fulica_1;1905;1737;168;168;1.0;0.911;true
Heliornis_fulica_2;1905;1737;168;168;1.0;0.911;true
Hemiprocne_comata_1;1068;927;141;141;1.0;0.867;true
Hemiprocne_comata_2;1068;927;141;141;1.0;0.867;true
Hirundinea_ferruginea_1;1893;1725;168;168;1.0;0.911;true
Hirundinea_ferruginea_2;1893;1725;168;168;1.0;0.911;true
Hymenops_perspicillatus_1;1716;1629;87;87;1.0;0.949;true
Hymenops_perspicillatus_2;1716;1629;87;87;1.0;0.949;true
Ibycter_americanus_1;1824;1737;87;87;1.0;0.952;true
Ibycter_americanus_2;1824;1737;87;87;1.0;0.952;true
Indicator_exilis_1;2124;1737;387;387;1.0;0.817;true
Indicator_exilis_2;2124;1737;387;387;1.0;0.817;true
Ixobrychus_minutus_1;1773;1722;51;51;1.0;0.971;true
Ixobrychus_minutus_2;1773;1722;51;51;1.0;0.971;true
Jacana_jacana_1;2157;1737;420;420;1.0;0.805;true
Jacana_jacana_2;2157;1737;420;420;1.0;0.805;true
Jynx_torquilla_1;1791;1737;54;54;1.0;0.969;true
Jynx_torquilla_2;1791;1737;54;54;1.0;0.969;true
Leipoa_ocellata_1;1815;1734;81;81;1.0;0.955;true
Leipoa_ocellata_2;1815;1734;81;81;1.0;0.955;true
Lepidocolaptes_angustirostr_1;1902;1737;165;165;1.0;0.913;true
Lepidocolaptes_angustirostr_2;1902;1737;165;165;1.0;0.913;true
Leptoptilos_crumeniferus_1;1809;1737;72;72;1.0;0.96;true
Leptoptilos_crumeniferus_2;1809;1737;72;72;1.0;0.96;true
Leptosomus_discolor_1;1752;1692;60;60;1.0;0.965;true
Leptosomus_discolor_2;1752;1692;60;60;1.0;0.965;true
Leptotila_rufaxilla_1;1941;1716;225;225;1.0;0.884;true
Leptotila_rufaxilla_2;1941;1716;225;225;1.0;0.884;true
Limosa_lapponica_1;1776;1728;48;48;1.0;0.972;true
Limosa_lapponica_2;1776;1728;48;48;1.0;0.972;true
Lophorina_superba_1;1836;1737;99;99;1.0;0.946;true
Lophorina_superba_2;1836;1737;99;99;1.0;0.946;true
Malurus_splendens_1;1263;1203;60;60;1.0;0.952;true
Malurus_splendens_2;1263;1203;60;60;1.0;0.952;true
Megalaima_chrysopogon_1;1908;1737;171;171;1.0;0.91;true
Megalaima_chrysopogon_2;1908;1737;171;171;1.0;0.91;true
Melanopareia_maximilian_1;2007;1737;270;270;1.0;0.865;true
Melanopareia_maximilian_2;2007;1737;270;270;1.0;0.865;true
Menura_novaehollandiae_1;1824;1737;87;87;1.0;0.952;true
Menura_novaehollandiae_2;1824;1737;87;87;1.0;0.952;true
Merops_muelleri_1;1848;1737;111;111;1.0;0.939;true
Merops_muelleri_2;1848;1737;111;111;1.0;0.939;true
Mesitornis_unicolor_1;1827;1737;90;90;1.0;0.95;true
Mesitornis_unicolor_2;1827;1737;90;90;1.0;0.95;true
Micrastur_gilvicollis_1;1929;1737;192;192;1.0;0.9;true
Micrastur_gilvicollis_2;1929;1737;192;192;1.0;0.9;true
Micropygia_schomburgkii_1;1803;1698;105;105;1.0;0.941;true
Micropygia_schomburgkii_2;1803;1698;105;105;1.0;0.941;true
Momotus_lessonii_1;1797;1695;102;102;1.0;0.943;true
Momotus_lessonii_2;1797;1695;102;102;1.0;0.943;true
Monias_benschi_1;1926;1737;189;189;1.0;0.901;true
Monias_benschi_2;1926;1737;189;189;1.0;0.901;true
Morus_serrator_1;1668;1668;0;0;1.0;1.0;true
Morus_serrator_2;1668;1668;0;0;1.0;1.0;true
Myiobius_barbatus_1;1836;1731;105;105;1.0;0.942;true
Myiobius_barbatus_2;1836;1731;105;105;1.0;0.942;true
Myrmornis_torquata_1;1737;1725;12;12;1.0;0.993;true
Myrmornis_torquata_2;1737;1725;12;12;1.0;0.993;true
Myrmothera_campanisona_1;798;759;39;39;1.0;0.951;true
Myrmothera_campanisona_2;798;759;39;39;1.0;0.951;true
Neodrepanis_coruscans_1;1953;1737;216;216;1.0;0.889;true
Neodrepanis_coruscans_2;1953;1737;216;216;1.0;0.889;true
Neopelma_chrysocephalum_1;1851;1737;114;114;1.0;0.938;true
Neopelma_chrysocephalum_2;1851;1737;114;114;1.0;0.938;true
Nestor_meridionalis_1;1830;1689;141;141;1.0;0.922;true
Nestor_meridionalis_2;1830;1689;141;141;1.0;0.922;true
Nothoprocta_ornata_1;2103;1737;366;366;1.0;0.825;true
Nothoprocta_ornata_2;2103;1737;366;366;1.0;0.825;true
Numida_malagris_1;1746;1737;9;9;1.0;0.994;true
Numida_malagris_2;1746;1737;9;9;1.0;0.994;true
Nyctibius_griseus_1;2046;1737;309;309;1.0;0.848;true
Nyctibius_griseus_2;2046;1737;309;309;1.0;0.848;true
Oceanites_oceanicus_1;1953;1737;216;216;1.0;0.889;true
Oceanites_oceanicus_2;1953;1737;216;216;1.0;0.889;true
Oceanodroma_leucorhoa_1;1773;1635;138;138;1.0;0.922;true
Oceanodroma_leucorhoa_2;1773;1635;138;138;1.0;0.922;true
Odontophorus_gujanensis_1;1851;1737;114;114;1.0;0.938;true
Odontophorus_gujanensis_2;1851;1737;114;114;1.0;0.938;true
Opisthocomus_hoazin_1;1902;1737;165;165;1.0;0.913;true
Opisthocomus_hoazin_2;1902;1737;165;165;1.0;0.913;true
Ortalis_motmot_1;1719;1719;0;0;1.0;1.0;true
Ortalis_motmot_2;1719;1719;0;0;1.0;1.0;true
Oxyruncus_cristatus_1;1923;1737;186;186;1.0;0.903;true
Oxyruncus_cristatus_2;1923;1737;186;186;1.0;0.903;true
Oxyura_jamaicensis_1;1926;1737;189;189;1.0;0.901;true
Oxyura_jamaicensis_2;1926;1737;189;189;1.0;0.901;true
Pandion_haliaetus_1;1917;1737;180;180;1.0;0.906;true
Pandion_haliaetus_2;1917;1737;180;180;1.0;0.906;true
Pedionomus_torquatus_1;2059;1737;322;322;1.0;0.843;true
Pedionomus_torquatus_2;2059;1737;322;322;1.0;0.843;true
Pelagodroma_marina_1;1857;1614;243;243;1.0;0.869;true
Pelagodroma_marina_2;1857;1614;243;243;1.0;0.869;true
Pelecanoides_urinatrix_1;1650;1578;72;72;1.0;0.956;true
Pelecanoides_urinatrix_2;1650;1578;72;72;1.0;0.956;true
Pelecanus_occidentalis_1;1854;1695;159;159;1.0;0.914;true
Pelecanus_occidentalis_2;1854;1695;159;159;1.0;0.914;true
Phaethon_rubricauda_1;1977;1737;240;240;1.0;0.878;true
Phaethon_rubricauda_2;1977;1737;240;240;1.0;0.878;true
Phaethornis_superciliosus_1;1872;1737;135;135;1.0;0.927;true
Phaethornis_superciliosus_2;1872;1737;135;135;1.0;0.927;true
Phalacrocorax_brasili_1;1785;1737;48;48;1.0;0.973;true
Phalacrocorax_brasili_2;1785;1737;48;48;1.0;0.973;true
Phoebastria_nigripes_1;1737;1737;0;0;1.0;1.0;true
Phoebastria_nigripes_2;1737;1737;0;0;1.0;1.0;true
Phoenicopterus_ruber_1;1818;1719;99;99;1.0;0.945;true
Phoenicopterus_ruber_2;1818;1719;99;99;1.0;0.945;true
Phoeniculus_purpureus_1;1683;1683;0;0;1.0;1.0;true
Phoeniculus_purpureus_2;1683;1683;0;0;1.0;1.0;true
Picus_canus_1;1848;1737;111;111;1.0;0.939;true
Picus_canus_2;1848;1737;111;111;1.0;0.939;true
Pipra_erythrocephala_1;2085;1737;348;348;1.0;0.833;true
Pipra_erythrocephala_2;2085;1737;348;348;1.0;0.833;true
Piprites_chloris_1;1770;1737;33;33;1.0;0.981;true
Piprites_chloris_2;1770;1737;33;33;1.0;0.981;true
Pitta_angolensis_1;1803;1692;111;111;1.0;0.938;true
Pitta_angolensis_2;1803;1692;111;111;1.0;0.938;true
Podargus_strigoides_1;2028;1737;291;291;1.0;0.856;true
Podargus_strigoides_2;2028;1737;291;291;1.0;0.856;true
Poecile_lugubris_1;831;831;0;0;1.0;1.0;true
Poecile_lugubris_2;831;831;0;0;1.0;1.0;true
Porphyrio_porphyrio_1;2274;1737;537;537;1.0;0.763;true
Porphyrio_porphyrio_2;2274;1737;537;537;1.0;0.763;true
Probosciger_aterrimus_1;1680;1680;0;0;1.0;1.0;true
Probosciger_aterrimus_2;1680;1680;0;0;1.0;1.0;true
Psittacus_erithacus_1;1815;1719;96;96;1.0;0.947;true
Psittacus_erithacus_2;1815;1719;96;96;1.0;0.947;true
Psittrichas_fulgidus_1;1866;1692;174;174;1.0;0.906;true
Psittrichas_fulgidus_2;1866;1692;174;174;1.0;0.906;true
Psophia_crepitans_1;1860;1737;123;123;1.0;0.933;true
Psophia_crepitans_2;1860;1737;123;123;1.0;0.933;true
Pterocles_bicinctus_1;1851;1737;114;114;1.0;0.938;true
Pterocles_bicinctus_2;1851;1737;114;114;1.0;0.938;true
Pterodroma_externa_1;1917;1737;180;180;1.0;0.906;true
Pterodroma_externa_2;1917;1737;180;180;1.0;0.906;true
Ptilinopus_magnificus_1;2115;1737;378;378;1.0;0.821;true
Ptilinopus_magnificus_2;2115;1737;378;378;1.0;0.821;true
Ptilonorhynchus_violaceus_1;1992;1737;255;255;1.0;0.871;true
Ptilonorhynchus_violaceus_2;1992;1737;255;255;1.0;0.871;true
Puffinus_griseus_1;1098;1074;24;24;1.0;0.978;true
Puffinus_griseus_2;1098;1074;24;24;1.0;0.978;true
Pycnonotus_macrotis_1;1908;1737;171;171;1.0;0.91;true
Pycnonotus_macrotis_2;1908;1737;171;171;1.0;0.91;true
Rallus_longirostris_1;936;933;3;3;1.0;0.996;true
Rallus_longirostris_2;936;933;3;3;1.0;0.996;true
Ramphastos_ambiguus_1;2064;1737;327;327;1.0;0.841;true
Ramphastos_ambiguus_2;2064;1737;327;327;1.0;0.841;true
Recurvirostra_americana_1;1821;1704;117;117;1.0;0.935;true
Recurvirostra_americana_2;1821;1704;117;117;1.0;0.935;true
Regulus_ignicapilla_1;2073;1737;336;336;1.0;0.837;true
Regulus_ignicapilla_2;2073;1737;336;336;1.0;0.837;true
Rhea_americana_1;1668;1668;0;0;1.0;1.0;true
Rhea_americana_2;1668;1668;0;0;1.0;1.0;true
Rhynchocyclus_olivaceus_1;1845;1737;108;108;1.0;0.941;true
Rhynchocyclus_olivaceus_2;1845;1737;108;108;1.0;0.941;true
Rollandia_rolland_1;1881;1737;144;144;1.0;0.923;true
Rollandia_rolland_2;1881;1737;144;144;1.0;0.923;true
Rollulus_rouloul_1;1947;1737;210;210;1.0;0.892;true
Rollulus_rouloul_2;1947;1737;210;210;1.0;0.892;true
Rostratula_benghalensis_1;1851;1716;135;135;1.0;0.927;true
Rostratula_benghalensis_2;1851;1716;135;135;1.0;0.927;true
Rupicola_rupicola_1;1041;1011;30;30;1.0;0.971;true
Rupicola_rupicola_2;1041;1011;30;30;1.0;0.971;true
Rynchops_niger_1;1797;1737;60;60;1.0;0.966;true
Rynchops_niger_2;1797;1737;60;60;1.0;0.966;true
Sagittarius_serpentarius_1;1911;1737;174;174;1.0;0.908;true
Sagittarius_serpentarius_2;1911;1737;174;174;1.0;0.908;true
Sarothrura_rufa_1;1233;1233;0;0;1.0;1.0;true
Sarothrura_rufa_2;1233;1233;0;0;1.0;1.0;true
Schiffornis_turdina_1;1386;1344;42;42;1.0;0.969;true
Schiffornis_turdina_2;1386;1344;42;42;1.0;0.969;true
Sclerurus_mexicanus_1;1875;1737;138;138;1.0;0.926;true
Sclerurus_mexicanus_2;1875;1737;138;138;1.0;0.926;true
Scopus_umbretta_1;1767;1722;45;45;1.0;0.974;true
Scopus_umbretta_2;1767;1722;45;45;1.0;0.974;true
Sericulus_bakeri_1;2121;1737;384;384;1.0;0.818;true
Sericulus_bakeri_2;2121;1737;384;384;1.0;0.818;true
Smithornis_rufolateralis_1;1965;1737;228;228;1.0;0.883;true
Smithornis_rufolateralis_2;1965;1737;228;228;1.0;0.883;true
Spheniscus_humboldti_1;1647;1647;0;0;1.0;1.0;true
Spheniscus_humboldti_2;1647;1647;0;0;1.0;1.0;true
Spizella_arborea_1;1671;1641;30;30;1.0;0.982;true
Spizella_arborea_2;1671;1641;30;30;1.0;0.982;true
Steatornis_caripensi_1;426;426;0;0;1.0;1.0;true
Steatornis_caripensi_2;426;426;0;0;1.0;1.0;true
Sterna_hirundo_1;1899;1737;162;162;1.0;0.914;true
Sterna_hirundo_2;1899;1737;162;162;1.0;0.914;true
Streptoprocne_zonaris_1;1575;1575;0;0;1.0;1.0;true
Streptoprocne_zonaris_2;1575;1575;0;0;1.0;1.0;true
Strix_varia_1;1704;1701;3;3;1.0;0.998;true
Strix_varia_2;1704;1701;3;3;1.0;0.998;true
Struthio_camelus_1;1764;1737;27;27;1.0;0.984;true
Struthio_camelus_2;1764;1737;27;27;1.0;0.984;true
Sylvia_melanocephala_1;1656;1566;90;90;1.0;0.945;true
Sylvia_melanocephala_2;1656;1566;90;90;1.0;0.945;true
Syrrhaptes_paradoxus_1;1872;1737;135;135;1.0;0.927;true
Syrrhaptes_paradoxus_2;1872;1737;135;135;1.0;0.927;true
Tapera_naevia_1;1875;1704;171;171;1.0;0.908;true
Tapera_naevia_2;1875;1704;171;171;1.0;0.908;true
Tauraco_macrorhynchus_1;1566;1566;0;0;1.0;1.0;true
Tauraco_macrorhynchus_2;1566;1566;0;0;1.0;1.0;true
Terenura_callinota_1;1872;1737;135;135;1.0;0.927;true
Terenura_callinota_2;1872;1737;135;135;1.0;0.927;true
Thamnophilus_ruficapillu_1;1539;1539;0;0;1.0;1.0;true
Thamnophilus_ruficapillu_2;1539;1539;0;0;1.0;1.0;true
Theristicus_caerulescens_1;1344;1242;102;102;1.0;0.924;true
Theristicus_caerulescens_2;1344;1242;102;102;1.0;0.924;true
Tigrisoma_lineatum_1;1701;1671;30;30;1.0;0.982;true
Tigrisoma_lineatum_2;1701;1671;30;30;1.0;0.982;true
Tinamus_major_1;1227;1227;0;0;1.0;1.0;true
Tinamus_major_2;1227;1227;0;0;1.0;1.0;true
Tityra_cayana_1;1572;1572;0;0;1.0;1.0;true
Tityra_cayana_2;1572;1572;0;0;1.0;1.0;true
Tockus_camurus_1;1671;1671;0;0;1.0;1.0;true
Tockus_camurus_2;1671;1671;0;0;1.0;1.0;true
Todus_mexicanus_1;1965;1737;228;228;1.0;0.883;true
Todus_mexicanus_2;1965;1737;228;228;1.0;0.883;true
Topaza_pella_1;870;771;99;99;1.0;0.886;true
Topaza_pella_2;870;771;99;99;1.0;0.886;true
Treron_calvus_1;1794;1719;75;75;1.0;0.958;true
Treron_calvus_2;1794;1719;75;75;1.0;0.958;true
Tringa_solitaria_1;1797;1737;60;60;1.0;0.966;true
Tringa_solitaria_2;1797;1737;60;60;1.0;0.966;true
Trogon_elegans_1;1887;1737;150;150;1.0;0.92;true
Trogon_elegans_2;1887;1737;150;150;1.0;0.92;true
Turdus_olivater_1;1857;1686;171;171;1.0;0.907;true
Turdus_olivater_2;1857;1686;171;171;1.0;0.907;true
Turnix_ocellata_1;1749;1596;153;153;1.0;0.912;true
Turnix_ocellata_2;1749;1596;153;153;1.0;0.912;true
Tyrannus_albogularis_1;2028;1737;291;291;1.0;0.856;true
Tyrannus_albogularis_2;2028;1737;291;291;1.0;0.856;true
Tyto_alba_1;693;693;0;0;1.0;1.0;true
Tyto_alba_2;693;693;0;0;1.0;1.0;true
Upupa_epops_1;1560;1560;0;0;1.0;1.0;true
Upupa_epops_2;1560;1560;0;0;1.0;1.0;true
Uria_aalge_1;1593;1593;0;0;1.0;1.0;true
Uria_aalge_2;1593;1593;0;0;1.0;1.0;true
Urocolius_indicus_1;1665;1623;42;42;1.0;0.974;true
Urocolius_indicus_2;1665;1623;42;42;1.0;0.974;true
Vultur_gryphus_1;1227;1227;0;0;1.0;1.0;true
Vultur_gryphus_2;1227;1227;0;0;1.0;1.0;true
