seqName;initialSeqLength;nbKeep;nbTrim;nbInformativeTrim;percentKeepExcludingExtremities;percentKeepIncludingExtremities;keptSequences
Acanthisitta_chloris_1;1629;1479;150;150;1.0;0.907;true
Acanthisitta_chloris_2;1629;1479;150;150;1.0;0.907;true
Accipiter_superciliosus_1;1554;1479;75;75;1.0;0.951;true
Accipiter_superciliosus_2;1554;1479;75;75;1.0;0.951;true
Aegotheles_insignis_1;1728;1479;249;249;1.0;0.855;true
Aegotheles_insignis_2;1728;1479;249;249;1.0;0.855;true
Alcedo_quadribrachys_1;1728;1479;249;249;1.0;0.855;true
Alcedo_quadribrachys_2;1728;1479;249;249;1.0;0.855;true
Anas_superciliosa_1;1197;1197;0;0;1.0;1.0;true
Anas_superciliosa_2;1197;1197;0;0;1.0;1.0;true
Anhinga_anhinga_1;1854;1479;375;375;1.0;0.797;true
Anhinga_anhinga_2;1854;1479;375;375;1.0;0.797;true
Anser_canagicus_1;1743;1479;264;264;1.0;0.848;true
Anser_canagicus_2;1743;1479;264;264;1.0;0.848;true
Anseranas_semipalmata_1;1713;1479;234;234;1.0;0.863;true
Anseranas_semipalmata_2;1713;1479;234;234;1.0;0.863;true
Apaloderma_aequatoriale_1;1500;1479;21;21;1.0;0.986;true
Apaloderma_aequatoriale_2;1500;1479;21;21;1.0;0.986;true
Apteryx_sp._1;1623;1434;189;189;1.0;0.883;true
Apteryx_sp._2;1623;1434;189;189;1.0;0.883;true
Aramus_guarauna_1;1785;1479;306;306;1.0;0.828;true
Aramus_guarauna_2;1785;1479;306;306;1.0;0.828;true
Archilochus_colubris_1;1563;1461;102;102;1.0;0.934;true
Archilochus_colubris_2;1563;1461;102;102;1.0;0.934;true
Ardea_herodias_1;1746;1479;267;267;1.0;0.847;true
Ardea_herodias_2;1746;1479;267;267;1.0;0.847;true
Ardeotis_kori_1;1917;1479;438;438;1.0;0.771;true
Ardeotis_kori_2;1917;1479;438;438;1.0;0.771;true
Arenaria_interpres_1;1512;1479;33;33;1.0;0.978;true
Arenaria_interpres_2;1512;1479;33;33;1.0;0.978;true
Atelornis_pittoides_1;1755;1479;276;276;1.0;0.842;true
Atelornis_pittoides_2;1755;1479;276;276;1.0;0.842;true
Aythya_valisineria_1;1524;1476;48;48;1.0;0.968;true
Aythya_valisineria_2;1524;1476;48;48;1.0;0.968;true
Balaeniceps_rex_1;1815;1479;336;336;1.0;0.814;true
Balaeniceps_rex_2;1815;1479;336;336;1.0;0.814;true
Balearica_regulorum_1;915;879;36;36;1.0;0.96;true
Balearica_regulorum_2;915;879;36;36;1.0;0.96;true
Barnardius_zonarius_1;1353;1326;27;27;1.0;0.98;true
Barnardius_zonarius_2;1353;1326;27;27;1.0;0.98;true
Bonasa_umbellus_1;1533;1455;78;78;1.0;0.949;true
Bonasa_umbellus_2;1533;1455;78;78;1.0;0.949;true
Buccanodon_duchaillui_1;1803;1479;324;324;1.0;0.82;true
Buccanodon_duchaillui_2;1803;1479;324;324;1.0;0.82;true
Bucco_capensis_1;1992;1479;513;513;1.0;0.742;true
Bucco_capensis_2;1992;1479;513;513;1.0;0.742;true
Bucorvus_leadbeateri_1;1602;1449;153;153;1.0;0.904;true
Bucorvus_leadbeateri_2;1602;1449;153;153;1.0;0.904;true
Burhinus_oedicnemus_1;1617;1479;138;138;1.0;0.914;true
Burhinus_oedicnemus_2;1617;1479;138;138;1.0;0.914;true
Buteo_jamaicensis_1;1644;1479;165;165;1.0;0.899;true
Buteo_jamaicensis_2;1644;1479;165;165;1.0;0.899;true
Caiman_croccodilus_1;1589;1481;108;108;1.0;0.932;true
Caiman_croccodilus_2;1589;1481;108;108;1.0;0.932;true
Calandrella_brachydactyla_1;1563;1473;90;90;1.0;0.942;true
Calandrella_brachydactyla_2;1563;1473;90;90;1.0;0.942;true
Calyptomena_viridis_1;1554;1437;117;117;1.0;0.924;true
Calyptomena_viridis_2;1554;1437;117;117;1.0;0.924;true
Capito_niger_1;1569;1440;129;129;1.0;0.917;true
Capito_niger_2;1569;1440;129;129;1.0;0.917;true
Caprimulgus_europaeus_1;1695;1479;216;216;1.0;0.872;true
Caprimulgus_europaeus_2;1695;1479;216;216;1.0;0.872;true
Caracara_cheriway_1;1668;1479;189;189;1.0;0.886;true
Caracara_cheriway_2;1668;1479;189;189;1.0;0.886;true
Cariama_cristata_1;1794;1479;315;315;1.0;0.824;true
Cariama_cristata_2;1794;1479;315;315;1.0;0.824;true
Casuarius_bennetti_1;1554;1479;75;75;1.0;0.951;true
Casuarius_bennetti_2;1554;1479;75;75;1.0;0.951;true
Cathartes_burrovianus_1;1599;1479;120;120;1.0;0.924;true
Cathartes_burrovianus_2;1599;1479;120;120;1.0;0.924;true
Centropus_bengalensis_1;1695;1479;216;216;1.0;0.872;true
Centropus_bengalensis_2;1695;1479;216;216;1.0;0.872;true
Chaetura_brachyura_1;1563;1479;84;84;1.0;0.946;true
Chaetura_brachyura_2;1563;1479;84;84;1.0;0.946;true
Charadrius_hiaticula_1;1641;1470;171;171;1.0;0.895;true
Charadrius_hiaticula_2;1641;1470;171;171;1.0;0.895;true
Chauna_torquata_1;1809;1479;330;330;1.0;0.817;true
Chauna_torquata_2;1809;1479;330;330;1.0;0.817;true
Chelidoptera_tenebrosa_1;1593;1476;117;117;1.0;0.926;true
Chelidoptera_tenebrosa_2;1593;1476;117;117;1.0;0.926;true
Chloroceryle_inda_1;1623;1479;144;144;1.0;0.911;true
Chloroceryle_inda_2;1623;1479;144;144;1.0;0.911;true
Chordeiles_pusillus_1;1659;1479;180;180;1.0;0.891;true
Chordeiles_pusillus_2;1659;1479;180;180;1.0;0.891;true
Chroicocephalus_cirrocephalus_1;1296;1287;9;9;1.0;0.993;true
Chroicocephalus_cirrocephalus_2;1296;1287;9;9;1.0;0.993;true
Chunga_burmeisteri_1;1947;1479;468;468;1.0;0.759;true
Chunga_burmeisteri_2;1947;1479;468;468;1.0;0.759;true
Ciconia_nigra_1;1458;1338;120;120;1.0;0.917;true
Ciconia_nigra_2;1458;1338;120;120;1.0;0.917;true
Climacteris_melanura_1;1440;1440;0;0;1.0;1.0;true
Climacteris_melanura_2;1440;1440;0;0;1.0;1.0;true
Coccyzus_melacoryphus_1;852;825;27;27;1.0;0.968;true
Coccyzus_melacoryphus_2;852;825;27;27;1.0;0.968;true
Colinus_cristatus_1;1563;1464;99;99;1.0;0.936;true
Colinus_cristatus_2;1563;1464;99;99;1.0;0.936;true
Colius_colius_1;1527;1452;75;75;0.997;0.95;true
Colius_colius_2;1527;1452;75;75;0.997;0.95;true
Columba_livia_1;1569;1479;90;90;1.0;0.942;true
Columba_livia_2;1569;1479;90;90;1.0;0.942;true
Columbina_minuta_1;1728;1479;249;249;1.0;0.855;true
Columbina_minuta_2;1728;1479;249;249;1.0;0.855;true
Coracias_cyanogaster_1;1635;1479;156;156;1.0;0.904;true
Coracias_cyanogaster_2;1635;1479;156;156;1.0;0.904;true
Corvus_albus_1;1479;1437;42;42;1.0;0.971;true
Corvus_albus_2;1479;1437;42;42;1.0;0.971;true
Corythaeola_cristata_1;1368;1368;0;0;1.0;1.0;true
Corythaeola_cristata_2;1368;1368;0;0;1.0;1.0;true
Cotinga_cayana_1;1437;1422;15;15;1.0;0.989;true
Cotinga_cayana_2;1437;1422;15;15;1.0;0.989;true
Crax_alector_1;1410;1404;6;6;1.0;0.995;true
Crax_alector_2;1410;1404;6;6;1.0;0.995;true
Crocodylus_porosus_1;1647;1452;195;195;1.0;0.881;true
Crocodylus_porosus_2;1647;1452;195;195;1.0;0.881;true
Cryptopipo_aenigma_1;879;777;102;102;1.0;0.883;true
Cryptopipo_aenigma_2;879;777;102;102;1.0;0.883;true
Crypturellus_tataupa_1;840;840;0;0;1.0;1.0;true
Crypturellus_tataupa_2;840;840;0;0;1.0;1.0;true
Cuculus_optatus_1;1698;1479;219;219;1.0;0.871;true
Cuculus_optatus_2;1698;1479;219;219;1.0;0.871;true
Dendrocygna_viduata_1;1602;1479;123;123;1.0;0.923;true
Dendrocygna_viduata_2;1602;1479;123;123;1.0;0.923;true
Deroptyus_accipitrinus_1;1629;1479;150;150;1.0;0.907;true
Deroptyus_accipitrinus_2;1629;1479;150;150;1.0;0.907;true
Dromaius_novaehollandiae_1;1581;1479;102;102;1.0;0.935;true
Dromaius_novaehollandiae_2;1581;1479;102;102;1.0;0.935;true
Elaenia_flavogaster_1;1476;1458;18;18;1.0;0.987;true
Elaenia_flavogaster_2;1476;1458;18;18;1.0;0.987;true
Elanus_leucurus_1;1671;1479;192;192;1.0;0.885;true
Elanus_leucurus_2;1671;1479;192;192;1.0;0.885;true
Eudromia_elegans_1;690;690;0;0;1.0;1.0;true
Eudromia_elegans_2;690;690;0;0;1.0;1.0;true
Eurostopodus_macrotis_1;1728;1479;249;249;1.0;0.855;true
Eurostopodus_macrotis_2;1728;1479;249;249;1.0;0.855;true
Eurylaimus_ochromalus_1;570;570;0;0;1.0;1.0;true
Eurylaimus_ochromalus_2;570;570;0;0;1.0;1.0;true
Eurypyga_helias_1;1638;1479;159;159;1.0;0.902;true
Eurypyga_helias_2;1638;1479;159;159;1.0;0.902;true
Falco_sparverius_1;1851;1479;372;372;1.0;0.799;true
Falco_sparverius_2;1851;1479;372;372;1.0;0.799;true
Fregata_magnificens_1;1689;1479;210;210;1.0;0.875;true
Fregata_magnificens_2;1689;1479;210;210;1.0;0.875;true
Fringilla_coelebs_1;1479;1455;24;24;1.0;0.983;true
Fringilla_coelebs_2;1479;1455;24;24;1.0;0.983;true
Fulmarus_glacialoides_1;1767;1479;288;288;1.0;0.837;true
Fulmarus_glacialoides_2;1767;1479;288;288;1.0;0.837;true
Furnarius_rufus_1;906;906;0;0;1.0;1.0;true
Furnarius_rufus_2;906;906;0;0;1.0;1.0;true
Galbula_dea_1;1908;1479;429;429;1.0;0.775;true
Galbula_dea_2;1908;1479;429;429;1.0;0.775;true
Gallus_gallus_1;1713;1479;234;234;1.0;0.863;true
Gallus_gallus_2;1713;1479;234;234;1.0;0.863;true
Gavia_immer_1;1446;1410;36;36;1.0;0.975;true
Gavia_immer_2;1446;1410;36;36;1.0;0.975;true
Glareola_nuchalis_1;1782;1479;303;303;1.0;0.829;true
Glareola_nuchalis_2;1782;1479;303;303;1.0;0.829;true
Grus_canadensis_1;1755;1479;276;276;1.0;0.842;true
Grus_canadensis_2;1755;1479;276;276;1.0;0.842;true
Haematopus_palliatus_1;1878;1479;399;399;1.0;0.787;true
Haematopus_palliatus_2;1878;1479;399;399;1.0;0.787;true
Heliornis_fulica_1;1968;1479;489;489;1.0;0.751;true
Heliornis_fulica_2;1968;1479;489;489;1.0;0.751;true
Hemiprocne_comata_1;1728;1479;249;249;0.997;0.855;true
Hemiprocne_comata_2;1728;1479;249;249;0.997;0.855;true
Hirundinea_ferruginea_1;1533;1467;66;66;1.0;0.956;true
Hirundinea_ferruginea_2;1533;1467;66;66;1.0;0.956;true
Hymenops_perspicillatus_1;1470;1455;15;15;1.0;0.989;true
Hymenops_perspicillatus_2;1470;1455;15;15;1.0;0.989;true
Ibycter_americanus_1;1644;1479;165;165;1.0;0.899;true
Ibycter_americanus_2;1644;1479;165;165;1.0;0.899;true
Indicator_exilis_1;1917;1479;438;438;1.0;0.771;true
Indicator_exilis_2;1917;1479;438;438;1.0;0.771;true
Ixobrychus_minutus_1;1650;1479;171;171;1.0;0.896;true
Ixobrychus_minutus_2;1650;1479;171;171;1.0;0.896;true
Jacana_jacana_1;1746;1479;267;267;1.0;0.847;true
Jacana_jacana_2;1746;1479;267;267;1.0;0.847;true
Jynx_torquilla_1;1704;1479;225;225;1.0;0.867;true
Jynx_torquilla_2;1704;1479;225;225;1.0;0.867;true
Leipoa_ocellata_1;1407;1377;30;30;1.0;0.978;true
Leipoa_ocellata_2;1407;1377;30;30;1.0;0.978;true
Lepidocolaptes_angustirostr_1;1347;1347;0;0;1.0;1.0;true
Lepidocolaptes_angustirostr_2;1347;1347;0;0;1.0;1.0;true
Leptoptilos_crumeniferus_1;1596;1479;117;117;1.0;0.926;true
Leptoptilos_crumeniferus_2;1596;1479;117;117;1.0;0.926;true
Leptosomus_discolor_1;1479;1437;42;42;1.0;0.971;true
Leptosomus_discolor_2;1479;1437;42;42;1.0;0.971;true
Leptotila_rufaxilla_1;1719;1479;240;240;1.0;0.86;true
Leptotila_rufaxilla_2;1719;1479;240;240;1.0;0.86;true
Limosa_lapponica_1;1632;1479;153;153;1.0;0.906;true
Limosa_lapponica_2;1632;1479;153;153;1.0;0.906;true
Lophorina_superba_1;1416;1401;15;15;1.0;0.989;true
Lophorina_superba_2;1416;1401;15;15;1.0;0.989;true
Malurus_splendens_1;801;801;0;0;1.0;1.0;true
Malurus_splendens_2;801;801;0;0;1.0;1.0;true
Megalaima_chrysopogon_1;1671;1479;192;192;1.0;0.885;true
Megalaima_chrysopogon_2;1671;1479;192;192;1.0;0.885;true
Melanopareia_maximilian_1;1455;1341;114;114;1.0;0.921;true
Melanopareia_maximilian_2;1455;1341;114;114;1.0;0.921;true
Menura_novaehollandiae_1;1467;1464;3;3;1.0;0.997;true
Menura_novaehollandiae_2;1467;1464;3;3;1.0;0.997;true
Merops_muelleri_1;1494;1479;15;15;1.0;0.989;true
Merops_muelleri_2;1494;1479;15;15;1.0;0.989;true
Mesitornis_unicolor_1;1659;1395;264;264;1.0;0.84;true
Mesitornis_unicolor_2;1659;1395;264;264;1.0;0.84;true
Micrastur_gilvicollis_1;1665;1479;186;186;1.0;0.888;true
Micrastur_gilvicollis_2;1665;1479;186;186;1.0;0.888;true
Micropygia_schomburgkii_1;1701;1479;222;222;1.0;0.869;true
Micropygia_schomburgkii_2;1701;1479;222;222;1.0;0.869;true
Momotus_lessonii_1;1698;1479;219;219;1.0;0.871;true
Momotus_lessonii_2;1698;1479;219;219;1.0;0.871;true
Monias_benschi_1;1779;1479;300;300;1.0;0.831;true
Monias_benschi_2;1779;1479;300;300;1.0;0.831;true
Morus_serrator_1;1689;1479;210;210;1.0;0.875;true
Morus_serrator_2;1689;1479;210;210;1.0;0.875;true
Myiobius_barbatus_1;759;759;0;0;1.0;1.0;true
Myiobius_barbatus_2;759;759;0;0;1.0;1.0;true
Myrmornis_torquata_1;1446;1341;105;105;1.0;0.927;true
Myrmornis_torquata_2;1446;1341;105;105;1.0;0.927;true
Myrmothera_campanisona_1;1338;1338;0;0;1.0;1.0;true
Myrmothera_campanisona_2;1338;1338;0;0;1.0;1.0;true
Neodrepanis_coruscans_1;1521;1479;42;42;1.0;0.972;true
Neodrepanis_coruscans_2;1521;1479;42;42;1.0;0.972;true
Neopelma_chrysocephalum_1;1587;1479;108;108;1.0;0.931;true
Neopelma_chrysocephalum_2;1587;1479;108;108;1.0;0.931;true
Nestor_meridionalis_1;1701;1479;222;222;1.0;0.869;true
Nestor_meridionalis_2;1701;1479;222;222;1.0;0.869;true
Nothoprocta_ornata_1;510;510;0;0;1.0;1.0;true
Nothoprocta_ornata_2;510;510;0;0;1.0;1.0;true
Numida_malagris_1;1452;1425;27;27;1.0;0.981;true
Numida_malagris_2;1452;1425;27;27;1.0;0.981;true
Nyctibius_griseus_1;1893;1479;414;414;1.0;0.781;true
Nyctibius_griseus_2;1893;1479;414;414;1.0;0.781;true
Oceanites_oceanicus_1;1818;1479;339;339;1.0;0.813;true
Oceanites_oceanicus_2;1818;1479;339;339;1.0;0.813;true
Oceanodroma_leucorhoa_1;1635;1434;201;201;1.0;0.877;true
Oceanodroma_leucorhoa_2;1635;1434;201;201;1.0;0.877;true
Odontophorus_gujanensis_1;1524;1428;96;96;1.0;0.937;true
Odontophorus_gujanensis_2;1524;1428;96;96;1.0;0.937;true
Opisthocomus_hoazin_1;1638;1479;159;159;1.0;0.902;true
Opisthocomus_hoazin_2;1638;1479;159;159;1.0;0.902;true
Ortalis_motmot_1;1374;1329;45;45;1.0;0.967;true
Ortalis_motmot_2;1374;1329;45;45;1.0;0.967;true
Oxyruncus_cristatus_1;1026;1008;18;18;1.0;0.982;true
Oxyruncus_cristatus_2;1026;1008;18;18;1.0;0.982;true
Oxyura_jamaicensis_1;1575;1479;96;96;1.0;0.939;true
Oxyura_jamaicensis_2;1575;1479;96;96;1.0;0.939;true
Pandion_haliaetus_1;1104;1104;0;0;1.0;1.0;true
Pandion_haliaetus_2;1104;1104;0;0;1.0;1.0;true
Pedionomus_torquatus_1;2118;1479;639;639;1.0;0.698;true
Pedionomus_torquatus_2;2118;1479;639;639;1.0;0.698;true
Pelagodroma_marina_1;1203;1032;171;171;1.0;0.857;true
Pelagodroma_marina_2;1203;1032;171;171;1.0;0.857;true
Pelecanoides_urinatrix_1;1494;1413;81;81;1.0;0.945;true
Pelecanoides_urinatrix_2;1494;1413;81;81;1.0;0.945;true
Pelecanus_occidentalis_1;1743;1479;264;264;1.0;0.848;true
Pelecanus_occidentalis_2;1743;1479;264;264;1.0;0.848;true
Phaethon_rubricauda_1;1776;1479;297;297;1.0;0.832;true
Phaethon_rubricauda_2;1776;1479;297;297;1.0;0.832;true
Phaethornis_superciliosus_1;837;690;147;147;1.0;0.824;true
Phaethornis_superciliosus_2;837;690;147;147;1.0;0.824;true
Phalacrocorax_brasili_1;1764;1479;285;285;1.0;0.838;true
Phalacrocorax_brasili_2;1764;1479;285;285;1.0;0.838;true
Phoebastria_nigripes_1;1674;1479;195;195;1.0;0.883;true
Phoebastria_nigripes_2;1674;1479;195;195;1.0;0.883;true
Phoenicopterus_ruber_1;1434;1374;60;60;1.0;0.958;true
Phoenicopterus_ruber_2;1434;1374;60;60;1.0;0.958;true
Phoeniculus_purpureus_1;1359;1323;36;36;1.0;0.973;true
Phoeniculus_purpureus_2;1359;1323;36;36;1.0;0.973;true
Picus_canus_1;1869;1479;390;390;1.0;0.791;true
Picus_canus_2;1869;1479;390;390;1.0;0.791;true
Pipra_erythrocephala_1;1416;1416;0;0;1.0;1.0;true
Pipra_erythrocephala_2;1416;1416;0;0;1.0;1.0;true
Piprites_chloris_1;1470;1455;15;15;1.0;0.989;true
Piprites_chloris_2;1470;1455;15;15;1.0;0.989;true
Pitta_angolensis_1;921;921;0;0;1.0;1.0;true
Pitta_angolensis_2;921;921;0;0;1.0;1.0;true
Podargus_strigoides_1;1899;1479;420;420;1.0;0.778;true
Podargus_strigoides_2;1899;1479;420;420;1.0;0.778;true
Poecile_lugubris_1;1593;1473;120;120;1.0;0.924;true
Poecile_lugubris_2;1593;1473;120;120;1.0;0.924;true
Porphyrio_porphyrio_1;1848;1479;369;369;1.0;0.8;true
Porphyrio_porphyrio_2;1848;1479;369;369;1.0;0.8;true
Probosciger_aterrimus_1;1779;1479;300;300;1.0;0.831;true
Probosciger_aterrimus_2;1779;1479;300;300;1.0;0.831;true
Psittacus_erithacus_1;1740;1479;261;261;1.0;0.85;true
Psittacus_erithacus_2;1740;1479;261;261;1.0;0.85;true
Psittrichas_fulgidus_1;1395;1380;15;15;1.0;0.989;true
Psittrichas_fulgidus_2;1395;1380;15;15;1.0;0.989;true
Psophia_crepitans_1;1545;1479;66;66;1.0;0.957;true
Psophia_crepitans_2;1545;1479;66;66;1.0;0.957;true
Pterocles_bicinctus_1;1593;1479;114;114;1.0;0.928;true
Pterocles_bicinctus_2;1593;1479;114;114;1.0;0.928;true
Pterodroma_externa_1;993;993;0;0;1.0;1.0;true
Pterodroma_externa_2;993;993;0;0;1.0;1.0;true
Ptilinopus_magnificus_1;1719;1479;240;240;1.0;0.86;true
Ptilinopus_magnificus_2;1719;1479;240;240;1.0;0.86;true
Ptilonorhynchus_violaceus_1;1875;1479;396;396;1.0;0.788;true
Ptilonorhynchus_violaceus_2;1875;1479;396;396;1.0;0.788;true
Puffinus_griseus_1;1617;1479;138;138;1.0;0.914;true
Puffinus_griseus_2;1617;1479;138;138;1.0;0.914;true
Pycnonotus_macrotis_1;1500;1458;42;42;1.0;0.972;true
Pycnonotus_macrotis_2;1500;1458;42;42;1.0;0.972;true
Rallus_longirostris_1;1440;1416;24;24;1.0;0.983;true
Rallus_longirostris_2;1440;1416;24;24;1.0;0.983;true
Ramphastos_ambiguus_1;1917;1479;438;438;1.0;0.771;true
Ramphastos_ambiguus_2;1917;1479;438;438;1.0;0.771;true
Recurvirostra_americana_1;1530;1425;105;105;1.0;0.931;true
Recurvirostra_americana_2;1530;1425;105;105;1.0;0.931;true
Regulus_ignicapilla_1;1476;1449;27;27;1.0;0.981;true
Regulus_ignicapilla_2;1476;1449;27;27;1.0;0.981;true
Rhea_americana_1;1731;1479;252;252;1.0;0.854;true
Rhea_americana_2;1731;1479;252;252;1.0;0.854;true
Rhynchocyclus_olivaceus_1;1473;1473;0;0;1.0;1.0;true
Rhynchocyclus_olivaceus_2;1473;1473;0;0;1.0;1.0;true
Rollandia_rolland_1;1587;1479;108;108;1.0;0.931;true
Rollandia_rolland_2;1587;1479;108;108;1.0;0.931;true
Rollulus_rouloul_1;1452;1452;0;0;1.0;1.0;true
Rollulus_rouloul_2;1452;1452;0;0;1.0;1.0;true
Rostratula_benghalensis_1;1614;1479;135;135;1.0;0.916;true
Rostratula_benghalensis_2;1614;1479;135;135;1.0;0.916;true
Rupicola_rupicola_1;561;561;0;0;1.0;1.0;true
Rupicola_rupicola_2;561;561;0;0;1.0;1.0;true
Rynchops_niger_1;1824;1479;345;345;1.0;0.81;true
Rynchops_niger_2;1824;1479;345;345;1.0;0.81;true
Sagittarius_serpentarius_1;1680;1476;204;204;1.0;0.878;true
Sagittarius_serpentarius_2;1680;1476;204;204;1.0;0.878;true
Sarothrura_rufa_1;1617;1479;138;138;1.0;0.914;true
Sarothrura_rufa_2;1617;1479;138;138;1.0;0.914;true
Schiffornis_turdina_1;1143;1095;48;48;1.0;0.958;true
Schiffornis_turdina_2;1143;1095;48;48;1.0;0.958;true
Sclerurus_mexicanus_1;1452;1443;9;9;1.0;0.993;true
Sclerurus_mexicanus_2;1452;1443;9;9;1.0;0.993;true
Scopus_umbretta_1;1119;1032;87;87;1.0;0.922;true
Scopus_umbretta_2;1119;1032;87;87;1.0;0.922;true
Sericulus_bakeri_1;1806;1479;327;327;1.0;0.818;true
Sericulus_bakeri_2;1806;1479;327;327;1.0;0.818;true
Smithornis_rufolateralis_1;1491;1479;12;12;1.0;0.991;true
Smithornis_rufolateralis_2;1491;1479;12;12;1.0;0.991;true
Spheniscus_humboldti_1;1635;1479;156;156;1.0;0.904;true
Spheniscus_humboldti_2;1635;1479;156;156;1.0;0.904;true
Spizella_arborea_1;1569;1473;96;96;1.0;0.938;true
Spizella_arborea_2;1569;1473;96;96;1.0;0.938;true
Steatornis_caripensi_1;309;309;0;0;1.0;1.0;true
Steatornis_caripensi_2;309;309;0;0;1.0;1.0;true
Sterna_hirundo_1;1599;1479;120;120;1.0;0.924;true
Sterna_hirundo_2;1599;1479;120;120;1.0;0.924;true
Streptoprocne_zonaris_1;1440;1380;60;60;1.0;0.958;true
Streptoprocne_zonaris_2;1440;1380;60;60;1.0;0.958;true
Strix_varia_1;1623;1479;144;144;1.0;0.911;true
Strix_varia_2;1623;1479;144;144;1.0;0.911;true
Struthio_camelus_1;1458;1437;21;21;1.0;0.985;true
Struthio_camelus_2;1458;1437;21;21;1.0;0.985;true
Sylvia_melanocephala_1;1434;1434;0;0;1.0;1.0;true
Sylvia_melanocephala_2;1434;1434;0;0;1.0;1.0;true
Syrrhaptes_paradoxus_1;1629;1479;150;150;1.0;0.907;true
Syrrhaptes_paradoxus_2;1629;1479;150;150;1.0;0.907;true
Tapera_naevia_1;1713;1479;234;234;1.0;0.863;true
Tapera_naevia_2;1713;1479;234;234;1.0;0.863;true
Tauraco_macrorhynchus_1;678;678;0;0;1.0;1.0;true
Tauraco_macrorhynchus_2;678;678;0;0;1.0;1.0;true
Terenura_callinota_1;1581;1476;105;105;1.0;0.933;true
Terenura_callinota_2;1581;1476;105;105;1.0;0.933;true
Thamnophilus_ruficapillu_1;1326;1326;0;0;1.0;1.0;true
Thamnophilus_ruficapillu_2;1326;1326;0;0;1.0;1.0;true
Theristicus_caerulescens_1;1623;1479;144;144;1.0;0.911;true
Theristicus_caerulescens_2;1623;1479;144;144;1.0;0.911;true
Tigrisoma_lineatum_1;1482;1389;93;93;1.0;0.937;true
Tigrisoma_lineatum_2;1482;1389;93;93;1.0;0.937;true
Tinamus_major_1;621;621;0;0;1.0;1.0;true
Tinamus_major_2;621;621;0;0;1.0;1.0;true
Tityra_cayana_1;780;780;0;0;1.0;1.0;true
Tityra_cayana_2;780;780;0;0;1.0;1.0;true
Tockus_camurus_1;1710;1479;231;231;1.0;0.864;true
Tockus_camurus_2;1710;1479;231;231;1.0;0.864;true
Todus_mexicanus_1;1569;1467;102;102;1.0;0.934;true
Todus_mexicanus_2;1569;1467;102;102;1.0;0.934;true
Topaza_pella_1;1056;1041;15;15;1.0;0.985;true
Topaza_pella_2;1056;1041;15;15;1.0;0.985;true
Treron_calvus_1;1644;1479;165;165;1.0;0.899;true
Treron_calvus_2;1644;1479;165;165;1.0;0.899;true
Tringa_solitaria_1;1746;1479;267;267;1.0;0.847;true
Tringa_solitaria_2;1746;1479;267;267;1.0;0.847;true
Trogon_elegans_1;1665;1479;186;186;1.0;0.888;true
Trogon_elegans_2;1665;1479;186;186;1.0;0.888;true
Turdus_olivater_1;1554;1449;105;105;1.0;0.932;true
Turdus_olivater_2;1554;1449;105;105;1.0;0.932;true
Turnix_ocellata_1;1773;1479;294;294;1.0;0.834;true
Turnix_ocellata_2;1773;1479;294;294;1.0;0.834;true
Tyrannus_albogularis_1;1470;1458;12;12;1.0;0.991;true
Tyrannus_albogularis_2;1470;1458;12;12;1.0;0.991;true
Tyto_alba_1;1659;1449;210;210;1.0;0.873;true
Tyto_alba_2;1659;1449;210;210;1.0;0.873;true
Upupa_epops_1;1626;1479;147;147;1.0;0.909;true
Upupa_epops_2;1626;1479;147;147;1.0;0.909;true
Uria_aalge_1;1257;1257;0;0;1.0;1.0;true
Uria_aalge_2;1257;1257;0;0;1.0;1.0;true
Urocolius_indicus_1;876;876;0;0;1.0;1.0;true
Urocolius_indicus_2;876;876;0;0;1.0;1.0;true
Vultur_gryphus_1;1335;1335;0;0;1.0;1.0;true
Vultur_gryphus_2;1335;1335;0;0;1.0;1.0;true
