seqName;initialSeqLength;nbKeep;nbTrim;nbInformativeTrim;percentKeepExcludingExtremities;percentKeepIncludingExtremities;keptSequences
Acanthisitta_chloris_1;1536;1536;0;0;1.0;1.0;true
Acanthisitta_chloris_2;1536;1536;0;0;1.0;1.0;true
Accipiter_superciliosus_1;1569;1545;24;24;1.0;0.984;true
Accipiter_superciliosus_2;1569;1545;24;24;1.0;0.984;true
Aegotheles_insignis_1;1566;1545;21;21;1.0;0.986;true
Aegotheles_insignis_2;1566;1545;21;21;1.0;0.986;true
Alcedo_quadribrachys_1;1671;1545;126;126;1.0;0.924;true
Alcedo_quadribrachys_2;1671;1545;126;126;1.0;0.924;true
Anas_superciliosa_1;1521;1521;0;0;1.0;1.0;true
Anas_superciliosa_2;1521;1521;0;0;1.0;1.0;true
Anhinga_anhinga_1;1581;1545;36;36;1.0;0.977;true
Anhinga_anhinga_2;1581;1545;36;36;1.0;0.977;true
Anser_canagicus_1;1602;1545;57;57;1.0;0.964;true
Anser_canagicus_2;1602;1545;57;57;1.0;0.964;true
Anseranas_semipalmata_1;1632;1545;87;87;1.0;0.946;true
Anseranas_semipalmata_2;1632;1545;87;87;1.0;0.946;true
Apaloderma_aequatoriale_1;1527;1527;0;0;1.0;1.0;true
Apaloderma_aequatoriale_2;1527;1527;0;0;1.0;1.0;true
Apteryx_sp._1;1713;1545;168;168;1.0;0.901;true
Apteryx_sp._2;1713;1545;168;168;1.0;0.901;true
Aramus_guarauna_1;1554;1545;9;9;1.0;0.994;true
Aramus_guarauna_2;1554;1545;9;9;1.0;0.994;true
Archilochus_colubris_1;1521;1521;0;0;1.0;1.0;true
Archilochus_colubris_2;1521;1521;0;0;1.0;1.0;true
Ardea_herodias_1;1653;1545;108;108;1.0;0.934;true
Ardea_herodias_2;1653;1545;108;108;1.0;0.934;true
Ardeotis_kori_1;1581;1545;36;36;1.0;0.977;true
Ardeotis_kori_2;1581;1545;36;36;1.0;0.977;true
Arenaria_interpres_1;1581;1545;36;36;1.0;0.977;true
Arenaria_interpres_2;1581;1545;36;36;1.0;0.977;true
Atelornis_pittoides_1;1599;1545;54;54;1.0;0.966;true
Atelornis_pittoides_2;1599;1545;54;54;1.0;0.966;true
Aythya_valisineria_1;1659;1548;111;111;1.0;0.933;true
Aythya_valisineria_2;1659;1548;111;111;1.0;0.933;true
Balaeniceps_rex_1;1584;1545;39;39;1.0;0.975;true
Balaeniceps_rex_2;1584;1545;39;39;1.0;0.975;true
Balearica_regulorum_1;1506;1506;0;0;1.0;1.0;true
Balearica_regulorum_2;1506;1506;0;0;1.0;1.0;true
Barnardius_zonarius_1;1485;1485;0;0;1.0;1.0;true
Barnardius_zonarius_2;1485;1485;0;0;1.0;1.0;true
Bonasa_umbellus_1;1653;1545;108;108;1.0;0.934;true
Bonasa_umbellus_2;1653;1545;108;108;1.0;0.934;true
Buccanodon_duchaillui_1;1611;1545;66;66;1.0;0.959;true
Buccanodon_duchaillui_2;1611;1545;66;66;1.0;0.959;true
Bucco_capensis_1;1626;1533;93;93;1.0;0.942;true
Bucco_capensis_2;1626;1533;93;93;1.0;0.942;true
Bucorvus_leadbeateri_1;1554;1545;9;9;1.0;0.994;true
Bucorvus_leadbeateri_2;1554;1545;9;9;1.0;0.994;true
Burhinus_oedicnemus_1;1674;1545;129;129;1.0;0.922;true
Burhinus_oedicnemus_2;1674;1545;129;129;1.0;0.922;true
Buteo_jamaicensis_1;1647;1545;102;102;1.0;0.938;true
Buteo_jamaicensis_2;1647;1545;102;102;1.0;0.938;true
Caiman_croccodilus_1;1470;1470;0;0;1.0;1.0;true
Caiman_croccodilus_2;1470;1470;0;0;1.0;1.0;true
Calandrella_brachydactyla_1;1614;1545;69;69;1.0;0.957;true
Calandrella_brachydactyla_2;1614;1545;69;69;1.0;0.957;true
Calyptomena_viridis_1;1584;1545;39;39;1.0;0.975;true
Calyptomena_viridis_2;1584;1545;39;39;1.0;0.975;true
Capito_niger_1;1503;1503;0;0;1.0;1.0;true
Capito_niger_2;1503;1503;0;0;1.0;1.0;true
Caprimulgus_europaeus_1;1638;1545;93;93;1.0;0.943;true
Caprimulgus_europaeus_2;1638;1545;93;93;1.0;0.943;true
Caracara_cheriway_1;1584;1545;39;39;1.0;0.975;true
Caracara_cheriway_2;1584;1545;39;39;1.0;0.975;true
Cariama_cristata_1;1605;1545;60;60;1.0;0.962;true
Cariama_cristata_2;1605;1545;60;60;1.0;0.962;true
Casuarius_bennetti_1;1692;1545;147;147;1.0;0.913;true
Casuarius_bennetti_2;1692;1545;147;147;1.0;0.913;true
Cathartes_burrovianus_1;1653;1545;108;108;1.0;0.934;true
Cathartes_burrovianus_2;1653;1545;108;108;1.0;0.934;true
Centropus_bengalensis_1;1791;1545;246;246;1.0;0.862;true
Centropus_bengalensis_2;1791;1545;246;246;1.0;0.862;true
Chaetura_brachyura_1;1671;1542;129;129;1.0;0.922;true
Chaetura_brachyura_2;1671;1542;129;129;1.0;0.922;true
Charadrius_hiaticula_1;1548;1545;3;3;1.0;0.998;true
Charadrius_hiaticula_2;1548;1545;3;3;1.0;0.998;true
Chauna_torquata_1;1704;1545;159;159;1.0;0.906;true
Chauna_torquata_2;1704;1545;159;159;1.0;0.906;true
Chelidoptera_tenebrosa_1;1425;1425;0;0;1.0;1.0;true
Chelidoptera_tenebrosa_2;1425;1425;0;0;1.0;1.0;true
Chloroceryle_inda_1;1524;1524;0;0;1.0;1.0;true
Chloroceryle_inda_2;1524;1524;0;0;1.0;1.0;true
Chordeiles_pusillus_1;1599;1545;54;54;1.0;0.966;true
Chordeiles_pusillus_2;1599;1545;54;54;1.0;0.966;true
Chroicocephalus_cirrocephalus_1;558;558;0;0;1.0;1.0;true
Chroicocephalus_cirrocephalus_2;558;558;0;0;1.0;1.0;true
Chunga_burmeisteri_1;1299;1299;0;0;1.0;1.0;true
Chunga_burmeisteri_2;1299;1299;0;0;1.0;1.0;true
Ciconia_nigra_1;1545;1545;0;0;1.0;1.0;true
Ciconia_nigra_2;1545;1545;0;0;1.0;1.0;true
Climacteris_melanura_1;1581;1545;36;36;1.0;0.977;true
Climacteris_melanura_2;1581;1545;36;36;1.0;0.977;true
Coccyzus_melacoryphus_1;1710;1545;165;165;1.0;0.903;true
Coccyzus_melacoryphus_2;1710;1545;165;165;1.0;0.903;true
Colinus_cristatus_1;1485;1485;0;0;1.0;1.0;true
Colinus_cristatus_2;1485;1485;0;0;1.0;1.0;true
Colius_colius_1;1608;1545;63;63;1.0;0.96;true
Colius_colius_2;1608;1545;63;63;1.0;0.96;true
Columba_livia_1;1677;1545;132;132;1.0;0.921;true
Columba_livia_2;1677;1545;132;132;1.0;0.921;true
Columbina_minuta_1;1572;1545;27;27;1.0;0.982;true
Columbina_minuta_2;1572;1545;27;27;1.0;0.982;true
Coracias_cyanogaster_1;1887;1545;342;342;1.0;0.818;true
Coracias_cyanogaster_2;1887;1545;342;342;1.0;0.818;true
Corvus_albus_1;1623;1545;78;78;1.0;0.951;true
Corvus_albus_2;1623;1545;78;78;1.0;0.951;true
Corythaeola_cristata_1;1518;1518;0;0;1.0;1.0;true
Corythaeola_cristata_2;1518;1518;0;0;1.0;1.0;true
Cotinga_cayana_1;1587;1545;42;42;1.0;0.973;true
Cotinga_cayana_2;1587;1545;42;42;1.0;0.973;true
Crax_alector_1;1581;1545;36;36;1.0;0.977;true
Crax_alector_2;1581;1545;36;36;1.0;0.977;true
Crocodylus_porosus_1;1530;1530;0;0;1.0;1.0;true
Crocodylus_porosus_2;1530;1530;0;0;1.0;1.0;true
Cryptopipo_aenigma_1;1572;1545;27;27;1.0;0.982;true
Cryptopipo_aenigma_2;1572;1545;27;27;1.0;0.982;true
Crypturellus_tataupa_1;1584;1545;39;39;1.0;0.975;true
Crypturellus_tataupa_2;1584;1545;39;39;1.0;0.975;true
Cuculus_optatus_1;1581;1545;36;36;1.0;0.977;true
Cuculus_optatus_2;1581;1545;36;36;1.0;0.977;true
Dendrocygna_viduata_1;1545;1545;0;0;1.0;1.0;true
Dendrocygna_viduata_2;1545;1545;0;0;1.0;1.0;true
Deroptyus_accipitrinus_1;1536;1536;0;0;1.0;1.0;true
Deroptyus_accipitrinus_2;1536;1536;0;0;1.0;1.0;true
Dromaius_novaehollandiae_1;1554;1545;9;9;1.0;0.994;true
Dromaius_novaehollandiae_2;1554;1545;9;9;1.0;0.994;true
Elaenia_flavogaster_1;1689;1545;144;144;1.0;0.914;true
Elaenia_flavogaster_2;1689;1545;144;144;1.0;0.914;true
Elanus_leucurus_1;1536;1536;0;0;1.0;1.0;true
Elanus_leucurus_2;1536;1536;0;0;1.0;1.0;true
Eudromia_elegans_1;1707;1545;162;162;1.0;0.905;true
Eudromia_elegans_2;1707;1545;162;162;1.0;0.905;true
Eurostopodus_macrotis_1;1743;1545;198;198;0.992;0.886;true
Eurostopodus_macrotis_2;1743;1545;198;198;0.992;0.886;true
Eurylaimus_ochromalus_1;1323;1323;0;0;1.0;1.0;true
Eurylaimus_ochromalus_2;1323;1323;0;0;1.0;1.0;true
Eurypyga_helias_1;1572;1545;27;27;1.0;0.982;true
Eurypyga_helias_2;1572;1545;27;27;1.0;0.982;true
Falco_sparverius_1;1626;1545;81;81;1.0;0.95;true
Falco_sparverius_2;1626;1545;81;81;1.0;0.95;true
Fregata_magnificens_1;1641;1545;96;96;1.0;0.941;true
Fregata_magnificens_2;1641;1545;96;96;1.0;0.941;true
Fringilla_coelebs_1;1683;1545;138;138;1.0;0.918;true
Fringilla_coelebs_2;1683;1545;138;138;1.0;0.918;true
Fulmarus_glacialoides_1;1662;1545;117;117;1.0;0.929;true
Fulmarus_glacialoides_2;1662;1545;117;117;1.0;0.929;true
Furnarius_rufus_1;1608;1545;63;63;1.0;0.96;true
Furnarius_rufus_2;1608;1545;63;63;1.0;0.96;true
Galbula_dea_1;1689;1545;144;144;1.0;0.914;true
Galbula_dea_2;1689;1545;144;144;1.0;0.914;true
Gallus_gallus_1;1779;1545;234;234;1.0;0.868;true
Gallus_gallus_2;1779;1545;234;234;1.0;0.868;true
Gavia_immer_1;1563;1545;18;18;1.0;0.988;true
Gavia_immer_2;1563;1545;18;18;1.0;0.988;true
Glareola_nuchalis_1;1623;1545;78;78;1.0;0.951;true
Glareola_nuchalis_2;1623;1545;78;78;1.0;0.951;true
Grus_canadensis_1;1707;1545;162;162;1.0;0.905;true
Grus_canadensis_2;1707;1545;162;162;1.0;0.905;true
Haematopus_palliatus_1;1626;1545;81;81;1.0;0.95;true
Haematopus_palliatus_2;1626;1545;81;81;1.0;0.95;true
Heliornis_fulica_1;1647;1545;102;102;1.0;0.938;true
Heliornis_fulica_2;1647;1545;102;102;1.0;0.938;true
Hemiprocne_comata_1;1608;1545;63;63;1.0;0.96;true
Hemiprocne_comata_2;1608;1545;63;63;1.0;0.96;true
Hirundinea_ferruginea_1;1647;1545;102;102;1.0;0.938;true
Hirundinea_ferruginea_2;1647;1545;102;102;1.0;0.938;true
Hymenops_perspicillatus_1;1635;1545;90;90;1.0;0.944;true
Hymenops_perspicillatus_2;1635;1545;90;90;1.0;0.944;true
Ibycter_americanus_1;1584;1545;39;39;1.0;0.975;true
Ibycter_americanus_2;1584;1545;39;39;1.0;0.975;true
Indicator_exilis_1;1722;1545;177;177;1.0;0.897;true
Indicator_exilis_2;1722;1545;177;177;1.0;0.897;true
Ixobrychus_minutus_1;1632;1545;87;87;1.0;0.946;true
Ixobrychus_minutus_2;1632;1545;87;87;1.0;0.946;true
Jacana_jacana_1;1662;1545;117;117;1.0;0.929;true
Jacana_jacana_2;1662;1545;117;117;1.0;0.929;true
Jynx_torquilla_1;1725;1545;180;180;1.0;0.895;true
Jynx_torquilla_2;1725;1545;180;180;1.0;0.895;true
Leipoa_ocellata_1;1617;1545;72;72;1.0;0.955;true
Leipoa_ocellata_2;1617;1545;72;72;1.0;0.955;true
Lepidocolaptes_angustirostr_1;1464;1464;0;0;1.0;1.0;true
Lepidocolaptes_angustirostr_2;1464;1464;0;0;1.0;1.0;true
Leptoptilos_crumeniferus_1;1536;1536;0;0;1.0;1.0;true
Leptoptilos_crumeniferus_2;1536;1536;0;0;1.0;1.0;true
Leptosomus_discolor_1;1074;1074;0;0;1.0;1.0;true
Leptosomus_discolor_2;1074;1074;0;0;1.0;1.0;true
Leptotila_rufaxilla_1;1635;1545;90;90;1.0;0.944;true
Leptotila_rufaxilla_2;1635;1545;90;90;1.0;0.944;true
Limosa_lapponica_1;1512;1512;0;0;1.0;1.0;true
Limosa_lapponica_2;1512;1512;0;0;1.0;1.0;true
Lophorina_superba_1;1545;1545;0;0;1.0;1.0;true
Lophorina_superba_2;1545;1545;0;0;1.0;1.0;true
Malurus_splendens_1;1362;1362;0;0;1.0;1.0;true
Malurus_splendens_2;1362;1362;0;0;1.0;1.0;true
Megalaima_chrysopogon_1;1518;1518;0;0;1.0;1.0;true
Megalaima_chrysopogon_2;1518;1518;0;0;1.0;1.0;true
Melanopareia_maximilian_1;1575;1545;30;30;1.0;0.98;true
Melanopareia_maximilian_2;1575;1545;30;30;1.0;0.98;true
Menura_novaehollandiae_1;1677;1545;132;132;1.0;0.921;true
Menura_novaehollandiae_2;1677;1545;132;132;1.0;0.921;true
Merops_muelleri_1;1686;1545;141;141;1.0;0.916;true
Merops_muelleri_2;1686;1545;141;141;1.0;0.916;true
Mesitornis_unicolor_1;1527;1527;0;0;1.0;1.0;true
Mesitornis_unicolor_2;1527;1527;0;0;1.0;1.0;true
Micrastur_gilvicollis_1;1575;1545;30;30;1.0;0.98;true
Micrastur_gilvicollis_2;1575;1545;30;30;1.0;0.98;true
Micropygia_schomburgkii_1;1578;1545;33;33;1.0;0.979;true
Micropygia_schomburgkii_2;1578;1545;33;33;1.0;0.979;true
Momotus_lessonii_1;1536;1536;0;0;1.0;1.0;true
Momotus_lessonii_2;1536;1536;0;0;1.0;1.0;true
Monias_benschi_1;1647;1545;102;102;1.0;0.938;true
Monias_benschi_2;1647;1545;102;102;1.0;0.938;true
Morus_serrator_1;1590;1545;45;45;1.0;0.971;true
Morus_serrator_2;1590;1545;45;45;1.0;0.971;true
Myiobius_barbatus_1;1554;1545;9;9;1.0;0.994;true
Myiobius_barbatus_2;1554;1545;9;9;1.0;0.994;true
Myrmornis_torquata_1;1605;1545;60;60;1.0;0.962;true
Myrmornis_torquata_2;1605;1545;60;60;1.0;0.962;true
Myrmothera_campanisona_1;723;723;0;0;1.0;1.0;true
Myrmothera_campanisona_2;723;723;0;0;1.0;1.0;true
Neodrepanis_coruscans_1;1572;1545;27;27;1.0;0.982;true
Neodrepanis_coruscans_2;1572;1545;27;27;1.0;0.982;true
Neopelma_chrysocephalum_1;1626;1545;81;81;1.0;0.95;true
Neopelma_chrysocephalum_2;1626;1545;81;81;1.0;0.95;true
Nestor_meridionalis_1;1695;1545;150;150;1.0;0.911;true
Nestor_meridionalis_2;1695;1545;150;150;1.0;0.911;true
Nothoprocta_ornata_1;1482;1482;0;0;1.0;1.0;true
Nothoprocta_ornata_2;1482;1482;0;0;1.0;1.0;true
Numida_malagris_1;1701;1545;156;156;1.0;0.908;true
Numida_malagris_2;1701;1545;156;156;1.0;0.908;true
Nyctibius_griseus_1;1743;1545;198;198;1.0;0.886;true
Nyctibius_griseus_2;1743;1545;198;198;1.0;0.886;true
Oceanites_oceanicus_1;1635;1545;90;90;1.0;0.944;true
Oceanites_oceanicus_2;1635;1545;90;90;1.0;0.944;true
Oceanodroma_leucorhoa_1;1503;1503;0;0;1.0;1.0;true
Oceanodroma_leucorhoa_2;1503;1503;0;0;1.0;1.0;true
Odontophorus_gujanensis_1;1515;1515;0;0;1.0;1.0;true
Odontophorus_gujanensis_2;1515;1515;0;0;1.0;1.0;true
Opisthocomus_hoazin_1;1536;1536;0;0;1.0;1.0;true
Opisthocomus_hoazin_2;1536;1536;0;0;1.0;1.0;true
Ortalis_motmot_1;1635;1545;90;90;1.0;0.944;true
Ortalis_motmot_2;1635;1545;90;90;1.0;0.944;true
Oxyruncus_cristatus_1;1548;1545;3;3;1.0;0.998;true
Oxyruncus_cristatus_2;1548;1545;3;3;1.0;0.998;true
Oxyura_jamaicensis_1;1581;1545;36;36;1.0;0.977;true
Oxyura_jamaicensis_2;1581;1545;36;36;1.0;0.977;true
Pandion_haliaetus_1;1515;1515;0;0;1.0;1.0;true
Pandion_haliaetus_2;1515;1515;0;0;1.0;1.0;true
Pedionomus_torquatus_1;1683;1545;138;138;1.0;0.918;true
Pedionomus_torquatus_2;1683;1545;138;138;1.0;0.918;true
Pelagodroma_marina_1;1080;1080;0;0;1.0;1.0;true
Pelagodroma_marina_2;1080;1080;0;0;1.0;1.0;true
Pelecanoides_urinatrix_1;1680;1545;135;135;1.0;0.919;true
Pelecanoides_urinatrix_2;1680;1545;135;135;1.0;0.919;true
Pelecanus_occidentalis_1;1494;1494;0;0;1.0;1.0;true
Pelecanus_occidentalis_2;1494;1494;0;0;1.0;1.0;true
Phaethon_rubricauda_1;1740;1545;195;195;1.0;0.887;true
Phaethon_rubricauda_2;1740;1545;195;195;1.0;0.887;true
Phaethornis_superciliosus_1;1587;1545;42;42;1.0;0.973;true
Phaethornis_superciliosus_2;1587;1545;42;42;1.0;0.973;true
Phalacrocorax_brasili_1;1590;1545;45;45;1.0;0.971;true
Phalacrocorax_brasili_2;1590;1545;45;45;1.0;0.971;true
Phoebastria_nigripes_1;1545;1545;0;0;1.0;1.0;true
Phoebastria_nigripes_2;1545;1545;0;0;1.0;1.0;true
Phoenicopterus_ruber_1;1455;1455;0;0;1.0;1.0;true
Phoenicopterus_ruber_2;1455;1455;0;0;1.0;1.0;true
Phoeniculus_purpureus_1;1605;1548;57;57;1.0;0.964;true
Phoeniculus_purpureus_2;1605;1548;57;57;1.0;0.964;true
Picus_canus_1;1503;1503;0;0;1.0;1.0;true
Picus_canus_2;1503;1503;0;0;1.0;1.0;true
Pipra_erythrocephala_1;1617;1545;72;72;1.0;0.955;true
Pipra_erythrocephala_2;1617;1545;72;72;1.0;0.955;true
Piprites_chloris_1;1551;1545;6;6;1.0;0.996;true
Piprites_chloris_2;1551;1545;6;6;1.0;0.996;true
Pitta_angolensis_1;1581;1545;36;36;1.0;0.977;true
Pitta_angolensis_2;1581;1545;36;36;1.0;0.977;true
Podargus_strigoides_1;1689;1545;144;144;1.0;0.914;true
Podargus_strigoides_2;1689;1545;144;144;1.0;0.914;true
Poecile_lugubris_1;1611;1545;66;66;1.0;0.959;true
Poecile_lugubris_2;1611;1545;66;66;1.0;0.959;true
Porphyrio_porphyrio_1;1260;1107;153;153;1.0;0.878;true
Porphyrio_porphyrio_2;1260;1107;153;153;1.0;0.878;true
Probosciger_aterrimus_1;1413;1413;0;0;1.0;1.0;true
Probosciger_aterrimus_2;1413;1413;0;0;1.0;1.0;true
Psittacus_erithacus_1;1587;1545;42;42;1.0;0.973;true
Psittacus_erithacus_2;1587;1545;42;42;1.0;0.973;true
Psittrichas_fulgidus_1;1440;1440;0;0;1.0;1.0;true
Psittrichas_fulgidus_2;1440;1440;0;0;1.0;1.0;true
Psophia_crepitans_1;1692;1545;147;147;1.0;0.913;true
Psophia_crepitans_2;1692;1545;147;147;1.0;0.913;true
Pterocles_bicinctus_1;1827;1545;282;282;1.0;0.845;true
Pterocles_bicinctus_2;1827;1545;282;282;1.0;0.845;true
Pterodroma_externa_1;1602;1545;57;57;1.0;0.964;true
Pterodroma_externa_2;1602;1545;57;57;1.0;0.964;true
Ptilinopus_magnificus_1;1698;1545;153;153;1.0;0.909;true
Ptilinopus_magnificus_2;1698;1545;153;153;1.0;0.909;true
Ptilonorhynchus_violaceus_1;1773;1545;228;228;1.0;0.871;true
Ptilonorhynchus_violaceus_2;1773;1545;228;228;1.0;0.871;true
Puffinus_griseus_1;1497;1497;0;0;1.0;1.0;true
Puffinus_griseus_2;1497;1497;0;0;1.0;1.0;true
Pycnonotus_macrotis_1;1572;1545;27;27;1.0;0.982;true
Pycnonotus_macrotis_2;1572;1545;27;27;1.0;0.982;true
Rallus_longirostris_1;561;561;0;0;1.0;1.0;true
Rallus_longirostris_2;561;561;0;0;1.0;1.0;true
Ramphastos_ambiguus_1;1593;1545;48;48;1.0;0.969;true
Ramphastos_ambiguus_2;1593;1545;48;48;1.0;0.969;true
Recurvirostra_americana_1;1599;1545;54;54;1.0;0.966;true
Recurvirostra_americana_2;1599;1545;54;54;1.0;0.966;true
Regulus_ignicapilla_1;1668;1545;123;123;1.0;0.926;true
Regulus_ignicapilla_2;1668;1545;123;123;1.0;0.926;true
Rhea_americana_1;1314;1215;99;99;1.0;0.924;true
Rhea_americana_2;1314;1215;99;99;1.0;0.924;true
Rhynchocyclus_olivaceus_1;1647;1545;102;102;1.0;0.938;true
Rhynchocyclus_olivaceus_2;1647;1545;102;102;1.0;0.938;true
Rollandia_rolland_1;1689;1545;144;144;1.0;0.914;true
Rollandia_rolland_2;1689;1545;144;144;1.0;0.914;true
Rollulus_rouloul_1;1584;1545;39;39;1.0;0.975;true
Rollulus_rouloul_2;1584;1545;39;39;1.0;0.975;true
Rostratula_benghalensis_1;1578;1545;33;33;1.0;0.979;true
Rostratula_benghalensis_2;1578;1545;33;33;1.0;0.979;true
Rupicola_rupicola_1;1413;1413;0;0;1.0;1.0;true
Rupicola_rupicola_2;1413;1413;0;0;1.0;1.0;true
Rynchops_niger_1;1644;1545;99;99;1.0;0.939;true
Rynchops_niger_2;1644;1545;99;99;1.0;0.939;true
Sagittarius_serpentarius_1;1584;1545;39;39;1.0;0.975;true
Sagittarius_serpentarius_2;1584;1545;39;39;1.0;0.975;true
Sarothrura_rufa_1;1512;1512;0;0;1.0;1.0;true
Sarothrura_rufa_2;1512;1512;0;0;1.0;1.0;true
Schiffornis_turdina_1;1605;1545;60;60;1.0;0.962;true
Schiffornis_turdina_2;1605;1545;60;60;1.0;0.962;true
Sclerurus_mexicanus_1;1638;1545;93;93;1.0;0.943;true
Sclerurus_mexicanus_2;1638;1545;93;93;1.0;0.943;true
Scopus_umbretta_1;1434;1434;0;0;1.0;1.0;true
Scopus_umbretta_2;1434;1434;0;0;1.0;1.0;true
Sericulus_bakeri_1;1767;1545;222;222;1.0;0.874;true
Sericulus_bakeri_2;1767;1545;222;222;1.0;0.874;true
Smithornis_rufolateralis_1;1704;1545;159;159;1.0;0.906;true
Smithornis_rufolateralis_2;1704;1545;159;159;1.0;0.906;true
Spheniscus_humboldti_1;1485;1485;0;0;1.0;1.0;true
Spheniscus_humboldti_2;1485;1485;0;0;1.0;1.0;true
Spizella_arborea_1;933;933;0;0;1.0;1.0;true
Spizella_arborea_2;933;933;0;0;1.0;1.0;true
Steatornis_caripensi_1;390;390;0;0;1.0;1.0;true
Steatornis_caripensi_2;390;390;0;0;1.0;1.0;true
Sterna_hirundo_1;1599;1545;54;54;1.0;0.966;true
Sterna_hirundo_2;1599;1545;54;54;1.0;0.966;true
Streptoprocne_zonaris_1;1542;1542;0;0;1.0;1.0;true
Streptoprocne_zonaris_2;1542;1542;0;0;1.0;1.0;true
Strix_varia_1;1482;1482;0;0;1.0;1.0;true
Strix_varia_2;1482;1482;0;0;1.0;1.0;true
Struthio_camelus_1;1629;1545;84;84;1.0;0.948;true
Struthio_camelus_2;1629;1545;84;84;1.0;0.948;true
Sylvia_melanocephala_1;1542;1542;0;0;1.0;1.0;true
Sylvia_melanocephala_2;1542;1542;0;0;1.0;1.0;true
Syrrhaptes_paradoxus_1;1530;1530;0;0;1.0;1.0;true
Syrrhaptes_paradoxus_2;1530;1530;0;0;1.0;1.0;true
Tapera_naevia_1;1566;1545;21;21;1.0;0.986;true
Tapera_naevia_2;1566;1545;21;21;1.0;0.986;true
Tauraco_macrorhynchus_1;1560;1545;15;15;1.0;0.99;true
Tauraco_macrorhynchus_2;1560;1545;15;15;1.0;0.99;true
Terenura_callinota_1;1518;1518;0;0;1.0;1.0;true
Terenura_callinota_2;1518;1518;0;0;1.0;1.0;true
Thamnophilus_ruficapillu_1;1494;1494;0;0;1.0;1.0;true
Thamnophilus_ruficapillu_2;1494;1494;0;0;1.0;1.0;true
Theristicus_caerulescens_1;1494;1494;0;0;1.0;1.0;true
Theristicus_caerulescens_2;1494;1494;0;0;1.0;1.0;true
Tigrisoma_lineatum_1;1473;1473;0;0;1.0;1.0;true
Tigrisoma_lineatum_2;1473;1473;0;0;1.0;1.0;true
Tinamus_major_1;1155;981;174;174;1.0;0.849;true
Tinamus_major_2;1155;981;174;174;1.0;0.849;true
Tityra_cayana_1;1506;1506;0;0;1.0;1.0;true
Tityra_cayana_2;1506;1506;0;0;1.0;1.0;true
Tockus_camurus_1;1683;1545;138;138;1.0;0.918;true
Tockus_camurus_2;1683;1545;138;138;1.0;0.918;true
Todus_mexicanus_1;1515;1515;0;0;1.0;1.0;true
Todus_mexicanus_2;1515;1515;0;0;1.0;1.0;true
Topaza_pella_1;1566;1545;21;21;1.0;0.986;true
Topaza_pella_2;1566;1545;21;21;1.0;0.986;true
Treron_calvus_1;1620;1545;75;75;1.0;0.953;true
Treron_calvus_2;1620;1545;75;75;1.0;0.953;true
Tringa_solitaria_1;1578;1545;33;33;1.0;0.979;true
Tringa_solitaria_2;1578;1545;33;33;1.0;0.979;true
Trogon_elegans_1;1752;1545;207;207;1.0;0.881;true
Trogon_elegans_2;1752;1545;207;207;1.0;0.881;true
Turdus_olivater_1;1494;1482;12;12;0.991;0.991;true
Turdus_olivater_2;1494;1482;12;12;0.991;0.991;true
Turnix_ocellata_1;1545;1545;0;0;1.0;1.0;true
Turnix_ocellata_2;1545;1545;0;0;1.0;1.0;true
Tyrannus_albogularis_1;1620;1545;75;75;1.0;0.953;true
Tyrannus_albogularis_2;1620;1545;75;75;1.0;0.953;true
Tyto_alba_1;843;843;0;0;1.0;1.0;true
Tyto_alba_2;843;843;0;0;1.0;1.0;true
Upupa_epops_1;1623;1548;75;75;1.0;0.953;true
Upupa_epops_2;1623;1548;75;75;1.0;0.953;true
Uria_aalge_1;1512;1512;0;0;1.0;1.0;true
Uria_aalge_2;1512;1512;0;0;1.0;1.0;true
Urocolius_indicus_1;1641;1545;96;96;1.0;0.941;true
Urocolius_indicus_2;1641;1545;96;96;1.0;0.941;true
Vultur_gryphus_1;786;786;0;0;1.0;1.0;true
Vultur_gryphus_2;786;786;0;0;1.0;1.0;true
