seqName;initialSeqLength;nbKeep;nbTrim;nbInformativeTrim;percentKeepExcludingExtremities;percentKeepIncludingExtremities;keptSequences
Acanthisitta_chloris_1;1440;1437;3;3;1.0;0.997;true
Acanthisitta_chloris_2;1440;1437;3;3;1.0;0.997;true
Accipiter_superciliosus_1;1557;1533;24;24;1.0;0.984;true
Accipiter_superciliosus_2;1557;1533;24;24;1.0;0.984;true
Aegotheles_insignis_1;1593;1551;42;42;0.988;0.973;true
Aegotheles_insignis_2;1593;1551;42;42;0.988;0.973;true
Alcedo_quadribrachys_1;1617;1566;51;51;1.0;0.968;true
Alcedo_quadribrachys_2;1617;1566;51;51;1.0;0.968;true
Anas_superciliosa_1;1599;1566;33;33;1.0;0.979;true
Anas_superciliosa_2;1599;1566;33;33;1.0;0.979;true
Anhinga_anhinga_1;1611;1566;45;45;1.0;0.972;true
Anhinga_anhinga_2;1611;1566;45;45;1.0;0.972;true
Anser_canagicus_1;1503;1503;0;0;1.0;1.0;true
Anser_canagicus_2;1503;1503;0;0;1.0;1.0;true
Anseranas_semipalmata_1;1623;1566;57;57;1.0;0.964;true
Anseranas_semipalmata_2;1623;1566;57;57;1.0;0.964;true
Apaloderma_aequatoriale_1;1542;1542;0;0;1.0;1.0;true
Apaloderma_aequatoriale_2;1542;1542;0;0;1.0;1.0;true
Apteryx_sp._1;1734;1566;168;168;1.0;0.903;true
Apteryx_sp._2;1734;1566;168;168;1.0;0.903;true
Aramus_guarauna_1;1698;1566;132;132;1.0;0.922;true
Aramus_guarauna_2;1698;1566;132;132;1.0;0.922;true
Archilochus_colubris_1;1620;1566;54;54;1.0;0.966;true
Archilochus_colubris_2;1620;1566;54;54;1.0;0.966;true
Ardea_herodias_1;1653;1566;87;87;1.0;0.947;true
Ardea_herodias_2;1653;1566;87;87;1.0;0.947;true
Ardeotis_kori_1;1623;1566;57;57;1.0;0.964;true
Ardeotis_kori_2;1623;1566;57;57;1.0;0.964;true
Arenaria_interpres_1;1641;1566;75;75;1.0;0.954;true
Arenaria_interpres_2;1641;1566;75;75;1.0;0.954;true
Atelornis_pittoides_1;1689;1566;123;123;1.0;0.927;true
Atelornis_pittoides_2;1689;1566;123;123;1.0;0.927;true
Aythya_valisineria_1;1650;1566;84;84;1.0;0.949;true
Aythya_valisineria_2;1650;1566;84;84;1.0;0.949;true
Balaeniceps_rex_1;543;543;0;0;1.0;1.0;true
Balaeniceps_rex_2;543;543;0;0;1.0;1.0;true
Balearica_regulorum_1;1551;1548;3;3;1.0;0.998;true
Balearica_regulorum_2;1551;1548;3;3;1.0;0.998;true
Barnardius_zonarius_1;1611;1557;54;54;1.0;0.966;true
Barnardius_zonarius_2;1611;1557;54;54;1.0;0.966;true
Bonasa_umbellus_1;1530;1530;0;0;1.0;1.0;true
Bonasa_umbellus_2;1530;1530;0;0;1.0;1.0;true
Buccanodon_duchaillui_1;1653;1566;87;87;1.0;0.947;true
Buccanodon_duchaillui_2;1653;1566;87;87;1.0;0.947;true
Bucco_capensis_1;1671;1566;105;105;1.0;0.937;true
Bucco_capensis_2;1671;1566;105;105;1.0;0.937;true
Bucorvus_leadbeateri_1;1674;1566;108;108;1.0;0.935;true
Bucorvus_leadbeateri_2;1674;1566;108;108;1.0;0.935;true
Burhinus_oedicnemus_1;1611;1563;48;48;1.0;0.97;true
Burhinus_oedicnemus_2;1611;1563;48;48;1.0;0.97;true
Buteo_jamaicensis_1;1674;1566;108;108;1.0;0.935;true
Buteo_jamaicensis_2;1674;1566;108;108;1.0;0.935;true
Caiman_croccodilus_1;426;426;0;0;1.0;1.0;true
Caiman_croccodilus_2;426;426;0;0;1.0;1.0;true
Calandrella_brachydactyla_1;1683;1542;141;141;0.984;0.916;true
Calandrella_brachydactyla_2;1683;1545;138;138;0.986;0.918;true
Calyptomena_viridis_1;1626;1566;60;60;1.0;0.963;true
Calyptomena_viridis_2;1626;1566;60;60;1.0;0.963;true
Capito_niger_1;1536;1533;3;3;1.0;0.998;true
Capito_niger_2;1536;1533;3;3;1.0;0.998;true
Caprimulgus_europaeus_1;1728;1563;165;165;1.0;0.904;true
Caprimulgus_europaeus_2;1728;1563;165;165;1.0;0.904;true
Caracara_cheriway_1;1701;1566;135;135;1.0;0.92;true
Caracara_cheriway_2;1701;1566;135;135;1.0;0.92;true
Cariama_cristata_1;1719;1563;156;156;1.0;0.909;true
Cariama_cristata_2;1719;1563;156;156;1.0;0.909;true
Casuarius_bennetti_1;1650;1566;84;84;1.0;0.949;true
Casuarius_bennetti_2;1650;1566;84;84;1.0;0.949;true
Cathartes_burrovianus_1;1611;1551;60;60;1.0;0.962;true
Cathartes_burrovianus_2;1611;1551;60;60;1.0;0.962;true
Centropus_bengalensis_1;1590;1530;60;60;1.0;0.962;true
Centropus_bengalensis_2;1590;1530;60;60;1.0;0.962;true
Chaetura_brachyura_1;1671;1566;105;105;1.0;0.937;true
Chaetura_brachyura_2;1671;1566;105;105;1.0;0.937;true
Charadrius_hiaticula_1;1491;1488;3;3;1.0;0.997;true
Charadrius_hiaticula_2;1491;1488;3;3;1.0;0.997;true
Chauna_torquata_1;1653;1566;87;87;1.0;0.947;true
Chauna_torquata_2;1653;1566;87;87;1.0;0.947;true
Chelidoptera_tenebrosa_1;1611;1566;45;45;1.0;0.972;true
Chelidoptera_tenebrosa_2;1611;1566;45;45;1.0;0.972;true
Chloroceryle_inda_1;1500;1491;9;9;1.0;0.994;true
Chloroceryle_inda_2;1500;1491;9;9;1.0;0.994;true
Chordeiles_pusillus_1;1659;1563;96;96;1.0;0.942;true
Chordeiles_pusillus_2;1659;1563;96;96;1.0;0.942;true
Chroicocephalus_cirrocephalus_1;1632;1560;72;72;1.0;0.955;true
Chroicocephalus_cirrocephalus_2;1632;1560;72;72;1.0;0.955;true
Chunga_burmeisteri_1;1719;1563;156;156;1.0;0.909;true
Chunga_burmeisteri_2;1719;1563;156;156;1.0;0.909;true
Ciconia_nigra_1;1599;1566;33;33;1.0;0.979;true
Ciconia_nigra_2;1599;1566;33;33;1.0;0.979;true
Climacteris_melanura_1;1497;1494;3;3;1.0;0.997;true
Climacteris_melanura_2;1497;1494;3;3;1.0;0.997;true
Coccyzus_melacoryphus_1;1638;1566;72;72;1.0;0.956;true
Coccyzus_melacoryphus_2;1638;1566;72;72;1.0;0.956;true
Colinus_cristatus_1;1428;1407;21;21;1.0;0.985;true
Colinus_cristatus_2;1428;1407;21;21;1.0;0.985;true
Colius_colius_1;1794;1569;225;225;1.0;0.874;true
Colius_colius_2;1794;1569;225;225;1.0;0.874;true
Columba_livia_1;1674;1536;138;138;1.0;0.917;true
Columba_livia_2;1674;1536;138;138;1.0;0.917;true
Columbina_minuta_1;1713;1542;171;171;1.0;0.9;true
Columbina_minuta_2;1713;1542;171;171;1.0;0.9;true
Coracias_cyanogaster_1;1677;1566;111;111;1.0;0.933;true
Coracias_cyanogaster_2;1677;1566;111;111;1.0;0.933;true
Corvus_albus_1;1683;1566;117;117;1.0;0.93;true
Corvus_albus_2;1683;1566;117;117;1.0;0.93;true
Corythaeola_cristata_1;1623;1563;60;60;1.0;0.963;true
Corythaeola_cristata_2;1623;1563;60;60;1.0;0.963;true
Cotinga_cayana_1;1692;1566;126;126;1.0;0.925;true
Cotinga_cayana_2;1692;1566;126;126;1.0;0.925;true
Crax_alector_1;1458;1455;3;3;1.0;0.997;true
Crax_alector_2;1458;1455;3;3;1.0;0.997;true
Crocodylus_porosus_1;1623;1467;156;156;0.927;0.903;true
Crocodylus_porosus_2;1623;1467;156;156;0.927;0.903;true
Cryptopipo_aenigma_1;1566;1566;0;0;1.0;1.0;true
Cryptopipo_aenigma_2;1566;1566;0;0;1.0;1.0;true
Crypturellus_tataupa_1;1683;1566;117;117;1.0;0.93;true
Crypturellus_tataupa_2;1683;1566;117;117;1.0;0.93;true
Cuculus_optatus_1;1635;1566;69;69;1.0;0.957;true
Cuculus_optatus_2;1635;1566;69;69;1.0;0.957;true
Dendrocygna_viduata_1;1662;1566;96;96;1.0;0.942;true
Dendrocygna_viduata_2;1662;1566;96;96;1.0;0.942;true
Deroptyus_accipitrinus_1;1251;1125;126;126;1.0;0.899;true
Deroptyus_accipitrinus_2;1251;1125;126;126;1.0;0.899;true
Dromaius_novaehollandiae_1;1611;1566;45;45;1.0;0.972;true
Dromaius_novaehollandiae_2;1611;1566;45;45;1.0;0.972;true
Elaenia_flavogaster_1;1680;1566;114;114;1.0;0.932;true
Elaenia_flavogaster_2;1680;1566;114;114;1.0;0.932;true
Elanus_leucurus_1;981;969;12;12;1.0;0.987;true
Elanus_leucurus_2;981;969;12;12;1.0;0.987;true
Eudromia_elegans_1;1830;1566;264;264;1.0;0.855;true
Eudromia_elegans_2;1830;1566;264;264;1.0;0.855;true
Eurostopodus_macrotis_1;1632;1566;66;66;1.0;0.959;true
Eurostopodus_macrotis_2;1632;1566;66;66;1.0;0.959;true
Eurylaimus_ochromalus_1;1599;1563;36;36;1.0;0.977;true
Eurylaimus_ochromalus_2;1599;1563;36;36;1.0;0.977;true
Eurypyga_helias_1;1371;1371;0;0;1.0;1.0;true
Eurypyga_helias_2;1371;1371;0;0;1.0;1.0;true
Falco_sparverius_1;1791;1566;225;225;1.0;0.874;true
Falco_sparverius_2;1791;1566;225;225;1.0;0.874;true
Fregata_magnificens_1;1455;1443;12;12;1.0;0.991;true
Fregata_magnificens_2;1455;1443;12;12;1.0;0.991;true
Fringilla_coelebs_1;1656;1563;93;93;1.0;0.943;true
Fringilla_coelebs_2;1656;1563;93;93;1.0;0.943;true
Fulmarus_glacialoides_1;1665;1566;99;99;1.0;0.94;true
Fulmarus_glacialoides_2;1665;1566;99;99;1.0;0.94;true
Furnarius_rufus_1;1602;1566;36;36;1.0;0.977;true
Furnarius_rufus_2;1602;1566;36;36;1.0;0.977;true
Galbula_dea_1;1650;1566;84;84;1.0;0.949;true
Galbula_dea_2;1650;1566;84;84;1.0;0.949;true
Gallus_gallus_1;1509;1509;0;0;1.0;1.0;true
Gallus_gallus_2;1509;1509;0;0;1.0;1.0;true
Gavia_immer_1;1575;1566;9;9;1.0;0.994;true
Gavia_immer_2;1575;1566;9;9;1.0;0.994;true
Glareola_nuchalis_1;1661;1563;98;98;1.0;0.94;true
Glareola_nuchalis_2;1661;1563;98;98;1.0;0.94;true
Grus_canadensis_1;1587;1560;27;27;1.0;0.982;true
Grus_canadensis_2;1587;1560;27;27;1.0;0.982;true
Haematopus_palliatus_1;1725;1566;159;159;1.0;0.907;true
Haematopus_palliatus_2;1725;1566;159;159;1.0;0.907;true
Heliornis_fulica_1;1779;1566;213;213;1.0;0.88;true
Heliornis_fulica_2;1779;1566;213;213;1.0;0.88;true
Hemiprocne_comata_1;1611;1566;45;45;1.0;0.972;true
Hemiprocne_comata_2;1611;1566;45;45;1.0;0.972;true
Hirundinea_ferruginea_1;1743;1566;177;177;1.0;0.898;true
Hirundinea_ferruginea_2;1743;1566;177;177;1.0;0.898;true
Hymenops_perspicillatus_1;1566;1557;9;9;1.0;0.994;true
Hymenops_perspicillatus_2;1566;1557;9;9;1.0;0.994;true
Ibycter_americanus_1;1665;1566;99;99;1.0;0.94;true
Ibycter_americanus_2;1665;1566;99;99;1.0;0.94;true
Indicator_exilis_1;1749;1566;183;183;1.0;0.895;true
Indicator_exilis_2;1749;1566;183;183;1.0;0.895;true
Ixobrychus_minutus_1;1548;1521;27;27;1.0;0.982;true
Ixobrychus_minutus_2;1548;1521;27;27;1.0;0.982;true
Jacana_jacana_1;1614;1566;48;48;1.0;0.97;true
Jacana_jacana_2;1614;1566;48;48;1.0;0.97;true
Jynx_torquilla_1;1698;1566;132;132;1.0;0.922;true
Jynx_torquilla_2;1698;1566;132;132;1.0;0.922;true
Leipoa_ocellata_1;1482;1455;27;27;1.0;0.981;true
Leipoa_ocellata_2;1482;1455;27;27;1.0;0.981;true
Lepidocolaptes_angustirostr_1;1578;1566;12;12;1.0;0.992;true
Lepidocolaptes_angustirostr_2;1578;1566;12;12;1.0;0.992;true
Leptoptilos_crumeniferus_1;1650;1566;84;84;1.0;0.949;true
Leptoptilos_crumeniferus_2;1650;1566;84;84;1.0;0.949;true
Leptosomus_discolor_1;789;786;3;3;1.0;0.996;true
Leptosomus_discolor_2;789;786;3;3;1.0;0.996;true
Leptotila_rufaxilla_1;1677;1545;132;132;1.0;0.921;true
Leptotila_rufaxilla_2;1677;1545;132;132;1.0;0.921;true
Limosa_lapponica_1;1584;1566;18;18;1.0;0.988;true
Limosa_lapponica_2;1584;1566;18;18;1.0;0.988;true
Lophorina_superba_1;762;762;0;0;1.0;1.0;true
Lophorina_superba_2;762;762;0;0;1.0;1.0;true
Malurus_splendens_1;1491;1491;0;0;1.0;1.0;true
Malurus_splendens_2;1491;1491;0;0;1.0;1.0;true
Megalaima_chrysopogon_1;1596;1557;39;39;1.0;0.975;true
Megalaima_chrysopogon_2;1596;1557;39;39;1.0;0.975;true
Melanopareia_maximilian_1;1770;1563;207;207;0.996;0.883;true
Melanopareia_maximilian_2;1770;1563;207;207;0.996;0.883;true
Menura_novaehollandiae_1;1080;1050;30;30;1.0;0.972;true
Menura_novaehollandiae_2;1080;1050;30;30;1.0;0.972;true
Merops_muelleri_1;1665;1566;99;99;1.0;0.94;true
Merops_muelleri_2;1665;1566;99;99;1.0;0.94;true
Mesitornis_unicolor_1;1509;1506;3;3;1.0;0.998;true
Mesitornis_unicolor_2;1509;1506;3;3;1.0;0.998;true
Micrastur_gilvicollis_1;1611;1566;45;45;1.0;0.972;true
Micrastur_gilvicollis_2;1611;1566;45;45;1.0;0.972;true
Micropygia_schomburgkii_1;1641;1566;75;75;1.0;0.954;true
Micropygia_schomburgkii_2;1641;1566;75;75;1.0;0.954;true
Momotus_lessonii_1;1731;1566;165;165;1.0;0.904;true
Momotus_lessonii_2;1731;1566;165;165;1.0;0.904;true
Monias_benschi_1;1746;1566;180;180;1.0;0.896;true
Monias_benschi_2;1746;1566;180;180;1.0;0.896;true
Morus_serrator_1;1743;1566;177;177;1.0;0.898;true
Morus_serrator_2;1743;1566;177;177;1.0;0.898;true
Myiobius_barbatus_1;708;708;0;0;1.0;1.0;true
Myiobius_barbatus_2;708;708;0;0;1.0;1.0;true
Myrmornis_torquata_1;1590;1560;30;30;1.0;0.981;true
Myrmornis_torquata_2;1590;1560;30;30;1.0;0.981;true
Myrmothera_campanisona_1;1626;1566;60;60;1.0;0.963;true
Myrmothera_campanisona_2;1626;1566;60;60;1.0;0.963;true
Neodrepanis_coruscans_1;1620;1566;54;54;1.0;0.966;true
Neodrepanis_coruscans_2;1620;1566;54;54;1.0;0.966;true
Neopelma_chrysocephalum_1;1584;1566;18;18;1.0;0.988;true
Neopelma_chrysocephalum_2;1584;1566;18;18;1.0;0.988;true
Nestor_meridionalis_1;1737;1545;192;192;1.0;0.889;true
Nestor_meridionalis_2;1737;1545;192;192;1.0;0.889;true
Nothoprocta_ornata_1;1638;1566;72;72;1.0;0.956;true
Nothoprocta_ornata_2;1638;1566;72;72;1.0;0.956;true
Numida_malagris_1;1497;1455;42;42;1.0;0.971;true
Numida_malagris_2;1497;1455;42;42;1.0;0.971;true
Nyctibius_griseus_1;1833;1566;267;267;1.0;0.854;true
Nyctibius_griseus_2;1833;1566;267;267;1.0;0.854;true
Oceanites_oceanicus_1;1617;1560;57;57;1.0;0.964;true
Oceanites_oceanicus_2;1617;1560;57;57;1.0;0.964;true
Oceanodroma_leucorhoa_1;1569;1539;30;30;1.0;0.98;true
Oceanodroma_leucorhoa_2;1569;1539;30;30;1.0;0.98;true
Odontophorus_gujanensis_1;1476;1455;21;21;1.0;0.985;true
Odontophorus_gujanensis_2;1476;1455;21;21;1.0;0.985;true
Opisthocomus_hoazin_1;1665;1566;99;99;1.0;0.94;true
Opisthocomus_hoazin_2;1665;1566;99;99;1.0;0.94;true
Ortalis_motmot_1;1032;1029;3;3;1.0;0.997;true
Ortalis_motmot_2;1032;1029;3;3;1.0;0.997;true
Oxyruncus_cristatus_1;1590;1566;24;24;1.0;0.984;true
Oxyruncus_cristatus_2;1590;1566;24;24;1.0;0.984;true
Oxyura_jamaicensis_1;1704;1566;138;138;1.0;0.919;true
Oxyura_jamaicensis_2;1704;1566;138;138;1.0;0.919;true
Pandion_haliaetus_1;552;540;12;12;1.0;0.978;true
Pandion_haliaetus_2;552;540;12;12;1.0;0.978;true
Pedionomus_torquatus_1;1779;1566;213;213;1.0;0.88;true
Pedionomus_torquatus_2;1779;1566;213;213;1.0;0.88;true
Pelagodroma_marina_1;1593;1560;33;33;1.0;0.979;true
Pelagodroma_marina_2;1593;1560;33;33;1.0;0.979;true
Pelecanoides_urinatrix_1;576;537;39;39;1.0;0.932;true
Pelecanoides_urinatrix_2;576;537;39;39;1.0;0.932;true
Pelecanus_occidentalis_1;1548;1545;3;3;1.0;0.998;true
Pelecanus_occidentalis_2;1548;1545;3;3;1.0;0.998;true
Phaethon_rubricauda_1;1653;1566;87;87;1.0;0.947;true
Phaethon_rubricauda_2;1653;1566;87;87;1.0;0.947;true
Phaethornis_superciliosus_1;1638;1566;72;72;1.0;0.956;true
Phaethornis_superciliosus_2;1638;1566;72;72;1.0;0.956;true
Phalacrocorax_brasili_1;1668;1566;102;102;1.0;0.938;true
Phalacrocorax_brasili_2;1668;1566;102;102;1.0;0.938;true
Phoebastria_nigripes_1;1560;1533;27;27;1.0;0.982;true
Phoebastria_nigripes_2;1560;1533;27;27;1.0;0.982;true
Phoenicopterus_ruber_1;1656;1566;90;90;1.0;0.945;true
Phoenicopterus_ruber_2;1656;1566;90;90;1.0;0.945;true
Phoeniculus_purpureus_1;858;828;30;30;1.0;0.965;true
Phoeniculus_purpureus_2;858;828;30;30;1.0;0.965;true
Picus_canus_1;1725;1566;159;159;1.0;0.907;true
Picus_canus_2;1725;1566;159;159;1.0;0.907;true
Pipra_erythrocephala_1;1545;1545;0;0;1.0;1.0;true
Pipra_erythrocephala_2;1545;1545;0;0;1.0;1.0;true
Piprites_chloris_1;1662;1566;96;96;1.0;0.942;true
Piprites_chloris_2;1662;1566;96;96;1.0;0.942;true
Pitta_angolensis_1;1533;1530;3;3;1.0;0.998;true
Pitta_angolensis_2;1533;1530;3;3;1.0;0.998;true
Podargus_strigoides_1;1653;1566;87;87;1.0;0.947;true
Podargus_strigoides_2;1653;1566;87;87;1.0;0.947;true
Poecile_lugubris_1;819;819;0;0;1.0;1.0;true
Poecile_lugubris_2;819;819;0;0;1.0;1.0;true
Porphyrio_porphyrio_1;1665;1566;99;99;1.0;0.94;true
Porphyrio_porphyrio_2;1665;1566;99;99;1.0;0.94;true
Probosciger_aterrimus_1;1404;1374;30;30;1.0;0.978;true
Probosciger_aterrimus_2;1404;1374;30;30;1.0;0.978;true
Psittacus_erithacus_1;1752;1557;195;195;1.0;0.888;true
Psittacus_erithacus_2;1752;1557;195;195;1.0;0.888;true
Psittrichas_fulgidus_1;1473;1422;51;51;1.0;0.965;true
Psittrichas_fulgidus_2;1473;1422;51;51;1.0;0.965;true
Psophia_crepitans_1;1587;1497;90;90;1.0;0.943;true
Psophia_crepitans_2;1587;1497;90;90;1.0;0.943;true
Pterocles_bicinctus_1;1605;1560;45;45;1.0;0.971;true
Pterocles_bicinctus_2;1605;1560;45;45;1.0;0.971;true
Pterodroma_externa_1;1623;1566;57;57;1.0;0.964;true
Pterodroma_externa_2;1623;1566;57;57;1.0;0.964;true
Ptilinopus_magnificus_1;1701;1545;156;156;1.0;0.908;true
Ptilinopus_magnificus_2;1701;1545;156;156;1.0;0.908;true
Ptilonorhynchus_violaceus_1;1602;1566;36;36;1.0;0.977;true
Ptilonorhynchus_violaceus_2;1602;1566;36;36;1.0;0.977;true
Puffinus_griseus_1;1662;1566;96;96;1.0;0.942;true
Puffinus_griseus_2;1662;1566;96;96;1.0;0.942;true
Pycnonotus_macrotis_1;1632;1566;66;66;1.0;0.959;true
Pycnonotus_macrotis_2;1632;1566;66;66;1.0;0.959;true
Rallus_longirostris_1;813;801;12;12;1.0;0.985;true
Rallus_longirostris_2;813;801;12;12;1.0;0.985;true
Ramphastos_ambiguus_1;1656;1563;93;93;1.0;0.943;true
Ramphastos_ambiguus_2;1656;1563;93;93;1.0;0.943;true
Recurvirostra_americana_1;1620;1566;54;54;1.0;0.966;true
Recurvirostra_americana_2;1620;1566;54;54;1.0;0.966;true
Regulus_ignicapilla_1;1569;1563;6;6;1.0;0.996;true
Regulus_ignicapilla_2;1569;1563;6;6;1.0;0.996;true
Rhea_americana_1;1566;1530;36;36;1.0;0.977;true
Rhea_americana_2;1566;1530;36;36;1.0;0.977;true
Rhynchocyclus_olivaceus_1;1650;1566;84;84;1.0;0.949;true
Rhynchocyclus_olivaceus_2;1650;1566;84;84;1.0;0.949;true
Rollandia_rolland_1;1650;1566;84;84;1.0;0.949;true
Rollandia_rolland_2;1650;1566;84;84;1.0;0.949;true
Rollulus_rouloul_1;1401;1401;0;0;1.0;1.0;true
Rollulus_rouloul_2;1401;1401;0;0;1.0;1.0;true
Rostratula_benghalensis_1;1677;1566;111;111;1.0;0.933;true
Rostratula_benghalensis_2;1677;1566;111;111;1.0;0.933;true
Rupicola_rupicola_1;1605;1566;39;39;1.0;0.975;true
Rupicola_rupicola_2;1605;1566;39;39;1.0;0.975;true
Rynchops_niger_1;1710;1563;147;147;1.0;0.914;true
Rynchops_niger_2;1710;1563;147;147;1.0;0.914;true
Sagittarius_serpentarius_1;762;750;12;12;1.0;0.984;true
Sagittarius_serpentarius_2;762;750;12;12;1.0;0.984;true
Sarothrura_rufa_1;915;810;105;105;1.0;0.885;true
Sarothrura_rufa_2;915;810;105;105;1.0;0.885;true
Schiffornis_turdina_1;1617;1566;51;51;1.0;0.968;true
Schiffornis_turdina_2;1617;1566;51;51;1.0;0.968;true
Sclerurus_mexicanus_1;1653;1563;90;90;1.0;0.945;true
Sclerurus_mexicanus_2;1653;1563;90;90;1.0;0.945;true
Scopus_umbretta_1;1221;1191;30;30;1.0;0.975;true
Scopus_umbretta_2;1221;1191;30;30;1.0;0.975;true
Sericulus_bakeri_1;1653;1566;87;87;1.0;0.947;true
Sericulus_bakeri_2;1653;1566;87;87;1.0;0.947;true
Smithornis_rufolateralis_1;1770;1566;204;204;1.0;0.884;true
Smithornis_rufolateralis_2;1770;1566;204;204;1.0;0.884;true
Spheniscus_humboldti_1;1626;1557;69;69;1.0;0.957;true
Spheniscus_humboldti_2;1626;1557;69;69;1.0;0.957;true
Spizella_arborea_1;1647;1566;81;81;1.0;0.95;true
Spizella_arborea_2;1647;1566;81;81;1.0;0.95;true
Steatornis_caripensi_1;477;468;9;9;1.0;0.981;true
Steatornis_caripensi_2;477;468;9;9;1.0;0.981;true
Sterna_hirundo_1;1644;1563;81;81;1.0;0.95;true
Sterna_hirundo_2;1644;1563;81;81;1.0;0.95;true
Streptoprocne_zonaris_1;1689;1566;123;123;1.0;0.927;true
Streptoprocne_zonaris_2;1689;1566;123;123;1.0;0.927;true
Strix_varia_1;987;978;9;9;1.0;0.99;true
Strix_varia_2;987;978;9;9;1.0;0.99;true
Struthio_camelus_1;1581;1557;24;24;1.0;0.984;true
Struthio_camelus_2;1581;1557;24;24;1.0;0.984;true
Sylvia_melanocephala_1;1587;1563;24;24;1.0;0.984;true
Sylvia_melanocephala_2;1587;1563;24;24;1.0;0.984;true
Syrrhaptes_paradoxus_1;1554;1554;0;0;1.0;1.0;true
Syrrhaptes_paradoxus_2;1554;1554;0;0;1.0;1.0;true
Tapera_naevia_1;1716;1566;150;150;1.0;0.912;true
Tapera_naevia_2;1716;1566;150;150;1.0;0.912;true
Tauraco_macrorhynchus_1;828;825;3;3;1.0;0.996;true
Tauraco_macrorhynchus_2;828;825;3;3;1.0;0.996;true
Terenura_callinota_1;1542;1539;3;3;1.0;0.998;true
Terenura_callinota_2;1542;1539;3;3;1.0;0.998;true
Thamnophilus_ruficapillu_1;1659;1566;93;93;1.0;0.943;true
Thamnophilus_ruficapillu_2;1659;1566;93;93;1.0;0.943;true
Theristicus_caerulescens_1;1707;1566;141;141;1.0;0.917;true
Theristicus_caerulescens_2;1707;1566;141;141;1.0;0.917;true
Tigrisoma_lineatum_1;1446;1443;3;3;1.0;0.997;true
Tigrisoma_lineatum_2;1446;1443;3;3;1.0;0.997;true
Tinamus_major_1;1602;1566;36;36;1.0;0.977;true
Tinamus_major_2;1602;1566;36;36;1.0;0.977;true
Tityra_cayana_1;1431;1431;0;0;1.0;1.0;true
Tityra_cayana_2;1431;1431;0;0;1.0;1.0;true
Tockus_camurus_1;1488;1485;3;3;1.0;0.997;true
Tockus_camurus_2;1488;1485;3;3;1.0;0.997;true
Todus_mexicanus_1;942;915;27;27;1.0;0.971;true
Todus_mexicanus_2;942;915;27;27;1.0;0.971;true
Topaza_pella_1;768;765;3;3;1.0;0.996;true
Topaza_pella_2;768;765;3;3;1.0;0.996;true
Treron_calvus_1;1692;1545;147;147;1.0;0.913;true
Treron_calvus_2;1692;1545;147;147;1.0;0.913;true
Tringa_solitaria_1;1632;1566;66;66;1.0;0.959;true
Tringa_solitaria_2;1632;1566;66;66;1.0;0.959;true
Trogon_elegans_1;1569;1539;30;30;1.0;0.98;true
Trogon_elegans_2;1569;1539;30;30;1.0;0.98;true
Turdus_olivater_1;1686;1563;123;123;1.0;0.927;true
Turdus_olivater_2;1686;1563;123;123;1.0;0.927;true
Turnix_ocellata_1;606;582;24;24;0.96;0.96;true
Turnix_ocellata_2;606;582;24;24;0.96;0.96;true
Tyrannus_albogularis_1;1569;1566;3;3;1.0;0.998;true
Tyrannus_albogularis_2;1569;1566;3;3;1.0;0.998;true
Tyto_alba_1;783;774;9;9;1.0;0.988;true
Tyto_alba_2;783;774;9;9;1.0;0.988;true
Upupa_epops_1;858;828;30;30;1.0;0.965;true
Upupa_epops_2;858;828;30;30;1.0;0.965;true
Uria_aalge_1;1698;1563;135;135;1.0;0.92;true
Uria_aalge_2;1698;1563;135;135;1.0;0.92;true
Urocolius_indicus_1;1617;1560;57;57;1.0;0.964;true
Urocolius_indicus_2;1617;1560;57;57;1.0;0.964;true
Vultur_gryphus_1;939;873;66;66;1.0;0.929;true
Vultur_gryphus_2;939;873;66;66;1.0;0.929;true
