seqName;initialSeqLength;nbKeep;nbTrim;nbInformativeTrim;percentKeepExcludingExtremities;percentKeepIncludingExtremities;keptSequences
Acanthisitta_chloris_1;1185;882;303;303;1.0;0.744;true
Acanthisitta_chloris_2;1185;882;303;303;1.0;0.744;true
Accipiter_superciliosus_1;426;0;426;426;0.0;0.0;false
Accipiter_superciliosus_2;426;0;426;426;0.0;0.0;false
Aegotheles_insignis_1;1182;882;300;300;1.0;0.746;true
Aegotheles_insignis_2;1182;882;300;300;1.0;0.746;true
Alcedo_quadribrachys_1;888;882;6;6;1.0;0.993;true
Alcedo_quadribrachys_2;888;882;6;6;1.0;0.993;true
Anas_superciliosa_1;735;735;0;0;1.0;1.0;true
Anas_superciliosa_2;735;735;0;0;1.0;1.0;true
Anhinga_anhinga_1;1182;882;300;300;1.0;0.746;true
Anhinga_anhinga_2;1182;882;300;300;1.0;0.746;true
Anser_canagicus_1;858;858;0;0;1.0;1.0;true
Anser_canagicus_2;858;858;0;0;1.0;1.0;true
Anseranas_semipalmata_1;1182;882;300;300;1.0;0.746;true
Anseranas_semipalmata_2;1182;882;300;300;1.0;0.746;true
Apaloderma_aequatoriale_1;1182;882;300;300;1.0;0.746;true
Apaloderma_aequatoriale_2;1182;882;300;300;1.0;0.746;true
Apteryx_sp._1;855;855;0;0;1.0;1.0;true
Apteryx_sp._2;855;855;0;0;1.0;1.0;true
Aramus_guarauna_1;1182;882;300;300;1.0;0.746;true
Aramus_guarauna_2;1182;882;300;300;1.0;0.746;true
Archilochus_colubris_1;1182;882;300;300;1.0;0.746;true
Archilochus_colubris_2;1182;882;300;300;1.0;0.746;true
Ardea_herodias_1;1182;882;300;300;1.0;0.746;true
Ardea_herodias_2;1182;882;300;300;1.0;0.746;true
Ardeotis_kori_1;1182;882;300;300;1.0;0.746;true
Ardeotis_kori_2;1182;882;300;300;1.0;0.746;true
Arenaria_interpres_1;1182;882;300;300;1.0;0.746;true
Arenaria_interpres_2;1182;882;300;300;1.0;0.746;true
Atelornis_pittoides_1;1182;882;300;300;1.0;0.746;true
Atelornis_pittoides_2;1182;882;300;300;1.0;0.746;true
Aythya_valisineria_1;1182;882;300;300;1.0;0.746;true
Aythya_valisineria_2;1182;882;300;300;1.0;0.746;true
Balaeniceps_rex_1;1182;882;300;300;1.0;0.746;true
Balaeniceps_rex_2;1182;882;300;300;1.0;0.746;true
Balearica_regulorum_1;807;807;0;0;1.0;1.0;true
Balearica_regulorum_2;807;807;0;0;1.0;1.0;true
Barnardius_zonarius_1;888;882;6;6;1.0;0.993;true
Barnardius_zonarius_2;888;882;6;6;1.0;0.993;true
Bonasa_umbellus_1;1182;882;300;300;1.0;0.746;true
Bonasa_umbellus_2;1182;882;300;300;1.0;0.746;true
Buccanodon_duchaillui_1;1182;882;300;300;1.0;0.746;true
Buccanodon_duchaillui_2;1182;882;300;300;1.0;0.746;true
Bucco_capensis_1;1182;882;300;300;1.0;0.746;true
Bucco_capensis_2;1182;882;300;300;1.0;0.746;true
Bucorvus_leadbeateri_1;1182;882;300;300;1.0;0.746;true
Bucorvus_leadbeateri_2;1182;882;300;300;1.0;0.746;true
Burhinus_oedicnemus_1;1182;882;300;300;1.0;0.746;true
Burhinus_oedicnemus_2;1182;882;300;300;1.0;0.746;true
Buteo_jamaicensis_1;1182;882;300;300;1.0;0.746;true
Buteo_jamaicensis_2;1182;882;300;300;1.0;0.746;true
Caiman_croccodilus_1;885;882;3;3;1.0;0.996;true
Caiman_croccodilus_2;885;882;3;3;1.0;0.996;true
Calandrella_brachydactyla_1;873;870;3;3;1.0;0.996;true
Calandrella_brachydactyla_2;873;870;3;3;1.0;0.996;true
Calyptomena_viridis_1;807;807;0;0;1.0;1.0;true
Calyptomena_viridis_2;807;807;0;0;1.0;1.0;true
Capito_niger_1;834;834;0;0;1.0;1.0;true
Capito_niger_2;834;834;0;0;1.0;1.0;true
Caprimulgus_europaeus_1;1182;882;300;300;1.0;0.746;true
Caprimulgus_europaeus_2;1182;882;300;300;1.0;0.746;true
Caracara_cheriway_1;1182;882;300;300;1.0;0.746;true
Caracara_cheriway_2;1182;882;300;300;1.0;0.746;true
Cariama_cristata_1;1182;882;300;300;1.0;0.746;true
Cariama_cristata_2;1182;882;300;300;1.0;0.746;true
Casuarius_bennetti_1;759;759;0;0;1.0;1.0;true
Casuarius_bennetti_2;759;759;0;0;1.0;1.0;true
Cathartes_burrovianus_1;1182;882;300;300;1.0;0.746;true
Cathartes_burrovianus_2;1182;882;300;300;1.0;0.746;true
Centropus_bengalensis_1;1185;882;303;303;1.0;0.744;true
Centropus_bengalensis_2;1185;882;303;303;1.0;0.744;true
Chaetura_brachyura_1;1182;882;300;300;1.0;0.746;true
Chaetura_brachyura_2;1182;882;300;300;1.0;0.746;true
Charadrius_hiaticula_1;900;882;18;18;1.0;0.98;true
Charadrius_hiaticula_2;900;882;18;18;1.0;0.98;true
Chauna_torquata_1;1182;882;300;300;1.0;0.746;true
Chauna_torquata_2;1182;882;300;300;1.0;0.746;true
Chelidoptera_tenebrosa_1;1182;882;300;300;1.0;0.746;true
Chelidoptera_tenebrosa_2;1182;882;300;300;1.0;0.746;true
Chloroceryle_inda_1;1182;882;300;300;1.0;0.746;true
Chloroceryle_inda_2;1182;882;300;300;1.0;0.746;true
Chordeiles_pusillus_1;1185;882;303;303;1.0;0.744;true
Chordeiles_pusillus_2;1185;882;303;303;1.0;0.744;true
Chroicocephalus_cirrocephalus_1;1182;882;300;300;1.0;0.746;true
Chroicocephalus_cirrocephalus_2;1182;882;300;300;1.0;0.746;true
Chunga_burmeisteri_1;1182;882;300;300;1.0;0.746;true
Chunga_burmeisteri_2;1182;882;300;300;1.0;0.746;true
Ciconia_nigra_1;1182;882;300;300;1.0;0.746;true
Ciconia_nigra_2;1182;882;300;300;1.0;0.746;true
Climacteris_melanura_1;777;777;0;0;1.0;1.0;true
Climacteris_melanura_2;777;777;0;0;1.0;1.0;true
Coccyzus_melacoryphus_1;1182;882;300;300;1.0;0.746;true
Coccyzus_melacoryphus_2;1182;882;300;300;1.0;0.746;true
Colinus_cristatus_1;1182;882;300;300;1.0;0.746;true
Colinus_cristatus_2;1182;882;300;300;1.0;0.746;true
Colius_colius_1;753;753;0;0;1.0;1.0;true
Colius_colius_2;753;753;0;0;1.0;1.0;true
Columba_livia_1;1182;882;300;300;1.0;0.746;true
Columba_livia_2;1182;882;300;300;1.0;0.746;true
Columbina_minuta_1;1182;882;300;300;1.0;0.746;true
Columbina_minuta_2;1182;882;300;300;1.0;0.746;true
Coracias_cyanogaster_1;1182;882;300;300;1.0;0.746;true
Coracias_cyanogaster_2;1182;882;300;300;1.0;0.746;true
Corvus_albus_1;792;789;3;3;1.0;0.996;true
Corvus_albus_2;792;789;3;3;1.0;0.996;true
Corythaeola_cristata_1;804;804;0;0;1.0;1.0;true
Corythaeola_cristata_2;804;804;0;0;1.0;1.0;true
Cotinga_cayana_1;867;867;0;0;1.0;1.0;true
Cotinga_cayana_2;867;867;0;0;1.0;1.0;true
Crax_alector_1;1182;882;300;300;1.0;0.746;true
Crax_alector_2;1182;882;300;300;1.0;0.746;true
Crocodylus_porosus_1;1182;882;300;300;1.0;0.746;true
Crocodylus_porosus_2;1182;882;300;300;1.0;0.746;true
Cryptopipo_aenigma_1;576;576;0;0;1.0;1.0;true
Cryptopipo_aenigma_2;576;576;0;0;1.0;1.0;true
Crypturellus_tataupa_1;843;843;0;0;1.0;1.0;true
Crypturellus_tataupa_2;843;843;0;0;1.0;1.0;true
Cuculus_optatus_1;1182;882;300;300;1.0;0.746;true
Cuculus_optatus_2;1182;882;300;300;1.0;0.746;true
Dendrocygna_viduata_1;999;882;117;117;1.0;0.882;true
Dendrocygna_viduata_2;999;882;117;117;1.0;0.882;true
Deroptyus_accipitrinus_1;1182;882;300;300;1.0;0.746;true
Deroptyus_accipitrinus_2;1182;882;300;300;1.0;0.746;true
Dromaius_novaehollandiae_1;1182;882;300;300;1.0;0.746;true
Dromaius_novaehollandiae_2;1182;882;300;300;1.0;0.746;true
Elaenia_flavogaster_1;1182;882;300;300;1.0;0.746;true
Elaenia_flavogaster_2;1182;882;300;300;1.0;0.746;true
Elanus_leucurus_1;807;807;0;0;1.0;1.0;true
Elanus_leucurus_2;807;807;0;0;1.0;1.0;true
Eudromia_elegans_1;1182;882;300;300;1.0;0.746;true
Eudromia_elegans_2;1182;882;300;300;1.0;0.746;true
Eurostopodus_macrotis_1;1182;882;300;300;1.0;0.746;true
Eurostopodus_macrotis_2;1182;882;300;300;1.0;0.746;true
Eurylaimus_ochromalus_1;456;453;3;3;1.0;0.993;true
Eurylaimus_ochromalus_2;456;453;3;3;1.0;0.993;true
Eurypyga_helias_1;831;831;0;0;1.0;1.0;true
Eurypyga_helias_2;831;831;0;0;1.0;1.0;true
Falco_sparverius_1;1182;882;300;300;1.0;0.746;true
Falco_sparverius_2;1182;882;300;300;1.0;0.746;true
Fregata_magnificens_1;840;840;0;0;1.0;1.0;true
Fregata_magnificens_2;840;840;0;0;1.0;1.0;true
Fringilla_coelebs_1;1185;882;303;303;1.0;0.744;true
Fringilla_coelebs_2;1185;882;303;303;1.0;0.744;true
Fulmarus_glacialoides_1;831;831;0;0;1.0;1.0;true
Fulmarus_glacialoides_2;831;831;0;0;1.0;1.0;true
Furnarius_rufus_1;1182;882;300;300;1.0;0.746;true
Furnarius_rufus_2;1182;882;300;300;1.0;0.746;true
Galbula_dea_1;1182;882;300;300;1.0;0.746;true
Galbula_dea_2;1182;882;300;300;1.0;0.746;true
Gallus_gallus_1;1185;882;303;303;1.0;0.744;true
Gallus_gallus_2;1185;882;303;303;1.0;0.744;true
Gavia_immer_1;1182;882;300;300;1.0;0.746;true
Gavia_immer_2;1182;882;300;300;1.0;0.746;true
Glareola_nuchalis_1;1182;882;300;300;1.0;0.746;true
Glareola_nuchalis_2;1182;882;300;300;1.0;0.746;true
Grus_canadensis_1;1182;882;300;300;1.0;0.746;true
Grus_canadensis_2;1182;882;300;300;1.0;0.746;true
Haematopus_palliatus_1;1182;882;300;300;1.0;0.746;true
Haematopus_palliatus_2;1182;882;300;300;1.0;0.746;true
Heliornis_fulica_1;1182;882;300;300;1.0;0.746;true
Heliornis_fulica_2;1182;882;300;300;1.0;0.746;true
Hemiprocne_comata_1;690;690;0;0;1.0;1.0;true
Hemiprocne_comata_2;690;690;0;0;1.0;1.0;true
Hirundinea_ferruginea_1;834;834;0;0;1.0;1.0;true
Hirundinea_ferruginea_2;834;834;0;0;1.0;1.0;true
Hymenops_perspicillatus_1;831;831;0;0;1.0;1.0;true
Hymenops_perspicillatus_2;831;831;0;0;1.0;1.0;true
Ibycter_americanus_1;1182;882;300;300;1.0;0.746;true
Ibycter_americanus_2;1182;882;300;300;1.0;0.746;true
Indicator_exilis_1;1182;882;300;300;1.0;0.746;true
Indicator_exilis_2;1182;882;300;300;1.0;0.746;true
Ixobrychus_minutus_1;921;870;51;51;1.0;0.944;true
Ixobrychus_minutus_2;921;870;51;51;1.0;0.944;true
Jacana_jacana_1;1182;882;300;300;1.0;0.746;true
Jacana_jacana_2;1182;882;300;300;1.0;0.746;true
Jynx_torquilla_1;1182;882;300;300;1.0;0.746;true
Jynx_torquilla_2;1182;882;300;300;1.0;0.746;true
Leipoa_ocellata_1;1182;882;300;300;1.0;0.746;true
Leipoa_ocellata_2;1182;882;300;300;1.0;0.746;true
Lepidocolaptes_angustirostr_1;822;822;0;0;1.0;1.0;true
Lepidocolaptes_angustirostr_2;822;822;0;0;1.0;1.0;true
Leptoptilos_crumeniferus_1;438;438;0;0;1.0;1.0;true
Leptoptilos_crumeniferus_2;438;438;0;0;1.0;1.0;true
Leptosomus_discolor_1;807;807;0;0;1.0;1.0;true
Leptosomus_discolor_2;807;807;0;0;1.0;1.0;true
Leptotila_rufaxilla_1;1182;882;300;300;1.0;0.746;true
Leptotila_rufaxilla_2;1182;882;300;300;1.0;0.746;true
Limosa_lapponica_1;1182;882;300;300;1.0;0.746;true
Limosa_lapponica_2;1182;882;300;300;1.0;0.746;true
Lophorina_superba_1;978;678;300;300;1.0;0.693;true
Lophorina_superba_2;978;678;300;300;1.0;0.693;true
Malurus_splendens_1;498;498;0;0;1.0;1.0;true
Malurus_splendens_2;498;498;0;0;1.0;1.0;true
Megalaima_chrysopogon_1;1182;882;300;300;1.0;0.746;true
Megalaima_chrysopogon_2;1182;882;300;300;1.0;0.746;true
Melanopareia_maximilian_1;774;774;0;0;1.0;1.0;true
Melanopareia_maximilian_2;774;774;0;0;1.0;1.0;true
Menura_novaehollandiae_1;939;882;57;57;1.0;0.939;true
Menura_novaehollandiae_2;939;882;57;57;1.0;0.939;true
Merops_muelleri_1;1182;882;300;300;1.0;0.746;true
Merops_muelleri_2;1182;882;300;300;1.0;0.746;true
Mesitornis_unicolor_1;885;882;3;3;1.0;0.996;true
Mesitornis_unicolor_2;885;882;3;3;1.0;0.996;true
Micrastur_gilvicollis_1;1182;882;300;300;1.0;0.746;true
Micrastur_gilvicollis_2;1182;882;300;300;1.0;0.746;true
Micropygia_schomburgkii_1;1182;882;300;300;1.0;0.746;true
Micropygia_schomburgkii_2;1182;882;300;300;1.0;0.746;true
Momotus_lessonii_1;1182;882;300;300;1.0;0.746;true
Momotus_lessonii_2;1182;882;300;300;1.0;0.746;true
Monias_benschi_1;1182;882;300;300;1.0;0.746;true
Monias_benschi_2;1182;882;300;300;1.0;0.746;true
Morus_serrator_1;1182;882;300;300;1.0;0.746;true
Morus_serrator_2;1182;882;300;300;1.0;0.746;true
Myiobius_barbatus_1;1182;882;300;300;1.0;0.746;true
Myiobius_barbatus_2;1182;882;300;300;1.0;0.746;true
Myrmornis_torquata_1;876;876;0;0;1.0;1.0;true
Myrmornis_torquata_2;876;876;0;0;1.0;1.0;true
Myrmothera_campanisona_1;786;786;0;0;1.0;1.0;true
Myrmothera_campanisona_2;786;786;0;0;1.0;1.0;true
Neodrepanis_coruscans_1;1182;882;300;300;1.0;0.746;true
Neodrepanis_coruscans_2;1182;882;300;300;1.0;0.746;true
Neopelma_chrysocephalum_1;1182;882;300;300;1.0;0.746;true
Neopelma_chrysocephalum_2;1182;882;300;300;1.0;0.746;true
Nestor_meridionalis_1;1182;882;300;300;1.0;0.746;true
Nestor_meridionalis_2;1182;882;300;300;1.0;0.746;true
Nothoprocta_ornata_1;1182;882;300;300;1.0;0.746;true
Nothoprocta_ornata_2;1182;882;300;300;1.0;0.746;true
Numida_malagris_1;1182;882;300;300;1.0;0.746;true
Numida_malagris_2;1182;882;300;300;1.0;0.746;true
Nyctibius_griseus_1;1182;882;300;300;1.0;0.746;true
Nyctibius_griseus_2;1182;882;300;300;1.0;0.746;true
Oceanites_oceanicus_1;1182;882;300;300;1.0;0.746;true
Oceanites_oceanicus_2;1182;882;300;300;1.0;0.746;true
Oceanodroma_leucorhoa_1;882;882;0;0;1.0;1.0;true
Oceanodroma_leucorhoa_2;882;882;0;0;1.0;1.0;true
Odontophorus_gujanensis_1;720;720;0;0;1.0;1.0;true
Odontophorus_gujanensis_2;720;720;0;0;1.0;1.0;true
Opisthocomus_hoazin_1;1182;882;300;300;1.0;0.746;true
Opisthocomus_hoazin_2;1182;882;300;300;1.0;0.746;true
Ortalis_motmot_1;846;846;0;0;1.0;1.0;true
Ortalis_motmot_2;846;846;0;0;1.0;1.0;true
Oxyruncus_cristatus_1;723;723;0;0;1.0;1.0;true
Oxyruncus_cristatus_2;723;723;0;0;1.0;1.0;true
Oxyura_jamaicensis_1;1182;882;300;300;1.0;0.746;true
Oxyura_jamaicensis_2;1182;882;300;300;1.0;0.746;true
Pandion_haliaetus_1;450;450;0;0;1.0;1.0;true
Pandion_haliaetus_2;450;450;0;0;1.0;1.0;true
Pedionomus_torquatus_1;1182;882;300;300;1.0;0.746;true
Pedionomus_torquatus_2;1182;882;300;300;1.0;0.746;true
Pelagodroma_marina_1;708;708;0;0;1.0;1.0;true
Pelagodroma_marina_2;708;708;0;0;1.0;1.0;true
Pelecanoides_urinatrix_1;990;690;300;300;1.0;0.696;true
Pelecanoides_urinatrix_2;990;690;300;300;1.0;0.696;true
Pelecanus_occidentalis_1;1182;882;300;300;1.0;0.746;true
Pelecanus_occidentalis_2;1182;882;300;300;1.0;0.746;true
Phaethon_rubricauda_1;825;825;0;0;1.0;1.0;true
Phaethon_rubricauda_2;825;825;0;0;1.0;1.0;true
Phaethornis_superciliosus_1;1125;825;300;300;1.0;0.733;true
Phaethornis_superciliosus_2;1125;825;300;300;1.0;0.733;true
Phalacrocorax_brasili_1;1182;882;300;300;1.0;0.746;true
Phalacrocorax_brasili_2;1182;882;300;300;1.0;0.746;true
Phoebastria_nigripes_1;897;882;15;15;1.0;0.983;true
Phoebastria_nigripes_2;897;882;15;15;1.0;0.983;true
Phoenicopterus_ruber_1;600;600;0;0;1.0;1.0;true
Phoenicopterus_ruber_2;600;600;0;0;1.0;1.0;true
Phoeniculus_purpureus_1;648;645;3;3;1.0;0.995;true
Phoeniculus_purpureus_2;648;645;3;3;1.0;0.995;true
Picus_canus_1;1182;882;300;300;1.0;0.746;true
Picus_canus_2;1182;882;300;300;1.0;0.746;true
Pipra_erythrocephala_1;1182;882;300;300;1.0;0.746;true
Pipra_erythrocephala_2;1182;882;300;300;1.0;0.746;true
Piprites_chloris_1;1182;882;300;300;1.0;0.746;true
Piprites_chloris_2;1182;882;300;300;1.0;0.746;true
Pitta_angolensis_1;612;612;0;0;1.0;1.0;true
Pitta_angolensis_2;612;612;0;0;1.0;1.0;true
Podargus_strigoides_1;1182;882;300;300;1.0;0.746;true
Podargus_strigoides_2;1182;882;300;300;1.0;0.746;true
Poecile_lugubris_1;672;669;3;3;1.0;0.995;true
Poecile_lugubris_2;672;669;3;3;1.0;0.995;true
Porphyrio_porphyrio_1;1182;882;300;300;1.0;0.746;true
Porphyrio_porphyrio_2;1182;882;300;300;1.0;0.746;true
Probosciger_aterrimus_1;1182;882;300;300;1.0;0.746;true
Probosciger_aterrimus_2;1182;882;300;300;1.0;0.746;true
Psittacus_erithacus_1;1182;882;300;300;1.0;0.746;true
Psittacus_erithacus_2;1182;882;300;300;1.0;0.746;true
Psittrichas_fulgidus_1;1182;882;300;300;1.0;0.746;true
Psittrichas_fulgidus_2;1182;882;300;300;1.0;0.746;true
Psophia_crepitans_1;1182;882;300;300;1.0;0.746;true
Psophia_crepitans_2;1182;882;300;300;1.0;0.746;true
Pterocles_bicinctus_1;1182;882;300;300;1.0;0.746;true
Pterocles_bicinctus_2;1182;882;300;300;1.0;0.746;true
Pterodroma_externa_1;1182;882;300;300;1.0;0.746;true
Pterodroma_externa_2;1182;882;300;300;1.0;0.746;true
Ptilinopus_magnificus_1;1182;882;300;300;1.0;0.746;true
Ptilinopus_magnificus_2;1182;882;300;300;1.0;0.746;true
Ptilonorhynchus_violaceus_1;1182;882;300;300;1.0;0.746;true
Ptilonorhynchus_violaceus_2;1182;882;300;300;1.0;0.746;true
Puffinus_griseus_1;1182;882;300;300;1.0;0.746;true
Puffinus_griseus_2;1182;882;300;300;1.0;0.746;true
Pycnonotus_macrotis_1;1185;882;303;303;1.0;0.744;true
Pycnonotus_macrotis_2;1185;882;303;303;1.0;0.744;true
Rallus_longirostris_1;441;141;300;300;1.0;0.319;true
Rallus_longirostris_2;441;141;300;300;1.0;0.319;true
Ramphastos_ambiguus_1;1182;882;300;300;1.0;0.746;true
Ramphastos_ambiguus_2;1182;882;300;300;1.0;0.746;true
Recurvirostra_americana_1;936;882;54;54;1.0;0.942;true
Recurvirostra_americana_2;936;882;54;54;1.0;0.942;true
Regulus_ignicapilla_1;1185;882;303;303;1.0;0.744;true
Regulus_ignicapilla_2;1185;882;303;303;1.0;0.744;true
Rhea_americana_1;852;852;0;0;1.0;1.0;true
Rhea_americana_2;852;852;0;0;1.0;1.0;true
Rhynchocyclus_olivaceus_1;903;882;21;21;1.0;0.976;true
Rhynchocyclus_olivaceus_2;903;882;21;21;1.0;0.976;true
Rollandia_rolland_1;960;882;78;78;1.0;0.918;true
Rollandia_rolland_2;960;882;78;78;1.0;0.918;true
Rollulus_rouloul_1;636;636;0;0;1.0;1.0;true
Rollulus_rouloul_2;636;636;0;0;1.0;1.0;true
Rostratula_benghalensis_1;807;807;0;0;1.0;1.0;true
Rostratula_benghalensis_2;807;807;0;0;1.0;1.0;true
Rupicola_rupicola_1;645;645;0;0;1.0;1.0;true
Rupicola_rupicola_2;645;645;0;0;1.0;1.0;true
Rynchops_niger_1;1182;882;300;300;1.0;0.746;true
Rynchops_niger_2;1182;882;300;300;1.0;0.746;true
Sagittarius_serpentarius_1;1182;882;300;300;1.0;0.746;true
Sagittarius_serpentarius_2;1182;882;300;300;1.0;0.746;true
Sarothrura_rufa_1;765;765;0;0;1.0;1.0;true
Sarothrura_rufa_2;765;765;0;0;1.0;1.0;true
Schiffornis_turdina_1;399;399;0;0;1.0;1.0;true
Schiffornis_turdina_2;399;399;0;0;1.0;1.0;true
Sclerurus_mexicanus_1;1182;882;300;300;1.0;0.746;true
Sclerurus_mexicanus_2;1182;882;300;300;1.0;0.746;true
Scopus_umbretta_1;747;747;0;0;1.0;1.0;true
Scopus_umbretta_2;747;747;0;0;1.0;1.0;true
Sericulus_bakeri_1;1182;882;300;300;1.0;0.746;true
Sericulus_bakeri_2;1182;882;300;300;1.0;0.746;true
Smithornis_rufolateralis_1;1182;882;300;300;1.0;0.746;true
Smithornis_rufolateralis_2;1182;882;300;300;1.0;0.746;true
Spheniscus_humboldti_1;969;882;87;87;1.0;0.91;true
Spheniscus_humboldti_2;969;882;87;87;1.0;0.91;true
Spizella_arborea_1;561;558;3;3;1.0;0.994;true
Spizella_arborea_2;561;558;3;3;1.0;0.994;true
Steatornis_caripensi_1;285;243;42;42;1.0;0.852;true
Steatornis_caripensi_2;285;243;42;42;1.0;0.852;true
Sterna_hirundo_1;1182;882;300;300;1.0;0.746;true
Sterna_hirundo_2;1182;882;300;300;1.0;0.746;true
Streptoprocne_zonaris_1;831;831;0;0;1.0;1.0;true
Streptoprocne_zonaris_2;831;831;0;0;1.0;1.0;true
Strix_varia_1;384;0;384;384;0.0;0.0;false
Strix_varia_2;384;0;384;384;0.0;0.0;false
Struthio_camelus_1;690;690;0;0;1.0;1.0;true
Struthio_camelus_2;690;690;0;0;1.0;1.0;true
Sylvia_melanocephala_1;675;672;3;3;1.0;0.995;true
Sylvia_melanocephala_2;675;672;3;3;1.0;0.995;true
Syrrhaptes_paradoxus_1;837;837;0;0;1.0;1.0;true
Syrrhaptes_paradoxus_2;837;837;0;0;1.0;1.0;true
Tapera_naevia_1;408;0;408;408;0.0;0.0;false
Tapera_naevia_2;408;0;408;408;0.0;0.0;false
Tauraco_macrorhynchus_1;1182;882;300;300;1.0;0.746;true
Tauraco_macrorhynchus_2;1182;882;300;300;1.0;0.746;true
Terenura_callinota_1;1182;882;300;300;1.0;0.746;true
Terenura_callinota_2;1182;882;300;300;1.0;0.746;true
Thamnophilus_ruficapillu_1;657;657;0;0;1.0;1.0;true
Thamnophilus_ruficapillu_2;657;657;0;0;1.0;1.0;true
Theristicus_caerulescens_1;1182;882;300;300;1.0;0.746;true
Theristicus_caerulescens_2;1182;882;300;300;1.0;0.746;true
Tigrisoma_lineatum_1;864;864;0;0;1.0;1.0;true
Tigrisoma_lineatum_2;864;864;0;0;1.0;1.0;true
Tinamus_major_1;1182;882;300;300;1.0;0.746;true
Tinamus_major_2;1182;882;300;300;1.0;0.746;true
Tityra_cayana_1;609;609;0;0;1.0;1.0;true
Tityra_cayana_2;609;609;0;0;1.0;1.0;true
Tockus_camurus_1;1182;882;300;300;1.0;0.746;true
Tockus_camurus_2;1182;882;300;300;1.0;0.746;true
Todus_mexicanus_1;1182;882;300;300;1.0;0.746;true
Todus_mexicanus_2;1182;882;300;300;1.0;0.746;true
Topaza_pella_1;684;684;0;0;1.0;1.0;true
Topaza_pella_2;684;684;0;0;1.0;1.0;true
Treron_calvus_1;1182;882;300;300;1.0;0.746;true
Treron_calvus_2;1182;882;300;300;1.0;0.746;true
Tringa_solitaria_1;1182;882;300;300;1.0;0.746;true
Tringa_solitaria_2;1182;882;300;300;1.0;0.746;true
Trogon_elegans_1;1182;882;300;300;1.0;0.746;true
Trogon_elegans_2;1182;882;300;300;1.0;0.746;true
Turdus_olivater_1;1185;882;303;303;1.0;0.744;true
Turdus_olivater_2;1185;882;303;303;1.0;0.744;true
Turnix_ocellata_1;894;882;12;12;1.0;0.986;true
Turnix_ocellata_2;894;882;12;12;1.0;0.986;true
Tyrannus_albogularis_1;1182;882;300;300;1.0;0.746;true
Tyrannus_albogularis_2;1182;882;300;300;1.0;0.746;true
Upupa_epops_1;534;531;3;3;1.0;0.994;true
Upupa_epops_2;534;531;3;3;1.0;0.994;true
Uria_aalge_1;1182;882;300;300;1.0;0.746;true
Uria_aalge_2;1182;882;300;300;1.0;0.746;true
Urocolius_indicus_1;1182;882;300;300;1.0;0.746;true
Urocolius_indicus_2;1182;882;300;300;1.0;0.746;true
Vultur_gryphus_1;531;531;0;0;1.0;1.0;true
Vultur_gryphus_2;531;531;0;0;1.0;1.0;true
