seqName;initialSeqLength;nbKeep;nbTrim;nbInformativeTrim;percentKeepExcludingExtremities;percentKeepIncludingExtremities;keptSequences
Acanthisitta_chloris_1;210;210;0;0;1.0;1.0;true
Acanthisitta_chloris_2;210;210;0;0;1.0;1.0;true
Aegotheles_insignis_1;210;210;0;0;1.0;1.0;true
Aegotheles_insignis_2;210;210;0;0;1.0;1.0;true
Anhinga_anhinga_1;204;204;0;0;1.0;1.0;true
Anhinga_anhinga_2;204;204;0;0;1.0;1.0;true
Apaloderma_aequatoriale_1;210;210;0;0;1.0;1.0;true
Apaloderma_aequatoriale_2;210;210;0;0;1.0;1.0;true
Archilochus_colubris_1;210;210;0;0;1.0;1.0;true
Archilochus_colubris_2;210;210;0;0;1.0;1.0;true
Ardea_herodias_1;210;210;0;0;1.0;1.0;true
Ardea_herodias_2;210;210;0;0;1.0;1.0;true
Atelornis_pittoides_1;210;210;0;0;1.0;1.0;true
Atelornis_pittoides_2;210;210;0;0;1.0;1.0;true
Bucco_capensis_1;210;210;0;0;1.0;1.0;true
Bucco_capensis_2;210;210;0;0;1.0;1.0;true
Caprimulgus_europaeus_1;210;210;0;0;1.0;1.0;true
Caprimulgus_europaeus_2;210;210;0;0;1.0;1.0;true
Casuarius_bennetti_1;222;207;15;15;1.0;0.932;true
Casuarius_bennetti_2;222;207;15;15;1.0;0.932;true
Chauna_torquata_1;207;207;0;0;1.0;1.0;true
Chauna_torquata_2;207;207;0;0;1.0;1.0;true
Chelidoptera_tenebrosa_1;210;210;0;0;1.0;1.0;true
Chelidoptera_tenebrosa_2;210;210;0;0;1.0;1.0;true
Chordeiles_pusillus_1;210;210;0;0;1.0;1.0;true
Chordeiles_pusillus_2;210;210;0;0;1.0;1.0;true
Chunga_burmeisteri_1;210;210;0;0;1.0;1.0;true
Chunga_burmeisteri_2;210;210;0;0;1.0;1.0;true
Ciconia_nigra_1;210;210;0;0;1.0;1.0;true
Ciconia_nigra_2;210;210;0;0;1.0;1.0;true
Columba_livia_1;204;204;0;0;1.0;1.0;true
Columba_livia_2;204;204;0;0;1.0;1.0;true
Columbina_minuta_1;210;210;0;0;1.0;1.0;true
Columbina_minuta_2;210;210;0;0;1.0;1.0;true
Cotinga_cayana_1;210;210;0;0;1.0;1.0;true
Cotinga_cayana_2;210;210;0;0;1.0;1.0;true
Crax_alector_1;204;204;0;0;1.0;1.0;true
Crax_alector_2;204;204;0;0;1.0;1.0;true
Cryptopipo_aenigma_1;210;210;0;0;1.0;1.0;true
Cryptopipo_aenigma_2;210;210;0;0;1.0;1.0;true
Cuculus_optatus_1;210;210;0;0;1.0;1.0;true
Cuculus_optatus_2;210;210;0;0;1.0;1.0;true
Dromaius_novaehollandiae_1;222;207;15;15;1.0;0.932;true
Dromaius_novaehollandiae_2;222;207;15;15;1.0;0.932;true
Eurypyga_helias_1;210;210;0;0;1.0;1.0;true
Eurypyga_helias_2;210;210;0;0;1.0;1.0;true
Furnarius_rufus_1;213;210;3;3;1.0;0.985;true
Furnarius_rufus_2;213;210;3;3;1.0;0.985;true
Galbula_dea_1;210;210;0;0;1.0;1.0;true
Galbula_dea_2;210;210;0;0;1.0;1.0;true
Glareola_nuchalis_1;210;210;0;0;1.0;1.0;true
Glareola_nuchalis_2;210;210;0;0;1.0;1.0;true
Grus_canadensis_1;210;210;0;0;1.0;1.0;true
Grus_canadensis_2;210;210;0;0;1.0;1.0;true
Haematopus_palliatus_1;210;210;0;0;1.0;1.0;true
Haematopus_palliatus_2;210;210;0;0;1.0;1.0;true
Heliornis_fulica_1;210;210;0;0;1.0;1.0;true
Heliornis_fulica_2;210;210;0;0;1.0;1.0;true
Hirundinea_ferruginea_1;204;204;0;0;1.0;1.0;true
Hirundinea_ferruginea_2;204;204;0;0;1.0;1.0;true
Lepidocolaptes_angustirostr_1;210;210;0;0;1.0;1.0;true
Lepidocolaptes_angustirostr_2;210;210;0;0;1.0;1.0;true
Leptoptilos_crumeniferus_1;210;210;0;0;1.0;1.0;true
Leptoptilos_crumeniferus_2;210;210;0;0;1.0;1.0;true
Leptotila_rufaxilla_1;210;210;0;0;1.0;1.0;true
Leptotila_rufaxilla_2;210;210;0;0;1.0;1.0;true
Megalaima_chrysopogon_1;210;210;0;0;1.0;1.0;true
Megalaima_chrysopogon_2;210;210;0;0;1.0;1.0;true
Menura_novaehollandiae_1;210;210;0;0;1.0;1.0;true
Menura_novaehollandiae_2;210;210;0;0;1.0;1.0;true
Micrastur_gilvicollis_1;210;210;0;0;1.0;1.0;true
Micrastur_gilvicollis_2;210;210;0;0;1.0;1.0;true
Monias_benschi_1;303;210;93;93;1.0;0.693;true
Monias_benschi_2;303;210;93;93;1.0;0.693;true
Morus_serrator_1;210;210;0;0;1.0;1.0;true
Morus_serrator_2;210;210;0;0;1.0;1.0;true
Neodrepanis_coruscans_1;210;210;0;0;1.0;1.0;true
Neodrepanis_coruscans_2;210;210;0;0;1.0;1.0;true
Neopelma_chrysocephalum_1;210;210;0;0;1.0;1.0;true
Neopelma_chrysocephalum_2;210;210;0;0;1.0;1.0;true
Nyctibius_griseus_1;204;204;0;0;1.0;1.0;true
Nyctibius_griseus_2;204;204;0;0;1.0;1.0;true
Oxyruncus_cristatus_1;210;210;0;0;1.0;1.0;true
Oxyruncus_cristatus_2;210;210;0;0;1.0;1.0;true
Pedionomus_torquatus_1;204;204;0;0;1.0;1.0;true
Pedionomus_torquatus_2;204;204;0;0;1.0;1.0;true
Phaethon_rubricauda_1;210;210;0;0;1.0;1.0;true
Phaethon_rubricauda_2;210;210;0;0;1.0;1.0;true
Phoeniculus_purpureus_1;210;210;0;0;1.0;1.0;true
Phoeniculus_purpureus_2;210;210;0;0;1.0;1.0;true
Podargus_strigoides_1;210;210;0;0;1.0;1.0;true
Podargus_strigoides_2;210;210;0;0;1.0;1.0;true
Porphyrio_porphyrio_1;210;210;0;0;1.0;1.0;true
Porphyrio_porphyrio_2;210;210;0;0;1.0;1.0;true
Psittrichas_fulgidus_1;210;210;0;0;1.0;1.0;true
Psittrichas_fulgidus_2;210;210;0;0;1.0;1.0;true
Pterocles_bicinctus_1;210;210;0;0;1.0;1.0;true
Pterocles_bicinctus_2;210;210;0;0;1.0;1.0;true
Ptilinopus_magnificus_1;204;204;0;0;1.0;1.0;true
Ptilinopus_magnificus_2;204;204;0;0;1.0;1.0;true
Ptilonorhynchus_violaceus_1;210;210;0;0;1.0;1.0;true
Ptilonorhynchus_violaceus_2;210;210;0;0;1.0;1.0;true
Rallus_longirostris_1;210;210;0;0;1.0;1.0;true
Rallus_longirostris_2;210;210;0;0;1.0;1.0;true
Recurvirostra_americana_1;210;210;0;0;1.0;1.0;true
Recurvirostra_americana_2;210;210;0;0;1.0;1.0;true
Schiffornis_turdina_1;210;210;0;0;1.0;1.0;true
Schiffornis_turdina_2;210;210;0;0;1.0;1.0;true
Sclerurus_mexicanus_1;321;210;111;111;1.0;0.654;true
Sclerurus_mexicanus_2;321;210;111;111;1.0;0.654;true
Sericulus_bakeri_1;210;210;0;0;1.0;1.0;true
Sericulus_bakeri_2;210;210;0;0;1.0;1.0;true
Smithornis_rufolateralis_1;210;210;0;0;1.0;1.0;true
Smithornis_rufolateralis_2;210;210;0;0;1.0;1.0;true
Syrrhaptes_paradoxus_1;210;210;0;0;1.0;1.0;true
Syrrhaptes_paradoxus_2;210;210;0;0;1.0;1.0;true
Tapera_naevia_1;204;204;0;0;1.0;1.0;true
Tapera_naevia_2;204;204;0;0;1.0;1.0;true
Todus_mexicanus_1;210;210;0;0;1.0;1.0;true
Todus_mexicanus_2;210;210;0;0;1.0;1.0;true
Tringa_solitaria_1;210;210;0;0;1.0;1.0;true
Tringa_solitaria_2;210;210;0;0;1.0;1.0;true
Tyto_alba_1;210;210;0;0;1.0;1.0;true
Tyto_alba_2;210;210;0;0;1.0;1.0;true
Uria_aalge_1;210;210;0;0;1.0;1.0;true
Uria_aalge_2;210;210;0;0;1.0;1.0;true
