seqName;initialSeqLength;nbKeep;nbTrim;nbInformativeTrim;percentKeepExcludingExtremities;percentKeepIncludingExtremities;keptSequences
Acanthisitta_chloris_1;2043;1740;303;303;1.0;0.851;true
Acanthisitta_chloris_2;2043;1740;303;303;1.0;0.851;true
Accipiter_superciliosus_1;1794;1740;54;54;1.0;0.969;true
Accipiter_superciliosus_2;1794;1740;54;54;1.0;0.969;true
Aegotheles_insignis_1;1884;1743;141;141;1.0;0.925;true
Aegotheles_insignis_2;1884;1743;141;141;1.0;0.925;true
Alcedo_quadribrachys_1;1806;1743;63;63;1.0;0.965;true
Alcedo_quadribrachys_2;1806;1743;63;63;1.0;0.965;true
Anas_superciliosa_1;1641;1641;0;0;1.0;1.0;true
Anas_superciliosa_2;1641;1641;0;0;1.0;1.0;true
Anhinga_anhinga_1;1896;1743;153;153;1.0;0.919;true
Anhinga_anhinga_2;1896;1743;153;153;1.0;0.919;true
Anser_canagicus_1;1782;1716;66;66;1.0;0.962;true
Anser_canagicus_2;1782;1716;66;66;1.0;0.962;true
Anseranas_semipalmata_1;2010;1743;267;267;1.0;0.867;true
Anseranas_semipalmata_2;2010;1743;267;267;1.0;0.867;true
Apaloderma_aequatoriale_1;1896;1743;153;153;1.0;0.919;true
Apaloderma_aequatoriale_2;1896;1743;153;153;1.0;0.919;true
Apteryx_sp._1;1800;1743;57;57;1.0;0.968;true
Apteryx_sp._2;1800;1743;57;57;1.0;0.968;true
Aramus_guarauna_1;1866;1743;123;123;1.0;0.934;true
Aramus_guarauna_2;1866;1743;123;123;1.0;0.934;true
Archilochus_colubris_1;1728;1701;27;27;1.0;0.984;true
Archilochus_colubris_2;1728;1701;27;27;1.0;0.984;true
Ardea_herodias_1;1803;1731;72;72;1.0;0.96;true
Ardea_herodias_2;1803;1731;72;72;1.0;0.96;true
Ardeotis_kori_1;1881;1743;138;138;1.0;0.926;true
Ardeotis_kori_2;1881;1743;138;138;1.0;0.926;true
Arenaria_interpres_1;1752;1701;51;51;1.0;0.97;true
Arenaria_interpres_2;1752;1701;51;51;1.0;0.97;true
Atelornis_pittoides_1;1878;1740;138;138;1.0;0.926;true
Atelornis_pittoides_2;1878;1740;138;138;1.0;0.926;true
Aythya_valisineria_1;1935;1743;192;192;1.0;0.9;true
Aythya_valisineria_2;1935;1743;192;192;1.0;0.9;true
Balaeniceps_rex_1;2028;1743;285;285;1.0;0.859;true
Balaeniceps_rex_2;2028;1743;285;285;1.0;0.859;true
Balearica_regulorum_1;645;645;0;0;1.0;1.0;true
Balearica_regulorum_2;645;645;0;0;1.0;1.0;true
Barnardius_zonarius_1;1833;1740;93;93;1.0;0.949;true
Barnardius_zonarius_2;1833;1740;93;93;1.0;0.949;true
Bonasa_umbellus_1;1860;1743;117;117;1.0;0.937;true
Bonasa_umbellus_2;1860;1743;117;117;1.0;0.937;true
Buccanodon_duchaillui_1;1956;1749;207;207;1.0;0.894;true
Buccanodon_duchaillui_2;1956;1749;207;207;1.0;0.894;true
Bucco_capensis_1;1995;1740;255;255;1.0;0.872;true
Bucco_capensis_2;1995;1740;255;255;1.0;0.872;true
Bucorvus_leadbeateri_1;1890;1722;168;168;1.0;0.911;true
Bucorvus_leadbeateri_2;1890;1722;168;168;1.0;0.911;true
Burhinus_oedicnemus_1;1923;1743;180;180;1.0;0.906;true
Burhinus_oedicnemus_2;1923;1743;180;180;1.0;0.906;true
Buteo_jamaicensis_1;1923;1740;183;183;1.0;0.904;true
Buteo_jamaicensis_2;1923;1740;183;183;1.0;0.904;true
Caiman_croccodilus_1;1785;1740;45;45;1.0;0.974;true
Caiman_croccodilus_2;1785;1740;45;45;1.0;0.974;true
Calandrella_brachydactyla_1;1650;1632;18;18;1.0;0.989;true
Calandrella_brachydactyla_2;1650;1632;18;18;1.0;0.989;true
Calyptomena_viridis_1;1725;1719;6;6;1.0;0.996;true
Calyptomena_viridis_2;1725;1719;6;6;1.0;0.996;true
Capito_niger_1;786;786;0;0;1.0;1.0;true
Capito_niger_2;786;786;0;0;1.0;1.0;true
Caprimulgus_europaeus_1;2025;1743;282;282;1.0;0.86;true
Caprimulgus_europaeus_2;2025;1743;282;282;1.0;0.86;true
Caracara_cheriway_1;1941;1743;198;198;1.0;0.897;true
Caracara_cheriway_2;1941;1743;198;198;1.0;0.897;true
Cariama_cristata_1;1911;1743;168;168;1.0;0.912;true
Cariama_cristata_2;1911;1743;168;168;1.0;0.912;true
Casuarius_bennetti_1;1974;1743;231;231;1.0;0.882;true
Casuarius_bennetti_2;1974;1743;231;231;1.0;0.882;true
Cathartes_burrovianus_1;1506;1449;57;57;1.0;0.962;true
Cathartes_burrovianus_2;1506;1449;57;57;1.0;0.962;true
Centropus_bengalensis_1;1947;1743;204;204;1.0;0.895;true
Centropus_bengalensis_2;1947;1743;204;204;1.0;0.895;true
Chaetura_brachyura_1;1845;1743;102;102;1.0;0.944;true
Chaetura_brachyura_2;1845;1743;102;102;1.0;0.944;true
Charadrius_hiaticula_1;1545;1494;51;51;1.0;0.966;true
Charadrius_hiaticula_2;1545;1494;51;51;1.0;0.966;true
Chauna_torquata_1;1977;1743;234;234;1.0;0.881;true
Chauna_torquata_2;1977;1743;234;234;1.0;0.881;true
Chelidoptera_tenebrosa_1;1638;1635;3;3;0.998;0.998;true
Chelidoptera_tenebrosa_2;1638;1635;3;3;0.998;0.998;true
Chloroceryle_inda_1;1833;1743;90;90;1.0;0.95;true
Chloroceryle_inda_2;1833;1743;90;90;1.0;0.95;true
Chordeiles_pusillus_1;1923;1743;180;180;1.0;0.906;true
Chordeiles_pusillus_2;1923;1743;180;180;1.0;0.906;true
Chroicocephalus_cirrocephalus_1;1068;1068;0;0;1.0;1.0;true
Chroicocephalus_cirrocephalus_2;1068;1068;0;0;1.0;1.0;true
Chunga_burmeisteri_1;2004;1743;261;261;1.0;0.869;true
Chunga_burmeisteri_2;2004;1743;261;261;1.0;0.869;true
Ciconia_nigra_1;1839;1743;96;96;1.0;0.947;true
Ciconia_nigra_2;1839;1743;96;96;1.0;0.947;true
Climacteris_melanura_1;1752;1719;33;33;1.0;0.981;true
Climacteris_melanura_2;1752;1719;33;33;1.0;0.981;true
Coccyzus_melacoryphus_1;1740;1704;36;36;1.0;0.979;true
Coccyzus_melacoryphus_2;1740;1704;36;36;1.0;0.979;true
Colinus_cristatus_1;1233;1233;0;0;1.0;1.0;true
Colinus_cristatus_2;1233;1233;0;0;1.0;1.0;true
Colius_colius_1;1578;1578;0;0;1.0;1.0;true
Colius_colius_2;1578;1578;0;0;1.0;1.0;true
Columba_livia_1;1890;1743;147;147;1.0;0.922;true
Columba_livia_2;1890;1743;147;147;1.0;0.922;true
Columbina_minuta_1;1770;1740;30;30;1.0;0.983;true
Columbina_minuta_2;1770;1740;30;30;1.0;0.983;true
Coracias_cyanogaster_1;1977;1743;234;234;1.0;0.881;true
Coracias_cyanogaster_2;1977;1743;234;234;1.0;0.881;true
Corvus_albus_1;1893;1740;153;153;1.0;0.919;true
Corvus_albus_2;1893;1740;153;153;1.0;0.919;true
Corythaeola_cristata_1;1782;1737;45;45;1.0;0.974;true
Corythaeola_cristata_2;1782;1737;45;45;1.0;0.974;true
Cotinga_cayana_1;1881;1740;141;141;1.0;0.925;true
Cotinga_cayana_2;1881;1740;141;141;1.0;0.925;true
Crax_alector_1;1896;1743;153;153;1.0;0.919;true
Crax_alector_2;1896;1743;153;153;1.0;0.919;true
Crocodylus_porosus_1;1920;1740;180;180;1.0;0.906;true
Crocodylus_porosus_2;1920;1740;180;180;1.0;0.906;true
Cryptopipo_aenigma_1;1389;1389;0;0;1.0;1.0;true
Cryptopipo_aenigma_2;1389;1389;0;0;1.0;1.0;true
Crypturellus_tataupa_1;1608;1464;144;144;1.0;0.91;true
Crypturellus_tataupa_2;1608;1464;144;144;1.0;0.91;true
Cuculus_optatus_1;1950;1743;207;207;1.0;0.893;true
Cuculus_optatus_2;1950;1743;207;207;1.0;0.893;true
Dendrocygna_viduata_1;1473;1473;0;0;1.0;1.0;true
Dendrocygna_viduata_2;1473;1473;0;0;1.0;1.0;true
Deroptyus_accipitrinus_1;1911;1740;171;171;1.0;0.91;true
Deroptyus_accipitrinus_2;1911;1740;171;171;1.0;0.91;true
Dromaius_novaehollandiae_1;1905;1743;162;162;1.0;0.914;true
Dromaius_novaehollandiae_2;1905;1743;162;162;1.0;0.914;true
Elaenia_flavogaster_1;1917;1740;177;177;1.0;0.907;true
Elaenia_flavogaster_2;1917;1740;177;177;1.0;0.907;true
Elanus_leucurus_1;1818;1740;78;78;1.0;0.957;true
Elanus_leucurus_2;1818;1740;78;78;1.0;0.957;true
Eudromia_elegans_1;2073;1743;330;330;1.0;0.84;true
Eudromia_elegans_2;2073;1743;330;330;1.0;0.84;true
Eurostopodus_macrotis_1;1860;1743;117;117;1.0;0.937;true
Eurostopodus_macrotis_2;1860;1743;117;117;1.0;0.937;true
Eurylaimus_ochromalus_1;1326;1311;15;15;1.0;0.988;true
Eurylaimus_ochromalus_2;1326;1311;15;15;1.0;0.988;true
Eurypyga_helias_1;756;756;0;0;1.0;1.0;true
Eurypyga_helias_2;756;756;0;0;1.0;1.0;true
Falco_sparverius_1;1971;1746;225;225;1.0;0.885;true
Falco_sparverius_2;1971;1746;225;225;1.0;0.885;true
Fregata_magnificens_1;1344;1344;0;0;1.0;1.0;true
Fregata_magnificens_2;1344;1344;0;0;1.0;1.0;true
Fringilla_coelebs_1;1809;1704;105;105;1.0;0.941;true
Fringilla_coelebs_2;1809;1704;105;105;1.0;0.941;true
Fulmarus_glacialoides_1;1914;1743;171;171;1.0;0.91;true
Fulmarus_glacialoides_2;1914;1743;171;171;1.0;0.91;true
Furnarius_rufus_1;1722;1707;15;15;1.0;0.991;true
Furnarius_rufus_2;1722;1707;15;15;1.0;0.991;true
Galbula_dea_1;2250;1734;516;516;1.0;0.77;true
Galbula_dea_2;2250;1734;516;516;1.0;0.77;true
Gallus_gallus_1;2037;1743;294;294;1.0;0.855;true
Gallus_gallus_2;2037;1743;294;294;1.0;0.855;true
Gavia_immer_1;1878;1743;135;135;1.0;0.928;true
Gavia_immer_2;1878;1743;135;135;1.0;0.928;true
Glareola_nuchalis_1;1944;1743;201;201;1.0;0.896;true
Glareola_nuchalis_2;1944;1743;201;201;1.0;0.896;true
Grus_canadensis_1;1707;1707;0;0;1.0;1.0;true
Grus_canadensis_2;1707;1707;0;0;1.0;1.0;true
Haematopus_palliatus_1;1986;1746;240;240;1.0;0.879;true
Haematopus_palliatus_2;1986;1746;240;240;1.0;0.879;true
Heliornis_fulica_1;1953;1743;210;210;1.0;0.892;true
Heliornis_fulica_2;1953;1743;210;210;1.0;0.892;true
Hemiprocne_comata_1;1899;1743;156;156;1.0;0.917;true
Hemiprocne_comata_2;1899;1743;156;156;1.0;0.917;true
Hirundinea_ferruginea_1;1839;1740;99;99;1.0;0.946;true
Hirundinea_ferruginea_2;1839;1740;99;99;1.0;0.946;true
Hymenops_perspicillatus_1;1701;1662;39;39;1.0;0.977;true
Hymenops_perspicillatus_2;1701;1662;39;39;1.0;0.977;true
Ibycter_americanus_1;1893;1743;150;150;1.0;0.92;true
Ibycter_americanus_2;1893;1743;150;150;1.0;0.92;true
Indicator_exilis_1;1842;1734;108;108;1.0;0.941;true
Indicator_exilis_2;1842;1734;108;108;1.0;0.941;true
Ixobrychus_minutus_1;957;906;51;51;1.0;0.946;true
Ixobrychus_minutus_2;957;906;51;51;1.0;0.946;true
Jacana_jacana_1;1809;1743;66;66;1.0;0.963;true
Jacana_jacana_2;1809;1743;66;66;1.0;0.963;true
Jynx_torquilla_1;1698;1578;120;120;1.0;0.929;true
Jynx_torquilla_2;1698;1578;120;120;1.0;0.929;true
Leipoa_ocellata_1;1875;1743;132;132;1.0;0.929;true
Leipoa_ocellata_2;1875;1743;132;132;1.0;0.929;true
Lepidocolaptes_angustirostr_1;1731;1683;48;48;1.0;0.972;true
Lepidocolaptes_angustirostr_2;1731;1683;48;48;1.0;0.972;true
Leptoptilos_crumeniferus_1;1758;1737;21;21;1.0;0.988;true
Leptoptilos_crumeniferus_2;1758;1737;21;21;1.0;0.988;true
Leptosomus_discolor_1;1788;1743;45;45;1.0;0.974;true
Leptosomus_discolor_2;1788;1743;45;45;1.0;0.974;true
Leptotila_rufaxilla_1;1854;1743;111;111;1.0;0.94;true
Leptotila_rufaxilla_2;1854;1743;111;111;1.0;0.94;true
Limosa_lapponica_1;1830;1740;90;90;1.0;0.95;true
Limosa_lapponica_2;1830;1740;90;90;1.0;0.95;true
Lophorina_superba_1;885;885;0;0;1.0;1.0;true
Lophorina_superba_2;885;885;0;0;1.0;1.0;true
Malurus_splendens_1;1080;1053;27;27;1.0;0.975;true
Malurus_splendens_2;1080;1053;27;27;1.0;0.975;true
Megalaima_chrysopogon_1;603;603;0;0;1.0;1.0;true
Megalaima_chrysopogon_2;603;603;0;0;1.0;1.0;true
Melanopareia_maximilian_1;1893;1740;153;153;1.0;0.919;true
Melanopareia_maximilian_2;1893;1740;153;153;1.0;0.919;true
Menura_novaehollandiae_1;1866;1740;126;126;1.0;0.932;true
Menura_novaehollandiae_2;1866;1740;126;126;1.0;0.932;true
Merops_muelleri_1;2058;1743;315;315;1.0;0.846;true
Merops_muelleri_2;2058;1743;315;315;1.0;0.846;true
Mesitornis_unicolor_1;1692;1686;6;6;1.0;0.996;true
Mesitornis_unicolor_2;1692;1686;6;6;1.0;0.996;true
Micrastur_gilvicollis_1;1800;1743;57;57;1.0;0.968;true
Micrastur_gilvicollis_2;1800;1743;57;57;1.0;0.968;true
Micropygia_schomburgkii_1;2022;1743;279;279;1.0;0.862;true
Micropygia_schomburgkii_2;2022;1743;279;279;1.0;0.862;true
Momotus_lessonii_1;1866;1743;123;123;1.0;0.934;true
Momotus_lessonii_2;1866;1743;123;123;1.0;0.934;true
Monias_benschi_1;1947;1743;204;204;1.0;0.895;true
Monias_benschi_2;1947;1743;204;204;1.0;0.895;true
Morus_serrator_1;2025;1743;282;282;1.0;0.86;true
Morus_serrator_2;2025;1743;282;282;1.0;0.86;true
Myiobius_barbatus_1;933;912;21;21;1.0;0.977;true
Myiobius_barbatus_2;933;912;21;21;1.0;0.977;true
Myrmornis_torquata_1;1692;1692;0;0;1.0;1.0;true
Myrmornis_torquata_2;1692;1692;0;0;1.0;1.0;true
Myrmothera_campanisona_1;1416;1347;69;69;1.0;0.951;true
Myrmothera_campanisona_2;1416;1347;69;69;1.0;0.951;true
Neodrepanis_coruscans_1;1710;1665;45;45;1.0;0.973;true
Neodrepanis_coruscans_2;1710;1665;45;45;1.0;0.973;true
Neopelma_chrysocephalum_1;1848;1740;108;108;1.0;0.941;true
Neopelma_chrysocephalum_2;1848;1740;108;108;1.0;0.941;true
Nestor_meridionalis_1;1722;1662;60;60;1.0;0.965;true
Nestor_meridionalis_2;1722;1662;60;60;1.0;0.965;true
Nothoprocta_ornata_1;1929;1743;186;186;1.0;0.903;true
Nothoprocta_ornata_2;1929;1743;186;186;1.0;0.903;true
Numida_malagris_1;1896;1743;153;153;1.0;0.919;true
Numida_malagris_2;1896;1743;153;153;1.0;0.919;true
Nyctibius_griseus_1;2253;1740;513;513;1.0;0.772;true
Nyctibius_griseus_2;2253;1740;513;513;1.0;0.772;true
Oceanites_oceanicus_1;1974;1743;231;231;1.0;0.882;true
Oceanites_oceanicus_2;1974;1743;231;231;1.0;0.882;true
Oceanodroma_leucorhoa_1;1758;1692;66;66;1.0;0.962;true
Oceanodroma_leucorhoa_2;1758;1692;66;66;1.0;0.962;true
Odontophorus_gujanensis_1;1674;1518;156;156;1.0;0.906;true
Odontophorus_gujanensis_2;1674;1518;156;156;1.0;0.906;true
Opisthocomus_hoazin_1;1764;1743;21;21;1.0;0.988;true
Opisthocomus_hoazin_2;1764;1743;21;21;1.0;0.988;true
Ortalis_motmot_1;1839;1743;96;96;1.0;0.947;true
Ortalis_motmot_2;1839;1743;96;96;1.0;0.947;true
Oxyruncus_cristatus_1;1581;1581;0;0;1.0;1.0;true
Oxyruncus_cristatus_2;1581;1581;0;0;1.0;1.0;true
Oxyura_jamaicensis_1;1824;1743;81;81;1.0;0.955;true
Oxyura_jamaicensis_2;1824;1743;81;81;1.0;0.955;true
Pandion_haliaetus_1;1767;1740;27;27;1.0;0.984;true
Pandion_haliaetus_2;1767;1740;27;27;1.0;0.984;true
Pedionomus_torquatus_1;2112;1746;366;366;1.0;0.826;true
Pedionomus_torquatus_2;2112;1746;366;366;1.0;0.826;true
Pelagodroma_marina_1;1020;1020;0;0;1.0;1.0;true
Pelagodroma_marina_2;1020;1020;0;0;1.0;1.0;true
Pelecanoides_urinatrix_1;1770;1743;27;27;1.0;0.984;true
Pelecanoides_urinatrix_2;1770;1743;27;27;1.0;0.984;true
Pelecanus_occidentalis_1;1629;1620;9;9;1.0;0.994;true
Pelecanus_occidentalis_2;1629;1620;9;9;1.0;0.994;true
Phaethon_rubricauda_1;1995;1743;252;252;1.0;0.873;true
Phaethon_rubricauda_2;1995;1743;252;252;1.0;0.873;true
Phaethornis_superciliosus_1;1869;1743;126;126;1.0;0.932;true
Phaethornis_superciliosus_2;1869;1743;126;126;1.0;0.932;true
Phalacrocorax_brasili_1;1842;1743;99;99;1.0;0.946;true
Phalacrocorax_brasili_2;1842;1743;99;99;1.0;0.946;true
Phoebastria_nigripes_1;1914;1743;171;171;1.0;0.91;true
Phoebastria_nigripes_2;1914;1743;171;171;1.0;0.91;true
Phoenicopterus_ruber_1;1848;1743;105;105;1.0;0.943;true
Phoenicopterus_ruber_2;1848;1743;105;105;1.0;0.943;true
Phoeniculus_purpureus_1;1728;1701;27;27;1.0;0.984;true
Phoeniculus_purpureus_2;1728;1701;27;27;1.0;0.984;true
Picus_canus_1;585;585;0;0;1.0;1.0;true
Picus_canus_2;585;585;0;0;1.0;1.0;true
Pipra_erythrocephala_1;1905;1740;165;165;1.0;0.913;true
Pipra_erythrocephala_2;1905;1740;165;165;1.0;0.913;true
Piprites_chloris_1;1965;1743;222;222;1.0;0.887;true
Piprites_chloris_2;1965;1743;222;222;1.0;0.887;true
Pitta_angolensis_1;423;405;18;18;0.957;0.957;true
Pitta_angolensis_2;423;405;18;18;0.957;0.957;true
Podargus_strigoides_1;1962;1743;219;219;1.0;0.888;true
Podargus_strigoides_2;1962;1743;219;219;1.0;0.888;true
Poecile_lugubris_1;876;876;0;0;1.0;1.0;true
Poecile_lugubris_2;876;876;0;0;1.0;1.0;true
Porphyrio_porphyrio_1;1974;1746;228;228;1.0;0.884;true
Porphyrio_porphyrio_2;1974;1746;228;228;1.0;0.884;true
Probosciger_aterrimus_1;1771;1717;54;54;1.0;0.969;true
Probosciger_aterrimus_2;1771;1717;54;54;1.0;0.969;true
Psittacus_erithacus_1;1902;1740;162;162;1.0;0.914;true
Psittacus_erithacus_2;1902;1740;162;162;1.0;0.914;true
Psittrichas_fulgidus_1;1893;1740;153;153;1.0;0.919;true
Psittrichas_fulgidus_2;1893;1740;153;153;1.0;0.919;true
Psophia_crepitans_1;1932;1743;189;189;1.0;0.902;true
Psophia_crepitans_2;1932;1743;189;189;1.0;0.902;true
Pterocles_bicinctus_1;1629;1470;159;159;1.0;0.902;true
Pterocles_bicinctus_2;1629;1470;159;159;1.0;0.902;true
Pterodroma_externa_1;1632;1512;120;120;1.0;0.926;true
Pterodroma_externa_2;1632;1512;120;120;1.0;0.926;true
Ptilinopus_magnificus_1;2061;1743;318;318;1.0;0.845;true
Ptilinopus_magnificus_2;2061;1743;318;318;1.0;0.845;true
Ptilonorhynchus_violaceus_1;1293;1287;6;6;1.0;0.995;true
Ptilonorhynchus_violaceus_2;1293;1287;6;6;1.0;0.995;true
Puffinus_griseus_1;1083;1083;0;0;1.0;1.0;true
Puffinus_griseus_2;1083;1083;0;0;1.0;1.0;true
Pycnonotus_macrotis_1;1761;1740;21;21;1.0;0.988;true
Pycnonotus_macrotis_2;1761;1740;21;21;1.0;0.988;true
Rallus_longirostris_1;414;414;0;0;1.0;1.0;true
Rallus_longirostris_2;414;414;0;0;1.0;1.0;true
Ramphastos_ambiguus_1;1956;1746;210;210;1.0;0.892;true
Ramphastos_ambiguus_2;1956;1746;210;210;1.0;0.892;true
Recurvirostra_americana_1;1758;1674;84;84;1.0;0.952;true
Recurvirostra_americana_2;1758;1674;84;84;1.0;0.952;true
Regulus_ignicapilla_1;1959;1740;219;219;1.0;0.888;true
Regulus_ignicapilla_2;1959;1740;219;219;1.0;0.888;true
Rhea_americana_1;1671;1653;18;18;1.0;0.989;true
Rhea_americana_2;1671;1653;18;18;1.0;0.989;true
Rhynchocyclus_olivaceus_1;1782;1716;66;66;1.0;0.962;true
Rhynchocyclus_olivaceus_2;1782;1716;66;66;1.0;0.962;true
Rollandia_rolland_1;1845;1743;102;102;1.0;0.944;true
Rollandia_rolland_2;1845;1743;102;102;1.0;0.944;true
Rollulus_rouloul_1;1746;1716;30;30;1.0;0.982;true
Rollulus_rouloul_2;1746;1716;30;30;1.0;0.982;true
Rostratula_benghalensis_1;1494;1479;15;15;1.0;0.989;true
Rostratula_benghalensis_2;1494;1479;15;15;1.0;0.989;true
Rupicola_rupicola_1;1914;1740;174;174;1.0;0.909;true
Rupicola_rupicola_2;1914;1740;174;174;1.0;0.909;true
Rynchops_niger_1;1872;1743;129;129;1.0;0.931;true
Rynchops_niger_2;1872;1743;129;129;1.0;0.931;true
Sagittarius_serpentarius_1;1041;945;96;96;1.0;0.907;true
Sagittarius_serpentarius_2;1041;945;96;96;1.0;0.907;true
Sarothrura_rufa_1;786;786;0;0;1.0;1.0;true
Sarothrura_rufa_2;786;786;0;0;1.0;1.0;true
Schiffornis_turdina_1;1275;1275;0;0;1.0;1.0;true
Schiffornis_turdina_2;1275;1275;0;0;1.0;1.0;true
Sclerurus_mexicanus_1;1746;1683;63;63;1.0;0.963;true
Sclerurus_mexicanus_2;1746;1683;63;63;1.0;0.963;true
Scopus_umbretta_1;1725;1722;3;3;1.0;0.998;true
Scopus_umbretta_2;1725;1722;3;3;1.0;0.998;true
Sericulus_bakeri_1;2043;1740;303;303;1.0;0.851;true
Sericulus_bakeri_2;2043;1740;303;303;1.0;0.851;true
Smithornis_rufolateralis_1;1884;1740;144;144;1.0;0.923;true
Smithornis_rufolateralis_2;1884;1740;144;144;1.0;0.923;true
Spheniscus_humboldti_1;1182;1182;0;0;1.0;1.0;true
Spheniscus_humboldti_2;1182;1182;0;0;1.0;1.0;true
Spizella_arborea_1;1029;948;81;81;1.0;0.921;true
Spizella_arborea_2;1029;948;81;81;1.0;0.921;true
Steatornis_caripensi_1;375;375;0;0;1.0;1.0;true
Steatornis_caripensi_2;375;375;0;0;1.0;1.0;true
Sterna_hirundo_1;1941;1743;198;198;1.0;0.897;true
Sterna_hirundo_2;1941;1743;198;198;1.0;0.897;true
Streptoprocne_zonaris_1;921;870;51;51;1.0;0.944;true
Streptoprocne_zonaris_2;921;870;51;51;1.0;0.944;true
Strix_varia_1;909;873;36;36;1.0;0.96;true
Strix_varia_2;909;873;36;36;1.0;0.96;true
Struthio_camelus_1;1266;1263;3;3;1.0;0.997;true
Struthio_camelus_2;1266;1263;3;3;1.0;0.997;true
Sylvia_melanocephala_1;1833;1740;93;93;1.0;0.949;true
Sylvia_melanocephala_2;1833;1740;93;93;1.0;0.949;true
Syrrhaptes_paradoxus_1;1554;1527;27;27;1.0;0.982;true
Syrrhaptes_paradoxus_2;1554;1527;27;27;1.0;0.982;true
Tapera_naevia_1;1920;1743;177;177;1.0;0.907;true
Tapera_naevia_2;1920;1743;177;177;1.0;0.907;true
Tauraco_macrorhynchus_1;939;936;3;3;1.0;0.996;true
Tauraco_macrorhynchus_2;939;936;3;3;1.0;0.996;true
Terenura_callinota_1;1722;1713;9;9;1.0;0.994;true
Terenura_callinota_2;1722;1713;9;9;1.0;0.994;true
Thamnophilus_ruficapillu_1;1509;1455;54;54;1.0;0.964;true
Thamnophilus_ruficapillu_2;1509;1455;54;54;1.0;0.964;true
Theristicus_caerulescens_1;1839;1743;96;96;1.0;0.947;true
Theristicus_caerulescens_2;1839;1743;96;96;1.0;0.947;true
Tigrisoma_lineatum_1;1671;1635;36;36;1.0;0.978;true
Tigrisoma_lineatum_2;1671;1635;36;36;1.0;0.978;true
Tinamus_major_1;1236;1236;0;0;1.0;1.0;true
Tinamus_major_2;1236;1236;0;0;1.0;1.0;true
Tityra_cayana_1;1479;1479;0;0;1.0;1.0;true
Tityra_cayana_2;1479;1479;0;0;1.0;1.0;true
Tockus_camurus_1;1806;1740;66;66;1.0;0.963;true
Tockus_camurus_2;1806;1740;66;66;1.0;0.963;true
Todus_mexicanus_1;1893;1743;150;150;1.0;0.92;true
Todus_mexicanus_2;1893;1743;150;150;1.0;0.92;true
Topaza_pella_1;1740;1734;6;6;1.0;0.996;true
Topaza_pella_2;1740;1734;6;6;1.0;0.996;true
Treron_calvus_1;1836;1743;93;93;1.0;0.949;true
Treron_calvus_2;1836;1743;93;93;1.0;0.949;true
Tringa_solitaria_1;1935;1743;192;192;1.0;0.9;true
Tringa_solitaria_2;1935;1743;192;192;1.0;0.9;true
Trogon_elegans_1;1935;1743;192;192;1.0;0.9;true
Trogon_elegans_2;1935;1743;192;192;1.0;0.9;true
Turdus_olivater_1;1905;1740;165;165;1.0;0.913;true
Turdus_olivater_2;1905;1740;165;165;1.0;0.913;true
Turnix_ocellata_1;1389;1380;9;9;1.0;0.993;true
Turnix_ocellata_2;1389;1380;9;9;1.0;0.993;true
Tyrannus_albogularis_1;1851;1740;111;111;1.0;0.94;true
Tyrannus_albogularis_2;1851;1740;111;111;1.0;0.94;true
Tyto_alba_1;627;627;0;0;1.0;1.0;true
Tyto_alba_2;627;627;0;0;1.0;1.0;true
Upupa_epops_1;789;750;39;39;1.0;0.95;true
Upupa_epops_2;789;750;39;39;1.0;0.95;true
Uria_aalge_1;1851;1743;108;108;1.0;0.941;true
Uria_aalge_2;1851;1743;108;108;1.0;0.941;true
Urocolius_indicus_1;906;855;51;51;1.0;0.943;true
Urocolius_indicus_2;906;855;51;51;1.0;0.943;true
Vultur_gryphus_1;882;723;159;159;1.0;0.819;true
Vultur_gryphus_2;882;723;159;159;1.0;0.819;true
