seqName;initialSeqLength;nbKeep;nbTrim;nbInformativeTrim;percentHomologExcludingExtremities;percentHomologIncludingExtremities;keptSequences
Acanthisitta_chloris_1;1163;1163;0;0;1.0;1.0;true
Acanthisitta_chloris_2;1163;1163;0;0;1.0;1.0;true
Accipiter_superciliosus_1;684;684;0;0;1.0;1.0;true
Accipiter_superciliosus_2;684;684;0;0;1.0;1.0;true
Aegotheles_insignis_1;1301;1301;0;0;1.0;1.0;true
Aegotheles_insignis_2;1301;1301;0;0;1.0;1.0;true
Alcedo_quadribrachys_1;1184;1184;0;0;1.0;1.0;true
Alcedo_quadribrachys_2;1184;1184;0;0;1.0;1.0;true
Anas_superciliosa_1;912;912;0;0;1.0;1.0;true
Anas_superciliosa_2;912;912;0;0;1.0;1.0;true
Anhinga_anhinga_1;1148;1148;0;0;1.0;1.0;true
Anhinga_anhinga_2;1148;1148;0;0;1.0;1.0;true
Anser_canagicus_1;1020;1020;0;0;1.0;1.0;true
Anser_canagicus_2;1020;1020;0;0;1.0;1.0;true
Anseranas_semipalmata_1;1077;1077;0;0;1.0;1.0;true
Anseranas_semipalmata_2;1077;1077;0;0;1.0;1.0;true
Apaloderma_aequatoriale_1;1125;1125;0;0;1.0;1.0;true
Apaloderma_aequatoriale_2;1125;1125;0;0;1.0;1.0;true
Apteryx_sp._1;492;492;0;0;1.0;1.0;true
Apteryx_sp._2;492;492;0;0;1.0;1.0;true
Aramus_guarauna_1;711;711;0;0;1.0;1.0;true
Aramus_guarauna_2;711;711;0;0;1.0;1.0;true
Archilochus_colubris_1;1188;1188;0;0;1.0;1.0;true
Archilochus_colubris_2;1188;1188;0;0;1.0;1.0;true
Ardea_herodias_1;1122;1122;0;0;1.0;1.0;true
Ardea_herodias_2;1122;1122;0;0;1.0;1.0;true
Ardeotis_kori_1;1119;1119;0;0;1.0;1.0;true
Ardeotis_kori_2;1119;1119;0;0;1.0;1.0;true
Arenaria_interpres_1;477;477;0;0;1.0;1.0;true
Arenaria_interpres_2;477;477;0;0;1.0;1.0;true
Atelornis_pittoides_1;1122;1122;0;0;1.0;1.0;true
Atelornis_pittoides_2;1122;1122;0;0;1.0;1.0;true
Aythya_valisineria_1;1005;1005;0;0;1.0;1.0;true
Aythya_valisineria_2;1005;1005;0;0;1.0;1.0;true
Balaeniceps_rex_1;1029;1029;0;0;1.0;1.0;true
Balaeniceps_rex_2;1029;1029;0;0;1.0;1.0;true
Balearica_regulorum_1;489;489;0;0;1.0;1.0;true
Balearica_regulorum_2;489;489;0;0;1.0;1.0;true
Barnardius_zonarius_1;753;753;0;0;1.0;1.0;true
Barnardius_zonarius_2;753;753;0;0;1.0;1.0;true
Bonasa_umbellus_1;1083;1083;0;0;1.0;1.0;true
Bonasa_umbellus_2;1083;1083;0;0;1.0;1.0;true
Buccanodon_duchaillui_1;855;855;0;0;1.0;1.0;true
Buccanodon_duchaillui_2;855;855;0;0;1.0;1.0;true
Bucco_capensis_1;822;822;0;0;1.0;1.0;true
Bucco_capensis_2;822;822;0;0;1.0;1.0;true
Bucorvus_leadbeateri_1;978;978;0;0;1.0;1.0;true
Bucorvus_leadbeateri_2;978;978;0;0;1.0;1.0;true
Burhinus_oedicnemus_1;1017;1017;0;0;1.0;1.0;true
Burhinus_oedicnemus_2;1017;1017;0;0;1.0;1.0;true
Buteo_jamaicensis_1;1104;1104;0;0;1.0;1.0;true
Buteo_jamaicensis_2;1104;1104;0;0;1.0;1.0;true
Caiman_croccodilus_1;1029;1029;0;0;1.0;1.0;true
Caiman_croccodilus_2;1029;1029;0;0;1.0;1.0;true
Calandrella_brachydactyla_1;1120;1120;0;0;1.0;1.0;true
Calandrella_brachydactyla_2;1120;1120;0;0;1.0;1.0;true
Calyptomena_viridis_1;690;690;0;0;1.0;1.0;true
Calyptomena_viridis_2;690;690;0;0;1.0;1.0;true
Capito_niger_1;540;540;0;0;1.0;1.0;true
Capito_niger_2;540;540;0;0;1.0;1.0;true
Caprimulgus_europaeus_1;1166;1166;0;0;1.0;1.0;true
Caprimulgus_europaeus_2;1166;1166;0;0;1.0;1.0;true
Caracara_cheriway_1;690;690;0;0;1.0;1.0;true
Caracara_cheriway_2;690;690;0;0;1.0;1.0;true
Cariama_cristata_1;1164;1164;0;0;1.0;1.0;true
Cariama_cristata_2;1164;1164;0;0;1.0;1.0;true
Casuarius_bennetti_1;1152;1152;0;0;1.0;1.0;true
Casuarius_bennetti_2;1152;1152;0;0;1.0;1.0;true
Cathartes_burrovianus_1;609;609;0;0;1.0;1.0;true
Cathartes_burrovianus_2;609;609;0;0;1.0;1.0;true
Centropus_bengalensis_1;1221;1221;0;0;1.0;1.0;true
Centropus_bengalensis_2;1221;1221;0;0;1.0;1.0;true
Chaetura_brachyura_1;1158;1158;0;0;1.0;1.0;true
Chaetura_brachyura_2;1158;1158;0;0;1.0;1.0;true
Charadrius_hiaticula_1;966;966;0;0;1.0;1.0;true
Charadrius_hiaticula_2;966;966;0;0;1.0;1.0;true
Chauna_torquata_1;1134;1134;0;0;1.0;1.0;true
Chauna_torquata_2;1134;1134;0;0;1.0;1.0;true
Chelidoptera_tenebrosa_1;915;915;0;0;1.0;1.0;true
Chelidoptera_tenebrosa_2;915;915;0;0;1.0;1.0;true
Chloroceryle_inda_1;963;963;0;0;1.0;1.0;true
Chloroceryle_inda_2;963;963;0;0;1.0;1.0;true
Chordeiles_pusillus_1;1089;1089;0;0;1.0;1.0;true
Chordeiles_pusillus_2;1089;1089;0;0;1.0;1.0;true
Chroicocephalus_cirrocephalus_1;357;357;0;0;1.0;1.0;true
Chroicocephalus_cirrocephalus_2;357;357;0;0;1.0;1.0;true
Chunga_burmeisteri_1;1222;1222;0;0;1.0;1.0;true
Chunga_burmeisteri_2;1222;1222;0;0;1.0;1.0;true
Ciconia_nigra_1;900;900;0;0;1.0;1.0;true
Ciconia_nigra_2;900;900;0;0;1.0;1.0;true
Climacteris_melanura_1;1248;1248;0;0;1.0;1.0;true
Climacteris_melanura_2;1248;1248;0;0;1.0;1.0;true
Coccyzus_melacoryphus_1;984;984;0;0;1.0;1.0;true
Coccyzus_melacoryphus_2;984;984;0;0;1.0;1.0;true
Colinus_cristatus_1;558;558;0;0;1.0;1.0;true
Colinus_cristatus_2;558;558;0;0;1.0;1.0;true
Colius_colius_1;1259;1259;0;0;1.0;1.0;true
Colius_colius_2;1259;1259;0;0;1.0;1.0;true
Columba_livia_1;873;873;0;0;1.0;1.0;true
Columba_livia_2;873;873;0;0;1.0;1.0;true
Columbina_minuta_1;681;681;0;0;1.0;1.0;true
Columbina_minuta_2;681;681;0;0;1.0;1.0;true
Coracias_cyanogaster_1;1274;1274;0;0;1.0;1.0;true
Coracias_cyanogaster_2;1274;1274;0;0;1.0;1.0;true
Corvus_albus_1;565;565;0;0;1.0;1.0;true
Corvus_albus_2;565;565;0;0;1.0;1.0;true
Corythaeola_cristata_1;741;741;0;0;1.0;1.0;true
Corythaeola_cristata_2;741;741;0;0;1.0;1.0;true
Cotinga_cayana_1;942;942;0;0;1.0;1.0;true
Cotinga_cayana_2;942;942;0;0;1.0;1.0;true
Crax_alector_1;1189;1189;0;0;1.0;1.0;true
Crax_alector_2;1189;1189;0;0;1.0;1.0;true
Crocodylus_porosus_1;815;815;0;0;1.0;1.0;true
Crocodylus_porosus_2;815;815;0;0;1.0;1.0;true
Cryptopipo_aenigma_1;744;744;0;0;1.0;1.0;true
Cryptopipo_aenigma_2;744;744;0;0;1.0;1.0;true
Crypturellus_tataupa_1;666;666;0;0;1.0;1.0;true
Crypturellus_tataupa_2;666;666;0;0;1.0;1.0;true
Cuculus_optatus_1;1134;1134;0;0;1.0;1.0;true
Cuculus_optatus_2;1134;1134;0;0;1.0;1.0;true
Deroptyus_accipitrinus_1;465;465;0;0;1.0;1.0;true
Deroptyus_accipitrinus_2;465;465;0;0;1.0;1.0;true
Dromaius_novaehollandiae_1;1020;1020;0;0;1.0;1.0;true
Dromaius_novaehollandiae_2;1020;1020;0;0;1.0;1.0;true
Elaenia_flavogaster_1;1026;1026;0;0;1.0;1.0;true
Elaenia_flavogaster_2;1026;1026;0;0;1.0;1.0;true
Elanus_leucurus_1;1071;1071;0;0;1.0;1.0;true
Elanus_leucurus_2;1071;1071;0;0;1.0;1.0;true
Eudromia_elegans_1;951;951;0;0;1.0;1.0;true
Eudromia_elegans_2;951;951;0;0;1.0;1.0;true
Eurostopodus_macrotis_1;1110;1110;0;0;1.0;1.0;true
Eurostopodus_macrotis_2;1110;1110;0;0;1.0;1.0;true
Eurylaimus_ochromalus_1;644;644;0;0;1.0;1.0;true
Eurylaimus_ochromalus_2;644;644;0;0;1.0;1.0;true
Eurypyga_helias_1;510;510;0;0;1.0;1.0;true
Eurypyga_helias_2;510;510;0;0;1.0;1.0;true
Falco_sparverius_1;1246;1246;0;0;1.0;1.0;true
Falco_sparverius_2;1246;1246;0;0;1.0;1.0;true
Fregata_magnificens_1;957;957;0;0;1.0;1.0;true
Fregata_magnificens_2;957;957;0;0;1.0;1.0;true
Fringilla_coelebs_1;1076;1076;0;0;1.0;1.0;true
Fringilla_coelebs_2;1076;1076;0;0;1.0;1.0;true
Fulmarus_glacialoides_1;942;942;0;0;1.0;1.0;true
Fulmarus_glacialoides_2;942;942;0;0;1.0;1.0;true
Furnarius_rufus_1;1020;1020;0;0;1.0;1.0;true
Furnarius_rufus_2;1020;1020;0;0;1.0;1.0;true
Galbula_dea_1;1191;1191;0;0;1.0;1.0;true
Galbula_dea_2;1191;1191;0;0;1.0;1.0;true
Gallus_gallus_1;1074;1074;0;0;1.0;1.0;true
Gallus_gallus_2;1074;1074;0;0;1.0;1.0;true
Gavia_immer_1;1077;1077;0;0;1.0;1.0;true
Gavia_immer_2;1077;1077;0;0;1.0;1.0;true
Glareola_nuchalis_1;1038;1038;0;0;1.0;1.0;true
Glareola_nuchalis_2;1038;1038;0;0;1.0;1.0;true
Grus_canadensis_1;1095;1095;0;0;1.0;1.0;true
Grus_canadensis_2;1095;1095;0;0;1.0;1.0;true
Haematopus_palliatus_1;1152;1152;0;0;1.0;1.0;true
Haematopus_palliatus_2;1152;1152;0;0;1.0;1.0;true
Heliornis_fulica_1;1177;1177;0;0;1.0;1.0;true
Heliornis_fulica_2;1177;1177;0;0;1.0;1.0;true
Hemiprocne_comata_1;1194;1194;0;0;1.0;1.0;true
Hemiprocne_comata_2;1194;1194;0;0;1.0;1.0;true
Hirundinea_ferruginea_1;1005;1005;0;0;1.0;1.0;true
Hirundinea_ferruginea_2;1005;1005;0;0;1.0;1.0;true
Hymenops_perspicillatus_1;891;891;0;0;1.0;1.0;true
Hymenops_perspicillatus_2;891;891;0;0;1.0;1.0;true
Ibycter_americanus_1;894;894;0;0;1.0;1.0;true
Ibycter_americanus_2;894;894;0;0;1.0;1.0;true
Indicator_exilis_1;1122;1122;0;0;1.0;1.0;true
Indicator_exilis_2;1122;1122;0;0;1.0;1.0;true
Ixobrychus_minutus_1;840;840;0;0;1.0;1.0;true
Ixobrychus_minutus_2;840;840;0;0;1.0;1.0;true
Jacana_jacana_1;966;966;0;0;1.0;1.0;true
Jacana_jacana_2;966;966;0;0;1.0;1.0;true
Jynx_torquilla_1;1161;1161;0;0;1.0;1.0;true
Jynx_torquilla_2;1161;1161;0;0;1.0;1.0;true
Leipoa_ocellata_1;1041;1041;0;0;1.0;1.0;true
Leipoa_ocellata_2;1041;1041;0;0;1.0;1.0;true
Lepidocolaptes_angustirostr_1;702;702;0;0;1.0;1.0;true
Lepidocolaptes_angustirostr_2;702;702;0;0;1.0;1.0;true
Leptoptilos_crumeniferus_1;955;955;0;0;1.0;1.0;true
Leptoptilos_crumeniferus_2;955;955;0;0;1.0;1.0;true
Leptosomus_discolor_1;321;321;0;0;1.0;1.0;true
Leptosomus_discolor_2;321;321;0;0;1.0;1.0;true
Leptotila_rufaxilla_1;1195;1195;0;0;1.0;1.0;true
Leptotila_rufaxilla_2;1195;1195;0;0;1.0;1.0;true
Limosa_lapponica_1;771;771;0;0;1.0;1.0;true
Limosa_lapponica_2;771;771;0;0;1.0;1.0;true
Lophorina_superba_1;699;699;0;0;1.0;1.0;true
Lophorina_superba_2;699;699;0;0;1.0;1.0;true
Malurus_splendens_1;291;291;0;0;1.0;1.0;true
Malurus_splendens_2;291;291;0;0;1.0;1.0;true
Megalaima_chrysopogon_1;1122;1122;0;0;1.0;1.0;true
Megalaima_chrysopogon_2;1122;1122;0;0;1.0;1.0;true
Melanopareia_maximilian_1;1032;1032;0;0;1.0;1.0;true
Melanopareia_maximilian_2;1032;1032;0;0;1.0;1.0;true
Menura_novaehollandiae_1;909;909;0;0;1.0;1.0;true
Menura_novaehollandiae_2;909;909;0;0;1.0;1.0;true
Merops_muelleri_1;639;639;0;0;1.0;1.0;true
Merops_muelleri_2;639;639;0;0;1.0;1.0;true
Mesitornis_unicolor_1;552;552;0;0;1.0;1.0;true
Mesitornis_unicolor_2;552;552;0;0;1.0;1.0;true
Micrastur_gilvicollis_1;1116;1116;0;0;1.0;1.0;true
Micrastur_gilvicollis_2;1116;1116;0;0;1.0;1.0;true
Micropygia_schomburgkii_1;1002;1002;0;0;1.0;1.0;true
Micropygia_schomburgkii_2;1002;1002;0;0;1.0;1.0;true
Momotus_lessonii_1;1020;1020;0;0;1.0;1.0;true
Momotus_lessonii_2;1020;1020;0;0;1.0;1.0;true
Monias_benschi_1;1083;1083;0;0;1.0;1.0;true
Monias_benschi_2;1083;1083;0;0;1.0;1.0;true
Morus_serrator_1;1086;1086;0;0;1.0;1.0;true
Morus_serrator_2;1086;1086;0;0;1.0;1.0;true
Myiobius_barbatus_1;1217;1217;0;0;1.0;1.0;true
Myiobius_barbatus_2;1217;1217;0;0;1.0;1.0;true
Myrmornis_torquata_1;870;870;0;0;1.0;1.0;true
Myrmornis_torquata_2;870;870;0;0;1.0;1.0;true
Myrmothera_campanisona_1;558;558;0;0;1.0;1.0;true
Myrmothera_campanisona_2;558;558;0;0;1.0;1.0;true
Neodrepanis_coruscans_1;857;857;0;0;1.0;1.0;true
Neodrepanis_coruscans_2;857;857;0;0;1.0;1.0;true
Neopelma_chrysocephalum_1;1171;1171;0;0;1.0;1.0;true
Neopelma_chrysocephalum_2;1171;1171;0;0;1.0;1.0;true
Nestor_meridionalis_1;1154;1154;0;0;1.0;1.0;true
Nestor_meridionalis_2;1154;1154;0;0;1.0;1.0;true
Nothoprocta_ornata_1;696;696;0;0;1.0;1.0;true
Nothoprocta_ornata_2;696;696;0;0;1.0;1.0;true
Numida_malagris_1;1107;1107;0;0;1.0;1.0;true
Numida_malagris_2;1107;1107;0;0;1.0;1.0;true
Nyctibius_griseus_1;1265;1265;0;0;1.0;1.0;true
Nyctibius_griseus_2;1265;1265;0;0;1.0;1.0;true
Oceanites_oceanicus_1;1104;1104;0;0;1.0;1.0;true
Oceanites_oceanicus_2;1104;1104;0;0;1.0;1.0;true
Oceanodroma_leucorhoa_1;396;396;0;0;1.0;1.0;true
Oceanodroma_leucorhoa_2;396;396;0;0;1.0;1.0;true
Odontophorus_gujanensis_1;1074;1074;0;0;1.0;1.0;true
Odontophorus_gujanensis_2;1074;1074;0;0;1.0;1.0;true
Opisthocomus_hoazin_1;1029;1029;0;0;1.0;1.0;true
Opisthocomus_hoazin_2;1029;1029;0;0;1.0;1.0;true
Ortalis_motmot_1;532;532;0;0;1.0;1.0;true
Ortalis_motmot_2;532;532;0;0;1.0;1.0;true
Oxyruncus_cristatus_1;855;855;0;0;1.0;1.0;true
Oxyruncus_cristatus_2;855;855;0;0;1.0;1.0;true
Oxyura_jamaicensis_1;1224;1224;0;0;1.0;1.0;true
Oxyura_jamaicensis_2;1224;1224;0;0;1.0;1.0;true
Pandion_haliaetus_1;810;810;0;0;1.0;1.0;true
Pandion_haliaetus_2;810;810;0;0;1.0;1.0;true
Pedionomus_torquatus_1;1197;1197;0;0;1.0;1.0;true
Pedionomus_torquatus_2;1197;1197;0;0;1.0;1.0;true
Pelagodroma_marina_1;1062;1062;0;0;1.0;1.0;true
Pelagodroma_marina_2;1062;1062;0;0;1.0;1.0;true
Pelecanoides_urinatrix_1;555;555;0;0;1.0;1.0;true
Pelecanoides_urinatrix_2;555;555;0;0;1.0;1.0;true
Pelecanus_occidentalis_1;1059;1059;0;0;1.0;1.0;true
Pelecanus_occidentalis_2;1059;1059;0;0;1.0;1.0;true
Phaethon_rubricauda_1;1147;1147;0;0;1.0;1.0;true
Phaethon_rubricauda_2;1147;1147;0;0;1.0;1.0;true
Phaethornis_superciliosus_1;711;711;0;0;1.0;1.0;true
Phaethornis_superciliosus_2;711;711;0;0;1.0;1.0;true
Phalacrocorax_brasili_1;1190;1190;0;0;1.0;1.0;true
Phalacrocorax_brasili_2;1190;1190;0;0;1.0;1.0;true
Phoebastria_nigripes_1;1165;1165;0;0;1.0;1.0;true
Phoebastria_nigripes_2;1165;1165;0;0;1.0;1.0;true
Phoenicopterus_ruber_1;486;486;0;0;1.0;1.0;true
Phoenicopterus_ruber_2;486;486;0;0;1.0;1.0;true
Phoeniculus_purpureus_1;1008;1008;0;0;1.0;1.0;true
Phoeniculus_purpureus_2;1008;1008;0;0;1.0;1.0;true
Picus_canus_1;867;867;0;0;1.0;1.0;true
Picus_canus_2;867;867;0;0;1.0;1.0;true
Pipra_erythrocephala_1;675;675;0;0;1.0;1.0;true
Pipra_erythrocephala_2;675;675;0;0;1.0;1.0;true
Piprites_chloris_1;543;543;0;0;1.0;1.0;true
Piprites_chloris_2;543;543;0;0;1.0;1.0;true
Pitta_angolensis_1;1035;1035;0;0;1.0;1.0;true
Pitta_angolensis_2;1035;1035;0;0;1.0;1.0;true
Podargus_strigoides_1;897;897;0;0;1.0;1.0;true
Podargus_strigoides_2;897;897;0;0;1.0;1.0;true
Poecile_lugubris_1;384;384;0;0;1.0;1.0;true
Poecile_lugubris_2;384;384;0;0;1.0;1.0;true
Porphyrio_porphyrio_1;1020;1020;0;0;1.0;1.0;true
Porphyrio_porphyrio_2;1020;1020;0;0;1.0;1.0;true
Probosciger_aterrimus_1;1131;1131;0;0;1.0;1.0;true
Probosciger_aterrimus_2;1131;1131;0;0;1.0;1.0;true
Psittacus_erithacus_1;1241;1241;0;0;1.0;1.0;true
Psittacus_erithacus_2;1241;1241;0;0;1.0;1.0;true
Psittrichas_fulgidus_1;900;900;0;0;1.0;1.0;true
Psittrichas_fulgidus_2;900;900;0;0;1.0;1.0;true
Psophia_crepitans_1;948;948;0;0;1.0;1.0;true
Psophia_crepitans_2;948;948;0;0;1.0;1.0;true
Pterocles_bicinctus_1;417;417;0;0;1.0;1.0;true
Pterocles_bicinctus_2;417;417;0;0;1.0;1.0;true
Pterodroma_externa_1;1023;1023;0;0;1.0;1.0;true
Pterodroma_externa_2;1023;1023;0;0;1.0;1.0;true
Ptilinopus_magnificus_1;1104;1104;0;0;1.0;1.0;true
Ptilinopus_magnificus_2;1104;1104;0;0;1.0;1.0;true
Ptilonorhynchus_violaceus_1;1479;1479;0;0;1.0;1.0;true
Ptilonorhynchus_violaceus_2;1479;1479;0;0;1.0;1.0;true
Puffinus_griseus_1;1026;1026;0;0;1.0;1.0;true
Puffinus_griseus_2;1026;1026;0;0;1.0;1.0;true
Pycnonotus_macrotis_1;879;879;0;0;1.0;1.0;true
Pycnonotus_macrotis_2;879;879;0;0;1.0;1.0;true
Rallus_longirostris_1;474;474;0;0;1.0;1.0;true
Rallus_longirostris_2;474;474;0;0;1.0;1.0;true
Ramphastos_ambiguus_1;1131;1131;0;0;1.0;1.0;true
Ramphastos_ambiguus_2;1131;1131;0;0;1.0;1.0;true
Recurvirostra_americana_1;999;999;0;0;1.0;1.0;true
Recurvirostra_americana_2;999;999;0;0;1.0;1.0;true
Regulus_ignicapilla_1;900;900;0;0;1.0;1.0;true
Regulus_ignicapilla_2;900;900;0;0;1.0;1.0;true
Rhea_americana_1;522;522;0;0;1.0;1.0;true
Rhea_americana_2;522;522;0;0;1.0;1.0;true
Rhynchocyclus_olivaceus_1;1103;1103;0;0;1.0;1.0;true
Rhynchocyclus_olivaceus_2;1103;1103;0;0;1.0;1.0;true
Rollandia_rolland_1;957;957;0;0;1.0;1.0;true
Rollandia_rolland_2;957;957;0;0;1.0;1.0;true
Rollulus_rouloul_1;1083;1083;0;0;1.0;1.0;true
Rollulus_rouloul_2;1083;1083;0;0;1.0;1.0;true
Rostratula_benghalensis_1;519;519;0;0;1.0;1.0;true
Rostratula_benghalensis_2;519;519;0;0;1.0;1.0;true
Rupicola_rupicola_1;1014;1014;0;0;1.0;1.0;true
Rupicola_rupicola_2;1014;1014;0;0;1.0;1.0;true
Rynchops_niger_1;1026;1026;0;0;1.0;1.0;true
Rynchops_niger_2;1026;1026;0;0;1.0;1.0;true
Sagittarius_serpentarius_1;1071;1071;0;0;1.0;1.0;true
Sagittarius_serpentarius_2;1071;1071;0;0;1.0;1.0;true
Sarothrura_rufa_1;1140;1140;0;0;1.0;1.0;true
Sarothrura_rufa_2;1140;1140;0;0;1.0;1.0;true
Schiffornis_turdina_1;978;978;0;0;1.0;1.0;true
Schiffornis_turdina_2;978;978;0;0;1.0;1.0;true
Sclerurus_mexicanus_1;1107;1107;0;0;1.0;1.0;true
Sclerurus_mexicanus_2;1107;1107;0;0;1.0;1.0;true
Scopus_umbretta_1;642;642;0;0;1.0;1.0;true
Scopus_umbretta_2;642;642;0;0;1.0;1.0;true
Sericulus_bakeri_1;1263;1263;0;0;1.0;1.0;true
Sericulus_bakeri_2;1263;1263;0;0;1.0;1.0;true
Smithornis_rufolateralis_1;1113;1113;0;0;1.0;1.0;true
Smithornis_rufolateralis_2;1113;1113;0;0;1.0;1.0;true
Spheniscus_humboldti_1;879;879;0;0;1.0;1.0;true
Spheniscus_humboldti_2;879;879;0;0;1.0;1.0;true
Spizella_arborea_1;1125;1125;0;0;1.0;1.0;true
Spizella_arborea_2;1125;1125;0;0;1.0;1.0;true
Steatornis_caripensi_1;393;393;0;0;1.0;1.0;true
Steatornis_caripensi_2;393;393;0;0;1.0;1.0;true
Sterna_hirundo_1;930;930;0;0;1.0;1.0;true
Sterna_hirundo_2;930;930;0;0;1.0;1.0;true
Streptoprocne_zonaris_1;1098;1098;0;0;1.0;1.0;true
Streptoprocne_zonaris_2;1098;1098;0;0;1.0;1.0;true
Strix_varia_1;549;549;0;0;1.0;1.0;true
Strix_varia_2;549;549;0;0;1.0;1.0;true
Struthio_camelus_1;981;981;0;0;1.0;1.0;true
Struthio_camelus_2;981;981;0;0;1.0;1.0;true
Sylvia_melanocephala_1;1029;1029;0;0;1.0;1.0;true
Sylvia_melanocephala_2;1029;1029;0;0;1.0;1.0;true
Syrrhaptes_paradoxus_1;1065;1065;0;0;1.0;1.0;true
Syrrhaptes_paradoxus_2;1065;1065;0;0;1.0;1.0;true
Tapera_naevia_1;1119;1119;0;0;1.0;1.0;true
Tapera_naevia_2;1119;1119;0;0;1.0;1.0;true
Tauraco_macrorhynchus_1;471;471;0;0;1.0;1.0;true
Tauraco_macrorhynchus_2;471;471;0;0;1.0;1.0;true
Terenura_callinota_1;1032;1032;0;0;1.0;1.0;true
Terenura_callinota_2;1032;1032;0;0;1.0;1.0;true
Thamnophilus_ruficapillu_1;819;819;0;0;1.0;1.0;true
Thamnophilus_ruficapillu_2;819;819;0;0;1.0;1.0;true
Theristicus_caerulescens_1;1134;1134;0;0;1.0;1.0;true
Theristicus_caerulescens_2;1134;1134;0;0;1.0;1.0;true
Tigrisoma_lineatum_1;1020;1020;0;0;1.0;1.0;true
Tigrisoma_lineatum_2;1020;1020;0;0;1.0;1.0;true
Tinamus_major_1;903;903;0;0;1.0;1.0;true
Tinamus_major_2;903;903;0;0;1.0;1.0;true
Tityra_cayana_1;819;819;0;0;1.0;1.0;true
Tityra_cayana_2;819;819;0;0;1.0;1.0;true
Tockus_camurus_1;486;486;0;0;1.0;1.0;true
Tockus_camurus_2;486;486;0;0;1.0;1.0;true
Todus_mexicanus_1;1092;1092;0;0;1.0;1.0;true
Todus_mexicanus_2;1092;1092;0;0;1.0;1.0;true
Topaza_pella_1;1182;1182;0;0;1.0;1.0;true
Topaza_pella_2;1182;1182;0;0;1.0;1.0;true
Treron_calvus_1;1074;1074;0;0;1.0;1.0;true
Treron_calvus_2;1074;1074;0;0;1.0;1.0;true
Tringa_solitaria_1;1161;1161;0;0;1.0;1.0;true
Tringa_solitaria_2;1161;1161;0;0;1.0;1.0;true
Trogon_elegans_1;1131;1131;0;0;1.0;1.0;true
Trogon_elegans_2;1131;1131;0;0;1.0;1.0;true
Turdus_olivater_1;1042;1042;0;0;1.0;1.0;true
Turdus_olivater_2;1042;1042;0;0;1.0;1.0;true
Turnix_ocellata_1;903;903;0;0;1.0;1.0;true
Turnix_ocellata_2;903;903;0;0;1.0;1.0;true
Tyrannus_albogularis_1;894;894;0;0;1.0;1.0;true
Tyrannus_albogularis_2;894;894;0;0;1.0;1.0;true
Tyto_alba_1;738;738;0;0;1.0;1.0;true
Tyto_alba_2;738;738;0;0;1.0;1.0;true
Upupa_epops_1;765;765;0;0;1.0;1.0;true
Upupa_epops_2;765;765;0;0;1.0;1.0;true
Uria_aalge_1;1214;1214;0;0;1.0;1.0;true
Uria_aalge_2;1214;1214;0;0;1.0;1.0;true
Urocolius_indicus_1;801;801;0;0;1.0;1.0;true
Urocolius_indicus_2;801;801;0;0;1.0;1.0;true
Vultur_gryphus_1;462;462;0;0;1.0;1.0;true
Vultur_gryphus_2;462;462;0;0;1.0;1.0;true
