seqName;initialSeqLength;nbKeep;nbTrim;nbInformativeTrim;percentKeepExcludingExtremities;percentKeepIncludingExtremities;keptSequences
Acanthisitta_chloris_1;1163;891;272;272;1.0;0.766;true
Acanthisitta_chloris_2;1163;891;272;272;1.0;0.766;true
Accipiter_superciliosus_1;684;549;135;135;1.0;0.802;true
Accipiter_superciliosus_2;684;549;135;135;1.0;0.802;true
Aegotheles_insignis_1;1301;891;410;410;1.0;0.684;true
Aegotheles_insignis_2;1301;891;410;410;1.0;0.684;true
Alcedo_quadribrachys_1;1184;891;293;293;1.0;0.752;true
Alcedo_quadribrachys_2;1184;891;293;293;1.0;0.752;true
Anas_superciliosa_1;912;891;21;21;1.0;0.976;true
Anas_superciliosa_2;912;891;21;21;1.0;0.976;true
Anhinga_anhinga_1;1148;891;257;257;1.0;0.776;true
Anhinga_anhinga_2;1148;891;257;257;1.0;0.776;true
Anser_canagicus_1;1020;888;132;132;1.0;0.87;true
Anser_canagicus_2;1020;888;132;132;1.0;0.87;true
Anseranas_semipalmata_1;1077;891;186;186;1.0;0.827;true
Anseranas_semipalmata_2;1077;891;186;186;1.0;0.827;true
Apaloderma_aequatoriale_1;1125;891;234;234;1.0;0.792;true
Apaloderma_aequatoriale_2;1125;891;234;234;1.0;0.792;true
Apteryx_sp._1;492;450;42;42;1.0;0.914;true
Apteryx_sp._2;492;450;42;42;1.0;0.914;true
Aramus_guarauna_1;711;486;225;225;1.0;0.683;true
Aramus_guarauna_2;711;486;225;225;1.0;0.683;true
Archilochus_colubris_1;1188;891;297;297;1.0;0.75;true
Archilochus_colubris_2;1188;891;297;297;1.0;0.75;true
Ardea_herodias_1;1122;891;231;231;1.0;0.794;true
Ardea_herodias_2;1122;891;231;231;1.0;0.794;true
Ardeotis_kori_1;1119;891;228;228;1.0;0.796;true
Ardeotis_kori_2;1119;891;228;228;1.0;0.796;true
Arenaria_interpres_1;477;477;0;0;1.0;1.0;true
Arenaria_interpres_2;477;477;0;0;1.0;1.0;true
Atelornis_pittoides_1;1122;891;231;231;1.0;0.794;true
Atelornis_pittoides_2;1122;891;231;231;1.0;0.794;true
Aythya_valisineria_1;1005;891;114;114;1.0;0.886;true
Aythya_valisineria_2;1005;891;114;114;1.0;0.886;true
Balaeniceps_rex_1;1029;891;138;138;1.0;0.865;true
Balaeniceps_rex_2;1029;891;138;138;1.0;0.865;true
Balearica_regulorum_1;489;444;45;45;1.0;0.907;true
Balearica_regulorum_2;489;444;45;45;1.0;0.907;true
Barnardius_zonarius_1;753;573;180;180;1.0;0.76;true
Barnardius_zonarius_2;753;573;180;180;1.0;0.76;true
Bonasa_umbellus_1;1083;891;192;192;1.0;0.822;true
Bonasa_umbellus_2;1083;891;192;192;1.0;0.822;true
Buccanodon_duchaillui_1;855;840;15;15;1.0;0.982;true
Buccanodon_duchaillui_2;855;840;15;15;1.0;0.982;true
Bucco_capensis_1;822;813;9;9;1.0;0.989;true
Bucco_capensis_2;822;813;9;9;1.0;0.989;true
Bucorvus_leadbeateri_1;978;876;102;102;1.0;0.895;true
Bucorvus_leadbeateri_2;978;876;102;102;1.0;0.895;true
Burhinus_oedicnemus_1;1017;891;126;126;1.0;0.876;true
Burhinus_oedicnemus_2;1017;891;126;126;1.0;0.876;true
Buteo_jamaicensis_1;1104;891;213;213;1.0;0.807;true
Buteo_jamaicensis_2;1104;891;213;213;1.0;0.807;true
Caiman_croccodilus_1;1029;891;138;138;1.0;0.865;true
Caiman_croccodilus_2;1029;891;138;138;1.0;0.865;true
Calandrella_brachydactyla_1;1120;891;229;229;1.0;0.795;true
Calandrella_brachydactyla_2;1120;891;229;229;1.0;0.795;true
Calyptomena_viridis_1;690;672;18;18;1.0;0.973;true
Calyptomena_viridis_2;690;672;18;18;1.0;0.973;true
Capito_niger_1;540;525;15;15;1.0;0.972;true
Capito_niger_2;540;525;15;15;1.0;0.972;true
Caprimulgus_europaeus_1;1166;891;275;275;1.0;0.764;true
Caprimulgus_europaeus_2;1166;891;275;275;1.0;0.764;true
Caracara_cheriway_1;690;573;117;117;1.0;0.83;true
Caracara_cheriway_2;690;573;117;117;1.0;0.83;true
Cariama_cristata_1;1164;891;273;273;1.0;0.765;true
Cariama_cristata_2;1164;891;273;273;1.0;0.765;true
Casuarius_bennetti_1;1152;891;261;261;1.0;0.773;true
Casuarius_bennetti_2;1152;891;261;261;1.0;0.773;true
Cathartes_burrovianus_1;609;609;0;0;1.0;1.0;true
Cathartes_burrovianus_2;609;609;0;0;1.0;1.0;true
Centropus_bengalensis_1;1221;891;330;330;1.0;0.729;true
Centropus_bengalensis_2;1221;891;330;330;1.0;0.729;true
Chaetura_brachyura_1;1158;891;267;267;1.0;0.769;true
Chaetura_brachyura_2;1158;891;267;267;1.0;0.769;true
Charadrius_hiaticula_1;966;891;75;75;1.0;0.922;true
Charadrius_hiaticula_2;966;891;75;75;1.0;0.922;true
Chauna_torquata_1;1134;891;243;243;1.0;0.785;true
Chauna_torquata_2;1134;891;243;243;1.0;0.785;true
Chelidoptera_tenebrosa_1;915;873;42;42;0.996;0.954;true
Chelidoptera_tenebrosa_2;915;873;42;42;0.996;0.954;true
Chloroceryle_inda_1;963;891;72;72;1.0;0.925;true
Chloroceryle_inda_2;963;891;72;72;1.0;0.925;true
Chordeiles_pusillus_1;1089;891;198;198;1.0;0.818;true
Chordeiles_pusillus_2;1089;891;198;198;1.0;0.818;true
Chroicocephalus_cirrocephalus_1;357;330;27;27;1.0;0.924;true
Chroicocephalus_cirrocephalus_2;357;330;27;27;1.0;0.924;true
Chunga_burmeisteri_1;1222;891;331;331;1.0;0.729;true
Chunga_burmeisteri_2;1222;891;331;331;1.0;0.729;true
Ciconia_nigra_1;900;882;18;18;1.0;0.98;true
Ciconia_nigra_2;900;882;18;18;1.0;0.98;true
Climacteris_melanura_1;1248;891;357;357;1.0;0.713;true
Climacteris_melanura_2;1248;891;357;357;1.0;0.713;true
Coccyzus_melacoryphus_1;984;891;93;93;1.0;0.905;true
Coccyzus_melacoryphus_2;984;891;93;93;1.0;0.905;true
Colinus_cristatus_1;558;552;6;6;1.0;0.989;true
Colinus_cristatus_2;558;552;6;6;1.0;0.989;true
Colius_colius_1;1259;891;368;368;1.0;0.707;true
Colius_colius_2;1259;891;368;368;1.0;0.707;true
Columba_livia_1;873;867;6;6;1.0;0.993;true
Columba_livia_2;873;867;6;6;1.0;0.993;true
Columbina_minuta_1;681;633;48;48;1.0;0.929;true
Columbina_minuta_2;681;633;48;48;1.0;0.929;true
Coracias_cyanogaster_1;1274;891;383;383;1.0;0.699;true
Coracias_cyanogaster_2;1274;891;383;383;1.0;0.699;true
Corvus_albus_1;565;477;88;88;1.0;0.844;true
Corvus_albus_2;565;477;88;88;1.0;0.844;true
Corythaeola_cristata_1;741;669;72;72;1.0;0.902;true
Corythaeola_cristata_2;741;669;72;72;1.0;0.902;true
Cotinga_cayana_1;942;891;51;51;1.0;0.945;true
Cotinga_cayana_2;942;891;51;51;1.0;0.945;true
Crax_alector_1;1189;891;298;298;1.0;0.749;true
Crax_alector_2;1189;891;298;298;1.0;0.749;true
Crocodylus_porosus_1;815;806;9;9;1.0;0.988;true
Crocodylus_porosus_2;815;806;9;9;1.0;0.988;true
Cryptopipo_aenigma_1;744;555;189;189;1.0;0.745;true
Cryptopipo_aenigma_2;744;555;189;189;1.0;0.745;true
Crypturellus_tataupa_1;666;666;0;0;1.0;1.0;true
Crypturellus_tataupa_2;666;666;0;0;1.0;1.0;true
Cuculus_optatus_1;1134;891;243;243;1.0;0.785;true
Cuculus_optatus_2;1134;891;243;243;1.0;0.785;true
Deroptyus_accipitrinus_1;465;411;54;54;1.0;0.883;true
Deroptyus_accipitrinus_2;465;411;54;54;1.0;0.883;true
Dromaius_novaehollandiae_1;1020;891;129;129;1.0;0.873;true
Dromaius_novaehollandiae_2;1020;891;129;129;1.0;0.873;true
Elaenia_flavogaster_1;1026;891;135;135;1.0;0.868;true
Elaenia_flavogaster_2;1026;891;135;135;1.0;0.868;true
Elanus_leucurus_1;1071;891;180;180;1.0;0.831;true
Elanus_leucurus_2;1071;891;180;180;1.0;0.831;true
Eudromia_elegans_1;951;891;60;60;1.0;0.936;true
Eudromia_elegans_2;951;891;60;60;1.0;0.936;true
Eurostopodus_macrotis_1;1110;891;219;219;1.0;0.802;true
Eurostopodus_macrotis_2;1110;891;219;219;1.0;0.802;true
Eurylaimus_ochromalus_1;644;549;95;95;1.0;0.852;true
Eurylaimus_ochromalus_2;644;549;95;95;1.0;0.852;true
Eurypyga_helias_1;510;435;75;75;1.0;0.852;true
Eurypyga_helias_2;510;435;75;75;1.0;0.852;true
Falco_sparverius_1;1246;891;355;355;1.0;0.715;true
Falco_sparverius_2;1246;891;355;355;1.0;0.715;true
Fregata_magnificens_1;957;891;66;66;1.0;0.931;true
Fregata_magnificens_2;957;891;66;66;1.0;0.931;true
Fringilla_coelebs_1;1076;891;185;185;1.0;0.828;true
Fringilla_coelebs_2;1076;891;185;185;1.0;0.828;true
Fulmarus_glacialoides_1;942;891;51;51;1.0;0.945;true
Fulmarus_glacialoides_2;942;891;51;51;1.0;0.945;true
Furnarius_rufus_1;1020;891;129;129;1.0;0.873;true
Furnarius_rufus_2;1020;891;129;129;1.0;0.873;true
Galbula_dea_1;1191;885;306;306;0.98;0.743;true
Galbula_dea_2;1191;885;306;306;0.98;0.743;true
Gallus_gallus_1;1074;891;183;183;1.0;0.829;true
Gallus_gallus_2;1074;891;183;183;1.0;0.829;true
Gavia_immer_1;1077;891;186;186;1.0;0.827;true
Gavia_immer_2;1077;891;186;186;1.0;0.827;true
Glareola_nuchalis_1;1038;891;147;147;1.0;0.858;true
Glareola_nuchalis_2;1038;891;147;147;1.0;0.858;true
Grus_canadensis_1;1095;891;204;204;1.0;0.813;true
Grus_canadensis_2;1095;891;204;204;1.0;0.813;true
Haematopus_palliatus_1;1152;891;261;261;1.0;0.773;true
Haematopus_palliatus_2;1152;891;261;261;1.0;0.773;true
Heliornis_fulica_1;1177;891;286;286;1.0;0.757;true
Heliornis_fulica_2;1177;891;286;286;1.0;0.757;true
Hemiprocne_comata_1;1194;891;303;303;1.0;0.746;true
Hemiprocne_comata_2;1194;891;303;303;1.0;0.746;true
Hirundinea_ferruginea_1;1005;891;114;114;1.0;0.886;true
Hirundinea_ferruginea_2;1005;891;114;114;1.0;0.886;true
Hymenops_perspicillatus_1;891;849;42;42;1.0;0.952;true
Hymenops_perspicillatus_2;891;849;42;42;1.0;0.952;true
Ibycter_americanus_1;894;885;9;9;1.0;0.989;true
Ibycter_americanus_2;894;885;9;9;1.0;0.989;true
Indicator_exilis_1;1122;891;231;231;1.0;0.794;true
Indicator_exilis_2;1122;891;231;231;1.0;0.794;true
Ixobrychus_minutus_1;840;789;51;51;1.0;0.939;true
Ixobrychus_minutus_2;840;789;51;51;1.0;0.939;true
Jacana_jacana_1;966;891;75;75;1.0;0.922;true
Jacana_jacana_2;966;891;75;75;1.0;0.922;true
Jynx_torquilla_1;1161;891;270;270;1.0;0.767;true
Jynx_torquilla_2;1161;891;270;270;1.0;0.767;true
Leipoa_ocellata_1;1041;891;150;150;1.0;0.855;true
Leipoa_ocellata_2;1041;891;150;150;1.0;0.855;true
Lepidocolaptes_angustirostr_1;702;684;18;18;1.0;0.974;true
Lepidocolaptes_angustirostr_2;702;684;18;18;1.0;0.974;true
Leptoptilos_crumeniferus_1;955;891;64;64;1.0;0.932;true
Leptoptilos_crumeniferus_2;955;891;64;64;1.0;0.932;true
Leptosomus_discolor_1;321;321;0;0;1.0;1.0;true
Leptosomus_discolor_2;321;321;0;0;1.0;1.0;true
Leptotila_rufaxilla_1;1195;891;304;304;1.0;0.745;true
Leptotila_rufaxilla_2;1195;891;304;304;1.0;0.745;true
Limosa_lapponica_1;771;732;39;39;1.0;0.949;true
Limosa_lapponica_2;771;732;39;39;1.0;0.949;true
Lophorina_superba_1;699;660;39;39;1.0;0.944;true
Lophorina_superba_2;699;660;39;39;1.0;0.944;true
Malurus_splendens_1;291;291;0;0;1.0;1.0;true
Malurus_splendens_2;291;291;0;0;1.0;1.0;true
Megalaima_chrysopogon_1;1122;891;231;231;1.0;0.794;true
Megalaima_chrysopogon_2;1122;891;231;231;1.0;0.794;true
Melanopareia_maximilian_1;1032;879;153;153;0.976;0.851;true
Melanopareia_maximilian_2;1032;879;153;153;0.976;0.851;true
Menura_novaehollandiae_1;909;870;39;39;1.0;0.957;true
Menura_novaehollandiae_2;909;870;39;39;1.0;0.957;true
Merops_muelleri_1;639;630;9;9;1.0;0.985;true
Merops_muelleri_2;639;630;9;9;1.0;0.985;true
Mesitornis_unicolor_1;552;513;39;39;1.0;0.929;true
Mesitornis_unicolor_2;552;513;39;39;1.0;0.929;true
Micrastur_gilvicollis_1;1116;891;225;225;1.0;0.798;true
Micrastur_gilvicollis_2;1116;891;225;225;1.0;0.798;true
Micropygia_schomburgkii_1;1002;891;111;111;1.0;0.889;true
Micropygia_schomburgkii_2;1002;891;111;111;1.0;0.889;true
Momotus_lessonii_1;1020;891;129;129;1.0;0.873;true
Momotus_lessonii_2;1020;891;129;129;1.0;0.873;true
Monias_benschi_1;1083;891;192;192;1.0;0.822;true
Monias_benschi_2;1083;891;192;192;1.0;0.822;true
Morus_serrator_1;1086;891;195;195;1.0;0.82;true
Morus_serrator_2;1086;891;195;195;1.0;0.82;true
Myiobius_barbatus_1;1217;891;326;326;1.0;0.732;true
Myiobius_barbatus_2;1217;891;326;326;1.0;0.732;true
Myrmornis_torquata_1;870;819;51;51;1.0;0.941;true
Myrmornis_torquata_2;870;819;51;51;1.0;0.941;true
Myrmothera_campanisona_1;558;537;21;21;1.0;0.962;true
Myrmothera_campanisona_2;558;537;21;21;1.0;0.962;true
Neodrepanis_coruscans_1;857;762;95;95;1.0;0.889;true
Neodrepanis_coruscans_2;857;762;95;95;1.0;0.889;true
Neopelma_chrysocephalum_1;1171;891;280;280;1.0;0.76;true
Neopelma_chrysocephalum_2;1171;891;280;280;1.0;0.76;true
Nestor_meridionalis_1;1154;891;263;263;1.0;0.772;true
Nestor_meridionalis_2;1154;891;263;263;1.0;0.772;true
Nothoprocta_ornata_1;696;684;12;12;1.0;0.982;true
Nothoprocta_ornata_2;696;684;12;12;1.0;0.982;true
Numida_malagris_1;1107;891;216;216;1.0;0.804;true
Numida_malagris_2;1107;891;216;216;1.0;0.804;true
Nyctibius_griseus_1;1265;891;374;374;1.0;0.704;true
Nyctibius_griseus_2;1265;891;374;374;1.0;0.704;true
Oceanites_oceanicus_1;1104;891;213;213;1.0;0.807;true
Oceanites_oceanicus_2;1104;891;213;213;1.0;0.807;true
Oceanodroma_leucorhoa_1;396;396;0;0;1.0;1.0;true
Oceanodroma_leucorhoa_2;396;396;0;0;1.0;1.0;true
Odontophorus_gujanensis_1;1074;891;183;183;1.0;0.829;true
Odontophorus_gujanensis_2;1074;891;183;183;1.0;0.829;true
Opisthocomus_hoazin_1;1029;891;138;138;1.0;0.865;true
Opisthocomus_hoazin_2;1029;891;138;138;1.0;0.865;true
Ortalis_motmot_1;532;270;262;262;1.0;0.507;true
Ortalis_motmot_2;532;270;262;262;1.0;0.507;true
Oxyruncus_cristatus_1;855;816;39;39;1.0;0.954;true
Oxyruncus_cristatus_2;855;816;39;39;1.0;0.954;true
Oxyura_jamaicensis_1;1224;891;333;333;1.0;0.727;true
Oxyura_jamaicensis_2;1224;891;333;333;1.0;0.727;true
Pandion_haliaetus_1;810;774;36;36;1.0;0.955;true
Pandion_haliaetus_2;810;774;36;36;1.0;0.955;true
Pedionomus_torquatus_1;1197;891;306;306;1.0;0.744;true
Pedionomus_torquatus_2;1197;891;306;306;1.0;0.744;true
Pelagodroma_marina_1;1062;891;171;171;1.0;0.838;true
Pelagodroma_marina_2;1062;891;171;171;1.0;0.838;true
Pelecanoides_urinatrix_1;555;387;168;168;1.0;0.697;true
Pelecanoides_urinatrix_2;555;387;168;168;1.0;0.697;true
Pelecanus_occidentalis_1;1059;891;168;168;1.0;0.841;true
Pelecanus_occidentalis_2;1059;891;168;168;1.0;0.841;true
Phaethon_rubricauda_1;1147;891;256;256;1.0;0.776;true
Phaethon_rubricauda_2;1147;891;256;256;1.0;0.776;true
Phaethornis_superciliosus_1;711;609;102;102;1.0;0.856;true
Phaethornis_superciliosus_2;711;609;102;102;1.0;0.856;true
Phalacrocorax_brasili_1;1190;891;299;299;1.0;0.748;true
Phalacrocorax_brasili_2;1190;891;299;299;1.0;0.748;true
Phoebastria_nigripes_1;1165;891;274;274;1.0;0.764;true
Phoebastria_nigripes_2;1165;891;274;274;1.0;0.764;true
Phoenicopterus_ruber_1;486;480;6;6;1.0;0.987;true
Phoenicopterus_ruber_2;486;480;6;6;1.0;0.987;true
Phoeniculus_purpureus_1;1008;891;117;117;1.0;0.883;true
Phoeniculus_purpureus_2;1008;891;117;117;1.0;0.883;true
Picus_canus_1;867;576;291;291;1.0;0.664;true
Picus_canus_2;867;576;291;291;1.0;0.664;true
Pipra_erythrocephala_1;675;669;6;6;1.0;0.991;true
Pipra_erythrocephala_2;675;669;6;6;1.0;0.991;true
Piprites_chloris_1;543;537;6;6;1.0;0.988;true
Piprites_chloris_2;543;537;6;6;1.0;0.988;true
Pitta_angolensis_1;1035;879;156;156;1.0;0.849;true
Pitta_angolensis_2;1035;876;159;159;1.0;0.846;true
Podargus_strigoides_1;897;846;51;51;1.0;0.943;true
Podargus_strigoides_2;897;846;51;51;1.0;0.943;true
Poecile_lugubris_1;384;384;0;0;1.0;1.0;true
Poecile_lugubris_2;384;384;0;0;1.0;1.0;true
Porphyrio_porphyrio_1;1020;891;129;129;1.0;0.873;true
Porphyrio_porphyrio_2;1020;891;129;129;1.0;0.873;true
Probosciger_aterrimus_1;1131;891;240;240;1.0;0.787;true
Probosciger_aterrimus_2;1131;891;240;240;1.0;0.787;true
Psittacus_erithacus_1;1241;891;350;350;1.0;0.717;true
Psittacus_erithacus_2;1241;891;350;350;1.0;0.717;true
Psittrichas_fulgidus_1;900;891;9;9;1.0;0.99;true
Psittrichas_fulgidus_2;900;891;9;9;1.0;0.99;true
Psophia_crepitans_1;948;891;57;57;1.0;0.939;true
Psophia_crepitans_2;948;891;57;57;1.0;0.939;true
Pterocles_bicinctus_1;417;270;147;147;1.0;0.647;true
Pterocles_bicinctus_2;417;270;147;147;1.0;0.647;true
Pterodroma_externa_1;1023;891;132;132;1.0;0.87;true
Pterodroma_externa_2;1023;891;132;132;1.0;0.87;true
Ptilinopus_magnificus_1;1104;891;213;213;1.0;0.807;true
Ptilinopus_magnificus_2;1104;891;213;213;1.0;0.807;true
Ptilonorhynchus_violaceus_1;1479;891;588;588;1.0;0.602;true
Ptilonorhynchus_violaceus_2;1479;891;588;588;1.0;0.602;true
Puffinus_griseus_1;1026;891;135;135;1.0;0.868;true
Puffinus_griseus_2;1026;891;135;135;1.0;0.868;true
Pycnonotus_macrotis_1;879;873;6;6;1.0;0.993;true
Pycnonotus_macrotis_2;879;873;6;6;1.0;0.993;true
Rallus_longirostris_1;474;474;0;0;1.0;1.0;true
Rallus_longirostris_2;474;474;0;0;1.0;1.0;true
Ramphastos_ambiguus_1;1131;891;240;240;1.0;0.787;true
Ramphastos_ambiguus_2;1131;891;240;240;1.0;0.787;true
Recurvirostra_americana_1;999;891;108;108;1.0;0.891;true
Recurvirostra_americana_2;999;891;108;108;1.0;0.891;true
Regulus_ignicapilla_1;900;801;99;99;1.0;0.89;true
Regulus_ignicapilla_2;900;801;99;99;1.0;0.89;true
Rhea_americana_1;522;522;0;0;1.0;1.0;true
Rhea_americana_2;522;522;0;0;1.0;1.0;true
Rhynchocyclus_olivaceus_1;1103;891;212;212;1.0;0.807;true
Rhynchocyclus_olivaceus_2;1103;891;212;212;1.0;0.807;true
Rollandia_rolland_1;957;783;174;174;1.0;0.818;true
Rollandia_rolland_2;957;783;174;174;1.0;0.818;true
Rollulus_rouloul_1;1083;891;192;192;1.0;0.822;true
Rollulus_rouloul_2;1083;891;192;192;1.0;0.822;true
Rostratula_benghalensis_1;519;492;27;27;1.0;0.947;true
Rostratula_benghalensis_2;519;492;27;27;1.0;0.947;true
Rupicola_rupicola_1;1014;891;123;123;1.0;0.878;true
Rupicola_rupicola_2;1014;891;123;123;1.0;0.878;true
Rynchops_niger_1;1026;891;135;135;1.0;0.868;true
Rynchops_niger_2;1026;891;135;135;1.0;0.868;true
Sagittarius_serpentarius_1;1071;891;180;180;1.0;0.831;true
Sagittarius_serpentarius_2;1071;891;180;180;1.0;0.831;true
Sarothrura_rufa_1;1140;891;249;249;1.0;0.781;true
Sarothrura_rufa_2;1140;891;249;249;1.0;0.781;true
Schiffornis_turdina_1;978;891;87;87;1.0;0.911;true
Schiffornis_turdina_2;978;891;87;87;1.0;0.911;true
Sclerurus_mexicanus_1;1107;891;216;216;1.0;0.804;true
Sclerurus_mexicanus_2;1107;891;216;216;1.0;0.804;true
Scopus_umbretta_1;642;633;9;9;1.0;0.985;true
Scopus_umbretta_2;642;633;9;9;1.0;0.985;true
Sericulus_bakeri_1;1263;891;372;372;1.0;0.705;true
Sericulus_bakeri_2;1263;891;372;372;1.0;0.705;true
Smithornis_rufolateralis_1;1113;891;222;222;1.0;0.8;true
Smithornis_rufolateralis_2;1113;891;222;222;1.0;0.8;true
Spheniscus_humboldti_1;879;861;18;18;1.0;0.979;true
Spheniscus_humboldti_2;879;861;18;18;1.0;0.979;true
Spizella_arborea_1;1125;891;234;234;1.0;0.792;true
Spizella_arborea_2;1125;891;234;234;1.0;0.792;true
Steatornis_caripensi_1;393;393;0;0;1.0;1.0;true
Steatornis_caripensi_2;393;393;0;0;1.0;1.0;true
Sterna_hirundo_1;930;834;96;96;1.0;0.896;true
Sterna_hirundo_2;930;834;96;96;1.0;0.896;true
Streptoprocne_zonaris_1;1098;891;207;207;1.0;0.811;true
Streptoprocne_zonaris_2;1098;891;207;207;1.0;0.811;true
Strix_varia_1;549;540;9;9;1.0;0.983;true
Strix_varia_2;549;540;9;9;1.0;0.983;true
Struthio_camelus_1;981;891;90;90;1.0;0.908;true
Struthio_camelus_2;981;891;90;90;1.0;0.908;true
Sylvia_melanocephala_1;1029;891;138;138;1.0;0.865;true
Sylvia_melanocephala_2;1029;891;138;138;1.0;0.865;true
Syrrhaptes_paradoxus_1;1065;891;174;174;1.0;0.836;true
Syrrhaptes_paradoxus_2;1065;891;174;174;1.0;0.836;true
Tapera_naevia_1;1119;891;228;228;1.0;0.796;true
Tapera_naevia_2;1119;891;228;228;1.0;0.796;true
Tauraco_macrorhynchus_1;471;471;0;0;1.0;1.0;true
Tauraco_macrorhynchus_2;471;471;0;0;1.0;1.0;true
Terenura_callinota_1;1032;891;141;141;1.0;0.863;true
Terenura_callinota_2;1032;891;141;141;1.0;0.863;true
Thamnophilus_ruficapillu_1;819;819;0;0;1.0;1.0;true
Thamnophilus_ruficapillu_2;819;819;0;0;1.0;1.0;true
Theristicus_caerulescens_1;1134;891;243;243;1.0;0.785;true
Theristicus_caerulescens_2;1134;891;243;243;1.0;0.785;true
Tigrisoma_lineatum_1;1020;891;129;129;1.0;0.873;true
Tigrisoma_lineatum_2;1020;891;129;129;1.0;0.873;true
Tinamus_major_1;903;891;12;12;1.0;0.986;true
Tinamus_major_2;903;891;12;12;1.0;0.986;true
Tityra_cayana_1;819;762;57;57;1.0;0.93;true
Tityra_cayana_2;819;762;57;57;1.0;0.93;true
Tockus_camurus_1;486;468;18;18;1.0;0.962;true
Tockus_camurus_2;486;468;18;18;1.0;0.962;true
Todus_mexicanus_1;1092;894;198;198;0.993;0.818;true
Todus_mexicanus_2;1092;894;198;198;0.993;0.818;true
Topaza_pella_1;1182;891;291;291;1.0;0.753;true
Topaza_pella_2;1182;891;291;291;1.0;0.753;true
Treron_calvus_1;1074;891;183;183;1.0;0.829;true
Treron_calvus_2;1074;891;183;183;1.0;0.829;true
Tringa_solitaria_1;1161;891;270;270;1.0;0.767;true
Tringa_solitaria_2;1161;891;270;270;1.0;0.767;true
Trogon_elegans_1;1131;891;240;240;1.0;0.787;true
Trogon_elegans_2;1131;891;240;240;1.0;0.787;true
Turdus_olivater_1;1042;891;151;151;1.0;0.855;true
Turdus_olivater_2;1042;891;151;151;1.0;0.855;true
Turnix_ocellata_1;903;858;45;45;1.0;0.95;true
Turnix_ocellata_2;903;858;45;45;1.0;0.95;true
Tyrannus_albogularis_1;894;882;12;12;1.0;0.986;true
Tyrannus_albogularis_2;894;882;12;12;1.0;0.986;true
Tyto_alba_1;738;729;9;9;1.0;0.987;true
Tyto_alba_2;738;729;9;9;1.0;0.987;true
Upupa_epops_1;765;738;27;27;1.0;0.964;true
Upupa_epops_2;765;738;27;27;1.0;0.964;true
Uria_aalge_1;1214;891;323;323;1.0;0.733;true
Uria_aalge_2;1214;891;323;323;1.0;0.733;true
Urocolius_indicus_1;801;795;6;6;1.0;0.992;true
Urocolius_indicus_2;801;795;6;6;1.0;0.992;true
Vultur_gryphus_1;462;444;18;18;1.0;0.961;true
Vultur_gryphus_2;462;444;18;18;1.0;0.961;true
