seqName;initialSeqLength;nbKeep;nbTrim;nbInformativeTrim;percentKeepExcludingExtremities;percentKeepIncludingExtremities;keptSequences
Acanthisitta_chloris_1;2160;1716;444;444;1.0;0.794;true
Acanthisitta_chloris_2;2160;1716;444;444;1.0;0.794;true
Accipiter_superciliosus_1;1722;1704;18;18;1.0;0.989;true
Accipiter_superciliosus_2;1722;1704;18;18;1.0;0.989;true
Aegotheles_insignis_1;1689;1689;0;0;1.0;1.0;true
Aegotheles_insignis_2;1689;1689;0;0;1.0;1.0;true
Alcedo_quadribrachys_1;1887;1713;174;174;1.0;0.907;true
Alcedo_quadribrachys_2;1887;1713;174;174;1.0;0.907;true
Anas_superciliosa_1;1416;1416;0;0;1.0;1.0;true
Anas_superciliosa_2;1416;1416;0;0;1.0;1.0;true
Anhinga_anhinga_1;2013;1716;297;297;1.0;0.852;true
Anhinga_anhinga_2;2013;1716;297;297;1.0;0.852;true
Anser_canagicus_1;1686;1629;57;57;1.0;0.966;true
Anser_canagicus_2;1686;1629;57;57;1.0;0.966;true
Anseranas_semipalmata_1;1611;1608;3;3;1.0;0.998;true
Anseranas_semipalmata_2;1611;1608;3;3;1.0;0.998;true
Apaloderma_aequatoriale_1;1851;1716;135;135;1.0;0.927;true
Apaloderma_aequatoriale_2;1851;1716;135;135;1.0;0.927;true
Apteryx_sp._1;1767;1605;162;162;1.0;0.908;true
Apteryx_sp._2;1767;1605;162;162;1.0;0.908;true
Aramus_guarauna_1;1935;1716;219;219;1.0;0.886;true
Aramus_guarauna_2;1935;1716;219;219;1.0;0.886;true
Archilochus_colubris_1;2184;1716;468;468;1.0;0.785;true
Archilochus_colubris_2;2184;1716;468;468;1.0;0.785;true
Ardea_herodias_1;1800;1716;84;84;1.0;0.953;true
Ardea_herodias_2;1800;1716;84;84;1.0;0.953;true
Ardeotis_kori_1;1803;1716;87;87;1.0;0.951;true
Ardeotis_kori_2;1803;1716;87;87;1.0;0.951;true
Arenaria_interpres_1;1422;1422;0;0;1.0;1.0;true
Arenaria_interpres_2;1422;1422;0;0;1.0;1.0;true
Atelornis_pittoides_1;1953;1716;237;237;1.0;0.878;true
Atelornis_pittoides_2;1953;1716;237;237;1.0;0.878;true
Aythya_valisineria_1;1689;1656;33;33;1.0;0.98;true
Aythya_valisineria_2;1689;1656;33;33;1.0;0.98;true
Balaeniceps_rex_1;1752;1698;54;54;1.0;0.969;true
Balaeniceps_rex_2;1752;1698;54;54;1.0;0.969;true
Balearica_regulorum_1;1662;1629;33;33;1.0;0.98;true
Balearica_regulorum_2;1662;1629;33;33;1.0;0.98;true
Barnardius_zonarius_1;1710;1674;36;36;1.0;0.978;true
Barnardius_zonarius_2;1710;1674;36;36;1.0;0.978;true
Bonasa_umbellus_1;1818;1716;102;102;1.0;0.943;true
Bonasa_umbellus_2;1818;1716;102;102;1.0;0.943;true
Buccanodon_duchaillui_1;1608;1605;3;3;1.0;0.998;true
Buccanodon_duchaillui_2;1608;1605;3;3;1.0;0.998;true
Bucco_capensis_1;2115;1716;399;399;1.0;0.811;true
Bucco_capensis_2;2115;1716;399;399;1.0;0.811;true
Bucorvus_leadbeateri_1;2157;1716;441;441;1.0;0.795;true
Bucorvus_leadbeateri_2;2157;1716;441;441;1.0;0.795;true
Burhinus_oedicnemus_1;1749;1701;48;48;1.0;0.972;true
Burhinus_oedicnemus_2;1749;1701;48;48;1.0;0.972;true
Buteo_jamaicensis_1;1950;1716;234;234;1.0;0.88;true
Buteo_jamaicensis_2;1950;1716;234;234;1.0;0.88;true
Caiman_croccodilus_1;1536;1536;0;0;1.0;1.0;true
Caiman_croccodilus_2;1536;1536;0;0;1.0;1.0;true
Calandrella_brachydactyla_1;2010;1716;294;294;1.0;0.853;true
Calandrella_brachydactyla_2;2010;1716;294;294;1.0;0.853;true
Calyptomena_viridis_1;1992;1716;276;276;1.0;0.861;true
Calyptomena_viridis_2;1992;1716;276;276;1.0;0.861;true
Capito_niger_1;1083;1083;0;0;1.0;1.0;true
Capito_niger_2;1083;1083;0;0;1.0;1.0;true
Caprimulgus_europaeus_1;1965;1716;249;249;1.0;0.873;true
Caprimulgus_europaeus_2;1965;1716;249;249;1.0;0.873;true
Caracara_cheriway_1;1893;1716;177;177;1.0;0.906;true
Caracara_cheriway_2;1893;1716;177;177;1.0;0.906;true
Cariama_cristata_1;1767;1698;69;69;1.0;0.96;true
Cariama_cristata_2;1767;1698;69;69;1.0;0.96;true
Casuarius_bennetti_1;1743;1701;42;42;1.0;0.975;true
Casuarius_bennetti_2;1743;1701;42;42;1.0;0.975;true
Cathartes_burrovianus_1;1749;1671;78;78;1.0;0.955;true
Cathartes_burrovianus_2;1749;1671;78;78;1.0;0.955;true
Centropus_bengalensis_1;1902;1713;189;189;1.0;0.9;true
Centropus_bengalensis_2;1902;1713;189;189;1.0;0.9;true
Chaetura_brachyura_1;1977;1716;261;261;1.0;0.867;true
Chaetura_brachyura_2;1977;1716;261;261;1.0;0.867;true
Charadrius_hiaticula_1;957;921;36;36;1.0;0.962;true
Charadrius_hiaticula_2;957;921;36;36;1.0;0.962;true
Chauna_torquata_1;1911;1716;195;195;1.0;0.897;true
Chauna_torquata_2;1911;1716;195;195;1.0;0.897;true
Chelidoptera_tenebrosa_1;1848;1716;132;132;1.0;0.928;true
Chelidoptera_tenebrosa_2;1848;1716;132;132;1.0;0.928;true
Chloroceryle_inda_1;1866;1716;150;150;1.0;0.919;true
Chloroceryle_inda_2;1866;1716;150;150;1.0;0.919;true
Chordeiles_pusillus_1;2025;1716;309;309;1.0;0.847;true
Chordeiles_pusillus_2;2025;1716;309;309;1.0;0.847;true
Chroicocephalus_cirrocephalus_1;1518;1518;0;0;1.0;1.0;true
Chroicocephalus_cirrocephalus_2;1518;1518;0;0;1.0;1.0;true
Chunga_burmeisteri_1;2013;1716;297;297;1.0;0.852;true
Chunga_burmeisteri_2;2013;1716;297;297;1.0;0.852;true
Ciconia_nigra_1;1611;1572;39;39;1.0;0.975;true
Ciconia_nigra_2;1611;1572;39;39;1.0;0.975;true
Climacteris_melanura_1;1890;1716;174;174;0.998;0.907;true
Climacteris_melanura_2;1890;1716;174;174;0.998;0.907;true
Coccyzus_melacoryphus_1;1803;1716;87;87;1.0;0.951;true
Coccyzus_melacoryphus_2;1803;1716;87;87;1.0;0.951;true
Colinus_cristatus_1;1635;1593;42;42;1.0;0.974;true
Colinus_cristatus_2;1635;1593;42;42;1.0;0.974;true
Colius_colius_1;1776;1716;60;60;1.0;0.966;true
Colius_colius_2;1776;1716;60;60;1.0;0.966;true
Columba_livia_1;1911;1716;195;195;1.0;0.897;true
Columba_livia_2;1911;1716;195;195;1.0;0.897;true
Columbina_minuta_1;1911;1716;195;195;1.0;0.897;true
Columbina_minuta_2;1911;1716;195;195;1.0;0.897;true
Coracias_cyanogaster_1;2022;1716;306;306;1.0;0.848;true
Coracias_cyanogaster_2;2022;1716;306;306;1.0;0.848;true
Corvus_albus_1;1875;1686;189;189;1.0;0.899;true
Corvus_albus_2;1875;1686;189;189;1.0;0.899;true
Corythaeola_cristata_1;1656;1653;3;3;0.998;0.998;true
Corythaeola_cristata_2;1656;1653;3;3;0.998;0.998;true
Cotinga_cayana_1;1818;1695;123;123;1.0;0.932;true
Cotinga_cayana_2;1818;1695;123;123;1.0;0.932;true
Crax_alector_1;1902;1716;186;186;1.0;0.902;true
Crax_alector_2;1902;1716;186;186;1.0;0.902;true
Crocodylus_porosus_1;1497;1497;0;0;1.0;1.0;true
Crocodylus_porosus_2;1497;1497;0;0;1.0;1.0;true
Cryptopipo_aenigma_1;2115;1716;399;399;1.0;0.811;true
Cryptopipo_aenigma_2;2115;1716;399;399;1.0;0.811;true
Crypturellus_tataupa_1;1947;1716;231;231;1.0;0.881;true
Crypturellus_tataupa_2;1947;1716;231;231;1.0;0.881;true
Cuculus_optatus_1;1881;1716;165;165;1.0;0.912;true
Cuculus_optatus_2;1881;1716;165;165;1.0;0.912;true
Dendrocygna_viduata_1;1680;1569;111;111;1.0;0.933;true
Dendrocygna_viduata_2;1680;1569;111;111;1.0;0.933;true
Deroptyus_accipitrinus_1;1743;1644;99;99;1.0;0.943;true
Deroptyus_accipitrinus_2;1743;1644;99;99;1.0;0.943;true
Dromaius_novaehollandiae_1;1824;1680;144;144;1.0;0.921;true
Dromaius_novaehollandiae_2;1824;1680;144;144;1.0;0.921;true
Elaenia_flavogaster_1;1929;1716;213;213;1.0;0.889;true
Elaenia_flavogaster_2;1929;1716;213;213;1.0;0.889;true
Elanus_leucurus_1;1842;1716;126;126;1.0;0.931;true
Elanus_leucurus_2;1842;1716;126;126;1.0;0.931;true
Eudromia_elegans_1;2133;1719;414;414;1.0;0.805;true
Eudromia_elegans_2;2133;1719;414;414;1.0;0.805;true
Eurostopodus_macrotis_1;1932;1716;216;216;1.0;0.888;true
Eurostopodus_macrotis_2;1932;1716;216;216;1.0;0.888;true
Eurylaimus_ochromalus_1;1119;987;132;132;1.0;0.882;true
Eurylaimus_ochromalus_2;1119;987;132;132;1.0;0.882;true
Eurypyga_helias_1;1719;1671;48;48;1.0;0.972;true
Eurypyga_helias_2;1719;1671;48;48;1.0;0.972;true
Falco_sparverius_1;1980;1716;264;264;1.0;0.866;true
Falco_sparverius_2;1980;1716;264;264;1.0;0.866;true
Fregata_magnificens_1;1548;1548;0;0;1.0;1.0;true
Fregata_magnificens_2;1548;1548;0;0;1.0;1.0;true
Fringilla_coelebs_1;1932;1716;216;216;1.0;0.888;true
Fringilla_coelebs_2;1932;1716;216;216;1.0;0.888;true
Fulmarus_glacialoides_1;1785;1716;69;69;1.0;0.961;true
Fulmarus_glacialoides_2;1785;1716;69;69;1.0;0.961;true
Furnarius_rufus_1;1767;1644;123;123;1.0;0.93;true
Furnarius_rufus_2;1767;1644;123;123;1.0;0.93;true
Galbula_dea_1;1899;1716;183;183;1.0;0.903;true
Galbula_dea_2;1899;1716;183;183;1.0;0.903;true
Gallus_gallus_1;1935;1716;219;219;1.0;0.886;true
Gallus_gallus_2;1935;1716;219;219;1.0;0.886;true
Gavia_immer_1;1944;1716;228;228;1.0;0.882;true
Gavia_immer_2;1944;1716;228;228;1.0;0.882;true
Glareola_nuchalis_1;1902;1716;186;186;1.0;0.902;true
Glareola_nuchalis_2;1902;1716;186;186;1.0;0.902;true
Grus_canadensis_1;1833;1716;117;117;1.0;0.936;true
Grus_canadensis_2;1833;1716;117;117;1.0;0.936;true
Haematopus_palliatus_1;2010;1716;294;294;1.0;0.853;true
Haematopus_palliatus_2;2010;1716;294;294;1.0;0.853;true
Heliornis_fulica_1;1902;1716;186;186;1.0;0.902;true
Heliornis_fulica_2;1902;1716;186;186;1.0;0.902;true
Hemiprocne_comata_1;1197;1143;54;54;1.0;0.954;true
Hemiprocne_comata_2;1197;1143;54;54;1.0;0.954;true
Hirundinea_ferruginea_1;1983;1716;267;267;1.0;0.865;true
Hirundinea_ferruginea_2;1983;1716;267;267;1.0;0.865;true
Hymenops_perspicillatus_1;1899;1716;183;183;1.0;0.903;true
Hymenops_perspicillatus_2;1899;1716;183;183;1.0;0.903;true
Ibycter_americanus_1;1890;1716;174;174;1.0;0.907;true
Ibycter_americanus_2;1890;1716;174;174;1.0;0.907;true
Indicator_exilis_1;2025;1701;324;324;1.0;0.84;true
Indicator_exilis_2;2025;1701;324;324;1.0;0.84;true
Ixobrychus_minutus_1;1935;1716;219;219;1.0;0.886;true
Ixobrychus_minutus_2;1935;1716;219;219;1.0;0.886;true
Jacana_jacana_1;2049;1716;333;333;1.0;0.837;true
Jacana_jacana_2;2049;1716;333;333;1.0;0.837;true
Jynx_torquilla_1;1944;1719;225;225;1.0;0.884;true
Jynx_torquilla_2;1944;1719;225;225;1.0;0.884;true
Leipoa_ocellata_1;1755;1704;51;51;1.0;0.97;true
Leipoa_ocellata_2;1755;1704;51;51;1.0;0.97;true
Lepidocolaptes_angustirostr_1;1791;1701;90;90;1.0;0.949;true
Lepidocolaptes_angustirostr_2;1791;1701;90;90;1.0;0.949;true
Leptoptilos_crumeniferus_1;1770;1629;141;141;1.0;0.92;true
Leptoptilos_crumeniferus_2;1770;1629;141;141;1.0;0.92;true
Leptosomus_discolor_1;1863;1716;147;147;1.0;0.921;true
Leptosomus_discolor_2;1863;1716;147;147;1.0;0.921;true
Leptotila_rufaxilla_1;1995;1701;294;294;0.991;0.852;true
Leptotila_rufaxilla_2;1995;1716;279;279;1.0;0.86;true
Limosa_lapponica_1;1848;1716;132;132;1.0;0.928;true
Limosa_lapponica_2;1848;1716;132;132;1.0;0.928;true
Lophorina_superba_1;1866;1716;150;150;1.0;0.919;true
Lophorina_superba_2;1866;1716;150;150;1.0;0.919;true
Malurus_splendens_1;1836;1716;120;120;1.0;0.934;true
Malurus_splendens_2;1836;1716;120;120;1.0;0.934;true
Megalaima_chrysopogon_1;1518;1497;21;21;0.986;0.986;true
Megalaima_chrysopogon_2;1518;1497;21;21;0.986;0.986;true
Melanopareia_maximilian_1;1956;1716;240;240;1.0;0.877;true
Melanopareia_maximilian_2;1956;1716;240;240;1.0;0.877;true
Menura_novaehollandiae_1;1947;1716;231;231;1.0;0.881;true
Menura_novaehollandiae_2;1947;1716;231;231;1.0;0.881;true
Merops_muelleri_1;1953;1716;237;237;1.0;0.878;true
Merops_muelleri_2;1953;1716;237;237;1.0;0.878;true
Mesitornis_unicolor_1;2019;1716;303;303;1.0;0.849;true
Mesitornis_unicolor_2;2019;1716;303;303;1.0;0.849;true
Micrastur_gilvicollis_1;1899;1713;186;186;1.0;0.902;true
Micrastur_gilvicollis_2;1899;1713;186;186;1.0;0.902;true
Micropygia_schomburgkii_1;1776;1710;66;66;1.0;0.962;true
Micropygia_schomburgkii_2;1776;1710;66;66;1.0;0.962;true
Momotus_lessonii_1;1848;1710;138;138;1.0;0.925;true
Momotus_lessonii_2;1848;1710;138;138;1.0;0.925;true
Monias_benschi_1;2169;1716;453;453;1.0;0.791;true
Monias_benschi_2;2169;1716;453;453;1.0;0.791;true
Morus_serrator_1;1941;1716;225;225;1.0;0.884;true
Morus_serrator_2;1941;1716;225;225;1.0;0.884;true
Myiobius_barbatus_1;2001;1716;285;285;1.0;0.857;true
Myiobius_barbatus_2;2001;1716;285;285;1.0;0.857;true
Myrmornis_torquata_1;1782;1683;99;99;1.0;0.944;true
Myrmornis_torquata_2;1782;1683;99;99;1.0;0.944;true
Myrmothera_campanisona_1;1491;1458;33;33;1.0;0.977;true
Myrmothera_campanisona_2;1491;1458;33;33;1.0;0.977;true
Neodrepanis_coruscans_1;1899;1716;183;183;1.0;0.903;true
Neodrepanis_coruscans_2;1899;1716;183;183;1.0;0.903;true
Neopelma_chrysocephalum_1;1884;1716;168;168;1.0;0.91;true
Neopelma_chrysocephalum_2;1884;1716;168;168;1.0;0.91;true
Nestor_meridionalis_1;1833;1716;117;117;1.0;0.936;true
Nestor_meridionalis_2;1833;1716;117;117;1.0;0.936;true
Nothoprocta_ornata_1;1857;1719;138;138;1.0;0.925;true
Nothoprocta_ornata_2;1857;1719;138;138;1.0;0.925;true
Numida_malagris_1;1899;1716;183;183;1.0;0.903;true
Numida_malagris_2;1899;1716;183;183;1.0;0.903;true
Nyctibius_griseus_1;2055;1716;339;339;1.0;0.835;true
Nyctibius_griseus_2;2055;1716;339;339;1.0;0.835;true
Oceanites_oceanicus_1;2001;1716;285;285;1.0;0.857;true
Oceanites_oceanicus_2;2001;1716;285;285;1.0;0.857;true
Oceanodroma_leucorhoa_1;900;864;36;36;1.0;0.96;true
Oceanodroma_leucorhoa_2;900;864;36;36;1.0;0.96;true
Odontophorus_gujanensis_1;993;963;30;30;1.0;0.969;true
Odontophorus_gujanensis_2;993;963;30;30;1.0;0.969;true
Opisthocomus_hoazin_1;1866;1656;210;210;1.0;0.887;true
Opisthocomus_hoazin_2;1866;1656;210;210;1.0;0.887;true
Ortalis_motmot_1;1803;1716;87;87;1.0;0.951;true
Ortalis_motmot_2;1803;1716;87;87;1.0;0.951;true
Oxyruncus_cristatus_1;1950;1716;234;234;1.0;0.88;true
Oxyruncus_cristatus_2;1950;1716;234;234;1.0;0.88;true
Oxyura_jamaicensis_1;1857;1716;141;141;1.0;0.924;true
Oxyura_jamaicensis_2;1857;1716;141;141;1.0;0.924;true
Pandion_haliaetus_1;1266;1266;0;0;1.0;1.0;true
Pandion_haliaetus_2;1266;1266;0;0;1.0;1.0;true
Pedionomus_torquatus_1;2262;1716;546;546;1.0;0.758;true
Pedionomus_torquatus_2;2262;1716;546;546;1.0;0.758;true
Pelagodroma_marina_1;1632;1632;0;0;1.0;1.0;true
Pelagodroma_marina_2;1632;1632;0;0;1.0;1.0;true
Pelecanoides_urinatrix_1;1461;1455;6;6;0.995;0.995;true
Pelecanoides_urinatrix_2;1461;1455;6;6;0.995;0.995;true
Pelecanus_occidentalis_1;1707;1632;75;75;1.0;0.956;true
Pelecanus_occidentalis_2;1707;1632;75;75;1.0;0.956;true
Phaethon_rubricauda_1;1248;1236;12;12;1.0;0.99;true
Phaethon_rubricauda_2;1248;1236;12;12;1.0;0.99;true
Phaethornis_superciliosus_1;1674;1614;60;60;1.0;0.964;true
Phaethornis_superciliosus_2;1674;1614;60;60;1.0;0.964;true
Phalacrocorax_brasili_1;1929;1716;213;213;1.0;0.889;true
Phalacrocorax_brasili_2;1929;1716;213;213;1.0;0.889;true
Phoebastria_nigripes_1;1236;1038;198;198;1.0;0.839;true
Phoebastria_nigripes_2;1236;1038;198;198;1.0;0.839;true
Phoenicopterus_ruber_1;1650;1620;30;30;1.0;0.981;true
Phoenicopterus_ruber_2;1650;1620;30;30;1.0;0.981;true
Phoeniculus_purpureus_1;645;645;0;0;1.0;1.0;true
Phoeniculus_purpureus_2;645;645;0;0;1.0;1.0;true
Picus_canus_1;1632;1611;21;21;1.0;0.987;true
Picus_canus_2;1632;1611;21;21;1.0;0.987;true
Pipra_erythrocephala_1;2088;1716;372;372;1.0;0.821;true
Pipra_erythrocephala_2;2088;1716;372;372;1.0;0.821;true
Piprites_chloris_1;1998;1716;282;282;1.0;0.858;true
Piprites_chloris_2;1998;1716;282;282;1.0;0.858;true
Pitta_angolensis_1;2010;1716;294;294;1.0;0.853;true
Pitta_angolensis_2;2010;1716;294;294;1.0;0.853;true
Podargus_strigoides_1;1872;1716;156;156;1.0;0.916;true
Podargus_strigoides_2;1872;1716;156;156;1.0;0.916;true
Poecile_lugubris_1;567;567;0;0;1.0;1.0;true
Poecile_lugubris_2;567;567;0;0;1.0;1.0;true
Porphyrio_porphyrio_1;966;843;123;123;1.0;0.872;true
Porphyrio_porphyrio_2;966;843;123;123;1.0;0.872;true
Probosciger_aterrimus_1;1377;1353;24;24;1.0;0.982;true
Probosciger_aterrimus_2;1377;1353;24;24;1.0;0.982;true
Psittacus_erithacus_1;1935;1716;219;219;1.0;0.886;true
Psittacus_erithacus_2;1935;1716;219;219;1.0;0.886;true
Psittrichas_fulgidus_1;1827;1596;231;231;1.0;0.873;true
Psittrichas_fulgidus_2;1827;1596;231;231;1.0;0.873;true
Psophia_crepitans_1;1932;1716;216;216;1.0;0.888;true
Psophia_crepitans_2;1932;1716;216;216;1.0;0.888;true
Pterocles_bicinctus_1;1503;1449;54;54;1.0;0.964;true
Pterocles_bicinctus_2;1503;1449;54;54;1.0;0.964;true
Pterodroma_externa_1;1986;1713;273;273;1.0;0.862;true
Pterodroma_externa_2;1986;1713;273;273;1.0;0.862;true
Ptilinopus_magnificus_1;2022;1716;306;306;1.0;0.848;true
Ptilinopus_magnificus_2;2022;1716;306;306;1.0;0.848;true
Ptilonorhynchus_violaceus_1;2076;1716;360;360;1.0;0.826;true
Ptilonorhynchus_violaceus_2;2076;1716;360;360;1.0;0.826;true
Puffinus_griseus_1;1866;1662;204;204;1.0;0.89;true
Puffinus_griseus_2;1866;1662;204;204;1.0;0.89;true
Pycnonotus_macrotis_1;1863;1716;147;147;1.0;0.921;true
Pycnonotus_macrotis_2;1863;1716;147;147;1.0;0.921;true
Rallus_longirostris_1;804;804;0;0;1.0;1.0;true
Rallus_longirostris_2;804;804;0;0;1.0;1.0;true
Ramphastos_ambiguus_1;1992;1719;273;273;1.0;0.862;true
Ramphastos_ambiguus_2;1992;1719;273;273;1.0;0.862;true
Recurvirostra_americana_1;1797;1674;123;123;1.0;0.931;true
Recurvirostra_americana_2;1797;1674;123;123;1.0;0.931;true
Regulus_ignicapilla_1;1857;1716;141;141;1.0;0.924;true
Regulus_ignicapilla_2;1857;1716;141;141;1.0;0.924;true
Rhea_americana_1;2028;1716;312;312;1.0;0.846;true
Rhea_americana_2;2028;1716;312;312;1.0;0.846;true
Rhynchocyclus_olivaceus_1;1872;1716;156;156;1.0;0.916;true
Rhynchocyclus_olivaceus_2;1872;1716;156;156;1.0;0.916;true
Rollandia_rolland_1;1278;1206;72;72;1.0;0.943;true
Rollandia_rolland_2;1278;1206;72;72;1.0;0.943;true
Rollulus_rouloul_1;1698;1695;3;3;1.0;0.998;true
Rollulus_rouloul_2;1698;1695;3;3;1.0;0.998;true
Rostratula_benghalensis_1;1575;1575;0;0;1.0;1.0;true
Rostratula_benghalensis_2;1575;1575;0;0;1.0;1.0;true
Rupicola_rupicola_1;1809;1716;93;93;1.0;0.948;true
Rupicola_rupicola_2;1809;1716;93;93;1.0;0.948;true
Rynchops_niger_1;1890;1716;174;174;1.0;0.907;true
Rynchops_niger_2;1890;1716;174;174;1.0;0.907;true
Sagittarius_serpentarius_1;1104;954;150;150;1.0;0.864;true
Sagittarius_serpentarius_2;1104;954;150;150;1.0;0.864;true
Sarothrura_rufa_1;1143;1143;0;0;1.0;1.0;true
Sarothrura_rufa_2;1143;1143;0;0;1.0;1.0;true
Schiffornis_turdina_1;1731;1560;171;171;1.0;0.901;true
Schiffornis_turdina_2;1731;1560;171;171;1.0;0.901;true
Sclerurus_mexicanus_1;2079;1716;363;363;1.0;0.825;true
Sclerurus_mexicanus_2;2079;1716;363;363;1.0;0.825;true
Scopus_umbretta_1;987;963;24;24;1.0;0.975;true
Scopus_umbretta_2;987;963;24;24;1.0;0.975;true
Sericulus_bakeri_1;2169;1716;453;453;1.0;0.791;true
Sericulus_bakeri_2;2169;1716;453;453;1.0;0.791;true
Smithornis_rufolateralis_1;1983;1716;267;267;1.0;0.865;true
Smithornis_rufolateralis_2;1983;1716;267;267;1.0;0.865;true
Spheniscus_humboldti_1;1896;1707;189;189;1.0;0.9;true
Spheniscus_humboldti_2;1896;1707;189;189;1.0;0.9;true
Spizella_arborea_1;1944;1716;228;228;1.0;0.882;true
Spizella_arborea_2;1944;1716;228;228;1.0;0.882;true
Steatornis_caripensi_1;228;228;0;0;1.0;1.0;true
Steatornis_caripensi_2;228;228;0;0;1.0;1.0;true
Sterna_hirundo_1;1860;1716;144;144;1.0;0.922;true
Sterna_hirundo_2;1860;1716;144;144;1.0;0.922;true
Streptoprocne_zonaris_1;1671;1632;39;39;1.0;0.976;true
Streptoprocne_zonaris_2;1671;1632;39;39;1.0;0.976;true
Strix_varia_1;1089;1089;0;0;1.0;1.0;true
Strix_varia_2;1089;1089;0;0;1.0;1.0;true
Struthio_camelus_1;1512;1416;96;96;1.0;0.936;true
Struthio_camelus_2;1512;1416;96;96;1.0;0.936;true
Sylvia_melanocephala_1;1902;1716;186;186;1.0;0.902;true
Sylvia_melanocephala_2;1902;1716;186;186;1.0;0.902;true
Syrrhaptes_paradoxus_1;1791;1668;123;123;1.0;0.931;true
Syrrhaptes_paradoxus_2;1791;1668;123;123;1.0;0.931;true
Tapera_naevia_1;1809;1692;117;117;1.0;0.935;true
Tapera_naevia_2;1809;1692;117;117;1.0;0.935;true
Tauraco_macrorhynchus_1;1626;1623;3;3;0.998;0.998;true
Tauraco_macrorhynchus_2;1626;1623;3;3;0.998;0.998;true
Terenura_callinota_1;1785;1716;69;69;1.0;0.961;true
Terenura_callinota_2;1785;1716;69;69;1.0;0.961;true
Thamnophilus_ruficapillu_1;1992;1716;276;276;1.0;0.861;true
Thamnophilus_ruficapillu_2;1992;1716;276;276;1.0;0.861;true
Theristicus_caerulescens_1;2019;1716;303;303;1.0;0.849;true
Theristicus_caerulescens_2;2019;1716;303;303;1.0;0.849;true
Tigrisoma_lineatum_1;1566;1566;0;0;1.0;1.0;true
Tigrisoma_lineatum_2;1566;1566;0;0;1.0;1.0;true
Tinamus_major_1;1872;1719;153;153;1.0;0.918;true
Tinamus_major_2;1872;1719;153;153;1.0;0.918;true
Tityra_cayana_1;1668;1668;0;0;1.0;1.0;true
Tityra_cayana_2;1668;1668;0;0;1.0;1.0;true
Tockus_camurus_1;1743;1698;45;45;1.0;0.974;true
Tockus_camurus_2;1743;1698;45;45;1.0;0.974;true
Todus_mexicanus_1;1896;1716;180;180;1.0;0.905;true
Todus_mexicanus_2;1896;1716;180;180;1.0;0.905;true
Topaza_pella_1;1494;1494;0;0;1.0;1.0;true
Topaza_pella_2;1494;1494;0;0;1.0;1.0;true
Treron_calvus_1;1833;1710;123;123;0.998;0.932;true
Treron_calvus_2;1833;1710;123;123;0.998;0.932;true
Tringa_solitaria_1;1716;1698;18;18;1.0;0.989;true
Tringa_solitaria_2;1716;1698;18;18;1.0;0.989;true
Trogon_elegans_1;1845;1716;129;129;1.0;0.93;true
Trogon_elegans_2;1845;1716;129;129;1.0;0.93;true
Turdus_olivater_1;1917;1716;201;201;1.0;0.895;true
Turdus_olivater_2;1917;1716;201;201;1.0;0.895;true
Turnix_ocellata_1;1740;1668;72;72;1.0;0.958;true
Turnix_ocellata_2;1740;1668;72;72;1.0;0.958;true
Tyrannus_albogularis_1;2046;1716;330;330;1.0;0.838;true
Tyrannus_albogularis_2;2046;1716;330;330;1.0;0.838;true
Tyto_alba_1;339;339;0;0;1.0;1.0;true
Tyto_alba_2;339;339;0;0;1.0;1.0;true
Upupa_epops_1;1335;1335;0;0;1.0;1.0;true
Upupa_epops_2;1335;1335;0;0;1.0;1.0;true
Uria_aalge_1;1566;1566;0;0;1.0;1.0;true
Uria_aalge_2;1566;1566;0;0;1.0;1.0;true
Urocolius_indicus_1;1497;1449;48;48;1.0;0.967;true
Urocolius_indicus_2;1497;1449;48;48;1.0;0.967;true
Vultur_gryphus_1;1404;1332;72;72;1.0;0.948;true
Vultur_gryphus_2;1404;1332;72;72;1.0;0.948;true
