seqName;initialSeqLength;nbKeep;nbTrim;nbInformativeTrim;percentKeepExcludingExtremities;percentKeepIncludingExtremities;keptSequences
Acanthisitta_chloris_1;1617;1548;69;69;1.0;0.957;true
Acanthisitta_chloris_2;1617;1548;69;69;1.0;0.957;true
Accipiter_superciliosus_1;1677;1548;129;129;1.0;0.923;true
Accipiter_superciliosus_2;1677;1548;129;129;1.0;0.923;true
Aegotheles_insignis_1;1554;1548;6;6;1.0;0.996;true
Aegotheles_insignis_2;1554;1548;6;6;1.0;0.996;true
Alcedo_quadribrachys_1;1626;1548;78;78;1.0;0.952;true
Alcedo_quadribrachys_2;1626;1548;78;78;1.0;0.952;true
Anas_superciliosa_1;1533;1533;0;0;1.0;1.0;true
Anas_superciliosa_2;1533;1533;0;0;1.0;1.0;true
Anhinga_anhinga_1;1656;1548;108;108;1.0;0.934;true
Anhinga_anhinga_2;1656;1548;108;108;1.0;0.934;true
Anser_canagicus_1;1707;1548;159;159;1.0;0.906;true
Anser_canagicus_2;1707;1548;159;159;1.0;0.906;true
Anseranas_semipalmata_1;1641;1548;93;93;1.0;0.943;true
Anseranas_semipalmata_2;1641;1548;93;93;1.0;0.943;true
Apaloderma_aequatoriale_1;1641;1548;93;93;1.0;0.943;true
Apaloderma_aequatoriale_2;1641;1548;93;93;1.0;0.943;true
Apteryx_sp._1;1548;1548;0;0;1.0;1.0;true
Apteryx_sp._2;1548;1548;0;0;1.0;1.0;true
Aramus_guarauna_1;1662;1548;114;114;1.0;0.931;true
Aramus_guarauna_2;1662;1548;114;114;1.0;0.931;true
Archilochus_colubris_1;1650;1548;102;102;1.0;0.938;true
Archilochus_colubris_2;1650;1548;102;102;1.0;0.938;true
Ardea_herodias_1;1647;1548;99;99;1.0;0.939;true
Ardea_herodias_2;1647;1548;99;99;1.0;0.939;true
Ardeotis_kori_1;1617;1548;69;69;1.0;0.957;true
Ardeotis_kori_2;1617;1548;69;69;1.0;0.957;true
Arenaria_interpres_1;1641;1548;93;93;1.0;0.943;true
Arenaria_interpres_2;1641;1548;93;93;1.0;0.943;true
Atelornis_pittoides_1;1644;1548;96;96;1.0;0.941;true
Atelornis_pittoides_2;1644;1548;96;96;1.0;0.941;true
Aythya_valisineria_1;1698;1548;150;150;1.0;0.911;true
Aythya_valisineria_2;1698;1548;150;150;1.0;0.911;true
Balaeniceps_rex_1;1659;1548;111;111;1.0;0.933;true
Balaeniceps_rex_2;1659;1548;111;111;1.0;0.933;true
Balearica_regulorum_1;1083;1083;0;0;1.0;1.0;true
Balearica_regulorum_2;1083;1083;0;0;1.0;1.0;true
Barnardius_zonarius_1;1218;1218;0;0;1.0;1.0;true
Barnardius_zonarius_2;1218;1218;0;0;1.0;1.0;true
Bonasa_umbellus_1;1701;1548;153;153;1.0;0.91;true
Bonasa_umbellus_2;1701;1548;153;153;1.0;0.91;true
Buccanodon_duchaillui_1;1599;1548;51;51;1.0;0.968;true
Buccanodon_duchaillui_2;1599;1548;51;51;1.0;0.968;true
Bucco_capensis_1;1620;1548;72;72;1.0;0.955;true
Bucco_capensis_2;1620;1548;72;72;1.0;0.955;true
Bucorvus_leadbeateri_1;1635;1548;87;87;1.0;0.946;true
Bucorvus_leadbeateri_2;1635;1548;87;87;1.0;0.946;true
Burhinus_oedicnemus_1;1635;1548;87;87;1.0;0.946;true
Burhinus_oedicnemus_2;1635;1548;87;87;1.0;0.946;true
Buteo_jamaicensis_1;1650;1548;102;102;1.0;0.938;true
Buteo_jamaicensis_2;1650;1548;102;102;1.0;0.938;true
Caiman_croccodilus_1;1437;1437;0;0;1.0;1.0;true
Caiman_croccodilus_2;1437;1437;0;0;1.0;1.0;true
Calandrella_brachydactyla_1;1560;1548;12;12;1.0;0.992;true
Calandrella_brachydactyla_2;1560;1548;12;12;1.0;0.992;true
Calyptomena_viridis_1;1557;1548;9;9;1.0;0.994;true
Calyptomena_viridis_2;1557;1548;9;9;1.0;0.994;true
Capito_niger_1;1113;1113;0;0;1.0;1.0;true
Capito_niger_2;1113;1113;0;0;1.0;1.0;true
Caprimulgus_europaeus_1;1749;1548;201;201;1.0;0.885;true
Caprimulgus_europaeus_2;1749;1548;201;201;1.0;0.885;true
Caracara_cheriway_1;1599;1548;51;51;1.0;0.968;true
Caracara_cheriway_2;1599;1548;51;51;1.0;0.968;true
Cariama_cristata_1;1599;1548;51;51;1.0;0.968;true
Cariama_cristata_2;1599;1548;51;51;1.0;0.968;true
Casuarius_bennetti_1;1512;1512;0;0;1.0;1.0;true
Casuarius_bennetti_2;1512;1512;0;0;1.0;1.0;true
Cathartes_burrovianus_1;1497;1497;0;0;1.0;1.0;true
Cathartes_burrovianus_2;1497;1497;0;0;1.0;1.0;true
Centropus_bengalensis_1;1656;1548;108;108;1.0;0.934;true
Centropus_bengalensis_2;1656;1548;108;108;1.0;0.934;true
Chaetura_brachyura_1;1659;1548;111;111;1.0;0.933;true
Chaetura_brachyura_2;1659;1548;111;111;1.0;0.933;true
Charadrius_hiaticula_1;1512;1512;0;0;1.0;1.0;true
Charadrius_hiaticula_2;1512;1512;0;0;1.0;1.0;true
Chauna_torquata_1;1641;1548;93;93;1.0;0.943;true
Chauna_torquata_2;1641;1548;93;93;1.0;0.943;true
Chelidoptera_tenebrosa_1;1560;1548;12;12;1.0;0.992;true
Chelidoptera_tenebrosa_2;1560;1548;12;12;1.0;0.992;true
Chloroceryle_inda_1;1602;1548;54;54;1.0;0.966;true
Chloroceryle_inda_2;1602;1548;54;54;1.0;0.966;true
Chordeiles_pusillus_1;1800;1548;252;252;1.0;0.86;true
Chordeiles_pusillus_2;1800;1548;252;252;1.0;0.86;true
Chroicocephalus_cirrocephalus_1;1629;1548;81;81;1.0;0.95;true
Chroicocephalus_cirrocephalus_2;1629;1548;81;81;1.0;0.95;true
Chunga_burmeisteri_1;1608;1548;60;60;1.0;0.962;true
Chunga_burmeisteri_2;1608;1548;60;60;1.0;0.962;true
Ciconia_nigra_1;1641;1548;93;93;1.0;0.943;true
Ciconia_nigra_2;1641;1548;93;93;1.0;0.943;true
Climacteris_melanura_1;1635;1548;87;87;1.0;0.946;true
Climacteris_melanura_2;1635;1548;87;87;1.0;0.946;true
Coccyzus_melacoryphus_1;1521;1521;0;0;1.0;1.0;true
Coccyzus_melacoryphus_2;1521;1521;0;0;1.0;1.0;true
Colinus_cristatus_1;1488;1488;0;0;1.0;1.0;true
Colinus_cristatus_2;1488;1488;0;0;1.0;1.0;true
Colius_colius_1;1467;1467;0;0;1.0;1.0;true
Colius_colius_2;1467;1467;0;0;1.0;1.0;true
Columba_livia_1;1602;1548;54;54;1.0;0.966;true
Columba_livia_2;1602;1548;54;54;1.0;0.966;true
Columbina_minuta_1;1761;1548;213;213;1.0;0.879;true
Columbina_minuta_2;1761;1548;213;213;1.0;0.879;true
Coracias_cyanogaster_1;1656;1548;108;108;1.0;0.934;true
Coracias_cyanogaster_2;1656;1548;108;108;1.0;0.934;true
Corvus_albus_1;1572;1548;24;24;1.0;0.984;true
Corvus_albus_2;1572;1548;24;24;1.0;0.984;true
Corythaeola_cristata_1;1506;1506;0;0;1.0;1.0;true
Corythaeola_cristata_2;1506;1506;0;0;1.0;1.0;true
Cotinga_cayana_1;1497;1497;0;0;1.0;1.0;true
Cotinga_cayana_2;1497;1497;0;0;1.0;1.0;true
Crax_alector_1;1584;1548;36;36;1.0;0.977;true
Crax_alector_2;1584;1548;36;36;1.0;0.977;true
Crocodylus_porosus_1;1530;1530;0;0;1.0;1.0;true
Crocodylus_porosus_2;1530;1530;0;0;1.0;1.0;true
Cryptopipo_aenigma_1;1047;1047;0;0;1.0;1.0;true
Cryptopipo_aenigma_2;1047;1047;0;0;1.0;1.0;true
Crypturellus_tataupa_1;1701;1548;153;153;1.0;0.91;true
Crypturellus_tataupa_2;1701;1548;153;153;1.0;0.91;true
Cuculus_optatus_1;1755;1548;207;207;1.0;0.882;true
Cuculus_optatus_2;1755;1548;207;207;1.0;0.882;true
Dendrocygna_viduata_1;1638;1548;90;90;1.0;0.945;true
Dendrocygna_viduata_2;1638;1548;90;90;1.0;0.945;true
Deroptyus_accipitrinus_1;1650;1548;102;102;1.0;0.938;true
Deroptyus_accipitrinus_2;1650;1548;102;102;1.0;0.938;true
Dromaius_novaehollandiae_1;1707;1548;159;159;1.0;0.906;true
Dromaius_novaehollandiae_2;1707;1548;159;159;1.0;0.906;true
Elaenia_flavogaster_1;1779;1548;231;231;1.0;0.87;true
Elaenia_flavogaster_2;1779;1548;231;231;1.0;0.87;true
Elanus_leucurus_1;1644;1548;96;96;1.0;0.941;true
Elanus_leucurus_2;1644;1548;96;96;1.0;0.941;true
Eudromia_elegans_1;1674;1548;126;126;1.0;0.924;true
Eudromia_elegans_2;1674;1548;126;126;1.0;0.924;true
Eurostopodus_macrotis_1;1620;1548;72;72;1.0;0.955;true
Eurostopodus_macrotis_2;1620;1548;72;72;1.0;0.955;true
Eurylaimus_ochromalus_1;882;789;93;93;1.0;0.894;true
Eurylaimus_ochromalus_2;882;789;93;93;1.0;0.894;true
Eurypyga_helias_1;936;936;0;0;1.0;1.0;true
Eurypyga_helias_2;936;936;0;0;1.0;1.0;true
Falco_sparverius_1;1764;1548;216;216;1.0;0.877;true
Falco_sparverius_2;1764;1548;216;216;1.0;0.877;true
Fregata_magnificens_1;984;864;120;120;1.0;0.878;true
Fregata_magnificens_2;984;864;120;120;1.0;0.878;true
Fringilla_coelebs_1;1695;1548;147;147;1.0;0.913;true
Fringilla_coelebs_2;1695;1548;147;147;1.0;0.913;true
Fulmarus_glacialoides_1;1731;1548;183;183;1.0;0.894;true
Fulmarus_glacialoides_2;1731;1548;183;183;1.0;0.894;true
Furnarius_rufus_1;1512;1512;0;0;1.0;1.0;true
Furnarius_rufus_2;1512;1512;0;0;1.0;1.0;true
Galbula_dea_1;1644;1548;96;96;1.0;0.941;true
Galbula_dea_2;1644;1548;96;96;1.0;0.941;true
Gallus_gallus_1;1674;1548;126;126;1.0;0.924;true
Gallus_gallus_2;1674;1548;126;126;1.0;0.924;true
Gavia_immer_1;1551;1548;3;3;1.0;0.998;true
Gavia_immer_2;1551;1548;3;3;1.0;0.998;true
Glareola_nuchalis_1;1695;1548;147;147;1.0;0.913;true
Glareola_nuchalis_2;1695;1548;147;147;1.0;0.913;true
Grus_canadensis_1;1641;1548;93;93;1.0;0.943;true
Grus_canadensis_2;1641;1548;93;93;1.0;0.943;true
Haematopus_palliatus_1;1704;1548;156;156;1.0;0.908;true
Haematopus_palliatus_2;1704;1548;156;156;1.0;0.908;true
Heliornis_fulica_1;1584;1548;36;36;1.0;0.977;true
Heliornis_fulica_2;1584;1548;36;36;1.0;0.977;true
Hemiprocne_comata_1;1134;1134;0;0;1.0;1.0;true
Hemiprocne_comata_2;1134;1134;0;0;1.0;1.0;true
Hirundinea_ferruginea_1;1728;1548;180;180;1.0;0.895;true
Hirundinea_ferruginea_2;1728;1548;180;180;1.0;0.895;true
Hymenops_perspicillatus_1;1620;1548;72;72;1.0;0.955;true
Hymenops_perspicillatus_2;1620;1548;72;72;1.0;0.955;true
Ibycter_americanus_1;1593;1548;45;45;1.0;0.971;true
Ibycter_americanus_2;1593;1548;45;45;1.0;0.971;true
Indicator_exilis_1;1677;1548;129;129;1.0;0.923;true
Indicator_exilis_2;1677;1548;129;129;1.0;0.923;true
Ixobrychus_minutus_1;1644;1548;96;96;1.0;0.941;true
Ixobrychus_minutus_2;1644;1548;96;96;1.0;0.941;true
Jacana_jacana_1;1740;1548;192;192;1.0;0.889;true
Jacana_jacana_2;1740;1548;192;192;1.0;0.889;true
Jynx_torquilla_1;1695;1548;147;147;1.0;0.913;true
Jynx_torquilla_2;1695;1548;147;147;1.0;0.913;true
Leipoa_ocellata_1;1527;1527;0;0;1.0;1.0;true
Leipoa_ocellata_2;1527;1527;0;0;1.0;1.0;true
Lepidocolaptes_angustirostr_1;1560;1548;12;12;1.0;0.992;true
Lepidocolaptes_angustirostr_2;1560;1548;12;12;1.0;0.992;true
Leptoptilos_crumeniferus_1;1497;1497;0;0;1.0;1.0;true
Leptoptilos_crumeniferus_2;1497;1497;0;0;1.0;1.0;true
Leptosomus_discolor_1;1617;1548;69;69;1.0;0.957;true
Leptosomus_discolor_2;1617;1548;69;69;1.0;0.957;true
Leptotila_rufaxilla_1;1644;1548;96;96;1.0;0.941;true
Leptotila_rufaxilla_2;1644;1548;96;96;1.0;0.941;true
Limosa_lapponica_1;1596;1548;48;48;1.0;0.969;true
Limosa_lapponica_2;1596;1548;48;48;1.0;0.969;true
Lophorina_superba_1;1530;1530;0;0;1.0;1.0;true
Lophorina_superba_2;1530;1530;0;0;1.0;1.0;true
Malurus_splendens_1;1422;1422;0;0;1.0;1.0;true
Malurus_splendens_2;1422;1422;0;0;1.0;1.0;true
Megalaima_chrysopogon_1;1650;1548;102;102;1.0;0.938;true
Megalaima_chrysopogon_2;1650;1548;102;102;1.0;0.938;true
Melanopareia_maximilian_1;1665;1548;117;117;1.0;0.929;true
Melanopareia_maximilian_2;1665;1548;117;117;1.0;0.929;true
Menura_novaehollandiae_1;1650;1548;102;102;1.0;0.938;true
Menura_novaehollandiae_2;1650;1548;102;102;1.0;0.938;true
Merops_muelleri_1;1692;1548;144;144;1.0;0.914;true
Merops_muelleri_2;1692;1548;144;144;1.0;0.914;true
Mesitornis_unicolor_1;1641;1548;93;93;1.0;0.943;true
Mesitornis_unicolor_2;1641;1548;93;93;1.0;0.943;true
Micrastur_gilvicollis_1;1752;1548;204;204;1.0;0.883;true
Micrastur_gilvicollis_2;1752;1548;204;204;1.0;0.883;true
Micropygia_schomburgkii_1;1623;1545;78;78;1.0;0.951;true
Micropygia_schomburgkii_2;1623;1545;78;78;1.0;0.951;true
Momotus_lessonii_1;1578;1548;30;30;1.0;0.98;true
Momotus_lessonii_2;1578;1548;30;30;1.0;0.98;true
Monias_benschi_1;1701;1539;162;162;1.0;0.904;true
Monias_benschi_2;1701;1539;162;162;1.0;0.904;true
Morus_serrator_1;1593;1548;45;45;1.0;0.971;true
Morus_serrator_2;1593;1548;45;45;1.0;0.971;true
Myiobius_barbatus_1;1752;1548;204;204;1.0;0.883;true
Myiobius_barbatus_2;1752;1548;204;204;1.0;0.883;true
Myrmornis_torquata_1;1611;1548;63;63;1.0;0.96;true
Myrmornis_torquata_2;1611;1548;63;63;1.0;0.96;true
Myrmothera_campanisona_1;1473;1473;0;0;1.0;1.0;true
Myrmothera_campanisona_2;1473;1473;0;0;1.0;1.0;true
Neodrepanis_coruscans_1;1689;1548;141;141;1.0;0.916;true
Neodrepanis_coruscans_2;1689;1548;141;141;1.0;0.916;true
Neopelma_chrysocephalum_1;1581;1548;33;33;1.0;0.979;true
Neopelma_chrysocephalum_2;1581;1548;33;33;1.0;0.979;true
Nestor_meridionalis_1;1578;1548;30;30;1.0;0.98;true
Nestor_meridionalis_2;1578;1548;30;30;1.0;0.98;true
Nothoprocta_ornata_1;1635;1548;87;87;1.0;0.946;true
Nothoprocta_ornata_2;1635;1548;87;87;1.0;0.946;true
Numida_malagris_1;1650;1548;102;102;1.0;0.938;true
Numida_malagris_2;1650;1548;102;102;1.0;0.938;true
Nyctibius_griseus_1;1629;1548;81;81;1.0;0.95;true
Nyctibius_griseus_2;1629;1548;81;81;1.0;0.95;true
Oceanites_oceanicus_1;1677;1548;129;129;1.0;0.923;true
Oceanites_oceanicus_2;1677;1548;129;129;1.0;0.923;true
Oceanodroma_leucorhoa_1;603;603;0;0;1.0;1.0;true
Oceanodroma_leucorhoa_2;603;603;0;0;1.0;1.0;true
Odontophorus_gujanensis_1;1485;1485;0;0;1.0;1.0;true
Odontophorus_gujanensis_2;1485;1485;0;0;1.0;1.0;true
Opisthocomus_hoazin_1;1626;1548;78;78;1.0;0.952;true
Opisthocomus_hoazin_2;1626;1548;78;78;1.0;0.952;true
Ortalis_motmot_1;1503;1503;0;0;1.0;1.0;true
Ortalis_motmot_2;1503;1503;0;0;1.0;1.0;true
Oxyruncus_cristatus_1;1746;1548;198;198;1.0;0.886;true
Oxyruncus_cristatus_2;1746;1548;198;198;1.0;0.886;true
Oxyura_jamaicensis_1;1632;1548;84;84;1.0;0.948;true
Oxyura_jamaicensis_2;1632;1548;84;84;1.0;0.948;true
Pandion_haliaetus_1;1575;1542;33;33;1.0;0.979;true
Pandion_haliaetus_2;1575;1542;33;33;1.0;0.979;true
Pedionomus_torquatus_1;1829;1548;281;281;1.0;0.846;true
Pedionomus_torquatus_2;1829;1548;281;281;1.0;0.846;true
Pelagodroma_marina_1;1533;1533;0;0;1.0;1.0;true
Pelagodroma_marina_2;1533;1533;0;0;1.0;1.0;true
Pelecanoides_urinatrix_1;1452;1452;0;0;1.0;1.0;true
Pelecanoides_urinatrix_2;1452;1452;0;0;1.0;1.0;true
Pelecanus_occidentalis_1;1656;1548;108;108;1.0;0.934;true
Pelecanus_occidentalis_2;1656;1548;108;108;1.0;0.934;true
Phaethon_rubricauda_1;1692;1548;144;144;1.0;0.914;true
Phaethon_rubricauda_2;1692;1548;144;144;1.0;0.914;true
Phaethornis_superciliosus_1;1617;1548;69;69;1.0;0.957;true
Phaethornis_superciliosus_2;1617;1548;69;69;1.0;0.957;true
Phalacrocorax_brasili_1;1569;1548;21;21;1.0;0.986;true
Phalacrocorax_brasili_2;1569;1548;21;21;1.0;0.986;true
Phoebastria_nigripes_1;1482;1482;0;0;1.0;1.0;true
Phoebastria_nigripes_2;1482;1482;0;0;1.0;1.0;true
Phoenicopterus_ruber_1;1014;1014;0;0;1.0;1.0;true
Phoenicopterus_ruber_2;1014;1014;0;0;1.0;1.0;true
Phoeniculus_purpureus_1;1497;1497;0;0;1.0;1.0;true
Phoeniculus_purpureus_2;1497;1497;0;0;1.0;1.0;true
Picus_canus_1;1560;1548;12;12;1.0;0.992;true
Picus_canus_2;1560;1548;12;12;1.0;0.992;true
Pipra_erythrocephala_1;1605;1548;57;57;1.0;0.964;true
Pipra_erythrocephala_2;1605;1548;57;57;1.0;0.964;true
Piprites_chloris_1;1527;1527;0;0;1.0;1.0;true
Piprites_chloris_2;1527;1527;0;0;1.0;1.0;true
Pitta_angolensis_1;1488;1488;0;0;1.0;1.0;true
Pitta_angolensis_2;1488;1488;0;0;1.0;1.0;true
Podargus_strigoides_1;1698;1548;150;150;1.0;0.911;true
Podargus_strigoides_2;1698;1548;150;150;1.0;0.911;true
Poecile_lugubris_1;1443;1443;0;0;1.0;1.0;true
Poecile_lugubris_2;1443;1443;0;0;1.0;1.0;true
Porphyrio_porphyrio_1;1737;1548;189;189;1.0;0.891;true
Porphyrio_porphyrio_2;1737;1548;189;189;1.0;0.891;true
Probosciger_aterrimus_1;1584;1548;36;36;1.0;0.977;true
Probosciger_aterrimus_2;1584;1548;36;36;1.0;0.977;true
Psittacus_erithacus_1;1875;1548;327;327;1.0;0.825;true
Psittacus_erithacus_2;1875;1548;327;327;1.0;0.825;true
Psittrichas_fulgidus_1;1233;1233;0;0;1.0;1.0;true
Psittrichas_fulgidus_2;1233;1233;0;0;1.0;1.0;true
Psophia_crepitans_1;1515;1515;0;0;1.0;1.0;true
Psophia_crepitans_2;1515;1515;0;0;1.0;1.0;true
Pterocles_bicinctus_1;1701;1548;153;153;1.0;0.91;true
Pterocles_bicinctus_2;1701;1548;153;153;1.0;0.91;true
Pterodroma_externa_1;1641;1548;93;93;1.0;0.943;true
Pterodroma_externa_2;1641;1548;93;93;1.0;0.943;true
Ptilinopus_magnificus_1;1641;1548;93;93;1.0;0.943;true
Ptilinopus_magnificus_2;1641;1548;93;93;1.0;0.943;true
Ptilonorhynchus_violaceus_1;1716;1548;168;168;1.0;0.902;true
Ptilonorhynchus_violaceus_2;1716;1548;168;168;1.0;0.902;true
Puffinus_griseus_1;1191;1164;27;27;1.0;0.977;true
Puffinus_griseus_2;1191;1164;27;27;1.0;0.977;true
Pycnonotus_macrotis_1;1701;1548;153;153;1.0;0.91;true
Pycnonotus_macrotis_2;1701;1548;153;153;1.0;0.91;true
Rallus_longirostris_1;531;531;0;0;1.0;1.0;true
Rallus_longirostris_2;531;531;0;0;1.0;1.0;true
Ramphastos_ambiguus_1;1653;1548;105;105;1.0;0.936;true
Ramphastos_ambiguus_2;1653;1548;105;105;1.0;0.936;true
Recurvirostra_americana_1;1623;1548;75;75;1.0;0.953;true
Recurvirostra_americana_2;1623;1548;75;75;1.0;0.953;true
Regulus_ignicapilla_1;1554;1548;6;6;1.0;0.996;true
Regulus_ignicapilla_2;1554;1548;6;6;1.0;0.996;true
Rhea_americana_1;1602;1545;57;57;1.0;0.964;true
Rhea_americana_2;1602;1545;57;57;1.0;0.964;true
Rhynchocyclus_olivaceus_1;1686;1548;138;138;1.0;0.918;true
Rhynchocyclus_olivaceus_2;1686;1548;138;138;1.0;0.918;true
Rollandia_rolland_1;1545;1545;0;0;1.0;1.0;true
Rollandia_rolland_2;1545;1545;0;0;1.0;1.0;true
Rollulus_rouloul_1;1494;1494;0;0;1.0;1.0;true
Rollulus_rouloul_2;1494;1494;0;0;1.0;1.0;true
Rostratula_benghalensis_1;1728;1548;180;180;1.0;0.895;true
Rostratula_benghalensis_2;1728;1548;180;180;1.0;0.895;true
Rupicola_rupicola_1;1512;1512;0;0;1.0;1.0;true
Rupicola_rupicola_2;1512;1512;0;0;1.0;1.0;true
Rynchops_niger_1;1518;1518;0;0;1.0;1.0;true
Rynchops_niger_2;1518;1518;0;0;1.0;1.0;true
Sagittarius_serpentarius_1;1536;1536;0;0;1.0;1.0;true
Sagittarius_serpentarius_2;1536;1536;0;0;1.0;1.0;true
Sarothrura_rufa_1;681;681;0;0;1.0;1.0;true
Sarothrura_rufa_2;681;681;0;0;1.0;1.0;true
Schiffornis_turdina_1;1536;1536;0;0;1.0;1.0;true
Schiffornis_turdina_2;1536;1536;0;0;1.0;1.0;true
Sclerurus_mexicanus_1;1701;1548;153;153;1.0;0.91;true
Sclerurus_mexicanus_2;1701;1548;153;153;1.0;0.91;true
Scopus_umbretta_1;1659;1548;111;111;1.0;0.933;true
Scopus_umbretta_2;1659;1548;111;111;1.0;0.933;true
Sericulus_bakeri_1;1686;1548;138;138;1.0;0.918;true
Sericulus_bakeri_2;1686;1548;138;138;1.0;0.918;true
Smithornis_rufolateralis_1;1761;1548;213;213;1.0;0.879;true
Smithornis_rufolateralis_2;1761;1548;213;213;1.0;0.879;true
Spheniscus_humboldti_1;726;726;0;0;1.0;1.0;true
Spheniscus_humboldti_2;726;726;0;0;1.0;1.0;true
Spizella_arborea_1;1431;1431;0;0;1.0;1.0;true
Spizella_arborea_2;1431;1431;0;0;1.0;1.0;true
Steatornis_caripensi_1;915;915;0;0;1.0;1.0;true
Steatornis_caripensi_2;915;915;0;0;1.0;1.0;true
Sterna_hirundo_1;1620;1548;72;72;1.0;0.955;true
Sterna_hirundo_2;1620;1548;72;72;1.0;0.955;true
Streptoprocne_zonaris_1;1527;1527;0;0;1.0;1.0;true
Streptoprocne_zonaris_2;1527;1527;0;0;1.0;1.0;true
Strix_varia_1;1464;1464;0;0;1.0;1.0;true
Strix_varia_2;1464;1464;0;0;1.0;1.0;true
Struthio_camelus_1;1653;1548;105;105;1.0;0.936;true
Struthio_camelus_2;1653;1548;105;105;1.0;0.936;true
Sylvia_melanocephala_1;1476;1476;0;0;1.0;1.0;true
Sylvia_melanocephala_2;1476;1476;0;0;1.0;1.0;true
Syrrhaptes_paradoxus_1;1587;1548;39;39;1.0;0.975;true
Syrrhaptes_paradoxus_2;1587;1548;39;39;1.0;0.975;true
Tapera_naevia_1;1575;1548;27;27;1.0;0.982;true
Tapera_naevia_2;1575;1548;27;27;1.0;0.982;true
Tauraco_macrorhynchus_1;1500;1500;0;0;1.0;1.0;true
Tauraco_macrorhynchus_2;1500;1500;0;0;1.0;1.0;true
Terenura_callinota_1;1680;1548;132;132;1.0;0.921;true
Terenura_callinota_2;1680;1548;132;132;1.0;0.921;true
Thamnophilus_ruficapillu_1;1530;1530;0;0;1.0;1.0;true
Thamnophilus_ruficapillu_2;1530;1530;0;0;1.0;1.0;true
Theristicus_caerulescens_1;1599;1548;51;51;1.0;0.968;true
Theristicus_caerulescens_2;1599;1548;51;51;1.0;0.968;true
Tigrisoma_lineatum_1;1479;1479;0;0;1.0;1.0;true
Tigrisoma_lineatum_2;1479;1479;0;0;1.0;1.0;true
Tinamus_major_1;1209;1170;39;39;1.0;0.967;true
Tinamus_major_2;1209;1170;39;39;1.0;0.967;true
Tityra_cayana_1;885;885;0;0;1.0;1.0;true
Tityra_cayana_2;885;885;0;0;1.0;1.0;true
Tockus_camurus_1;1482;1482;0;0;1.0;1.0;true
Tockus_camurus_2;1482;1482;0;0;1.0;1.0;true
Todus_mexicanus_1;1554;1548;6;6;1.0;0.996;true
Todus_mexicanus_2;1554;1548;6;6;1.0;0.996;true
Topaza_pella_1;1521;1521;0;0;1.0;1.0;true
Topaza_pella_2;1521;1521;0;0;1.0;1.0;true
Treron_calvus_1;1746;1548;198;198;1.0;0.886;true
Treron_calvus_2;1746;1548;198;198;1.0;0.886;true
Tringa_solitaria_1;1713;1548;165;165;1.0;0.903;true
Tringa_solitaria_2;1713;1548;165;165;1.0;0.903;true
Trogon_elegans_1;1620;1548;72;72;1.0;0.955;true
Trogon_elegans_2;1620;1548;72;72;1.0;0.955;true
Turdus_olivater_1;1548;1548;0;0;1.0;1.0;true
Turdus_olivater_2;1548;1548;0;0;1.0;1.0;true
Turnix_ocellata_1;1077;1077;0;0;1.0;1.0;true
Turnix_ocellata_2;1077;1077;0;0;1.0;1.0;true
Tyrannus_albogularis_1;1620;1548;72;72;1.0;0.955;true
Tyrannus_albogularis_2;1620;1548;72;72;1.0;0.955;true
Tyto_alba_1;1368;1368;0;0;1.0;1.0;true
Tyto_alba_2;1368;1368;0;0;1.0;1.0;true
Upupa_epops_1;1017;1017;0;0;1.0;1.0;true
Upupa_epops_2;1017;1017;0;0;1.0;1.0;true
Uria_aalge_1;1656;1548;108;108;1.0;0.934;true
Uria_aalge_2;1656;1548;108;108;1.0;0.934;true
Urocolius_indicus_1;1608;1548;60;60;1.0;0.962;true
Urocolius_indicus_2;1608;1548;60;60;1.0;0.962;true
Vultur_gryphus_1;744;744;0;0;1.0;1.0;true
Vultur_gryphus_2;744;744;0;0;1.0;1.0;true
