seqName;initialSeqLength;nbKeep;nbTrim;nbInformativeTrim;percentKeepExcludingExtremities;percentKeepIncludingExtremities;keptSequences
Acanthisitta_chloris_1;1158;1155;3;3;1.0;0.997;true
Acanthisitta_chloris_2;1158;1155;3;3;1.0;0.997;true
Accipiter_superciliosus_1;1179;1155;24;24;1.0;0.979;true
Accipiter_superciliosus_2;1179;1155;24;24;1.0;0.979;true
Aegotheles_insignis_1;1155;1155;0;0;1.0;1.0;true
Aegotheles_insignis_2;1155;1155;0;0;1.0;1.0;true
Alcedo_quadribrachys_1;342;342;0;0;1.0;1.0;true
Alcedo_quadribrachys_2;342;342;0;0;1.0;1.0;true
Anas_superciliosa_1;543;543;0;0;1.0;1.0;true
Anas_superciliosa_2;543;543;0;0;1.0;1.0;true
Anhinga_anhinga_1;1176;1152;24;24;1.0;0.979;true
Anhinga_anhinga_2;1176;1152;24;24;1.0;0.979;true
Anser_canagicus_1;1155;1155;0;0;1.0;1.0;true
Anser_canagicus_2;1155;1155;0;0;1.0;1.0;true
Anseranas_semipalmata_1;1164;1155;9;9;1.0;0.992;true
Anseranas_semipalmata_2;1164;1155;9;9;1.0;0.992;true
Apaloderma_aequatoriale_1;1179;1146;33;33;1.0;0.972;true
Apaloderma_aequatoriale_2;1179;1146;33;33;1.0;0.972;true
Apteryx_sp._1;1179;1155;24;24;1.0;0.979;true
Apteryx_sp._2;1179;1155;24;24;1.0;0.979;true
Aramus_guarauna_1;1173;1149;24;24;1.0;0.979;true
Aramus_guarauna_2;1173;1149;24;24;1.0;0.979;true
Archilochus_colubris_1;1185;1155;30;30;1.0;0.974;true
Archilochus_colubris_2;1185;1155;30;30;1.0;0.974;true
Ardea_herodias_1;1179;1155;24;24;1.0;0.979;true
Ardea_herodias_2;1179;1155;24;24;1.0;0.979;true
Ardeotis_kori_1;1176;1152;24;24;1.0;0.979;true
Ardeotis_kori_2;1176;1152;24;24;1.0;0.979;true
Arenaria_interpres_1;1161;1152;9;9;1.0;0.992;true
Arenaria_interpres_2;1161;1152;9;9;1.0;0.992;true
Atelornis_pittoides_1;1152;1152;0;0;1.0;1.0;true
Atelornis_pittoides_2;1152;1152;0;0;1.0;1.0;true
Aythya_valisineria_1;1155;1155;0;0;1.0;1.0;true
Aythya_valisineria_2;1155;1155;0;0;1.0;1.0;true
Balaeniceps_rex_1;1155;1155;0;0;1.0;1.0;true
Balaeniceps_rex_2;1155;1155;0;0;1.0;1.0;true
Balearica_regulorum_1;1116;1092;24;24;1.0;0.978;true
Balearica_regulorum_2;1116;1092;24;24;1.0;0.978;true
Barnardius_zonarius_1;543;543;0;0;1.0;1.0;true
Barnardius_zonarius_2;543;543;0;0;1.0;1.0;true
Bonasa_umbellus_1;1155;1155;0;0;1.0;1.0;true
Bonasa_umbellus_2;1155;1155;0;0;1.0;1.0;true
Buccanodon_duchaillui_1;1155;1155;0;0;1.0;1.0;true
Buccanodon_duchaillui_2;1155;1155;0;0;1.0;1.0;true
Bucco_capensis_1;1155;1155;0;0;1.0;1.0;true
Bucco_capensis_2;1155;1155;0;0;1.0;1.0;true
Bucorvus_leadbeateri_1;1176;1152;24;24;1.0;0.979;true
Bucorvus_leadbeateri_2;1176;1152;24;24;1.0;0.979;true
Burhinus_oedicnemus_1;1179;1155;24;24;1.0;0.979;true
Burhinus_oedicnemus_2;1179;1155;24;24;1.0;0.979;true
Buteo_jamaicensis_1;1179;1155;24;24;1.0;0.979;true
Buteo_jamaicensis_2;1179;1155;24;24;1.0;0.979;true
Calandrella_brachydactyla_1;1152;1152;0;0;1.0;1.0;true
Calandrella_brachydactyla_2;1152;1152;0;0;1.0;1.0;true
Calyptomena_viridis_1;1155;1155;0;0;1.0;1.0;true
Calyptomena_viridis_2;1155;1155;0;0;1.0;1.0;true
Capito_niger_1;852;852;0;0;1.0;1.0;true
Capito_niger_2;852;852;0;0;1.0;1.0;true
Caprimulgus_europaeus_1;1155;1155;0;0;1.0;1.0;true
Caprimulgus_europaeus_2;1155;1155;0;0;1.0;1.0;true
Caracara_cheriway_1;1155;1155;0;0;1.0;1.0;true
Caracara_cheriway_2;1155;1155;0;0;1.0;1.0;true
Cariama_cristata_1;1155;1155;0;0;1.0;1.0;true
Cariama_cristata_2;1155;1155;0;0;1.0;1.0;true
Casuarius_bennetti_1;1140;1140;0;0;1.0;1.0;true
Casuarius_bennetti_2;1140;1140;0;0;1.0;1.0;true
Cathartes_burrovianus_1;888;888;0;0;1.0;1.0;true
Cathartes_burrovianus_2;888;888;0;0;1.0;1.0;true
Centropus_bengalensis_1;1194;1155;39;39;1.0;0.967;true
Centropus_bengalensis_2;1194;1155;39;39;1.0;0.967;true
Charadrius_hiaticula_1;1173;1155;18;18;1.0;0.984;true
Charadrius_hiaticula_2;1173;1155;18;18;1.0;0.984;true
Chauna_torquata_1;1155;1155;0;0;1.0;1.0;true
Chauna_torquata_2;1155;1155;0;0;1.0;1.0;true
Chloroceryle_inda_1;1155;1155;0;0;1.0;1.0;true
Chloroceryle_inda_2;1155;1155;0;0;1.0;1.0;true
Chordeiles_pusillus_1;1155;1155;0;0;1.0;1.0;true
Chordeiles_pusillus_2;1155;1155;0;0;1.0;1.0;true
Chroicocephalus_cirrocephalus_1;1155;1155;0;0;1.0;1.0;true
Chroicocephalus_cirrocephalus_2;1155;1155;0;0;1.0;1.0;true
Chunga_burmeisteri_1;1155;1155;0;0;1.0;1.0;true
Chunga_burmeisteri_2;1155;1155;0;0;1.0;1.0;true
Ciconia_nigra_1;1179;1155;24;24;1.0;0.979;true
Ciconia_nigra_2;1179;1155;24;24;1.0;0.979;true
Climacteris_melanura_1;1164;1155;9;9;1.0;0.992;true
Climacteris_melanura_2;1164;1155;9;9;1.0;0.992;true
Coccyzus_melacoryphus_1;345;345;0;0;1.0;1.0;true
Coccyzus_melacoryphus_2;345;345;0;0;1.0;1.0;true
Colinus_cristatus_1;1182;1122;60;60;0.973;0.949;true
Colinus_cristatus_2;1182;1122;60;60;0.973;0.949;true
Colius_colius_1;276;276;0;0;1.0;1.0;true
Colius_colius_2;276;276;0;0;1.0;1.0;true
Columba_livia_1;1155;1155;0;0;1.0;1.0;true
Columba_livia_2;1155;1155;0;0;1.0;1.0;true
Columbina_minuta_1;1179;1155;24;24;1.0;0.979;true
Columbina_minuta_2;1179;1155;24;24;1.0;0.979;true
Coracias_cyanogaster_1;1155;1155;0;0;1.0;1.0;true
Coracias_cyanogaster_2;1155;1155;0;0;1.0;1.0;true
Corvus_albus_1;1155;1155;0;0;1.0;1.0;true
Corvus_albus_2;1155;1155;0;0;1.0;1.0;true
Corythaeola_cristata_1;594;570;24;24;1.0;0.959;true
Corythaeola_cristata_2;594;570;24;24;1.0;0.959;true
Cotinga_cayana_1;1155;1155;0;0;1.0;1.0;true
Cotinga_cayana_2;1155;1155;0;0;1.0;1.0;true
Crax_alector_1;1158;1149;9;9;1.0;0.992;true
Crax_alector_2;1158;1149;9;9;1.0;0.992;true
Cryptopipo_aenigma_1;1155;1155;0;0;1.0;1.0;true
Cryptopipo_aenigma_2;1155;1155;0;0;1.0;1.0;true
Crypturellus_tataupa_1;1179;1155;24;24;1.0;0.979;true
Crypturellus_tataupa_2;1179;1155;24;24;1.0;0.979;true
Cuculus_optatus_1;1278;1149;129;129;1.0;0.899;true
Cuculus_optatus_2;1278;1149;129;129;1.0;0.899;true
Dendrocygna_viduata_1;645;645;0;0;1.0;1.0;true
Dendrocygna_viduata_2;645;645;0;0;1.0;1.0;true
Deroptyus_accipitrinus_1;1185;1161;24;24;1.0;0.979;true
Deroptyus_accipitrinus_2;1185;1161;24;24;1.0;0.979;true
Dromaius_novaehollandiae_1;471;471;0;0;1.0;1.0;true
Dromaius_novaehollandiae_2;471;471;0;0;1.0;1.0;true
Elaenia_flavogaster_1;1155;1155;0;0;1.0;1.0;true
Elaenia_flavogaster_2;1155;1155;0;0;1.0;1.0;true
Elanus_leucurus_1;1155;1155;0;0;1.0;1.0;true
Elanus_leucurus_2;1155;1155;0;0;1.0;1.0;true
Eudromia_elegans_1;792;792;0;0;1.0;1.0;true
Eudromia_elegans_2;792;792;0;0;1.0;1.0;true
Eurostopodus_macrotis_1;1155;1155;0;0;1.0;1.0;true
Eurostopodus_macrotis_2;1155;1155;0;0;1.0;1.0;true
Eurylaimus_ochromalus_1;1155;1155;0;0;1.0;1.0;true
Eurylaimus_ochromalus_2;1155;1155;0;0;1.0;1.0;true
Eurypyga_helias_1;1155;1155;0;0;1.0;1.0;true
Eurypyga_helias_2;1155;1155;0;0;1.0;1.0;true
Falco_sparverius_1;1155;1155;0;0;1.0;1.0;true
Falco_sparverius_2;1155;1155;0;0;1.0;1.0;true
Fregata_magnificens_1;378;378;0;0;1.0;1.0;true
Fregata_magnificens_2;378;378;0;0;1.0;1.0;true
Fringilla_coelebs_1;1152;1116;36;36;0.968;0.968;true
Fringilla_coelebs_2;1152;1116;36;36;0.968;0.968;true
Fulmarus_glacialoides_1;1155;1155;0;0;1.0;1.0;true
Fulmarus_glacialoides_2;1155;1155;0;0;1.0;1.0;true
Furnarius_rufus_1;1155;1155;0;0;1.0;1.0;true
Furnarius_rufus_2;1155;1155;0;0;1.0;1.0;true
Galbula_dea_1;1155;1155;0;0;1.0;1.0;true
Galbula_dea_2;1155;1155;0;0;1.0;1.0;true
Gallus_gallus_1;1155;1155;0;0;1.0;1.0;true
Gallus_gallus_2;1155;1155;0;0;1.0;1.0;true
Gavia_immer_1;1179;1155;24;24;1.0;0.979;true
Gavia_immer_2;1179;1155;24;24;1.0;0.979;true
Glareola_nuchalis_1;1155;1155;0;0;1.0;1.0;true
Glareola_nuchalis_2;1155;1155;0;0;1.0;1.0;true
Grus_canadensis_1;1173;1149;24;24;1.0;0.979;true
Grus_canadensis_2;1173;1149;24;24;1.0;0.979;true
Haematopus_palliatus_1;1179;1155;24;24;1.0;0.979;true
Haematopus_palliatus_2;1179;1155;24;24;1.0;0.979;true
Heliornis_fulica_1;1149;1149;0;0;1.0;1.0;true
Heliornis_fulica_2;1149;1149;0;0;1.0;1.0;true
Hemiprocne_comata_1;348;348;0;0;1.0;1.0;true
Hemiprocne_comata_2;348;348;0;0;1.0;1.0;true
Hirundinea_ferruginea_1;1155;1155;0;0;1.0;1.0;true
Hirundinea_ferruginea_2;1155;1155;0;0;1.0;1.0;true
Hymenops_perspicillatus_1;1209;1155;54;54;1.0;0.955;true
Hymenops_perspicillatus_2;1209;1155;54;54;1.0;0.955;true
Ibycter_americanus_1;1155;1155;0;0;1.0;1.0;true
Ibycter_americanus_2;1155;1155;0;0;1.0;1.0;true
Indicator_exilis_1;1155;1155;0;0;1.0;1.0;true
Indicator_exilis_2;1155;1155;0;0;1.0;1.0;true
Ixobrychus_minutus_1;1176;1152;24;24;1.0;0.979;true
Ixobrychus_minutus_2;1176;1152;24;24;1.0;0.979;true
Jacana_jacana_1;1155;1155;0;0;1.0;1.0;true
Jacana_jacana_2;1155;1155;0;0;1.0;1.0;true
Jynx_torquilla_1;1155;1155;0;0;1.0;1.0;true
Jynx_torquilla_2;1155;1155;0;0;1.0;1.0;true
Leipoa_ocellata_1;1164;1155;9;9;1.0;0.992;true
Leipoa_ocellata_2;1164;1155;9;9;1.0;0.992;true
Lepidocolaptes_angustirostr_1;1173;1155;18;18;1.0;0.984;true
Lepidocolaptes_angustirostr_2;1173;1155;18;18;1.0;0.984;true
Leptoptilos_crumeniferus_1;1179;1155;24;24;1.0;0.979;true
Leptoptilos_crumeniferus_2;1179;1155;24;24;1.0;0.979;true
Leptosomus_discolor_1;924;924;0;0;1.0;1.0;true
Leptosomus_discolor_2;924;924;0;0;1.0;1.0;true
Leptotila_rufaxilla_1;1185;1158;27;27;0.997;0.977;true
Leptotila_rufaxilla_2;1185;1158;27;27;0.997;0.977;true
Limosa_lapponica_1;750;741;9;9;1.0;0.988;true
Limosa_lapponica_2;750;741;9;9;1.0;0.988;true
Lophorina_superba_1;999;999;0;0;1.0;1.0;true
Lophorina_superba_2;999;999;0;0;1.0;1.0;true
Malurus_splendens_1;636;636;0;0;1.0;1.0;true
Malurus_splendens_2;636;636;0;0;1.0;1.0;true
Megalaima_chrysopogon_1;1164;1155;9;9;1.0;0.992;true
Megalaima_chrysopogon_2;1164;1155;9;9;1.0;0.992;true
Melanopareia_maximilian_1;1167;1155;12;12;1.0;0.989;true
Melanopareia_maximilian_2;1167;1155;12;12;1.0;0.989;true
Menura_novaehollandiae_1;1155;1155;0;0;1.0;1.0;true
Menura_novaehollandiae_2;1155;1155;0;0;1.0;1.0;true
Merops_muelleri_1;1155;1155;0;0;1.0;1.0;true
Merops_muelleri_2;1155;1155;0;0;1.0;1.0;true
Mesitornis_unicolor_1;789;789;0;0;1.0;1.0;true
Mesitornis_unicolor_2;789;789;0;0;1.0;1.0;true
Micrastur_gilvicollis_1;1179;1155;24;24;1.0;0.979;true
Micrastur_gilvicollis_2;1179;1155;24;24;1.0;0.979;true
Micropygia_schomburgkii_1;1149;1149;0;0;1.0;1.0;true
Micropygia_schomburgkii_2;1149;1149;0;0;1.0;1.0;true
Momotus_lessonii_1;1179;1155;24;24;1.0;0.979;true
Momotus_lessonii_2;1179;1155;24;24;1.0;0.979;true
Monias_benschi_1;789;789;0;0;1.0;1.0;true
Monias_benschi_2;789;789;0;0;1.0;1.0;true
Morus_serrator_1;1152;1152;0;0;1.0;1.0;true
Morus_serrator_2;1152;1152;0;0;1.0;1.0;true
Myiobius_barbatus_1;636;636;0;0;1.0;1.0;true
Myiobius_barbatus_2;636;636;0;0;1.0;1.0;true
Myrmornis_torquata_1;1152;1152;0;0;1.0;1.0;true
Myrmornis_torquata_2;1152;1152;0;0;1.0;1.0;true
Myrmothera_campanisona_1;1125;1125;0;0;1.0;1.0;true
Myrmothera_campanisona_2;1125;1125;0;0;1.0;1.0;true
Neodrepanis_coruscans_1;1155;1155;0;0;1.0;1.0;true
Neodrepanis_coruscans_2;1155;1155;0;0;1.0;1.0;true
Neopelma_chrysocephalum_1;1155;1155;0;0;1.0;1.0;true
Neopelma_chrysocephalum_2;1155;1155;0;0;1.0;1.0;true
Nestor_meridionalis_1;537;537;0;0;1.0;1.0;true
Nestor_meridionalis_2;537;537;0;0;1.0;1.0;true
Nothoprocta_ornata_1;1179;1155;24;24;1.0;0.979;true
Nothoprocta_ornata_2;1179;1155;24;24;1.0;0.979;true
Numida_malagris_1;1179;1155;24;24;1.0;0.979;true
Numida_malagris_2;1179;1155;24;24;1.0;0.979;true
Nyctibius_griseus_1;1176;1152;24;24;1.0;0.979;true
Nyctibius_griseus_2;1176;1152;24;24;1.0;0.979;true
Oceanites_oceanicus_1;1155;1155;0;0;1.0;1.0;true
Oceanites_oceanicus_2;1155;1155;0;0;1.0;1.0;true
Oceanodroma_leucorhoa_1;1155;1155;0;0;1.0;1.0;true
Oceanodroma_leucorhoa_2;1155;1155;0;0;1.0;1.0;true
Odontophorus_gujanensis_1;1152;1152;0;0;1.0;1.0;true
Odontophorus_gujanensis_2;1152;1152;0;0;1.0;1.0;true
Opisthocomus_hoazin_1;531;531;0;0;1.0;1.0;true
Opisthocomus_hoazin_2;531;531;0;0;1.0;1.0;true
Ortalis_motmot_1;618;609;9;9;1.0;0.985;true
Ortalis_motmot_2;618;609;9;9;1.0;0.985;true
Oxyruncus_cristatus_1;1155;1155;0;0;1.0;1.0;true
Oxyruncus_cristatus_2;1155;1155;0;0;1.0;1.0;true
Oxyura_jamaicensis_1;1155;1155;0;0;1.0;1.0;true
Oxyura_jamaicensis_2;1155;1155;0;0;1.0;1.0;true
Pandion_haliaetus_1;546;546;0;0;1.0;1.0;true
Pandion_haliaetus_2;546;546;0;0;1.0;1.0;true
Pedionomus_torquatus_1;1155;1155;0;0;1.0;1.0;true
Pedionomus_torquatus_2;1155;1155;0;0;1.0;1.0;true
Pelagodroma_marina_1;1155;1155;0;0;1.0;1.0;true
Pelagodroma_marina_2;1155;1155;0;0;1.0;1.0;true
Pelecanoides_urinatrix_1;936;936;0;0;1.0;1.0;true
Pelecanoides_urinatrix_2;936;936;0;0;1.0;1.0;true
Pelecanus_occidentalis_1;1155;1155;0;0;1.0;1.0;true
Pelecanus_occidentalis_2;1155;1155;0;0;1.0;1.0;true
Phaethon_rubricauda_1;1164;1152;12;12;1.0;0.989;true
Phaethon_rubricauda_2;1164;1152;12;12;1.0;0.989;true
Phaethornis_superciliosus_1;510;510;0;0;1.0;1.0;true
Phaethornis_superciliosus_2;510;510;0;0;1.0;1.0;true
Phalacrocorax_brasili_1;1185;1152;33;33;1.0;0.972;true
Phalacrocorax_brasili_2;1185;1152;33;33;1.0;0.972;true
Phoebastria_nigripes_1;1155;1155;0;0;1.0;1.0;true
Phoebastria_nigripes_2;1155;1155;0;0;1.0;1.0;true
Phoenicopterus_ruber_1;1179;1155;24;24;1.0;0.979;true
Phoenicopterus_ruber_2;1179;1155;24;24;1.0;0.979;true
Phoeniculus_purpureus_1;771;747;24;24;1.0;0.968;true
Phoeniculus_purpureus_2;771;747;24;24;1.0;0.968;true
Picus_canus_1;1155;1155;0;0;1.0;1.0;true
Picus_canus_2;1155;1155;0;0;1.0;1.0;true
Pipra_erythrocephala_1;1155;1155;0;0;1.0;1.0;true
Pipra_erythrocephala_2;1155;1155;0;0;1.0;1.0;true
Piprites_chloris_1;1173;1155;18;18;1.0;0.984;true
Piprites_chloris_2;1173;1155;18;18;1.0;0.984;true
Pitta_angolensis_1;585;585;0;0;1.0;1.0;true
Pitta_angolensis_2;585;585;0;0;1.0;1.0;true
Podargus_strigoides_1;1161;1152;9;9;1.0;0.992;true
Podargus_strigoides_2;1161;1152;9;9;1.0;0.992;true
Poecile_lugubris_1;1149;1149;0;0;1.0;1.0;true
Poecile_lugubris_2;1149;1149;0;0;1.0;1.0;true
Porphyrio_porphyrio_1;1155;1155;0;0;1.0;1.0;true
Porphyrio_porphyrio_2;1155;1155;0;0;1.0;1.0;true
Probosciger_aterrimus_1;813;810;3;3;0.996;0.996;true
Probosciger_aterrimus_2;813;810;3;3;0.996;0.996;true
Psittacus_erithacus_1;510;510;0;0;1.0;1.0;true
Psittacus_erithacus_2;510;510;0;0;1.0;1.0;true
Psittrichas_fulgidus_1;1185;1161;24;24;1.0;0.979;true
Psittrichas_fulgidus_2;1185;1161;24;24;1.0;0.979;true
Psophia_crepitans_1;747;723;24;24;1.0;0.967;true
Psophia_crepitans_2;747;723;24;24;1.0;0.967;true
Pterocles_bicinctus_1;1242;1155;87;87;1.0;0.929;true
Pterocles_bicinctus_2;1242;1155;87;87;1.0;0.929;true
Pterodroma_externa_1;1155;1155;0;0;1.0;1.0;true
Pterodroma_externa_2;1155;1155;0;0;1.0;1.0;true
Ptilinopus_magnificus_1;1179;1155;24;24;1.0;0.979;true
Ptilinopus_magnificus_2;1179;1155;24;24;1.0;0.979;true
Ptilonorhynchus_violaceus_1;1155;1155;0;0;1.0;1.0;true
Ptilonorhynchus_violaceus_2;1155;1155;0;0;1.0;1.0;true
Puffinus_griseus_1;1155;1155;0;0;1.0;1.0;true
Puffinus_griseus_2;1155;1155;0;0;1.0;1.0;true
Pycnonotus_macrotis_1;1152;1152;0;0;1.0;1.0;true
Pycnonotus_macrotis_2;1152;1152;0;0;1.0;1.0;true
Rallus_longirostris_1;249;249;0;0;1.0;1.0;true
Rallus_longirostris_2;249;249;0;0;1.0;1.0;true
Ramphastos_ambiguus_1;1155;1155;0;0;1.0;1.0;true
Ramphastos_ambiguus_2;1155;1155;0;0;1.0;1.0;true
Recurvirostra_americana_1;1173;1155;18;18;1.0;0.984;true
Recurvirostra_americana_2;1173;1155;18;18;1.0;0.984;true
Regulus_ignicapilla_1;1152;1152;0;0;1.0;1.0;true
Regulus_ignicapilla_2;1152;1152;0;0;1.0;1.0;true
Rhea_americana_1;1155;1155;0;0;1.0;1.0;true
Rhea_americana_2;1155;1155;0;0;1.0;1.0;true
Rhynchocyclus_olivaceus_1;1155;1155;0;0;1.0;1.0;true
Rhynchocyclus_olivaceus_2;1155;1155;0;0;1.0;1.0;true
Rollandia_rolland_1;1176;1152;24;24;1.0;0.979;true
Rollandia_rolland_2;1176;1152;24;24;1.0;0.979;true
Rollulus_rouloul_1;1155;1155;0;0;1.0;1.0;true
Rollulus_rouloul_2;1155;1155;0;0;1.0;1.0;true
Rostratula_benghalensis_1;546;546;0;0;1.0;1.0;true
Rostratula_benghalensis_2;546;546;0;0;1.0;1.0;true
Rupicola_rupicola_1;843;843;0;0;1.0;1.0;true
Rupicola_rupicola_2;843;843;0;0;1.0;1.0;true
Rynchops_niger_1;1155;1155;0;0;1.0;1.0;true
Rynchops_niger_2;1155;1155;0;0;1.0;1.0;true
Sagittarius_serpentarius_1;1179;1155;24;24;1.0;0.979;true
Sagittarius_serpentarius_2;1179;1155;24;24;1.0;0.979;true
Sarothrura_rufa_1;1167;1143;24;24;1.0;0.979;true
Sarothrura_rufa_2;1167;1143;24;24;1.0;0.979;true
Schiffornis_turdina_1;1155;1155;0;0;1.0;1.0;true
Schiffornis_turdina_2;1155;1155;0;0;1.0;1.0;true
Sclerurus_mexicanus_1;1155;1155;0;0;1.0;1.0;true
Sclerurus_mexicanus_2;1155;1155;0;0;1.0;1.0;true
Scopus_umbretta_1;1179;1155;24;24;1.0;0.979;true
Scopus_umbretta_2;1179;1155;24;24;1.0;0.979;true
Sericulus_bakeri_1;1155;1155;0;0;1.0;1.0;true
Sericulus_bakeri_2;1155;1155;0;0;1.0;1.0;true
Smithornis_rufolateralis_1;1152;1152;0;0;1.0;1.0;true
Smithornis_rufolateralis_2;1152;1152;0;0;1.0;1.0;true
Spheniscus_humboldti_1;1179;1155;24;24;1.0;0.979;true
Spheniscus_humboldti_2;1179;1155;24;24;1.0;0.979;true
Spizella_arborea_1;1152;1152;0;0;1.0;1.0;true
Spizella_arborea_2;1152;1152;0;0;1.0;1.0;true
Steatornis_caripensi_1;456;456;0;0;1.0;1.0;true
Steatornis_caripensi_2;456;456;0;0;1.0;1.0;true
Sterna_hirundo_1;654;654;0;0;1.0;1.0;true
Sterna_hirundo_2;654;654;0;0;1.0;1.0;true
Streptoprocne_zonaris_1;1155;1155;0;0;1.0;1.0;true
Streptoprocne_zonaris_2;1155;1155;0;0;1.0;1.0;true
Strix_varia_1;537;537;0;0;1.0;1.0;true
Strix_varia_2;537;537;0;0;1.0;1.0;true
Struthio_camelus_1;498;474;24;24;1.0;0.951;true
Struthio_camelus_2;498;474;24;24;1.0;0.951;true
Sylvia_melanocephala_1;1152;1152;0;0;1.0;1.0;true
Sylvia_melanocephala_2;1152;1152;0;0;1.0;1.0;true
Syrrhaptes_paradoxus_1;1179;1155;24;24;1.0;0.979;true
Syrrhaptes_paradoxus_2;1179;1155;24;24;1.0;0.979;true
Tapera_naevia_1;537;528;9;9;1.0;0.983;true
Tapera_naevia_2;537;528;9;9;1.0;0.983;true
Tauraco_macrorhynchus_1;1188;1155;33;33;1.0;0.972;true
Tauraco_macrorhynchus_2;1188;1155;33;33;1.0;0.972;true
Terenura_callinota_1;1155;1155;0;0;1.0;1.0;true
Terenura_callinota_2;1155;1155;0;0;1.0;1.0;true
Thamnophilus_ruficapillu_1;960;960;0;0;1.0;1.0;true
Thamnophilus_ruficapillu_2;960;960;0;0;1.0;1.0;true
Theristicus_caerulescens_1;1155;1155;0;0;1.0;1.0;true
Theristicus_caerulescens_2;1155;1155;0;0;1.0;1.0;true
Tigrisoma_lineatum_1;1155;1155;0;0;1.0;1.0;true
Tigrisoma_lineatum_2;1155;1155;0;0;1.0;1.0;true
Tinamus_major_1;936;936;0;0;1.0;1.0;true
Tinamus_major_2;936;936;0;0;1.0;1.0;true
Tityra_cayana_1;1035;1035;0;0;1.0;1.0;true
Tityra_cayana_2;1035;1035;0;0;1.0;1.0;true
Tockus_camurus_1;546;546;0;0;1.0;1.0;true
Tockus_camurus_2;546;546;0;0;1.0;1.0;true
Todus_mexicanus_1;450;450;0;0;1.0;1.0;true
Todus_mexicanus_2;450;450;0;0;1.0;1.0;true
Topaza_pella_1;552;552;0;0;1.0;1.0;true
Topaza_pella_2;552;552;0;0;1.0;1.0;true
Treron_calvus_1;1179;1155;24;24;1.0;0.979;true
Treron_calvus_2;1179;1155;24;24;1.0;0.979;true
Tringa_solitaria_1;1125;1125;0;0;1.0;1.0;true
Tringa_solitaria_2;1125;1125;0;0;1.0;1.0;true
Trogon_elegans_1;1155;1155;0;0;1.0;1.0;true
Trogon_elegans_2;1155;1155;0;0;1.0;1.0;true
Turdus_olivater_1;1212;1152;60;60;1.0;0.95;true
Turdus_olivater_2;1212;1152;60;60;1.0;0.95;true
Turnix_ocellata_1;642;642;0;0;1.0;1.0;true
Turnix_ocellata_2;642;642;0;0;1.0;1.0;true
Tyrannus_albogularis_1;1155;1155;0;0;1.0;1.0;true
Tyrannus_albogularis_2;1155;1155;0;0;1.0;1.0;true
Tyto_alba_1;498;489;9;9;1.0;0.981;true
Tyto_alba_2;498;489;9;9;1.0;0.981;true
Upupa_epops_1;399;375;24;24;1.0;0.939;true
Upupa_epops_2;399;375;24;24;1.0;0.939;true
Uria_aalge_1;1155;1155;0;0;1.0;1.0;true
Uria_aalge_2;1155;1155;0;0;1.0;1.0;true
Urocolius_indicus_1;276;276;0;0;1.0;1.0;true
Urocolius_indicus_2;276;276;0;0;1.0;1.0;true
Vultur_gryphus_1;501;501;0;0;1.0;1.0;true
Vultur_gryphus_2;501;501;0;0;1.0;1.0;true
