seqName;initialSeqLength;nbKeep;nbTrim;nbInformativeTrim;percentKeepExcludingExtremities;percentKeepIncludingExtremities;keptSequences
Acanthisitta_chloris_1;912;912;0;0;1.0;1.0;true
Acanthisitta_chloris_2;912;912;0;0;1.0;1.0;true
Accipiter_superciliosus_1;987;987;0;0;1.0;1.0;true
Accipiter_superciliosus_2;987;987;0;0;1.0;1.0;true
Aegotheles_insignis_1;1518;1332;186;186;1.0;0.877;true
Aegotheles_insignis_2;1518;1332;186;186;1.0;0.877;true
Alcedo_quadribrachys_1;1413;1332;81;81;1.0;0.942;true
Alcedo_quadribrachys_2;1413;1332;81;81;1.0;0.942;true
Anas_superciliosa_1;567;567;0;0;1.0;1.0;true
Anas_superciliosa_2;567;567;0;0;1.0;1.0;true
Anhinga_anhinga_1;1503;1332;171;171;1.0;0.886;true
Anhinga_anhinga_2;1503;1332;171;171;1.0;0.886;true
Anser_canagicus_1;978;978;0;0;1.0;1.0;true
Anser_canagicus_2;978;978;0;0;1.0;1.0;true
Anseranas_semipalmata_1;987;987;0;0;1.0;1.0;true
Anseranas_semipalmata_2;987;987;0;0;1.0;1.0;true
Apaloderma_aequatoriale_1;1410;1332;78;78;1.0;0.944;true
Apaloderma_aequatoriale_2;1410;1332;78;78;1.0;0.944;true
Apteryx_sp._1;990;984;6;6;1.0;0.993;true
Apteryx_sp._2;990;984;6;6;1.0;0.993;true
Aramus_guarauna_1;1413;1332;81;81;1.0;0.942;true
Aramus_guarauna_2;1413;1332;81;81;1.0;0.942;true
Archilochus_colubris_1;1422;1332;90;90;1.0;0.936;true
Archilochus_colubris_2;1422;1332;90;90;1.0;0.936;true
Ardea_herodias_1;999;999;0;0;1.0;1.0;true
Ardea_herodias_2;999;999;0;0;1.0;1.0;true
Ardeotis_kori_1;1518;1332;186;186;1.0;0.877;true
Ardeotis_kori_2;1518;1332;186;186;1.0;0.877;true
Arenaria_interpres_1;1317;1314;3;3;0.997;0.997;true
Arenaria_interpres_2;1317;1314;3;3;0.997;0.997;true
Atelornis_pittoides_1;1449;1332;117;117;1.0;0.919;true
Atelornis_pittoides_2;1449;1332;117;117;1.0;0.919;true
Aythya_valisineria_1;1443;1308;135;135;1.0;0.906;true
Aythya_valisineria_2;1443;1308;135;135;1.0;0.906;true
Balaeniceps_rex_1;1518;1332;186;186;1.0;0.877;true
Balaeniceps_rex_2;1518;1332;186;186;1.0;0.877;true
Balearica_regulorum_1;588;588;0;0;1.0;1.0;true
Balearica_regulorum_2;588;588;0;0;1.0;1.0;true
Barnardius_zonarius_1;1479;1326;153;153;1.0;0.896;true
Barnardius_zonarius_2;1479;1326;153;153;1.0;0.896;true
Bonasa_umbellus_1;1509;1044;465;465;1.0;0.691;true
Bonasa_umbellus_2;1509;1044;465;465;1.0;0.691;true
Buccanodon_duchaillui_1;1371;1332;39;39;1.0;0.971;true
Buccanodon_duchaillui_2;1371;1332;39;39;1.0;0.971;true
Bucco_capensis_1;1533;1329;204;204;1.0;0.866;true
Bucco_capensis_2;1533;1329;204;204;1.0;0.866;true
Bucorvus_leadbeateri_1;1611;1332;279;279;1.0;0.826;true
Bucorvus_leadbeateri_2;1611;1332;279;279;1.0;0.826;true
Burhinus_oedicnemus_1;1608;1332;276;276;1.0;0.828;true
Burhinus_oedicnemus_2;1608;1332;276;276;1.0;0.828;true
Buteo_jamaicensis_1;981;981;0;0;1.0;1.0;true
Buteo_jamaicensis_2;981;981;0;0;1.0;1.0;true
Caiman_croccodilus_1;219;186;33;33;0.849;0.849;true
Caiman_croccodilus_2;219;186;33;33;0.849;0.849;true
Calandrella_brachydactyla_1;1347;1332;15;15;1.0;0.988;true
Calandrella_brachydactyla_2;1347;1332;15;15;1.0;0.988;true
Calyptomena_viridis_1;1479;1320;159;159;1.0;0.892;true
Calyptomena_viridis_2;1479;1320;159;159;1.0;0.892;true
Capito_niger_1;1515;1332;183;183;1.0;0.879;true
Capito_niger_2;1515;1332;183;183;1.0;0.879;true
Caprimulgus_europaeus_1;1482;1332;150;150;1.0;0.898;true
Caprimulgus_europaeus_2;1482;1332;150;150;1.0;0.898;true
Caracara_cheriway_1;1491;1332;159;159;1.0;0.893;true
Caracara_cheriway_2;1491;1332;159;159;1.0;0.893;true
Cariama_cristata_1;1329;1329;0;0;1.0;1.0;true
Cariama_cristata_2;1329;1329;0;0;1.0;1.0;true
Casuarius_bennetti_1;963;963;0;0;1.0;1.0;true
Casuarius_bennetti_2;963;963;0;0;1.0;1.0;true
Cathartes_burrovianus_1;1296;1296;0;0;1.0;1.0;true
Cathartes_burrovianus_2;1296;1296;0;0;1.0;1.0;true
Centropus_bengalensis_1;1452;1332;120;120;1.0;0.917;true
Centropus_bengalensis_2;1452;1332;120;120;1.0;0.917;true
Chaetura_brachyura_1;1005;1005;0;0;1.0;1.0;true
Chaetura_brachyura_2;1005;1005;0;0;1.0;1.0;true
Charadrius_hiaticula_1;1011;1011;0;0;1.0;1.0;true
Charadrius_hiaticula_2;1011;1011;0;0;1.0;1.0;true
Chauna_torquata_1;1353;1308;45;45;1.0;0.966;true
Chauna_torquata_2;1353;1308;45;45;1.0;0.966;true
Chelidoptera_tenebrosa_1;1326;1314;12;12;0.99;0.99;true
Chelidoptera_tenebrosa_2;1326;1314;12;12;0.99;0.99;true
Chloroceryle_inda_1;984;984;0;0;1.0;1.0;true
Chloroceryle_inda_2;984;984;0;0;1.0;1.0;true
Chordeiles_pusillus_1;1488;1332;156;156;1.0;0.895;true
Chordeiles_pusillus_2;1488;1332;156;156;1.0;0.895;true
Chroicocephalus_cirrocephalus_1;936;936;0;0;1.0;1.0;true
Chroicocephalus_cirrocephalus_2;936;936;0;0;1.0;1.0;true
Chunga_burmeisteri_1;1482;1332;150;150;1.0;0.898;true
Chunga_burmeisteri_2;1482;1332;150;150;1.0;0.898;true
Ciconia_nigra_1;990;990;0;0;1.0;1.0;true
Ciconia_nigra_2;990;990;0;0;1.0;1.0;true
Climacteris_melanura_1;1464;1332;132;132;1.0;0.909;true
Climacteris_melanura_2;1464;1332;132;132;1.0;0.909;true
Coccyzus_melacoryphus_1;915;912;3;3;1.0;0.996;true
Coccyzus_melacoryphus_2;915;912;3;3;1.0;0.996;true
Colinus_cristatus_1;1074;951;123;123;1.0;0.885;true
Colinus_cristatus_2;1074;951;123;123;1.0;0.885;true
Colius_colius_1;1257;1257;0;0;1.0;1.0;true
Colius_colius_2;1257;1257;0;0;1.0;1.0;true
Columba_livia_1;1542;1320;222;222;1.0;0.856;true
Columba_livia_2;1542;1320;222;222;1.0;0.856;true
Columbina_minuta_1;1443;1332;111;111;1.0;0.923;true
Columbina_minuta_2;1443;1332;111;111;1.0;0.923;true
Coracias_cyanogaster_1;1467;1332;135;135;1.0;0.907;true
Coracias_cyanogaster_2;1467;1332;135;135;1.0;0.907;true
Corvus_albus_1;1524;1332;192;192;1.0;0.874;true
Corvus_albus_2;1524;1332;192;192;1.0;0.874;true
Corythaeola_cristata_1;1221;1221;0;0;1.0;1.0;true
Corythaeola_cristata_2;1221;1221;0;0;1.0;1.0;true
Cotinga_cayana_1;1476;1332;144;144;1.0;0.902;true
Cotinga_cayana_2;1476;1332;144;144;1.0;0.902;true
Crax_alector_1;1080;1080;0;0;1.0;1.0;true
Crax_alector_2;1080;1059;21;21;0.98;0.98;true
Crocodylus_porosus_1;504;495;9;9;0.982;0.982;true
Crocodylus_porosus_2;504;495;9;9;0.982;0.982;true
Cryptopipo_aenigma_1;1332;1332;0;0;1.0;1.0;true
Cryptopipo_aenigma_2;1332;1332;0;0;1.0;1.0;true
Crypturellus_tataupa_1;1491;1308;183;183;1.0;0.877;true
Crypturellus_tataupa_2;1491;1308;183;183;1.0;0.877;true
Cuculus_optatus_1;1329;1311;18;18;1.0;0.986;true
Cuculus_optatus_2;1329;1311;18;18;1.0;0.986;true
Dendrocygna_viduata_1;609;609;0;0;1.0;1.0;true
Dendrocygna_viduata_2;609;609;0;0;1.0;1.0;true
Deroptyus_accipitrinus_1;1509;1326;183;183;1.0;0.878;true
Deroptyus_accipitrinus_2;1509;1326;183;183;1.0;0.878;true
Dromaius_novaehollandiae_1;915;915;0;0;1.0;1.0;true
Dromaius_novaehollandiae_2;915;915;0;0;1.0;1.0;true
Elaenia_flavogaster_1;1596;1332;264;264;1.0;0.834;true
Elaenia_flavogaster_2;1596;1332;264;264;1.0;0.834;true
Elanus_leucurus_1;1347;1329;18;18;1.0;0.986;true
Elanus_leucurus_2;1347;1329;18;18;1.0;0.986;true
Eudromia_elegans_1;915;879;36;36;1.0;0.96;true
Eudromia_elegans_2;915;879;36;36;1.0;0.96;true
Eurostopodus_macrotis_1;1431;1332;99;99;1.0;0.93;true
Eurostopodus_macrotis_2;1431;1332;99;99;1.0;0.93;true
Eurylaimus_ochromalus_1;1479;1332;147;147;1.0;0.9;true
Eurylaimus_ochromalus_2;1479;1332;147;147;1.0;0.9;true
Eurypyga_helias_1;1389;1332;57;57;1.0;0.958;true
Eurypyga_helias_2;1389;1332;57;57;1.0;0.958;true
Falco_sparverius_1;1527;1332;195;195;1.0;0.872;true
Falco_sparverius_2;1527;1332;195;195;1.0;0.872;true
Fregata_magnificens_1;1344;1332;12;12;1.0;0.991;true
Fregata_magnificens_2;1344;1332;12;12;1.0;0.991;true
Fringilla_coelebs_1;1458;1293;165;165;1.0;0.886;true
Fringilla_coelebs_2;1458;1293;165;165;1.0;0.886;true
Fulmarus_glacialoides_1;1560;1329;231;231;1.0;0.851;true
Fulmarus_glacialoides_2;1560;1329;231;231;1.0;0.851;true
Furnarius_rufus_1;1422;1332;90;90;1.0;0.936;true
Furnarius_rufus_2;1422;1332;90;90;1.0;0.936;true
Galbula_dea_1;1524;1329;195;195;1.0;0.872;true
Galbula_dea_2;1524;1329;195;195;1.0;0.872;true
Gallus_gallus_1;1230;1044;186;186;1.0;0.848;true
Gallus_gallus_2;1230;1044;186;186;1.0;0.848;true
Gavia_immer_1;1425;1332;93;93;1.0;0.934;true
Gavia_immer_2;1425;1332;93;93;1.0;0.934;true
Glareola_nuchalis_1;1413;1332;81;81;1.0;0.942;true
Glareola_nuchalis_2;1413;1332;81;81;1.0;0.942;true
Grus_canadensis_1;1401;1332;69;69;1.0;0.95;true
Grus_canadensis_2;1401;1332;69;69;1.0;0.95;true
Haematopus_palliatus_1;1545;1332;213;213;1.0;0.862;true
Haematopus_palliatus_2;1545;1332;213;213;1.0;0.862;true
Heliornis_fulica_1;1608;1332;276;276;1.0;0.828;true
Heliornis_fulica_2;1608;1332;276;276;1.0;0.828;true
Hemiprocne_comata_1;765;765;0;0;1.0;1.0;true
Hemiprocne_comata_2;765;765;0;0;1.0;1.0;true
Hirundinea_ferruginea_1;1551;1332;219;219;1.0;0.858;true
Hirundinea_ferruginea_2;1551;1332;219;219;1.0;0.858;true
Hymenops_perspicillatus_1;1467;1332;135;135;1.0;0.907;true
Hymenops_perspicillatus_2;1467;1332;135;135;1.0;0.907;true
Ibycter_americanus_1;1032;1032;0;0;1.0;1.0;true
Ibycter_americanus_2;1032;1032;0;0;1.0;1.0;true
Indicator_exilis_1;1503;1332;171;171;1.0;0.886;true
Indicator_exilis_2;1503;1332;171;171;1.0;0.886;true
Ixobrychus_minutus_1;1002;1002;0;0;1.0;1.0;true
Ixobrychus_minutus_2;1002;1002;0;0;1.0;1.0;true
Jacana_jacana_1;1323;1323;0;0;1.0;1.0;true
Jacana_jacana_2;1323;1323;0;0;1.0;1.0;true
Jynx_torquilla_1;1428;1332;96;96;1.0;0.932;true
Jynx_torquilla_2;1428;1332;96;96;1.0;0.932;true
Leipoa_ocellata_1;516;516;0;0;1.0;1.0;true
Leipoa_ocellata_2;516;516;0;0;1.0;1.0;true
Lepidocolaptes_angustirostr_1;1359;1332;27;27;1.0;0.98;true
Lepidocolaptes_angustirostr_2;1359;1332;27;27;1.0;0.98;true
Leptoptilos_crumeniferus_1;1569;1332;237;237;1.0;0.848;true
Leptoptilos_crumeniferus_2;1569;1332;237;237;1.0;0.848;true
Leptosomus_discolor_1;921;921;0;0;1.0;1.0;true
Leptosomus_discolor_2;921;921;0;0;1.0;1.0;true
Leptotila_rufaxilla_1;1464;1332;132;132;1.0;0.909;true
Leptotila_rufaxilla_2;1464;1332;132;132;1.0;0.909;true
Limosa_lapponica_1;1329;1311;18;18;1.0;0.986;true
Limosa_lapponica_2;1329;1311;18;18;1.0;0.986;true
Lophorina_superba_1;1404;1332;72;72;1.0;0.948;true
Lophorina_superba_2;1404;1332;72;72;1.0;0.948;true
Malurus_splendens_1;1359;1329;30;30;1.0;0.977;true
Malurus_splendens_2;1359;1329;30;30;1.0;0.977;true
Megalaima_chrysopogon_1;1455;1332;123;123;1.0;0.915;true
Megalaima_chrysopogon_2;1455;1332;123;123;1.0;0.915;true
Melanopareia_maximilian_1;1527;1290;237;237;1.0;0.844;true
Melanopareia_maximilian_2;1527;1290;237;237;1.0;0.844;true
Menura_novaehollandiae_1;1365;1332;33;33;1.0;0.975;true
Menura_novaehollandiae_2;1365;1332;33;33;1.0;0.975;true
Merops_muelleri_1;1002;1002;0;0;1.0;1.0;true
Merops_muelleri_2;1002;1002;0;0;1.0;1.0;true
Mesitornis_unicolor_1;1308;1308;0;0;1.0;1.0;true
Mesitornis_unicolor_2;1308;1308;0;0;1.0;1.0;true
Micrastur_gilvicollis_1;1491;1332;159;159;1.0;0.893;true
Micrastur_gilvicollis_2;1491;1332;159;159;1.0;0.893;true
Micropygia_schomburgkii_1;1467;1332;135;135;1.0;0.907;true
Micropygia_schomburgkii_2;1467;1332;135;135;1.0;0.907;true
Momotus_lessonii_1;1422;1329;93;93;1.0;0.934;true
Momotus_lessonii_2;1422;1329;93;93;1.0;0.934;true
Monias_benschi_1;1401;1329;72;72;1.0;0.948;true
Monias_benschi_2;1401;1329;72;72;1.0;0.948;true
Morus_serrator_1;1350;1332;18;18;1.0;0.986;true
Morus_serrator_2;1350;1332;18;18;1.0;0.986;true
Myiobius_barbatus_1;1485;1332;153;153;1.0;0.896;true
Myiobius_barbatus_2;1485;1332;153;153;1.0;0.896;true
Myrmornis_torquata_1;1488;1332;156;156;1.0;0.895;true
Myrmornis_torquata_2;1488;1332;156;156;1.0;0.895;true
Myrmothera_campanisona_1;1002;1002;0;0;1.0;1.0;true
Myrmothera_campanisona_2;1002;1002;0;0;1.0;1.0;true
Neodrepanis_coruscans_1;1503;1332;171;171;1.0;0.886;true
Neodrepanis_coruscans_2;1503;1332;171;171;1.0;0.886;true
Neopelma_chrysocephalum_1;1479;1332;147;147;1.0;0.9;true
Neopelma_chrysocephalum_2;1479;1332;147;147;1.0;0.9;true
Nestor_meridionalis_1;1482;1326;156;156;1.0;0.894;true
Nestor_meridionalis_2;1482;1326;156;156;1.0;0.894;true
Nothoprocta_ornata_1;984;984;0;0;1.0;1.0;true
Nothoprocta_ornata_2;984;984;0;0;1.0;1.0;true
Numida_malagris_1;1206;1119;87;87;1.0;0.927;true
Numida_malagris_2;1206;1119;87;87;1.0;0.927;true
Nyctibius_griseus_1;1563;1332;231;231;1.0;0.852;true
Nyctibius_griseus_2;1563;1332;231;231;1.0;0.852;true
Oceanites_oceanicus_1;789;789;0;0;1.0;1.0;true
Oceanites_oceanicus_2;789;789;0;0;1.0;1.0;true
Oceanodroma_leucorhoa_1;1398;1332;66;66;1.0;0.952;true
Oceanodroma_leucorhoa_2;1398;1332;66;66;1.0;0.952;true
Odontophorus_gujanensis_1;966;951;15;15;1.0;0.984;true
Odontophorus_gujanensis_2;966;951;15;15;1.0;0.984;true
Opisthocomus_hoazin_1;1377;1332;45;45;1.0;0.967;true
Opisthocomus_hoazin_2;1377;1332;45;45;1.0;0.967;true
Ortalis_motmot_1;1395;1272;123;123;0.983;0.911;true
Ortalis_motmot_2;1395;1272;123;123;0.983;0.911;true
Oxyruncus_cristatus_1;1425;1332;93;93;1.0;0.934;true
Oxyruncus_cristatus_2;1425;1332;93;93;1.0;0.934;true
Oxyura_jamaicensis_1;1026;1026;0;0;1.0;1.0;true
Oxyura_jamaicensis_2;1026;1026;0;0;1.0;1.0;true
Pandion_haliaetus_1;1449;1332;117;117;1.0;0.919;true
Pandion_haliaetus_2;1449;1332;117;117;1.0;0.919;true
Pedionomus_torquatus_1;1611;1332;279;279;1.0;0.826;true
Pedionomus_torquatus_2;1611;1332;279;279;1.0;0.826;true
Pelagodroma_marina_1;912;795;117;117;1.0;0.871;true
Pelagodroma_marina_2;912;795;117;117;1.0;0.871;true
Pelecanoides_urinatrix_1;1467;1332;135;135;1.0;0.907;true
Pelecanoides_urinatrix_2;1467;1332;135;135;1.0;0.907;true
Pelecanus_occidentalis_1;1383;1332;51;51;1.0;0.963;true
Pelecanus_occidentalis_2;1383;1332;51;51;1.0;0.963;true
Phaethon_rubricauda_1;1452;1332;120;120;1.0;0.917;true
Phaethon_rubricauda_2;1452;1332;120;120;1.0;0.917;true
Phaethornis_superciliosus_1;1410;1332;78;78;1.0;0.944;true
Phaethornis_superciliosus_2;1410;1332;78;78;1.0;0.944;true
Phalacrocorax_brasili_1;1590;1332;258;258;1.0;0.837;true
Phalacrocorax_brasili_2;1590;1332;258;258;1.0;0.837;true
Phoebastria_nigripes_1;1368;1332;36;36;1.0;0.973;true
Phoebastria_nigripes_2;1368;1332;36;36;1.0;0.973;true
Phoenicopterus_ruber_1;744;744;0;0;1.0;1.0;true
Phoenicopterus_ruber_2;744;744;0;0;1.0;1.0;true
Phoeniculus_purpureus_1;1422;1329;93;93;1.0;0.934;true
Phoeniculus_purpureus_2;1422;1329;93;93;1.0;0.934;true
Picus_canus_1;1431;1332;99;99;1.0;0.93;true
Picus_canus_2;1431;1332;99;99;1.0;0.93;true
Pipra_erythrocephala_1;1461;1332;129;129;1.0;0.911;true
Pipra_erythrocephala_2;1461;1332;129;129;1.0;0.911;true
Piprites_chloris_1;1533;1329;204;204;1.0;0.866;true
Piprites_chloris_2;1533;1329;204;204;1.0;0.866;true
Pitta_angolensis_1;1497;1329;168;168;0.997;0.887;true
Pitta_angolensis_2;1497;1329;168;168;0.997;0.887;true
Podargus_strigoides_1;1485;1332;153;153;1.0;0.896;true
Podargus_strigoides_2;1485;1332;153;153;1.0;0.896;true
Poecile_lugubris_1;1476;1332;144;144;1.0;0.902;true
Poecile_lugubris_2;1476;1332;144;144;1.0;0.902;true
Porphyrio_porphyrio_1;1473;1332;141;141;1.0;0.904;true
Porphyrio_porphyrio_2;1473;1332;141;141;1.0;0.904;true
Probosciger_aterrimus_1;1404;1326;78;78;1.0;0.944;true
Probosciger_aterrimus_2;1404;1326;78;78;1.0;0.944;true
Psittacus_erithacus_1;1419;1323;96;96;1.0;0.932;true
Psittacus_erithacus_2;1419;1323;96;96;1.0;0.932;true
Psittrichas_fulgidus_1;1356;1326;30;30;1.0;0.977;true
Psittrichas_fulgidus_2;1356;1326;30;30;1.0;0.977;true
Psophia_crepitans_1;1482;1332;150;150;1.0;0.898;true
Psophia_crepitans_2;1482;1332;150;150;1.0;0.898;true
Pterocles_bicinctus_1;1434;1332;102;102;1.0;0.928;true
Pterocles_bicinctus_2;1434;1332;102;102;1.0;0.928;true
Pterodroma_externa_1;1530;1332;198;198;1.0;0.87;true
Pterodroma_externa_2;1530;1332;198;198;1.0;0.87;true
Ptilinopus_magnificus_1;1479;1332;147;147;1.0;0.9;true
Ptilinopus_magnificus_2;1479;1332;147;147;1.0;0.9;true
Ptilonorhynchus_violaceus_1;1407;1332;75;75;1.0;0.946;true
Ptilonorhynchus_violaceus_2;1407;1332;75;75;1.0;0.946;true
Puffinus_griseus_1;1371;1332;39;39;1.0;0.971;true
Puffinus_griseus_2;1371;1332;39;39;1.0;0.971;true
Pycnonotus_macrotis_1;1368;1332;36;36;1.0;0.973;true
Pycnonotus_macrotis_2;1368;1332;36;36;1.0;0.973;true
Rallus_longirostris_1;429;429;0;0;1.0;1.0;true
Rallus_longirostris_2;429;429;0;0;1.0;1.0;true
Ramphastos_ambiguus_1;1491;1332;159;159;1.0;0.893;true
Ramphastos_ambiguus_2;1491;1332;159;159;1.0;0.893;true
Recurvirostra_americana_1;1350;1332;18;18;1.0;0.986;true
Recurvirostra_americana_2;1350;1332;18;18;1.0;0.986;true
Regulus_ignicapilla_1;1497;1320;177;177;1.0;0.881;true
Regulus_ignicapilla_2;1497;1320;177;177;1.0;0.881;true
Rhea_americana_1;984;984;0;0;1.0;1.0;true
Rhea_americana_2;984;984;0;0;1.0;1.0;true
Rhynchocyclus_olivaceus_1;1476;1332;144;144;1.0;0.902;true
Rhynchocyclus_olivaceus_2;1476;1332;144;144;1.0;0.902;true
Rollandia_rolland_1;1467;1332;135;135;1.0;0.907;true
Rollandia_rolland_2;1467;1332;135;135;1.0;0.907;true
Rollulus_rouloul_1;1245;1026;219;219;0.982;0.824;true
Rollulus_rouloul_2;1245;1026;219;219;0.982;0.824;true
Rostratula_benghalensis_1;945;945;0;0;1.0;1.0;true
Rostratula_benghalensis_2;945;945;0;0;1.0;1.0;true
Rupicola_rupicola_1;1422;1332;90;90;1.0;0.936;true
Rupicola_rupicola_2;1422;1332;90;90;1.0;0.936;true
Rynchops_niger_1;1509;1332;177;177;1.0;0.882;true
Rynchops_niger_2;1509;1332;177;177;1.0;0.882;true
Sagittarius_serpentarius_1;1413;1332;81;81;1.0;0.942;true
Sagittarius_serpentarius_2;1413;1332;81;81;1.0;0.942;true
Sarothrura_rufa_1;1404;1332;72;72;1.0;0.948;true
Sarothrura_rufa_2;1404;1332;72;72;1.0;0.948;true
Schiffornis_turdina_1;1371;1332;39;39;1.0;0.971;true
Schiffornis_turdina_2;1371;1332;39;39;1.0;0.971;true
Sclerurus_mexicanus_1;1476;1332;144;144;1.0;0.902;true
Sclerurus_mexicanus_2;1476;1332;144;144;1.0;0.902;true
Scopus_umbretta_1;1398;1332;66;66;1.0;0.952;true
Scopus_umbretta_2;1398;1332;66;66;1.0;0.952;true
Sericulus_bakeri_1;1434;1332;102;102;1.0;0.928;true
Sericulus_bakeri_2;1434;1332;102;102;1.0;0.928;true
Smithornis_rufolateralis_1;1557;1329;228;228;1.0;0.853;true
Smithornis_rufolateralis_2;1557;1329;228;228;1.0;0.853;true
Spheniscus_humboldti_1;1059;1059;0;0;1.0;1.0;true
Spheniscus_humboldti_2;1059;1059;0;0;1.0;1.0;true
Spizella_arborea_1;798;798;0;0;1.0;1.0;true
Spizella_arborea_2;798;798;0;0;1.0;1.0;true
Steatornis_caripensi_1;348;348;0;0;1.0;1.0;true
Steatornis_caripensi_2;348;348;0;0;1.0;1.0;true
Sterna_hirundo_1;1032;1032;0;0;1.0;1.0;true
Sterna_hirundo_2;1032;1032;0;0;1.0;1.0;true
Streptoprocne_zonaris_1;1440;1332;108;108;1.0;0.925;true
Streptoprocne_zonaris_2;1440;1332;108;108;1.0;0.925;true
Strix_varia_1;960;960;0;0;1.0;1.0;true
Strix_varia_2;960;960;0;0;1.0;1.0;true
Struthio_camelus_1;960;960;0;0;1.0;1.0;true
Struthio_camelus_2;960;960;0;0;1.0;1.0;true
Sylvia_melanocephala_1;1161;1161;0;0;1.0;1.0;true
Sylvia_melanocephala_2;1161;1161;0;0;1.0;1.0;true
Syrrhaptes_paradoxus_1;951;951;0;0;1.0;1.0;true
Syrrhaptes_paradoxus_2;951;951;0;0;1.0;1.0;true
Tapera_naevia_1;1449;1326;123;123;1.0;0.915;true
Tapera_naevia_2;1449;1326;123;123;1.0;0.915;true
Tauraco_macrorhynchus_1;1431;1329;102;102;1.0;0.928;true
Tauraco_macrorhynchus_2;1431;1329;102;102;1.0;0.928;true
Terenura_callinota_1;1494;1332;162;162;1.0;0.891;true
Terenura_callinota_2;1494;1332;162;162;1.0;0.891;true
Thamnophilus_ruficapillu_1;1443;1332;111;111;1.0;0.923;true
Thamnophilus_ruficapillu_2;1443;1332;111;111;1.0;0.923;true
Theristicus_caerulescens_1;1413;1332;81;81;1.0;0.942;true
Theristicus_caerulescens_2;1413;1332;81;81;1.0;0.942;true
Tigrisoma_lineatum_1;966;966;0;0;1.0;1.0;true
Tigrisoma_lineatum_2;966;966;0;0;1.0;1.0;true
Tinamus_major_1;936;936;0;0;1.0;1.0;true
Tinamus_major_2;936;936;0;0;1.0;1.0;true
Tityra_cayana_1;1425;1332;93;93;1.0;0.934;true
Tityra_cayana_2;1425;1332;93;93;1.0;0.934;true
Tockus_camurus_1;786;786;0;0;1.0;1.0;true
Tockus_camurus_2;786;786;0;0;1.0;1.0;true
Todus_mexicanus_1;1560;1332;228;228;1.0;0.853;true
Todus_mexicanus_2;1560;1332;228;228;1.0;0.853;true
Topaza_pella_1;1341;1332;9;9;1.0;0.993;true
Topaza_pella_2;1341;1332;9;9;1.0;0.993;true
Treron_calvus_1;1029;1029;0;0;1.0;1.0;true
Treron_calvus_2;1029;1029;0;0;1.0;1.0;true
Tringa_solitaria_1;1359;1332;27;27;1.0;0.98;true
Tringa_solitaria_2;1359;1332;27;27;1.0;0.98;true
Trogon_elegans_1;1467;1332;135;135;1.0;0.907;true
Trogon_elegans_2;1467;1332;135;135;1.0;0.907;true
Turdus_olivater_1;1419;1332;87;87;1.0;0.938;true
Turdus_olivater_2;1419;1332;87;87;1.0;0.938;true
Turnix_ocellata_1;1461;1329;132;132;1.0;0.909;true
Turnix_ocellata_2;1461;1329;132;132;1.0;0.909;true
Tyrannus_albogularis_1;1572;1332;240;240;1.0;0.847;true
Tyrannus_albogularis_2;1572;1332;240;240;1.0;0.847;true
Tyto_alba_1;1107;1107;0;0;1.0;1.0;true
Tyto_alba_2;1107;1107;0;0;1.0;1.0;true
Upupa_epops_1;1299;1290;9;9;1.0;0.993;true
Upupa_epops_2;1299;1290;9;9;1.0;0.993;true
Uria_aalge_1;1356;1332;24;24;1.0;0.982;true
Uria_aalge_2;1356;1332;24;24;1.0;0.982;true
Urocolius_indicus_1;1248;1248;0;0;1.0;1.0;true
Urocolius_indicus_2;1248;1248;0;0;1.0;1.0;true
Vultur_gryphus_1;765;765;0;0;1.0;1.0;true
Vultur_gryphus_2;765;765;0;0;1.0;1.0;true
