seqName;initialSeqLength;nbKeep;nbTrim;nbInformativeTrim;percentKeepExcludingExtremities;percentKeepIncludingExtremities;keptSequences
Acanthisitta_chloris_1;1011;915;96;96;1.0;0.905;true
Acanthisitta_chloris_2;1011;915;96;96;1.0;0.905;true
Accipiter_superciliosus_1;1647;1560;87;87;1.0;0.947;true
Accipiter_superciliosus_2;1647;1560;87;87;1.0;0.947;true
Aegotheles_insignis_1;1596;1560;36;36;1.0;0.977;true
Aegotheles_insignis_2;1596;1560;36;36;1.0;0.977;true
Alcedo_quadribrachys_1;1623;1560;63;63;0.998;0.961;true
Alcedo_quadribrachys_2;1623;1560;63;63;0.998;0.961;true
Anas_superciliosa_1;1584;1563;21;21;1.0;0.986;true
Anas_superciliosa_2;1584;1563;21;21;1.0;0.986;true
Anhinga_anhinga_1;1626;1560;66;66;1.0;0.959;true
Anhinga_anhinga_2;1626;1560;66;66;1.0;0.959;true
Anser_canagicus_1;1671;1560;111;111;1.0;0.933;true
Anser_canagicus_2;1671;1560;111;111;1.0;0.933;true
Anseranas_semipalmata_1;1584;1560;24;24;1.0;0.984;true
Anseranas_semipalmata_2;1584;1560;24;24;1.0;0.984;true
Apaloderma_aequatoriale_1;1512;1512;0;0;1.0;1.0;true
Apaloderma_aequatoriale_2;1512;1512;0;0;1.0;1.0;true
Apteryx_sp._1;1572;1557;15;15;1.0;0.99;true
Apteryx_sp._2;1572;1557;15;15;1.0;0.99;true
Aramus_guarauna_1;1602;1560;42;42;1.0;0.973;true
Aramus_guarauna_2;1602;1560;42;42;1.0;0.973;true
Archilochus_colubris_1;1674;1557;117;117;1.0;0.93;true
Archilochus_colubris_2;1674;1557;117;117;1.0;0.93;true
Ardea_herodias_1;1602;1560;42;42;1.0;0.973;true
Ardea_herodias_2;1602;1560;42;42;1.0;0.973;true
Ardeotis_kori_1;1581;1560;21;21;1.0;0.986;true
Ardeotis_kori_2;1581;1560;21;21;1.0;0.986;true
Arenaria_interpres_1;1626;1560;66;66;1.0;0.959;true
Arenaria_interpres_2;1626;1560;66;66;1.0;0.959;true
Atelornis_pittoides_1;1608;1560;48;48;1.0;0.97;true
Atelornis_pittoides_2;1608;1560;48;48;1.0;0.97;true
Aythya_valisineria_1;1620;1563;57;57;1.0;0.964;true
Aythya_valisineria_2;1620;1563;57;57;1.0;0.964;true
Balaeniceps_rex_1;1608;1560;48;48;1.0;0.97;true
Balaeniceps_rex_2;1608;1560;48;48;1.0;0.97;true
Balearica_regulorum_1;1164;1164;0;0;1.0;1.0;true
Balearica_regulorum_2;1164;1164;0;0;1.0;1.0;true
Barnardius_zonarius_1;1530;1530;0;0;1.0;1.0;true
Barnardius_zonarius_2;1530;1530;0;0;1.0;1.0;true
Bonasa_umbellus_1;1626;1560;66;66;1.0;0.959;true
Bonasa_umbellus_2;1626;1560;66;66;1.0;0.959;true
Buccanodon_duchaillui_1;1584;1560;24;24;1.0;0.984;true
Buccanodon_duchaillui_2;1584;1560;24;24;1.0;0.984;true
Bucco_capensis_1;1626;1560;66;66;1.0;0.959;true
Bucco_capensis_2;1626;1560;66;66;1.0;0.959;true
Bucorvus_leadbeateri_1;1593;1560;33;33;1.0;0.979;true
Bucorvus_leadbeateri_2;1593;1560;33;33;1.0;0.979;true
Burhinus_oedicnemus_1;1593;1560;33;33;1.0;0.979;true
Burhinus_oedicnemus_2;1593;1560;33;33;1.0;0.979;true
Buteo_jamaicensis_1;1638;1560;78;78;1.0;0.952;true
Buteo_jamaicensis_2;1638;1560;78;78;1.0;0.952;true
Caiman_croccodilus_1;1458;1458;0;0;1.0;1.0;true
Caiman_croccodilus_2;1458;1458;0;0;1.0;1.0;true
Calandrella_brachydactyla_1;1593;1560;33;33;1.0;0.979;true
Calandrella_brachydactyla_2;1593;1560;33;33;1.0;0.979;true
Calyptomena_viridis_1;1593;1560;33;33;1.0;0.979;true
Calyptomena_viridis_2;1593;1560;33;33;1.0;0.979;true
Capito_niger_1;738;738;0;0;1.0;1.0;true
Capito_niger_2;738;738;0;0;1.0;1.0;true
Caprimulgus_europaeus_1;1593;1560;33;33;1.0;0.979;true
Caprimulgus_europaeus_2;1593;1560;33;33;1.0;0.979;true
Caracara_cheriway_1;1542;1542;0;0;1.0;1.0;true
Caracara_cheriway_2;1542;1542;0;0;1.0;1.0;true
Cariama_cristata_1;1614;1560;54;54;1.0;0.966;true
Cariama_cristata_2;1614;1560;54;54;1.0;0.966;true
Casuarius_bennetti_1;1599;1557;42;42;1.0;0.973;true
Casuarius_bennetti_2;1599;1557;42;42;1.0;0.973;true
Cathartes_burrovianus_1;1530;1530;0;0;1.0;1.0;true
Cathartes_burrovianus_2;1530;1530;0;0;1.0;1.0;true
Centropus_bengalensis_1;1551;1551;0;0;1.0;1.0;true
Centropus_bengalensis_2;1551;1551;0;0;1.0;1.0;true
Chaetura_brachyura_1;1779;1560;219;219;1.0;0.876;true
Chaetura_brachyura_2;1779;1560;219;219;1.0;0.876;true
Charadrius_hiaticula_1;1500;1500;0;0;1.0;1.0;true
Charadrius_hiaticula_2;1500;1500;0;0;1.0;1.0;true
Chauna_torquata_1;1644;1560;84;84;1.0;0.948;true
Chauna_torquata_2;1644;1560;84;84;1.0;0.948;true
Chelidoptera_tenebrosa_1;1464;1464;0;0;1.0;1.0;true
Chelidoptera_tenebrosa_2;1464;1464;0;0;1.0;1.0;true
Chloroceryle_inda_1;1602;1560;42;42;1.0;0.973;true
Chloroceryle_inda_2;1602;1560;42;42;1.0;0.973;true
Chordeiles_pusillus_1;1650;1557;93;93;0.992;0.943;true
Chordeiles_pusillus_2;1650;1557;93;93;0.992;0.943;true
Chroicocephalus_cirrocephalus_1;1341;1341;0;0;1.0;1.0;true
Chroicocephalus_cirrocephalus_2;1341;1341;0;0;1.0;1.0;true
Chunga_burmeisteri_1;1800;1560;240;240;1.0;0.866;true
Chunga_burmeisteri_2;1800;1560;240;240;1.0;0.866;true
Ciconia_nigra_1;1467;1467;0;0;1.0;1.0;true
Ciconia_nigra_2;1467;1467;0;0;1.0;1.0;true
Climacteris_melanura_1;1593;1560;33;33;1.0;0.979;true
Climacteris_melanura_2;1593;1560;33;33;1.0;0.979;true
Coccyzus_melacoryphus_1;1593;1560;33;33;1.0;0.979;true
Coccyzus_melacoryphus_2;1593;1560;33;33;1.0;0.979;true
Colinus_cristatus_1;1539;1539;0;0;1.0;1.0;true
Colinus_cristatus_2;1539;1539;0;0;1.0;1.0;true
Colius_colius_1;1677;1560;117;117;1.0;0.93;true
Colius_colius_2;1677;1560;117;117;1.0;0.93;true
Columba_livia_1;1635;1563;72;72;1.0;0.955;true
Columba_livia_2;1635;1563;72;72;1.0;0.955;true
Columbina_minuta_1;1632;1563;69;69;1.0;0.957;true
Columbina_minuta_2;1632;1563;69;69;1.0;0.957;true
Coracias_cyanogaster_1;1599;1560;39;39;1.0;0.975;true
Coracias_cyanogaster_2;1599;1560;39;39;1.0;0.975;true
Corvus_albus_1;1539;1539;0;0;1.0;1.0;true
Corvus_albus_2;1539;1539;0;0;1.0;1.0;true
Corythaeola_cristata_1;1521;1521;0;0;1.0;1.0;true
Corythaeola_cristata_2;1521;1521;0;0;1.0;1.0;true
Cotinga_cayana_1;1599;1560;39;39;1.0;0.975;true
Cotinga_cayana_2;1599;1560;39;39;1.0;0.975;true
Crax_alector_1;1653;1560;93;93;1.0;0.943;true
Crax_alector_2;1653;1560;93;93;1.0;0.943;true
Crocodylus_porosus_1;1557;1557;0;0;1.0;1.0;true
Crocodylus_porosus_2;1557;1557;0;0;1.0;1.0;true
Cryptopipo_aenigma_1;1002;1002;0;0;1.0;1.0;true
Cryptopipo_aenigma_2;1002;1002;0;0;1.0;1.0;true
Crypturellus_tataupa_1;933;933;0;0;1.0;1.0;true
Crypturellus_tataupa_2;933;933;0;0;1.0;1.0;true
Cuculus_optatus_1;1560;1560;0;0;1.0;1.0;true
Cuculus_optatus_2;1560;1560;0;0;1.0;1.0;true
Dendrocygna_viduata_1;1371;1371;0;0;1.0;1.0;true
Dendrocygna_viduata_2;1371;1371;0;0;1.0;1.0;true
Deroptyus_accipitrinus_1;1119;1119;0;0;1.0;1.0;true
Deroptyus_accipitrinus_2;1119;1119;0;0;1.0;1.0;true
Dromaius_novaehollandiae_1;1581;1557;24;24;1.0;0.984;true
Dromaius_novaehollandiae_2;1581;1557;24;24;1.0;0.984;true
Elaenia_flavogaster_1;1656;1560;96;96;1.0;0.942;true
Elaenia_flavogaster_2;1656;1560;96;96;1.0;0.942;true
Elanus_leucurus_1;1602;1560;42;42;1.0;0.973;true
Elanus_leucurus_2;1602;1560;42;42;1.0;0.973;true
Eudromia_elegans_1;1644;1557;87;87;0.998;0.947;true
Eudromia_elegans_2;1644;1557;87;87;0.998;0.947;true
Eurostopodus_macrotis_1;1689;1560;129;129;1.0;0.923;true
Eurostopodus_macrotis_2;1689;1560;129;129;1.0;0.923;true
Eurylaimus_ochromalus_1;1605;1560;45;45;1.0;0.971;true
Eurylaimus_ochromalus_2;1605;1560;45;45;1.0;0.971;true
Eurypyga_helias_1;1359;1359;0;0;1.0;1.0;true
Eurypyga_helias_2;1359;1359;0;0;1.0;1.0;true
Falco_sparverius_1;1812;1560;252;252;1.0;0.86;true
Falco_sparverius_2;1812;1560;252;252;1.0;0.86;true
Fregata_magnificens_1;1143;1143;0;0;1.0;1.0;true
Fregata_magnificens_2;1143;1143;0;0;1.0;1.0;true
Fringilla_coelebs_1;1602;1560;42;42;1.0;0.973;true
Fringilla_coelebs_2;1602;1560;42;42;1.0;0.973;true
Fulmarus_glacialoides_1;1647;1560;87;87;1.0;0.947;true
Fulmarus_glacialoides_2;1647;1560;87;87;1.0;0.947;true
Furnarius_rufus_1;1560;1560;0;0;1.0;1.0;true
Furnarius_rufus_2;1560;1560;0;0;1.0;1.0;true
Galbula_dea_1;1716;1560;156;156;1.0;0.909;true
Galbula_dea_2;1716;1560;156;156;1.0;0.909;true
Gallus_gallus_1;1764;1560;204;204;1.0;0.884;true
Gallus_gallus_2;1764;1560;204;204;1.0;0.884;true
Gavia_immer_1;1596;1560;36;36;1.0;0.977;true
Gavia_immer_2;1596;1560;36;36;1.0;0.977;true
Glareola_nuchalis_1;1743;1560;183;183;1.0;0.895;true
Glareola_nuchalis_2;1743;1560;183;183;1.0;0.895;true
Grus_canadensis_1;1578;1560;18;18;1.0;0.988;true
Grus_canadensis_2;1578;1560;18;18;1.0;0.988;true
Haematopus_palliatus_1;1662;1560;102;102;1.0;0.938;true
Haematopus_palliatus_2;1662;1560;102;102;1.0;0.938;true
Heliornis_fulica_1;1722;1557;165;165;1.0;0.904;true
Heliornis_fulica_2;1722;1557;165;165;1.0;0.904;true
Hemiprocne_comata_1;873;828;45;45;1.0;0.948;true
Hemiprocne_comata_2;873;828;45;45;1.0;0.948;true
Hirundinea_ferruginea_1;1575;1560;15;15;1.0;0.99;true
Hirundinea_ferruginea_2;1575;1560;15;15;1.0;0.99;true
Hymenops_perspicillatus_1;1617;1560;57;57;1.0;0.964;true
Hymenops_perspicillatus_2;1617;1560;57;57;1.0;0.964;true
Ibycter_americanus_1;1647;1560;87;87;1.0;0.947;true
Ibycter_americanus_2;1647;1560;87;87;1.0;0.947;true
Indicator_exilis_1;1650;1551;99;99;1.0;0.94;true
Indicator_exilis_2;1650;1551;99;99;1.0;0.94;true
Ixobrychus_minutus_1;1584;1560;24;24;1.0;0.984;true
Ixobrychus_minutus_2;1584;1560;24;24;1.0;0.984;true
Jacana_jacana_1;1590;1560;30;30;1.0;0.981;true
Jacana_jacana_2;1590;1560;30;30;1.0;0.981;true
Jynx_torquilla_1;1629;1518;111;111;0.973;0.931;true
Jynx_torquilla_2;1629;1530;99;99;0.98;0.939;true
Leipoa_ocellata_1;1578;1560;18;18;1.0;0.988;true
Leipoa_ocellata_2;1578;1560;18;18;1.0;0.988;true
Lepidocolaptes_angustirostr_1;1605;1560;45;45;1.0;0.971;true
Lepidocolaptes_angustirostr_2;1605;1560;45;45;1.0;0.971;true
Leptoptilos_crumeniferus_1;1512;1512;0;0;1.0;1.0;true
Leptoptilos_crumeniferus_2;1512;1512;0;0;1.0;1.0;true
Leptosomus_discolor_1;1623;1560;63;63;1.0;0.961;true
Leptosomus_discolor_2;1623;1560;63;63;1.0;0.961;true
Leptotila_rufaxilla_1;1611;1563;48;48;1.0;0.97;true
Leptotila_rufaxilla_2;1611;1563;48;48;1.0;0.97;true
Limosa_lapponica_1;1575;1560;15;15;1.0;0.99;true
Limosa_lapponica_2;1575;1560;15;15;1.0;0.99;true
Lophorina_superba_1;1683;1557;126;126;1.0;0.925;true
Lophorina_superba_2;1683;1557;126;126;1.0;0.925;true
Malurus_splendens_1;927;927;0;0;1.0;1.0;true
Malurus_splendens_2;927;927;0;0;1.0;1.0;true
Megalaima_chrysopogon_1;1716;1560;156;156;1.0;0.909;true
Megalaima_chrysopogon_2;1716;1560;156;156;1.0;0.909;true
Melanopareia_maximilian_1;1734;1560;174;174;1.0;0.899;true
Melanopareia_maximilian_2;1734;1560;174;174;1.0;0.899;true
Menura_novaehollandiae_1;1521;1521;0;0;1.0;1.0;true
Menura_novaehollandiae_2;1521;1521;0;0;1.0;1.0;true
Merops_muelleri_1;1584;1560;24;24;1.0;0.984;true
Merops_muelleri_2;1584;1560;24;24;1.0;0.984;true
Mesitornis_unicolor_1;1620;1560;60;60;1.0;0.962;true
Mesitornis_unicolor_2;1620;1560;60;60;1.0;0.962;true
Micrastur_gilvicollis_1;1623;1560;63;63;1.0;0.961;true
Micrastur_gilvicollis_2;1623;1560;63;63;1.0;0.961;true
Micropygia_schomburgkii_1;1599;1560;39;39;1.0;0.975;true
Micropygia_schomburgkii_2;1599;1560;39;39;1.0;0.975;true
Momotus_lessonii_1;1647;1560;87;87;1.0;0.947;true
Momotus_lessonii_2;1647;1560;87;87;1.0;0.947;true
Monias_benschi_1;1710;1560;150;150;1.0;0.912;true
Monias_benschi_2;1710;1560;150;150;1.0;0.912;true
Morus_serrator_1;1590;1560;30;30;1.0;0.981;true
Morus_serrator_2;1590;1560;30;30;1.0;0.981;true
Myiobius_barbatus_1;1377;1377;0;0;1.0;1.0;true
Myiobius_barbatus_2;1377;1377;0;0;1.0;1.0;true
Myrmornis_torquata_1;1488;1488;0;0;1.0;1.0;true
Myrmornis_torquata_2;1488;1488;0;0;1.0;1.0;true
Myrmothera_campanisona_1;1101;1101;0;0;1.0;1.0;true
Myrmothera_campanisona_2;1101;1101;0;0;1.0;1.0;true
Neodrepanis_coruscans_1;1614;1560;54;54;1.0;0.966;true
Neodrepanis_coruscans_2;1614;1560;54;54;1.0;0.966;true
Neopelma_chrysocephalum_1;1500;1476;24;24;1.0;0.984;true
Neopelma_chrysocephalum_2;1500;1476;24;24;1.0;0.984;true
Nestor_meridionalis_1;1584;1560;24;24;1.0;0.984;true
Nestor_meridionalis_2;1584;1560;24;24;1.0;0.984;true
Nothoprocta_ornata_1;1620;1554;66;66;0.992;0.959;true
Nothoprocta_ornata_2;1620;1554;66;66;0.992;0.959;true
Numida_malagris_1;1560;1560;0;0;1.0;1.0;true
Numida_malagris_2;1560;1560;0;0;1.0;1.0;true
Nyctibius_griseus_1;1614;1557;57;57;1.0;0.964;true
Nyctibius_griseus_2;1614;1557;57;57;1.0;0.964;true
Oceanites_oceanicus_1;1626;1560;66;66;1.0;0.959;true
Oceanites_oceanicus_2;1626;1560;66;66;1.0;0.959;true
Oceanodroma_leucorhoa_1;1584;1560;24;24;1.0;0.984;true
Oceanodroma_leucorhoa_2;1584;1560;24;24;1.0;0.984;true
Odontophorus_gujanensis_1;1665;1560;105;105;1.0;0.936;true
Odontophorus_gujanensis_2;1665;1560;105;105;1.0;0.936;true
Opisthocomus_hoazin_1;1596;1560;36;36;1.0;0.977;true
Opisthocomus_hoazin_2;1596;1560;36;36;1.0;0.977;true
Ortalis_motmot_1;1011;1011;0;0;1.0;1.0;true
Ortalis_motmot_2;1011;1011;0;0;1.0;1.0;true
Oxyruncus_cristatus_1;1666;1558;108;108;1.0;0.935;true
Oxyruncus_cristatus_2;1666;1558;108;108;1.0;0.935;true
Oxyura_jamaicensis_1;1638;1560;78;78;1.0;0.952;true
Oxyura_jamaicensis_2;1638;1560;78;78;1.0;0.952;true
Pandion_haliaetus_1;1554;1554;0;0;1.0;1.0;true
Pandion_haliaetus_2;1554;1554;0;0;1.0;1.0;true
Pedionomus_torquatus_1;1812;1560;252;182;1.0;0.86;true
Pedionomus_torquatus_2;1812;1560;252;182;1.0;0.86;true
Pelagodroma_marina_1;1461;1461;0;0;1.0;1.0;true
Pelagodroma_marina_2;1461;1461;0;0;1.0;1.0;true
Pelecanoides_urinatrix_1;1413;1413;0;0;1.0;1.0;true
Pelecanoides_urinatrix_2;1413;1413;0;0;1.0;1.0;true
Pelecanus_occidentalis_1;1593;1560;33;33;1.0;0.979;true
Pelecanus_occidentalis_2;1593;1560;33;33;1.0;0.979;true
Phaethon_rubricauda_1;1638;1560;78;78;1.0;0.952;true
Phaethon_rubricauda_2;1638;1560;78;78;1.0;0.952;true
Phaethornis_superciliosus_1;1656;1560;96;96;1.0;0.942;true
Phaethornis_superciliosus_2;1656;1560;96;96;1.0;0.942;true
Phalacrocorax_brasili_1;1644;1560;84;84;1.0;0.948;true
Phalacrocorax_brasili_2;1644;1560;84;84;1.0;0.948;true
Phoebastria_nigripes_1;1452;1452;0;0;1.0;1.0;true
Phoebastria_nigripes_2;1452;1452;0;0;1.0;1.0;true
Phoenicopterus_ruber_1;1287;1287;0;0;1.0;1.0;true
Phoenicopterus_ruber_2;1287;1287;0;0;1.0;1.0;true
Phoeniculus_purpureus_1;1659;1560;99;99;1.0;0.94;true
Phoeniculus_purpureus_2;1659;1560;99;99;1.0;0.94;true
Picus_canus_1;1656;1560;96;96;1.0;0.942;true
Picus_canus_2;1656;1560;96;96;1.0;0.942;true
Pipra_erythrocephala_1;1662;1560;102;102;1.0;0.938;true
Pipra_erythrocephala_2;1662;1560;102;102;1.0;0.938;true
Piprites_chloris_1;1608;1560;48;48;1.0;0.97;true
Piprites_chloris_2;1608;1560;48;48;1.0;0.97;true
Pitta_angolensis_1;1650;1560;90;90;1.0;0.945;true
Pitta_angolensis_2;1650;1560;90;90;1.0;0.945;true
Podargus_strigoides_1;1599;1560;39;39;1.0;0.975;true
Podargus_strigoides_2;1599;1560;39;39;1.0;0.975;true
Poecile_lugubris_1;711;711;0;0;1.0;1.0;true
Poecile_lugubris_2;711;711;0;0;1.0;1.0;true
Porphyrio_porphyrio_1;1677;1560;117;117;1.0;0.93;true
Porphyrio_porphyrio_2;1677;1560;117;117;1.0;0.93;true
Probosciger_aterrimus_1;1188;1188;0;0;1.0;1.0;true
Probosciger_aterrimus_2;1188;1188;0;0;1.0;1.0;true
Psittacus_erithacus_1;1608;1560;48;48;1.0;0.97;true
Psittacus_erithacus_2;1608;1560;48;48;1.0;0.97;true
Psittrichas_fulgidus_1;1548;1548;0;0;1.0;1.0;true
Psittrichas_fulgidus_2;1548;1548;0;0;1.0;1.0;true
Psophia_crepitans_1;1629;1560;69;69;1.0;0.957;true
Psophia_crepitans_2;1629;1560;69;69;1.0;0.957;true
Pterocles_bicinctus_1;1623;1560;63;63;1.0;0.961;true
Pterocles_bicinctus_2;1623;1560;63;63;1.0;0.961;true
Pterodroma_externa_1;1668;1560;108;108;1.0;0.935;true
Pterodroma_externa_2;1668;1560;108;108;1.0;0.935;true
Ptilinopus_magnificus_1;1578;1563;15;15;1.0;0.99;true
Ptilinopus_magnificus_2;1578;1563;15;15;1.0;0.99;true
Ptilonorhynchus_violaceus_1;1593;1560;33;33;1.0;0.979;true
Ptilonorhynchus_violaceus_2;1593;1560;33;33;1.0;0.979;true
Puffinus_griseus_1;1473;1473;0;0;1.0;1.0;true
Puffinus_griseus_2;1473;1473;0;0;1.0;1.0;true
Pycnonotus_macrotis_1;1632;1560;72;72;1.0;0.955;true
Pycnonotus_macrotis_2;1632;1560;72;72;1.0;0.955;true
Rallus_longirostris_1;579;579;0;0;1.0;1.0;true
Rallus_longirostris_2;579;579;0;0;1.0;1.0;true
Ramphastos_ambiguus_1;1587;1560;27;27;1.0;0.982;true
Ramphastos_ambiguus_2;1587;1560;27;27;1.0;0.982;true
Recurvirostra_americana_1;1542;1542;0;0;1.0;1.0;true
Recurvirostra_americana_2;1542;1542;0;0;1.0;1.0;true
Regulus_ignicapilla_1;1710;1560;150;150;1.0;0.912;true
Regulus_ignicapilla_2;1710;1560;150;150;1.0;0.912;true
Rhea_americana_1;1572;1557;15;15;1.0;0.99;true
Rhea_americana_2;1572;1557;15;15;1.0;0.99;true
Rhynchocyclus_olivaceus_1;1719;1560;159;159;1.0;0.907;true
Rhynchocyclus_olivaceus_2;1719;1560;159;159;1.0;0.907;true
Rollandia_rolland_1;1611;1560;51;51;1.0;0.968;true
Rollandia_rolland_2;1611;1560;51;51;1.0;0.968;true
Rollulus_rouloul_1;1593;1560;33;33;1.0;0.979;true
Rollulus_rouloul_2;1593;1560;33;33;1.0;0.979;true
Rostratula_benghalensis_1;1641;1560;81;81;1.0;0.95;true
Rostratula_benghalensis_2;1641;1560;81;81;1.0;0.95;true
Rupicola_rupicola_1;1251;1170;81;81;1.0;0.935;true
Rupicola_rupicola_2;1251;1170;81;81;1.0;0.935;true
Rynchops_niger_1;1593;1560;33;33;1.0;0.979;true
Rynchops_niger_2;1593;1560;33;33;1.0;0.979;true
Sagittarius_serpentarius_1;1407;1377;30;30;1.0;0.978;true
Sagittarius_serpentarius_2;1407;1377;30;30;1.0;0.978;true
Sarothrura_rufa_1;1608;1560;48;48;1.0;0.97;true
Sarothrura_rufa_2;1608;1560;48;48;1.0;0.97;true
Schiffornis_turdina_1;1443;1443;0;0;1.0;1.0;true
Schiffornis_turdina_2;1443;1443;0;0;1.0;1.0;true
Sclerurus_mexicanus_1;1692;1560;132;132;1.0;0.921;true
Sclerurus_mexicanus_2;1692;1560;132;132;1.0;0.921;true
Scopus_umbretta_1;906;906;0;0;1.0;1.0;true
Scopus_umbretta_2;906;906;0;0;1.0;1.0;true
Sericulus_bakeri_1;1635;1560;75;75;1.0;0.954;true
Sericulus_bakeri_2;1635;1560;75;75;1.0;0.954;true
Smithornis_rufolateralis_1;1737;1560;177;177;1.0;0.898;true
Smithornis_rufolateralis_2;1737;1560;177;177;1.0;0.898;true
Spheniscus_humboldti_1;1632;1560;72;72;1.0;0.955;true
Spheniscus_humboldti_2;1632;1560;72;72;1.0;0.955;true
Spizella_arborea_1;798;798;0;0;1.0;1.0;true
Spizella_arborea_2;798;798;0;0;1.0;1.0;true
Steatornis_caripensi_1;456;456;0;0;1.0;1.0;true
Steatornis_caripensi_2;456;456;0;0;1.0;1.0;true
Sterna_hirundo_1;1581;1560;21;21;1.0;0.986;true
Sterna_hirundo_2;1581;1560;21;21;1.0;0.986;true
Streptoprocne_zonaris_1;1641;1560;81;81;1.0;0.95;true
Streptoprocne_zonaris_2;1641;1560;81;81;1.0;0.95;true
Strix_varia_1;1614;1560;54;54;1.0;0.966;true
Strix_varia_2;1614;1560;54;54;1.0;0.966;true
Struthio_camelus_1;1614;1560;54;54;1.0;0.966;true
Struthio_camelus_2;1614;1560;54;54;1.0;0.966;true
Sylvia_melanocephala_1;1596;1560;36;36;1.0;0.977;true
Sylvia_melanocephala_2;1596;1560;36;36;1.0;0.977;true
Syrrhaptes_paradoxus_1;993;984;9;9;1.0;0.99;true
Syrrhaptes_paradoxus_2;993;984;9;9;1.0;0.99;true
Tapera_naevia_1;1635;1560;75;75;1.0;0.954;true
Tapera_naevia_2;1635;1560;75;75;1.0;0.954;true
Tauraco_macrorhynchus_1;936;936;0;0;1.0;1.0;true
Tauraco_macrorhynchus_2;936;936;0;0;1.0;1.0;true
Terenura_callinota_1;1554;1554;0;0;1.0;1.0;true
Terenura_callinota_2;1554;1554;0;0;1.0;1.0;true
Thamnophilus_ruficapillu_1;1047;1047;0;0;1.0;1.0;true
Thamnophilus_ruficapillu_2;1047;1047;0;0;1.0;1.0;true
Theristicus_caerulescens_1;1482;1482;0;0;1.0;1.0;true
Theristicus_caerulescens_2;1482;1482;0;0;1.0;1.0;true
Tigrisoma_lineatum_1;1506;1506;0;0;1.0;1.0;true
Tigrisoma_lineatum_2;1506;1506;0;0;1.0;1.0;true
Tinamus_major_1;1494;1494;0;0;1.0;1.0;true
Tinamus_major_2;1494;1494;0;0;1.0;1.0;true
Tityra_cayana_1;1608;1560;48;48;1.0;0.97;true
Tityra_cayana_2;1608;1560;48;48;1.0;0.97;true
Tockus_camurus_1;1653;1560;93;93;1.0;0.943;true
Tockus_camurus_2;1653;1560;93;93;1.0;0.943;true
Todus_mexicanus_1;1518;1518;0;0;1.0;1.0;true
Todus_mexicanus_2;1518;1518;0;0;1.0;1.0;true
Topaza_pella_1;1626;1560;66;66;1.0;0.959;true
Topaza_pella_2;1626;1560;66;66;1.0;0.959;true
Treron_calvus_1;1518;1518;0;0;1.0;1.0;true
Treron_calvus_2;1518;1518;0;0;1.0;1.0;true
Tringa_solitaria_1;1551;1551;0;0;1.0;1.0;true
Tringa_solitaria_2;1551;1551;0;0;1.0;1.0;true
Trogon_elegans_1;1593;1560;33;33;1.0;0.979;true
Trogon_elegans_2;1593;1560;33;33;1.0;0.979;true
Turdus_olivater_1;1647;1560;87;87;1.0;0.947;true
Turdus_olivater_2;1647;1560;87;87;1.0;0.947;true
Turnix_ocellata_1;1617;1560;57;57;1.0;0.964;true
Turnix_ocellata_2;1617;1560;57;57;1.0;0.964;true
Tyrannus_albogularis_1;1611;1560;51;51;1.0;0.968;true
Tyrannus_albogularis_2;1611;1560;51;51;1.0;0.968;true
Tyto_alba_1;1332;1332;0;0;1.0;1.0;true
Tyto_alba_2;1332;1332;0;0;1.0;1.0;true
Upupa_epops_1;732;693;39;39;0.946;0.946;true
Upupa_epops_2;732;732;0;0;1.0;1.0;true
Uria_aalge_1;948;948;0;0;1.0;1.0;true
Uria_aalge_2;948;948;0;0;1.0;1.0;true
Urocolius_indicus_1;1668;1560;108;108;1.0;0.935;true
Urocolius_indicus_2;1668;1560;108;108;1.0;0.935;true
Vultur_gryphus_1;1554;1554;0;0;1.0;1.0;true
Vultur_gryphus_2;1554;1554;0;0;1.0;1.0;true
