seqName;initialSeqLength;nbKeep;nbTrim;nbInformativeTrim;percentKeepExcludingExtremities;percentKeepIncludingExtremities;keptSequences
Acanthisitta_chloris_1;1079;1026;53;53;0.997;0.95;true
Acanthisitta_chloris_2;1079;1026;53;53;0.997;0.95;true
Accipiter_superciliosus_1;956;951;5;5;0.996;0.994;true
Accipiter_superciliosus_2;956;951;5;5;0.996;0.994;true
Aegotheles_insignis_1;986;981;5;5;0.996;0.994;true
Aegotheles_insignis_2;986;981;5;5;0.996;0.994;true
Alcedo_quadribrachys_1;1055;1026;29;29;0.997;0.972;true
Alcedo_quadribrachys_2;1055;1026;29;29;0.997;0.972;true
Anas_superciliosa_1;896;891;5;5;0.996;0.994;true
Anas_superciliosa_2;896;891;5;5;0.996;0.994;true
Anhinga_anhinga_1;1046;1032;14;14;0.997;0.986;true
Anhinga_anhinga_2;1046;1032;14;14;0.997;0.986;true
Anser_canagicus_1;1055;1026;29;29;0.997;0.972;true
Anser_canagicus_2;1055;1026;29;29;0.997;0.972;true
Anseranas_semipalmata_1;1061;1032;29;29;0.997;0.972;true
Anseranas_semipalmata_2;1061;1032;29;29;0.997;0.972;true
Apaloderma_aequatoriale_1;987;984;3;3;0.996;0.996;true
Apaloderma_aequatoriale_2;987;984;3;3;0.996;0.996;true
Apteryx_sp._1;1070;1020;50;50;0.982;0.953;true
Apteryx_sp._2;1070;1020;50;50;0.982;0.953;true
Aramus_guarauna_1;1055;1026;29;29;0.997;0.972;true
Aramus_guarauna_2;1055;1026;29;29;0.997;0.972;true
Archilochus_colubris_1;1007;1002;5;5;0.997;0.995;true
Archilochus_colubris_2;1007;1002;5;5;0.997;0.995;true
Ardea_herodias_1;1061;1032;29;29;0.997;0.972;true
Ardea_herodias_2;1061;1032;29;29;0.997;0.972;true
Ardeotis_kori_1;1061;1032;29;29;0.997;0.972;true
Ardeotis_kori_2;1061;1032;29;29;0.997;0.972;true
Arenaria_interpres_1;974;969;5;5;0.996;0.994;true
Arenaria_interpres_2;974;969;5;5;0.996;0.994;true
Atelornis_pittoides_1;1061;1032;29;29;0.997;0.972;true
Atelornis_pittoides_2;1061;1032;29;29;0.997;0.972;true
Aythya_valisineria_1;1055;1026;29;29;0.997;0.972;true
Aythya_valisineria_2;1055;1026;29;29;0.997;0.972;true
Balaeniceps_rex_1;1019;1014;5;5;0.997;0.995;true
Balaeniceps_rex_2;1019;1014;5;5;0.997;0.995;true
Barnardius_zonarius_1;1064;1032;32;32;0.997;0.969;true
Barnardius_zonarius_2;1064;1032;32;32;0.997;0.969;true
Bonasa_umbellus_1;1061;1032;29;29;0.997;0.972;true
Bonasa_umbellus_2;1061;1032;29;29;0.997;0.972;true
Buccanodon_duchaillui_1;992;987;5;5;0.996;0.994;true
Buccanodon_duchaillui_2;992;987;5;5;0.996;0.994;true
Bucco_capensis_1;1061;1032;29;29;0.997;0.972;true
Bucco_capensis_2;1061;1032;29;29;0.997;0.972;true
Bucorvus_leadbeateri_1;1061;1032;29;29;0.997;0.972;true
Bucorvus_leadbeateri_2;1061;1032;29;29;0.997;0.972;true
Burhinus_oedicnemus_1;1012;996;16;16;0.996;0.984;true
Burhinus_oedicnemus_2;1012;996;16;16;0.996;0.984;true
Buteo_jamaicensis_1;971;966;5;5;0.996;0.994;true
Buteo_jamaicensis_2;971;966;5;5;0.996;0.994;true
Caiman_croccodilus_1;360;333;27;27;1.0;0.925;true
Caiman_croccodilus_2;360;333;27;27;1.0;0.925;true
Calandrella_brachydactyla_1;1004;999;5;5;0.997;0.995;true
Calandrella_brachydactyla_2;1004;999;5;5;0.997;0.995;true
Calyptomena_viridis_1;1049;1020;29;29;0.997;0.972;true
Calyptomena_viridis_2;1049;1020;29;29;0.997;0.972;true
Capito_niger_1;1013;1008;5;5;0.997;0.995;true
Capito_niger_2;1013;1008;5;5;0.997;0.995;true
Caprimulgus_europaeus_1;1067;1032;35;35;0.997;0.967;true
Caprimulgus_europaeus_2;1067;1032;35;35;0.997;0.967;true
Caracara_cheriway_1;1064;1035;29;29;0.997;0.972;true
Caracara_cheriway_2;1064;1035;29;29;0.997;0.972;true
Cariama_cristata_1;1061;1032;29;29;0.997;0.972;true
Cariama_cristata_2;1061;1032;29;29;0.997;0.972;true
Casuarius_bennetti_1;989;969;20;20;0.981;0.979;true
Casuarius_bennetti_2;989;969;20;20;0.981;0.979;true
Cathartes_burrovianus_1;263;261;2;2;1.0;0.992;true
Cathartes_burrovianus_2;263;261;2;2;1.0;0.992;true
Centropus_bengalensis_1;1061;1032;29;29;0.997;0.972;true
Centropus_bengalensis_2;1061;1032;29;29;0.997;0.972;true
Chaetura_brachyura_1;1046;1017;29;29;0.997;0.972;true
Chaetura_brachyura_2;1046;1017;29;29;0.997;0.972;true
Charadrius_hiaticula_1;905;900;5;5;0.996;0.994;true
Charadrius_hiaticula_2;905;900;5;5;0.996;0.994;true
Chauna_torquata_1;1061;1032;29;29;0.997;0.972;true
Chauna_torquata_2;1061;1032;29;29;0.997;0.972;true
Chelidoptera_tenebrosa_1;998;993;5;5;0.996;0.994;true
Chelidoptera_tenebrosa_2;998;993;5;5;0.996;0.994;true
Chloroceryle_inda_1;992;987;5;5;0.996;0.994;true
Chloroceryle_inda_2;992;987;5;5;0.996;0.994;true
Chordeiles_pusillus_1;1061;1032;29;29;0.997;0.972;true
Chordeiles_pusillus_2;1061;1032;29;29;0.997;0.972;true
Chroicocephalus_cirrocephalus_1;1061;1032;29;29;0.997;0.972;true
Chroicocephalus_cirrocephalus_2;1061;1032;29;29;0.997;0.972;true
Chunga_burmeisteri_1;1061;1032;29;29;0.997;0.972;true
Chunga_burmeisteri_2;1061;1032;29;29;0.997;0.972;true
Ciconia_nigra_1;920;915;5;5;0.996;0.994;true
Ciconia_nigra_2;920;915;5;5;0.996;0.994;true
Climacteris_melanura_1;1055;1026;29;29;0.997;0.972;true
Climacteris_melanura_2;1055;1026;29;29;0.997;0.972;true
Coccyzus_melacoryphus_1;1025;1020;5;5;0.997;0.995;true
Coccyzus_melacoryphus_2;1025;1020;5;5;0.997;0.995;true
Colinus_cristatus_1;1049;1032;17;17;0.997;0.983;true
Colinus_cristatus_2;1049;1032;17;17;0.997;0.983;true
Colius_colius_1;1058;1029;29;29;0.997;0.972;true
Colius_colius_2;1058;1029;29;29;0.997;0.972;true
Columba_livia_1;1050;1021;29;29;0.997;0.972;true
Columba_livia_2;1050;1021;29;29;0.997;0.972;true
Columbina_minuta_1;1061;1032;29;29;0.997;0.972;true
Columbina_minuta_2;1061;1032;29;29;0.997;0.972;true
Coracias_cyanogaster_1;1052;1032;20;20;0.997;0.98;true
Coracias_cyanogaster_2;1052;1032;20;20;0.997;0.98;true
Corvus_albus_1;1055;1026;29;29;0.997;0.972;true
Corvus_albus_2;1055;1026;29;29;0.997;0.972;true
Cotinga_cayana_1;1079;1026;53;53;0.997;0.95;true
Cotinga_cayana_2;1079;1026;53;53;0.997;0.95;true
Crax_alector_1;1061;1032;29;29;0.997;0.972;true
Crax_alector_2;1061;1032;29;29;0.997;0.972;true
Crocodylus_porosus_1;965;921;44;44;0.956;0.954;true
Crocodylus_porosus_2;965;921;44;44;0.956;0.954;true
Cryptopipo_aenigma_1;1079;1026;53;53;0.997;0.95;true
Cryptopipo_aenigma_2;1079;1026;53;53;0.997;0.95;true
Crypturellus_tataupa_1;1064;1017;47;47;0.979;0.955;true
Crypturellus_tataupa_2;1064;1017;47;47;0.979;0.955;true
Cuculus_optatus_1;1061;1032;29;29;0.997;0.972;true
Cuculus_optatus_2;1061;1032;29;29;0.997;0.972;true
Dendrocygna_viduata_1;722;717;5;5;0.995;0.993;true
Dendrocygna_viduata_2;722;717;5;5;0.995;0.993;true
Deroptyus_accipitrinus_1;1064;1032;32;32;0.997;0.969;true
Deroptyus_accipitrinus_2;1064;1032;32;32;0.997;0.969;true
Dromaius_novaehollandiae_1;1040;1020;20;20;0.982;0.98;true
Dromaius_novaehollandiae_2;1040;1020;20;20;0.982;0.98;true
Elaenia_flavogaster_1;1046;1026;20;20;0.997;0.98;true
Elaenia_flavogaster_2;1046;1026;20;20;0.997;0.98;true
Elanus_leucurus_1;1061;1032;29;29;0.997;0.972;true
Elanus_leucurus_2;1061;1032;29;29;0.997;0.972;true
Eudromia_elegans_1;1070;1026;44;44;0.988;0.958;true
Eudromia_elegans_2;1070;1026;44;44;0.988;0.958;true
Eurostopodus_macrotis_1;1061;1032;29;29;0.997;0.972;true
Eurostopodus_macrotis_2;1061;1032;29;29;0.997;0.972;true
Eurylaimus_ochromalus_1;1034;1026;8;8;0.997;0.992;true
Eurylaimus_ochromalus_2;1034;1026;8;8;0.997;0.992;true
Eurypyga_helias_1;1061;1032;29;29;0.997;0.972;true
Eurypyga_helias_2;1061;1032;29;29;0.997;0.972;true
Falco_sparverius_1;1025;1005;20;20;0.997;0.98;true
Falco_sparverius_2;1025;1005;20;20;0.997;0.98;true
Fregata_magnificens_1;233;231;2;2;1.0;0.991;true
Fregata_magnificens_2;233;231;2;2;1.0;0.991;true
Fringilla_coelebs_1;1055;1026;29;29;0.997;0.972;true
Fringilla_coelebs_2;1055;1026;29;29;0.997;0.972;true
Fulmarus_glacialoides_1;1061;1032;29;29;0.997;0.972;true
Fulmarus_glacialoides_2;1061;1032;29;29;0.997;0.972;true
Furnarius_rufus_1;1031;1023;8;8;0.997;0.992;true
Furnarius_rufus_2;1031;1023;8;8;0.997;0.992;true
Galbula_dea_1;1061;1032;29;29;0.997;0.972;true
Galbula_dea_2;1061;1032;29;29;0.997;0.972;true
Gallus_gallus_1;1061;1032;29;29;0.997;0.972;true
Gallus_gallus_2;1061;1032;29;29;0.997;0.972;true
Gavia_immer_1;1058;1029;29;29;0.997;0.972;true
Gavia_immer_2;1058;1029;29;29;0.997;0.972;true
Glareola_nuchalis_1;1061;1032;29;29;0.997;0.972;true
Glareola_nuchalis_2;1061;1032;29;29;0.997;0.972;true
Grus_canadensis_1;1055;1026;29;29;0.997;0.972;true
Grus_canadensis_2;1055;1026;29;29;0.997;0.972;true
Haematopus_palliatus_1;1072;1032;40;40;0.997;0.962;true
Haematopus_palliatus_2;1072;1032;40;40;0.997;0.962;true
Heliornis_fulica_1;1058;1029;29;29;0.997;0.972;true
Heliornis_fulica_2;1058;1029;29;29;0.997;0.972;true
Hirundinea_ferruginea_1;1079;1011;68;68;0.982;0.936;true
Hirundinea_ferruginea_2;1079;1011;68;68;0.982;0.936;true
Hymenops_perspicillatus_1;1043;1026;17;17;0.997;0.983;true
Hymenops_perspicillatus_2;1043;1026;17;17;0.997;0.983;true
Ibycter_americanus_1;1064;1035;29;29;0.997;0.972;true
Ibycter_americanus_2;1064;1035;29;29;0.997;0.972;true
Indicator_exilis_1;1061;1032;29;29;0.997;0.972;true
Indicator_exilis_2;1061;1032;29;29;0.997;0.972;true
Ixobrychus_minutus_1;1061;1032;29;29;0.997;0.972;true
Ixobrychus_minutus_2;1061;1032;29;29;0.997;0.972;true
Jacana_jacana_1;1061;1032;29;29;0.997;0.972;true
Jacana_jacana_2;1061;1032;29;29;0.997;0.972;true
Jynx_torquilla_1;1061;1032;29;29;0.997;0.972;true
Jynx_torquilla_2;1061;1032;29;29;0.997;0.972;true
Leipoa_ocellata_1;1052;1023;29;29;0.997;0.972;true
Leipoa_ocellata_2;1052;1023;29;29;0.997;0.972;true
Lepidocolaptes_angustirostr_1;1043;1026;17;17;0.997;0.983;true
Lepidocolaptes_angustirostr_2;1043;1026;17;17;0.997;0.983;true
Leptoptilos_crumeniferus_1;1061;1032;29;29;0.997;0.972;true
Leptoptilos_crumeniferus_2;1061;1032;29;29;0.997;0.972;true
Leptosomus_discolor_1;1040;1032;8;8;0.997;0.992;true
Leptosomus_discolor_2;1040;1032;8;8;0.997;0.992;true
Leptotila_rufaxilla_1;1013;1008;5;5;0.997;0.995;true
Leptotila_rufaxilla_2;1013;1008;5;5;0.997;0.995;true
Limosa_lapponica_1;1061;1032;29;29;0.997;0.972;true
Limosa_lapponica_2;1061;1032;29;29;0.997;0.972;true
Lophorina_superba_1;1055;1026;29;29;0.997;0.972;true
Lophorina_superba_2;1055;1026;29;29;0.997;0.972;true
Malurus_splendens_1;891;861;30;30;0.996;0.966;true
Malurus_splendens_2;891;861;30;30;0.996;0.966;true
Megalaima_chrysopogon_1;1061;1032;29;29;0.997;0.972;true
Megalaima_chrysopogon_2;1061;1032;29;29;0.997;0.972;true
Melanopareia_maximilian_1;1046;1026;20;20;0.997;0.98;true
Melanopareia_maximilian_2;1046;1026;20;20;0.997;0.98;true
Menura_novaehollandiae_1;1055;1026;29;29;0.997;0.972;true
Menura_novaehollandiae_2;1055;1026;29;29;0.997;0.972;true
Merops_muelleri_1;1019;1014;5;5;0.997;0.995;true
Merops_muelleri_2;1019;1014;5;5;0.997;0.995;true
Mesitornis_unicolor_1;998;993;5;5;0.996;0.994;true
Mesitornis_unicolor_2;998;993;5;5;0.996;0.994;true
Micrastur_gilvicollis_1;1064;1035;29;29;0.997;0.972;true
Micrastur_gilvicollis_2;1064;1035;29;29;0.997;0.972;true
Micropygia_schomburgkii_1;1061;1032;29;29;0.997;0.972;true
Micropygia_schomburgkii_2;1061;1032;29;29;0.997;0.972;true
Momotus_lessonii_1;1022;1017;5;5;0.997;0.995;true
Momotus_lessonii_2;1022;1017;5;5;0.997;0.995;true
Monias_benschi_1;1061;1032;29;29;0.997;0.972;true
Monias_benschi_2;1061;1032;29;29;0.997;0.972;true
Morus_serrator_1;1061;1032;29;29;0.997;0.972;true
Morus_serrator_2;1061;1032;29;29;0.997;0.972;true
Myiobius_barbatus_1;1055;1026;29;29;0.997;0.972;true
Myiobius_barbatus_2;1055;1026;29;29;0.997;0.972;true
Myrmornis_torquata_1;1055;1026;29;29;0.997;0.972;true
Myrmornis_torquata_2;1055;1026;29;29;0.997;0.972;true
Myrmothera_campanisona_1;1079;1026;53;53;0.997;0.95;true
Myrmothera_campanisona_2;1079;1026;53;53;0.997;0.95;true
Neodrepanis_coruscans_1;1055;1026;29;29;0.997;0.972;true
Neodrepanis_coruscans_2;1055;1026;29;29;0.997;0.972;true
Neopelma_chrysocephalum_1;917;912;5;5;0.996;0.994;true
Neopelma_chrysocephalum_2;917;912;5;5;0.996;0.994;true
Nestor_meridionalis_1;980;975;5;5;0.996;0.994;true
Nestor_meridionalis_2;980;975;5;5;0.996;0.994;true
Nothoprocta_ornata_1;1106;1023;83;83;0.985;0.924;true
Nothoprocta_ornata_2;1106;1023;83;83;0.985;0.924;true
Numida_malagris_1;1061;1032;29;29;0.997;0.972;true
Numida_malagris_2;1061;1032;29;29;0.997;0.972;true
Nyctibius_griseus_1;1086;1032;54;54;0.997;0.95;true
Nyctibius_griseus_2;1086;1032;54;54;0.997;0.95;true
Oceanites_oceanicus_1;938;933;5;5;0.996;0.994;true
Oceanites_oceanicus_2;938;933;5;5;0.996;0.994;true
Odontophorus_gujanensis_1;1061;1032;29;29;0.997;0.972;true
Odontophorus_gujanensis_2;1061;1032;29;29;0.997;0.972;true
Opisthocomus_hoazin_1;947;942;5;5;0.996;0.994;true
Opisthocomus_hoazin_2;947;942;5;5;0.996;0.994;true
Ortalis_motmot_1;1061;1032;29;29;0.997;0.972;true
Ortalis_motmot_2;1061;1032;29;29;0.997;0.972;true
Oxyruncus_cristatus_1;725;720;5;5;0.995;0.993;true
Oxyruncus_cristatus_2;725;720;5;5;0.995;0.993;true
Oxyura_jamaicensis_1;1010;1002;8;8;0.994;0.992;true
Oxyura_jamaicensis_2;1010;1002;8;8;0.994;0.992;true
Pandion_haliaetus_1;908;903;5;5;0.996;0.994;true
Pandion_haliaetus_2;908;903;5;5;0.996;0.994;true
Pedionomus_torquatus_1;1067;1032;35;35;0.997;0.967;true
Pedionomus_torquatus_2;1067;1032;35;35;0.997;0.967;true
Pelagodroma_marina_1;1061;1032;29;29;0.997;0.972;true
Pelagodroma_marina_2;1061;1032;29;29;0.997;0.972;true
Pelecanoides_urinatrix_1;992;987;5;5;0.996;0.994;true
Pelecanoides_urinatrix_2;992;987;5;5;0.996;0.994;true
Pelecanus_occidentalis_1;713;708;5;5;0.995;0.992;true
Pelecanus_occidentalis_2;713;708;5;5;0.995;0.992;true
Phaethon_rubricauda_1;1061;1032;29;29;0.997;0.972;true
Phaethon_rubricauda_2;1061;1032;29;29;0.997;0.972;true
Phaethornis_superciliosus_1;1037;1011;26;26;0.997;0.974;true
Phaethornis_superciliosus_2;1037;1011;26;26;0.997;0.974;true
Phalacrocorax_brasili_1;1064;1029;35;35;0.997;0.967;true
Phalacrocorax_brasili_2;1064;1029;35;35;0.997;0.967;true
Phoebastria_nigripes_1;1061;1032;29;29;0.997;0.972;true
Phoebastria_nigripes_2;1061;1032;29;29;0.997;0.972;true
Phoenicopterus_ruber_1;1040;1032;8;8;0.997;0.992;true
Phoenicopterus_ruber_2;1040;1032;8;8;0.997;0.992;true
Phoeniculus_purpureus_1;1046;1032;14;14;0.997;0.986;true
Phoeniculus_purpureus_2;1046;1032;14;14;0.997;0.986;true
Picus_canus_1;1094;1032;62;62;0.997;0.943;true
Picus_canus_2;1094;1032;62;62;0.997;0.943;true
Pipra_erythrocephala_1;1079;1026;53;53;0.997;0.95;true
Pipra_erythrocephala_2;1079;1026;53;53;0.997;0.95;true
Piprites_chloris_1;1034;1026;8;8;0.997;0.992;true
Piprites_chloris_2;1034;1026;8;8;0.997;0.992;true
Pitta_angolensis_1;1055;1026;29;29;0.997;0.972;true
Pitta_angolensis_2;1055;1026;29;29;0.997;0.972;true
Podargus_strigoides_1;1058;1029;29;29;0.997;0.972;true
Podargus_strigoides_2;1058;1029;29;29;0.997;0.972;true
Poecile_lugubris_1;1055;1026;29;29;0.997;0.972;true
Poecile_lugubris_2;1055;1026;29;29;0.997;0.972;true
Porphyrio_porphyrio_1;1061;1032;29;29;0.997;0.972;true
Porphyrio_porphyrio_2;1061;1032;29;29;0.997;0.972;true
Probosciger_aterrimus_1;419;417;2;2;1.0;0.995;true
Probosciger_aterrimus_2;419;417;2;2;1.0;0.995;true
Psittacus_erithacus_1;1037;1032;5;5;0.997;0.995;true
Psittacus_erithacus_2;1037;1032;5;5;0.997;0.995;true
Psittrichas_fulgidus_1;1064;1032;32;32;0.997;0.969;true
Psittrichas_fulgidus_2;1064;1032;32;32;0.997;0.969;true
Psophia_crepitans_1;1061;1032;29;29;0.997;0.972;true
Psophia_crepitans_2;1061;1032;29;29;0.997;0.972;true
Pterocles_bicinctus_1;1061;1032;29;29;0.997;0.972;true
Pterocles_bicinctus_2;1061;1032;29;29;0.997;0.972;true
Pterodroma_externa_1;1061;1032;29;29;0.997;0.972;true
Pterodroma_externa_2;1061;1032;29;29;0.997;0.972;true
Ptilinopus_magnificus_1;1061;1032;29;29;0.997;0.972;true
Ptilinopus_magnificus_2;1061;1032;29;29;0.997;0.972;true
Ptilonorhynchus_violaceus_1;1055;1026;29;29;0.997;0.972;true
Ptilonorhynchus_violaceus_2;1055;1026;29;29;0.997;0.972;true
Puffinus_griseus_1;1061;1032;29;29;0.997;0.972;true
Puffinus_griseus_2;1061;1032;29;29;0.997;0.972;true
Pycnonotus_macrotis_1;876;825;51;51;0.996;0.941;true
Pycnonotus_macrotis_2;876;825;51;51;0.996;0.941;true
Rallus_longirostris_1;161;159;2;2;1.0;0.987;true
Rallus_longirostris_2;161;159;2;2;1.0;0.987;true
Ramphastos_ambiguus_1;1061;1032;29;29;0.997;0.972;true
Ramphastos_ambiguus_2;1061;1032;29;29;0.997;0.972;true
Recurvirostra_americana_1;913;897;16;16;0.996;0.982;true
Recurvirostra_americana_2;913;897;16;16;0.996;0.982;true
Regulus_ignicapilla_1;1055;1026;29;29;0.997;0.972;true
Regulus_ignicapilla_2;1055;1026;29;29;0.997;0.972;true
Rhea_americana_1;908;888;20;20;0.98;0.977;true
Rhea_americana_2;908;888;20;20;0.98;0.977;true
Rhynchocyclus_olivaceus_1;1079;1026;53;53;0.997;0.95;true
Rhynchocyclus_olivaceus_2;1079;1026;53;53;0.997;0.95;true
Rollandia_rolland_1;1055;1032;23;23;0.997;0.978;true
Rollandia_rolland_2;1055;1032;23;23;0.997;0.978;true
Rollulus_rouloul_1;1025;1020;5;5;0.997;0.995;true
Rollulus_rouloul_2;1025;1020;5;5;0.997;0.995;true
Rostratula_benghalensis_1;1043;1032;11;11;0.997;0.989;true
Rostratula_benghalensis_2;1043;1032;11;11;0.997;0.989;true
Rupicola_rupicola_1;1040;1026;14;14;0.997;0.986;true
Rupicola_rupicola_2;1040;1026;14;14;0.997;0.986;true
Rynchops_niger_1;1061;1032;29;29;0.997;0.972;true
Rynchops_niger_2;1061;1032;29;29;0.997;0.972;true
Sagittarius_serpentarius_1;785;780;5;5;0.996;0.993;true
Sagittarius_serpentarius_2;785;780;5;5;0.996;0.993;true
Sarothrura_rufa_1;1058;1029;29;29;0.997;0.972;true
Sarothrura_rufa_2;1058;1029;29;29;0.997;0.972;true
Schiffornis_turdina_1;1079;1026;53;53;0.997;0.95;true
Schiffornis_turdina_2;1079;1026;53;53;0.997;0.95;true
Sclerurus_mexicanus_1;1055;1026;29;29;0.997;0.972;true
Sclerurus_mexicanus_2;1055;1026;29;29;0.997;0.972;true
Scopus_umbretta_1;1025;1020;5;5;0.997;0.995;true
Scopus_umbretta_2;1025;1020;5;5;0.997;0.995;true
Sericulus_bakeri_1;1055;1026;29;29;0.997;0.972;true
Sericulus_bakeri_2;1055;1026;29;29;0.997;0.972;true
Smithornis_rufolateralis_1;1055;1026;29;29;0.997;0.972;true
Smithornis_rufolateralis_2;1055;1026;29;29;0.997;0.972;true
Spheniscus_humboldti_1;1035;1029;6;6;0.997;0.994;true
Spheniscus_humboldti_2;1035;1029;6;6;0.997;0.994;true
Spizella_arborea_1;1080;1026;54;54;0.997;0.95;true
Spizella_arborea_2;1080;1026;54;54;0.997;0.95;true
Steatornis_caripensi_1;413;411;2;2;1.0;0.995;true
Steatornis_caripensi_2;413;411;2;2;1.0;0.995;true
Sterna_hirundo_1;908;903;5;5;0.996;0.994;true
Sterna_hirundo_2;908;903;5;5;0.996;0.994;true
Streptoprocne_zonaris_1;923;918;5;5;0.996;0.994;true
Streptoprocne_zonaris_2;923;918;5;5;0.996;0.994;true
Strix_varia_1;917;912;5;5;0.996;0.994;true
Strix_varia_2;917;912;5;5;0.996;0.994;true
Struthio_camelus_1;1064;1020;44;44;0.982;0.958;true
Struthio_camelus_2;1064;1020;44;44;0.982;0.958;true
Sylvia_melanocephala_1;750;747;3;3;0.996;0.996;true
Sylvia_melanocephala_2;750;747;3;3;0.996;0.996;true
Syrrhaptes_paradoxus_1;1055;1029;26;26;0.997;0.975;true
Syrrhaptes_paradoxus_2;1055;1029;26;26;0.997;0.975;true
Tapera_naevia_1;1061;1032;29;29;0.997;0.972;true
Tapera_naevia_2;1061;1032;29;29;0.997;0.972;true
Tauraco_macrorhynchus_1;1043;1032;11;11;0.997;0.989;true
Tauraco_macrorhynchus_2;1043;1032;11;11;0.997;0.989;true
Terenura_callinota_1;1055;1026;29;29;0.997;0.972;true
Terenura_callinota_2;1055;1026;29;29;0.997;0.972;true
Thamnophilus_ruficapillu_1;1019;1014;5;5;0.997;0.995;true
Thamnophilus_ruficapillu_2;1019;1014;5;5;0.997;0.995;true
Theristicus_caerulescens_1;1061;1032;29;29;0.997;0.972;true
Theristicus_caerulescens_2;1061;1032;29;29;0.997;0.972;true
Tinamus_major_1;923;909;14;14;0.986;0.984;true
Tinamus_major_2;923;909;14;14;0.986;0.984;true
Tockus_camurus_1;812;807;5;5;0.996;0.993;true
Tockus_camurus_2;812;807;5;5;0.996;0.993;true
Todus_mexicanus_1;1061;1032;29;29;0.997;0.972;true
Todus_mexicanus_2;1061;1032;29;29;0.997;0.972;true
Topaza_pella_1;935;930;5;5;0.996;0.994;true
Topaza_pella_2;935;930;5;5;0.996;0.994;true
Treron_calvus_1;1061;1032;29;29;0.997;0.972;true
Treron_calvus_2;1061;1032;29;29;0.997;0.972;true
Tringa_solitaria_1;1025;1020;5;5;0.997;0.995;true
Tringa_solitaria_2;1025;1020;5;5;0.997;0.995;true
Trogon_elegans_1;1105;1032;73;73;0.997;0.933;true
Trogon_elegans_2;1105;1032;73;73;0.997;0.933;true
Turdus_olivater_1;1055;1026;29;29;0.997;0.972;true
Turdus_olivater_2;1055;1026;29;29;0.997;0.972;true
Turnix_ocellata_1;1061;1032;29;29;0.997;0.972;true
Turnix_ocellata_2;1061;1032;29;29;0.997;0.972;true
Tyrannus_albogularis_1;1079;1011;68;68;0.982;0.936;true
Tyrannus_albogularis_2;1079;1011;68;68;0.982;0.936;true
Upupa_epops_1;1061;1032;29;29;0.997;0.972;true
Upupa_epops_2;1061;1032;29;29;0.997;0.972;true
Uria_aalge_1;1061;1032;29;29;0.997;0.972;true
Uria_aalge_2;1061;1032;29;29;0.997;0.972;true
Urocolius_indicus_1;1061;1032;29;29;0.997;0.972;true
Urocolius_indicus_2;1061;1032;29;29;0.997;0.972;true
Vultur_gryphus_1;932;927;5;5;0.996;0.994;true
Vultur_gryphus_2;932;927;5;5;0.996;0.994;true
