seqName;initialSeqLength;nbKeep;nbTrim;nbInformativeTrim;percentKeepExcludingExtremities;percentKeepIncludingExtremities;keptSequences
Acanthisitta_chloris_1;1467;1296;171;171;1.0;0.883;true
Acanthisitta_chloris_2;1467;1296;171;171;1.0;0.883;true
Accipiter_superciliosus_1;1281;1281;0;0;1.0;1.0;true
Accipiter_superciliosus_2;1281;1281;0;0;1.0;1.0;true
Aegotheles_insignis_1;1335;1287;48;48;1.0;0.964;true
Aegotheles_insignis_2;1335;1287;48;48;1.0;0.964;true
Alcedo_quadribrachys_1;1407;1296;111;111;1.0;0.921;true
Alcedo_quadribrachys_2;1407;1296;111;111;1.0;0.921;true
Anas_superciliosa_1;1302;1296;6;6;1.0;0.995;true
Anas_superciliosa_2;1302;1296;6;6;1.0;0.995;true
Anhinga_anhinga_1;1335;1296;39;39;1.0;0.97;true
Anhinga_anhinga_2;1335;1296;39;39;1.0;0.97;true
Anser_canagicus_1;1455;1296;159;159;1.0;0.89;true
Anser_canagicus_2;1455;1296;159;159;1.0;0.89;true
Anseranas_semipalmata_1;1437;1296;141;141;1.0;0.901;true
Anseranas_semipalmata_2;1437;1296;141;141;1.0;0.901;true
Apaloderma_aequatoriale_1;1323;1296;27;27;1.0;0.979;true
Apaloderma_aequatoriale_2;1323;1296;27;27;1.0;0.979;true
Apteryx_sp._1;1314;1296;18;18;1.0;0.986;true
Apteryx_sp._2;1314;1296;18;18;1.0;0.986;true
Aramus_guarauna_1;1440;1296;144;144;1.0;0.9;true
Aramus_guarauna_2;1440;1296;144;144;1.0;0.9;true
Archilochus_colubris_1;1326;1287;39;39;1.0;0.97;true
Archilochus_colubris_2;1326;1287;39;39;1.0;0.97;true
Ardea_herodias_1;1374;1296;78;78;1.0;0.943;true
Ardea_herodias_2;1374;1296;78;78;1.0;0.943;true
Ardeotis_kori_1;1341;1296;45;45;1.0;0.966;true
Ardeotis_kori_2;1341;1296;45;45;1.0;0.966;true
Arenaria_interpres_1;1275;1275;0;0;1.0;1.0;true
Arenaria_interpres_2;1275;1275;0;0;1.0;1.0;true
Atelornis_pittoides_1;1428;1296;132;132;1.0;0.907;true
Atelornis_pittoides_2;1428;1296;132;132;1.0;0.907;true
Aythya_valisineria_1;1425;1296;129;129;1.0;0.909;true
Aythya_valisineria_2;1425;1296;129;129;1.0;0.909;true
Balaeniceps_rex_1;1395;1296;99;99;1.0;0.929;true
Balaeniceps_rex_2;1395;1296;99;99;1.0;0.929;true
Balearica_regulorum_1;1278;1278;0;0;1.0;1.0;true
Balearica_regulorum_2;1278;1278;0;0;1.0;1.0;true
Barnardius_zonarius_1;621;618;3;3;1.0;0.995;true
Barnardius_zonarius_2;621;618;3;3;1.0;0.995;true
Bonasa_umbellus_1;1335;1296;39;39;1.0;0.97;true
Bonasa_umbellus_2;1335;1296;39;39;1.0;0.97;true
Buccanodon_duchaillui_1;1389;1296;93;93;1.0;0.933;true
Buccanodon_duchaillui_2;1389;1296;93;93;1.0;0.933;true
Bucco_capensis_1;1362;1296;66;66;1.0;0.951;true
Bucco_capensis_2;1362;1296;66;66;1.0;0.951;true
Bucorvus_leadbeateri_1;1311;1296;15;15;1.0;0.988;true
Bucorvus_leadbeateri_2;1311;1296;15;15;1.0;0.988;true
Burhinus_oedicnemus_1;1383;1296;87;87;1.0;0.937;true
Burhinus_oedicnemus_2;1383;1296;87;87;1.0;0.937;true
Buteo_jamaicensis_1;1362;1296;66;66;1.0;0.951;true
Buteo_jamaicensis_2;1362;1296;66;66;1.0;0.951;true
Caiman_croccodilus_1;1299;1296;3;3;1.0;0.997;true
Caiman_croccodilus_2;1299;1296;3;3;1.0;0.997;true
Calandrella_brachydactyla_1;1275;1275;0;0;1.0;1.0;true
Calandrella_brachydactyla_2;1275;1275;0;0;1.0;1.0;true
Calyptomena_viridis_1;1320;1296;24;24;1.0;0.981;true
Calyptomena_viridis_2;1320;1296;24;24;1.0;0.981;true
Capito_niger_1;1350;1296;54;54;1.0;0.96;true
Capito_niger_2;1350;1296;54;54;1.0;0.96;true
Caprimulgus_europaeus_1;1356;1296;60;60;1.0;0.955;true
Caprimulgus_europaeus_2;1356;1296;60;60;1.0;0.955;true
Caracara_cheriway_1;1365;1296;69;69;1.0;0.949;true
Caracara_cheriway_2;1365;1296;69;69;1.0;0.949;true
Cariama_cristata_1;1518;1296;222;222;1.0;0.853;true
Cariama_cristata_2;1518;1296;222;222;1.0;0.853;true
Casuarius_bennetti_1;1251;1251;0;0;1.0;1.0;true
Casuarius_bennetti_2;1251;1251;0;0;1.0;1.0;true
Cathartes_burrovianus_1;1347;1296;51;51;1.0;0.962;true
Cathartes_burrovianus_2;1347;1296;51;51;1.0;0.962;true
Centropus_bengalensis_1;1407;1296;111;111;1.0;0.921;true
Centropus_bengalensis_2;1407;1296;111;111;1.0;0.921;true
Chaetura_brachyura_1;1284;1284;0;0;1.0;1.0;true
Chaetura_brachyura_2;1284;1284;0;0;1.0;1.0;true
Charadrius_hiaticula_1;1302;1296;6;6;1.0;0.995;true
Charadrius_hiaticula_2;1302;1296;6;6;1.0;0.995;true
Chauna_torquata_1;1392;1296;96;96;1.0;0.931;true
Chauna_torquata_2;1392;1296;96;96;1.0;0.931;true
Chelidoptera_tenebrosa_1;1254;1254;0;0;1.0;1.0;true
Chelidoptera_tenebrosa_2;1254;1254;0;0;1.0;1.0;true
Chloroceryle_inda_1;1353;1296;57;57;1.0;0.957;true
Chloroceryle_inda_2;1353;1296;57;57;1.0;0.957;true
Chordeiles_pusillus_1;1482;1296;186;186;1.0;0.874;true
Chordeiles_pusillus_2;1482;1296;186;186;1.0;0.874;true
Chroicocephalus_cirrocephalus_1;1302;1296;6;6;1.0;0.995;true
Chroicocephalus_cirrocephalus_2;1302;1296;6;6;1.0;0.995;true
Chunga_burmeisteri_1;1461;1296;165;165;1.0;0.887;true
Chunga_burmeisteri_2;1461;1296;165;165;1.0;0.887;true
Ciconia_nigra_1;1251;1251;0;0;1.0;1.0;true
Ciconia_nigra_2;1251;1251;0;0;1.0;1.0;true
Climacteris_melanura_1;1359;1296;63;63;1.0;0.953;true
Climacteris_melanura_2;1359;1296;63;63;1.0;0.953;true
Coccyzus_melacoryphus_1;1350;1296;54;54;1.0;0.96;true
Coccyzus_melacoryphus_2;1350;1296;54;54;1.0;0.96;true
Colinus_cristatus_1;1212;1212;0;0;1.0;1.0;true
Colinus_cristatus_2;1212;1212;0;0;1.0;1.0;true
Colius_colius_1;1362;1281;81;81;1.0;0.94;true
Colius_colius_2;1362;1281;81;81;1.0;0.94;true
Columba_livia_1;1380;1296;84;84;1.0;0.939;true
Columba_livia_2;1380;1296;84;84;1.0;0.939;true
Columbina_minuta_1;1401;1296;105;105;1.0;0.925;true
Columbina_minuta_2;1401;1296;105;105;1.0;0.925;true
Coracias_cyanogaster_1;1347;1296;51;51;1.0;0.962;true
Coracias_cyanogaster_2;1347;1296;51;51;1.0;0.962;true
Corvus_albus_1;1407;1296;111;111;1.0;0.921;true
Corvus_albus_2;1407;1296;111;111;1.0;0.921;true
Corythaeola_cristata_1;1380;1296;84;84;1.0;0.939;true
Corythaeola_cristata_2;1380;1296;84;84;1.0;0.939;true
Cotinga_cayana_1;1323;1296;27;27;1.0;0.979;true
Cotinga_cayana_2;1323;1296;27;27;1.0;0.979;true
Crax_alector_1;1425;1284;141;141;1.0;0.901;true
Crax_alector_2;1425;1284;141;141;1.0;0.901;true
Crocodylus_porosus_1;1323;1266;57;57;1.0;0.956;true
Crocodylus_porosus_2;1323;1266;57;57;1.0;0.956;true
Cryptopipo_aenigma_1;1230;1230;0;0;1.0;1.0;true
Cryptopipo_aenigma_2;1230;1230;0;0;1.0;1.0;true
Crypturellus_tataupa_1;1221;1221;0;0;1.0;1.0;true
Crypturellus_tataupa_2;1221;1221;0;0;1.0;1.0;true
Cuculus_optatus_1;1338;1296;42;42;1.0;0.968;true
Cuculus_optatus_2;1338;1296;42;42;1.0;0.968;true
Dendrocygna_viduata_1;909;909;0;0;1.0;1.0;true
Dendrocygna_viduata_2;909;909;0;0;1.0;1.0;true
Deroptyus_accipitrinus_1;1422;1296;126;126;1.0;0.911;true
Deroptyus_accipitrinus_2;1422;1296;126;126;1.0;0.911;true
Dromaius_novaehollandiae_1;1257;1257;0;0;1.0;1.0;true
Dromaius_novaehollandiae_2;1257;1257;0;0;1.0;1.0;true
Elaenia_flavogaster_1;1575;1296;279;279;1.0;0.822;true
Elaenia_flavogaster_2;1575;1296;279;279;1.0;0.822;true
Elanus_leucurus_1;1179;1179;0;0;1.0;1.0;true
Elanus_leucurus_2;1179;1179;0;0;1.0;1.0;true
Eudromia_elegans_1;1413;1296;117;117;1.0;0.917;true
Eudromia_elegans_2;1413;1296;117;117;1.0;0.917;true
Eurostopodus_macrotis_1;1461;1296;165;165;1.0;0.887;true
Eurostopodus_macrotis_2;1461;1296;165;165;1.0;0.887;true
Eurylaimus_ochromalus_1;1332;1296;36;36;1.0;0.972;true
Eurylaimus_ochromalus_2;1332;1296;36;36;1.0;0.972;true
Eurypyga_helias_1;1386;1296;90;90;1.0;0.935;true
Eurypyga_helias_2;1386;1296;90;90;1.0;0.935;true
Falco_sparverius_1;1461;1296;165;165;1.0;0.887;true
Falco_sparverius_2;1461;1296;165;165;1.0;0.887;true
Fregata_magnificens_1;1254;1254;0;0;1.0;1.0;true
Fregata_magnificens_2;1254;1254;0;0;1.0;1.0;true
Fringilla_coelebs_1;1317;1296;21;21;1.0;0.984;true
Fringilla_coelebs_2;1317;1296;21;21;1.0;0.984;true
Fulmarus_glacialoides_1;1329;1296;33;33;1.0;0.975;true
Fulmarus_glacialoides_2;1329;1296;33;33;1.0;0.975;true
Furnarius_rufus_1;1332;1296;36;36;1.0;0.972;true
Furnarius_rufus_2;1332;1296;36;36;1.0;0.972;true
Galbula_dea_1;1581;1296;285;285;1.0;0.819;true
Galbula_dea_2;1581;1296;285;285;1.0;0.819;true
Gallus_gallus_1;1371;1296;75;75;1.0;0.945;true
Gallus_gallus_2;1371;1296;75;75;1.0;0.945;true
Gavia_immer_1;1317;1299;18;18;1.0;0.986;true
Gavia_immer_2;1317;1299;18;18;1.0;0.986;true
Glareola_nuchalis_1;1353;1299;54;54;1.0;0.96;true
Glareola_nuchalis_2;1353;1299;54;54;1.0;0.96;true
Grus_canadensis_1;1383;1296;87;87;1.0;0.937;true
Grus_canadensis_2;1383;1296;87;87;1.0;0.937;true
Haematopus_palliatus_1;1410;1296;114;114;1.0;0.919;true
Haematopus_palliatus_2;1410;1296;114;114;1.0;0.919;true
Heliornis_fulica_1;1413;1296;117;117;1.0;0.917;true
Heliornis_fulica_2;1413;1296;117;117;1.0;0.917;true
Hemiprocne_comata_1;1215;1215;0;0;1.0;1.0;true
Hemiprocne_comata_2;1215;1215;0;0;1.0;1.0;true
Hirundinea_ferruginea_1;1440;1296;144;144;1.0;0.9;true
Hirundinea_ferruginea_2;1440;1296;144;144;1.0;0.9;true
Hymenops_perspicillatus_1;1305;1296;9;9;1.0;0.993;true
Hymenops_perspicillatus_2;1305;1296;9;9;1.0;0.993;true
Ibycter_americanus_1;1296;1296;0;0;1.0;1.0;true
Ibycter_americanus_2;1296;1296;0;0;1.0;1.0;true
Indicator_exilis_1;1386;1296;90;90;1.0;0.935;true
Indicator_exilis_2;1386;1296;90;90;1.0;0.935;true
Ixobrychus_minutus_1;1368;1296;72;72;1.0;0.947;true
Ixobrychus_minutus_2;1368;1296;72;72;1.0;0.947;true
Jacana_jacana_1;1347;1296;51;51;1.0;0.962;true
Jacana_jacana_2;1347;1296;51;51;1.0;0.962;true
Jynx_torquilla_1;1323;1296;27;27;1.0;0.979;true
Jynx_torquilla_2;1323;1296;27;27;1.0;0.979;true
Leipoa_ocellata_1;1338;1296;42;42;1.0;0.968;true
Leipoa_ocellata_2;1338;1296;42;42;1.0;0.968;true
Lepidocolaptes_angustirostr_1;1335;1296;39;39;1.0;0.97;true
Lepidocolaptes_angustirostr_2;1335;1296;39;39;1.0;0.97;true
Leptoptilos_crumeniferus_1;1290;1290;0;0;1.0;1.0;true
Leptoptilos_crumeniferus_2;1290;1290;0;0;1.0;1.0;true
Leptosomus_discolor_1;1293;1293;0;0;1.0;1.0;true
Leptosomus_discolor_2;1293;1293;0;0;1.0;1.0;true
Leptotila_rufaxilla_1;1359;1296;63;63;1.0;0.953;true
Leptotila_rufaxilla_2;1359;1296;63;63;1.0;0.953;true
Limosa_lapponica_1;1275;1275;0;0;1.0;1.0;true
Limosa_lapponica_2;1275;1275;0;0;1.0;1.0;true
Lophorina_superba_1;1308;1296;12;12;1.0;0.99;true
Lophorina_superba_2;1308;1296;12;12;1.0;0.99;true
Malurus_splendens_1;1323;1293;30;30;1.0;0.977;true
Malurus_splendens_2;1323;1293;30;30;1.0;0.977;true
Megalaima_chrysopogon_1;1308;1296;12;12;1.0;0.99;true
Megalaima_chrysopogon_2;1308;1296;12;12;1.0;0.99;true
Melanopareia_maximilian_1;1326;1296;30;30;1.0;0.977;true
Melanopareia_maximilian_2;1326;1296;30;30;1.0;0.977;true
Menura_novaehollandiae_1;1395;1296;99;99;1.0;0.929;true
Menura_novaehollandiae_2;1395;1296;99;99;1.0;0.929;true
Merops_muelleri_1;1386;1296;90;90;1.0;0.935;true
Merops_muelleri_2;1386;1296;90;90;1.0;0.935;true
Mesitornis_unicolor_1;1293;1293;0;0;1.0;1.0;true
Mesitornis_unicolor_2;1293;1293;0;0;1.0;1.0;true
Micrastur_gilvicollis_1;1407;1296;111;111;1.0;0.921;true
Micrastur_gilvicollis_2;1407;1296;111;111;1.0;0.921;true
Micropygia_schomburgkii_1;1413;1296;117;117;1.0;0.917;true
Micropygia_schomburgkii_2;1413;1296;117;117;1.0;0.917;true
Momotus_lessonii_1;1323;1296;27;27;1.0;0.979;true
Momotus_lessonii_2;1323;1296;27;27;1.0;0.979;true
Monias_benschi_1;1350;1296;54;54;1.0;0.96;true
Monias_benschi_2;1350;1296;54;54;1.0;0.96;true
Morus_serrator_1;1302;1296;6;6;1.0;0.995;true
Morus_serrator_2;1302;1296;6;6;1.0;0.995;true
Myiobius_barbatus_1;1368;1296;72;72;1.0;0.947;true
Myiobius_barbatus_2;1368;1296;72;72;1.0;0.947;true
Myrmornis_torquata_1;1383;1296;87;87;1.0;0.937;true
Myrmornis_torquata_2;1383;1296;87;87;1.0;0.937;true
Myrmothera_campanisona_1;1149;1149;0;0;1.0;1.0;true
Myrmothera_campanisona_2;1149;1149;0;0;1.0;1.0;true
Neodrepanis_coruscans_1;1359;1296;63;63;1.0;0.953;true
Neodrepanis_coruscans_2;1359;1296;63;63;1.0;0.953;true
Neopelma_chrysocephalum_1;1404;1296;108;108;1.0;0.923;true
Neopelma_chrysocephalum_2;1404;1296;108;108;1.0;0.923;true
Nestor_meridionalis_1;1347;1296;51;51;1.0;0.962;true
Nestor_meridionalis_2;1347;1296;51;51;1.0;0.962;true
Nothoprocta_ornata_1;1443;1296;147;147;1.0;0.898;true
Nothoprocta_ornata_2;1443;1296;147;147;1.0;0.898;true
Numida_malagris_1;1257;1257;0;0;1.0;1.0;true
Numida_malagris_2;1257;1257;0;0;1.0;1.0;true
Nyctibius_griseus_1;1428;1296;132;132;1.0;0.907;true
Nyctibius_griseus_2;1428;1296;132;132;1.0;0.907;true
Oceanites_oceanicus_1;1386;1296;90;90;1.0;0.935;true
Oceanites_oceanicus_2;1386;1296;90;90;1.0;0.935;true
Oceanodroma_leucorhoa_1;1341;1296;45;45;1.0;0.966;true
Oceanodroma_leucorhoa_2;1341;1296;45;45;1.0;0.966;true
Odontophorus_gujanensis_1;1290;1290;0;0;1.0;1.0;true
Odontophorus_gujanensis_2;1290;1290;0;0;1.0;1.0;true
Opisthocomus_hoazin_1;1302;1296;6;6;1.0;0.995;true
Opisthocomus_hoazin_2;1302;1296;6;6;1.0;0.995;true
Ortalis_motmot_1;1377;1284;93;93;1.0;0.932;true
Ortalis_motmot_2;1377;1284;93;93;1.0;0.932;true
Oxyruncus_cristatus_1;1284;1284;0;0;1.0;1.0;true
Oxyruncus_cristatus_2;1284;1284;0;0;1.0;1.0;true
Oxyura_jamaicensis_1;1341;1296;45;45;1.0;0.966;true
Oxyura_jamaicensis_2;1341;1296;45;45;1.0;0.966;true
Pandion_haliaetus_1;1272;1272;0;0;1.0;1.0;true
Pandion_haliaetus_2;1272;1272;0;0;1.0;1.0;true
Pedionomus_torquatus_1;1317;1296;21;21;1.0;0.984;true
Pedionomus_torquatus_2;1317;1296;21;21;1.0;0.984;true
Pelagodroma_marina_1;1494;1296;198;198;1.0;0.867;true
Pelagodroma_marina_2;1494;1296;198;198;1.0;0.867;true
Pelecanoides_urinatrix_1;1293;1293;0;0;1.0;1.0;true
Pelecanoides_urinatrix_2;1293;1293;0;0;1.0;1.0;true
Pelecanus_occidentalis_1;1338;1296;42;42;1.0;0.968;true
Pelecanus_occidentalis_2;1338;1296;42;42;1.0;0.968;true
Phaethon_rubricauda_1;1365;1296;69;69;1.0;0.949;true
Phaethon_rubricauda_2;1365;1296;69;69;1.0;0.949;true
Phaethornis_superciliosus_1;1296;1287;9;9;0.997;0.993;true
Phaethornis_superciliosus_2;1296;1287;9;9;0.997;0.993;true
Phalacrocorax_brasili_1;1302;1296;6;6;1.0;0.995;true
Phalacrocorax_brasili_2;1302;1296;6;6;1.0;0.995;true
Phoebastria_nigripes_1;1290;1290;0;0;1.0;1.0;true
Phoebastria_nigripes_2;1290;1290;0;0;1.0;1.0;true
Phoenicopterus_ruber_1;1125;1125;0;0;1.0;1.0;true
Phoenicopterus_ruber_2;1125;1125;0;0;1.0;1.0;true
Phoeniculus_purpureus_1;1134;1134;0;0;1.0;1.0;true
Phoeniculus_purpureus_2;1134;1134;0;0;1.0;1.0;true
Picus_canus_1;1347;1296;51;51;1.0;0.962;true
Picus_canus_2;1347;1296;51;51;1.0;0.962;true
Pipra_erythrocephala_1;1389;1296;93;93;1.0;0.933;true
Pipra_erythrocephala_2;1389;1296;93;93;1.0;0.933;true
Piprites_chloris_1;1389;1296;93;93;1.0;0.933;true
Piprites_chloris_2;1389;1296;93;93;1.0;0.933;true
Pitta_angolensis_1;1326;1296;30;30;1.0;0.977;true
Pitta_angolensis_2;1326;1296;30;30;1.0;0.977;true
Podargus_strigoides_1;1422;1296;126;126;1.0;0.911;true
Podargus_strigoides_2;1422;1296;126;126;1.0;0.911;true
Poecile_lugubris_1;1296;1296;0;0;1.0;1.0;true
Poecile_lugubris_2;1296;1296;0;0;1.0;1.0;true
Porphyrio_porphyrio_1;1434;1296;138;138;1.0;0.903;true
Porphyrio_porphyrio_2;1434;1296;138;138;1.0;0.903;true
Probosciger_aterrimus_1;1425;1296;129;129;1.0;0.909;true
Probosciger_aterrimus_2;1425;1296;129;129;1.0;0.909;true
Psittacus_erithacus_1;1428;1296;132;132;1.0;0.907;true
Psittacus_erithacus_2;1428;1296;132;132;1.0;0.907;true
Psittrichas_fulgidus_1;1347;1296;51;51;1.0;0.962;true
Psittrichas_fulgidus_2;1347;1296;51;51;1.0;0.962;true
Psophia_crepitans_1;1341;1296;45;45;1.0;0.966;true
Psophia_crepitans_2;1341;1296;45;45;1.0;0.966;true
Pterocles_bicinctus_1;1377;1296;81;81;1.0;0.941;true
Pterocles_bicinctus_2;1377;1296;81;81;1.0;0.941;true
Pterodroma_externa_1;1158;1158;0;0;1.0;1.0;true
Pterodroma_externa_2;1158;1158;0;0;1.0;1.0;true
Ptilinopus_magnificus_1;1335;1296;39;39;1.0;0.97;true
Ptilinopus_magnificus_2;1335;1296;39;39;1.0;0.97;true
Ptilonorhynchus_violaceus_1;1299;1296;3;3;1.0;0.997;true
Ptilonorhynchus_violaceus_2;1299;1296;3;3;1.0;0.997;true
Puffinus_griseus_1;1239;1239;0;0;1.0;1.0;true
Puffinus_griseus_2;1239;1239;0;0;1.0;1.0;true
Pycnonotus_macrotis_1;1326;1296;30;30;1.0;0.977;true
Pycnonotus_macrotis_2;1326;1296;30;30;1.0;0.977;true
Rallus_longirostris_1;1266;1266;0;0;1.0;1.0;true
Rallus_longirostris_2;1266;1266;0;0;1.0;1.0;true
Ramphastos_ambiguus_1;1356;1296;60;60;1.0;0.955;true
Ramphastos_ambiguus_2;1356;1296;60;60;1.0;0.955;true
Recurvirostra_americana_1;1341;1296;45;45;1.0;0.966;true
Recurvirostra_americana_2;1341;1296;45;45;1.0;0.966;true
Regulus_ignicapilla_1;1368;1296;72;72;1.0;0.947;true
Regulus_ignicapilla_2;1368;1296;72;72;1.0;0.947;true
Rhea_americana_1;1314;1296;18;18;1.0;0.986;true
Rhea_americana_2;1314;1296;18;18;1.0;0.986;true
Rhynchocyclus_olivaceus_1;1386;1296;90;90;1.0;0.935;true
Rhynchocyclus_olivaceus_2;1386;1296;90;90;1.0;0.935;true
Rollandia_rolland_1;1170;1170;0;0;1.0;1.0;true
Rollandia_rolland_2;1170;1170;0;0;1.0;1.0;true
Rollulus_rouloul_1;1299;1290;9;9;0.993;0.993;true
Rollulus_rouloul_2;1299;1269;30;30;0.976;0.976;true
Rostratula_benghalensis_1;1290;1290;0;0;1.0;1.0;true
Rostratula_benghalensis_2;1290;1290;0;0;1.0;1.0;true
Rupicola_rupicola_1;1413;1296;117;117;1.0;0.917;true
Rupicola_rupicola_2;1413;1296;117;117;1.0;0.917;true
Rynchops_niger_1;1410;1296;114;114;1.0;0.919;true
Rynchops_niger_2;1410;1296;114;114;1.0;0.919;true
Sagittarius_serpentarius_1;1296;1296;0;0;1.0;1.0;true
Sagittarius_serpentarius_2;1296;1296;0;0;1.0;1.0;true
Sarothrura_rufa_1;1281;1281;0;0;1.0;1.0;true
Sarothrura_rufa_2;1281;1281;0;0;1.0;1.0;true
Schiffornis_turdina_1;1350;1296;54;54;1.0;0.96;true
Schiffornis_turdina_2;1350;1296;54;54;1.0;0.96;true
Sclerurus_mexicanus_1;1359;1296;63;63;1.0;0.953;true
Sclerurus_mexicanus_2;1359;1296;63;63;1.0;0.953;true
Scopus_umbretta_1;1302;1296;6;6;1.0;0.995;true
Scopus_umbretta_2;1302;1296;6;6;1.0;0.995;true
Sericulus_bakeri_1;1491;1296;195;195;1.0;0.869;true
Sericulus_bakeri_2;1491;1296;195;195;1.0;0.869;true
Smithornis_rufolateralis_1;1389;1293;96;96;1.0;0.93;true
Smithornis_rufolateralis_2;1389;1293;96;96;1.0;0.93;true
Spheniscus_humboldti_1;1161;1128;33;33;0.997;0.971;true
Spheniscus_humboldti_2;1161;1128;33;33;0.997;0.971;true
Spizella_arborea_1;1239;1239;0;0;1.0;1.0;true
Spizella_arborea_2;1239;1239;0;0;1.0;1.0;true
Steatornis_caripensi_1;555;555;0;0;1.0;1.0;true
Steatornis_caripensi_2;555;555;0;0;1.0;1.0;true
Sterna_hirundo_1;1407;1296;111;111;1.0;0.921;true
Sterna_hirundo_2;1407;1296;111;111;1.0;0.921;true
Streptoprocne_zonaris_1;1335;1287;48;48;1.0;0.964;true
Streptoprocne_zonaris_2;1335;1287;48;48;1.0;0.964;true
Strix_varia_1;1206;1206;0;0;1.0;1.0;true
Strix_varia_2;1206;1206;0;0;1.0;1.0;true
Struthio_camelus_1;1284;1284;0;0;1.0;1.0;true
Struthio_camelus_2;1284;1284;0;0;1.0;1.0;true
Sylvia_melanocephala_1;1326;1296;30;30;1.0;0.977;true
Sylvia_melanocephala_2;1326;1296;30;30;1.0;0.977;true
Syrrhaptes_paradoxus_1;1302;1296;6;6;1.0;0.995;true
Syrrhaptes_paradoxus_2;1302;1296;6;6;1.0;0.995;true
Tapera_naevia_1;1191;1191;0;0;1.0;1.0;true
Tapera_naevia_2;1191;1191;0;0;1.0;1.0;true
Tauraco_macrorhynchus_1;1356;1296;60;60;1.0;0.955;true
Tauraco_macrorhynchus_2;1356;1296;60;60;1.0;0.955;true
Terenura_callinota_1;1422;1296;126;126;1.0;0.911;true
Terenura_callinota_2;1422;1296;126;126;1.0;0.911;true
Thamnophilus_ruficapillu_1;1089;1041;48;48;1.0;0.955;true
Thamnophilus_ruficapillu_2;1089;1041;48;48;1.0;0.955;true
Theristicus_caerulescens_1;1302;1296;6;6;1.0;0.995;true
Theristicus_caerulescens_2;1302;1296;6;6;1.0;0.995;true
Tigrisoma_lineatum_1;1320;1296;24;24;1.0;0.981;true
Tigrisoma_lineatum_2;1320;1296;24;24;1.0;0.981;true
Tinamus_major_1;1305;1296;9;9;1.0;0.993;true
Tinamus_major_2;1305;1296;9;9;1.0;0.993;true
Tityra_cayana_1;1119;1119;0;0;1.0;1.0;true
Tityra_cayana_2;1119;1119;0;0;1.0;1.0;true
Tockus_camurus_1;1221;1221;0;0;1.0;1.0;true
Tockus_camurus_2;1221;1221;0;0;1.0;1.0;true
Todus_mexicanus_1;1266;1266;0;0;1.0;1.0;true
Todus_mexicanus_2;1266;1266;0;0;1.0;1.0;true
Topaza_pella_1;1218;1218;0;0;1.0;1.0;true
Topaza_pella_2;1218;1218;0;0;1.0;1.0;true
Treron_calvus_1;1341;1296;45;45;1.0;0.966;true
Treron_calvus_2;1341;1296;45;45;1.0;0.966;true
Tringa_solitaria_1;1308;1296;12;12;1.0;0.99;true
Tringa_solitaria_2;1308;1296;12;12;1.0;0.99;true
Trogon_elegans_1;1335;1296;39;39;1.0;0.97;true
Trogon_elegans_2;1335;1296;39;39;1.0;0.97;true
Turdus_olivater_1;1287;1287;0;0;1.0;1.0;true
Turdus_olivater_2;1287;1287;0;0;1.0;1.0;true
Turnix_ocellata_1;1299;1296;3;3;1.0;0.997;true
Turnix_ocellata_2;1299;1296;3;3;1.0;0.997;true
Tyrannus_albogularis_1;1383;1296;87;87;1.0;0.937;true
Tyrannus_albogularis_2;1383;1296;87;87;1.0;0.937;true
Tyto_alba_1;681;681;0;0;1.0;1.0;true
Tyto_alba_2;681;681;0;0;1.0;1.0;true
Upupa_epops_1;1272;1272;0;0;1.0;1.0;true
Upupa_epops_2;1272;1272;0;0;1.0;1.0;true
Uria_aalge_1;1203;1152;51;51;1.0;0.957;true
Uria_aalge_2;1203;1152;51;51;1.0;0.957;true
Urocolius_indicus_1;1347;1281;66;66;1.0;0.951;true
Urocolius_indicus_2;1347;1281;66;66;1.0;0.951;true
Vultur_gryphus_1;1044;1044;0;0;1.0;1.0;true
Vultur_gryphus_2;1044;1044;0;0;1.0;1.0;true
