seqName;initialSeqLength;nbKeep;nbTrim;nbInformativeTrim;percentKeepExcludingExtremities;percentKeepIncludingExtremities;keptSequences
Acanthisitta_chloris_1;2139;1779;360;360;1.0;0.831;true
Acanthisitta_chloris_2;2139;1779;360;360;1.0;0.831;true
Accipiter_superciliosus_1;1887;1761;126;126;1.0;0.933;true
Accipiter_superciliosus_2;1887;1761;126;126;1.0;0.933;true
Aegotheles_insignis_1;1815;1776;39;39;1.0;0.978;true
Aegotheles_insignis_2;1815;1776;39;39;1.0;0.978;true
Alcedo_quadribrachys_1;1926;1776;150;150;1.0;0.922;true
Alcedo_quadribrachys_2;1926;1776;150;150;1.0;0.922;true
Anas_superciliosa_1;1797;1770;27;27;1.0;0.984;true
Anas_superciliosa_2;1797;1770;27;27;1.0;0.984;true
Anhinga_anhinga_1;1956;1782;174;174;1.0;0.911;true
Anhinga_anhinga_2;1956;1782;174;174;1.0;0.911;true
Anser_canagicus_1;963;867;96;96;1.0;0.9;true
Anser_canagicus_2;963;867;96;96;1.0;0.9;true
Anseranas_semipalmata_1;1872;1782;90;90;1.0;0.951;true
Anseranas_semipalmata_2;1872;1782;90;90;1.0;0.951;true
Apaloderma_aequatoriale_1;1884;1776;108;108;1.0;0.942;true
Apaloderma_aequatoriale_2;1884;1776;108;108;1.0;0.942;true
Apteryx_sp._1;1893;1782;111;111;1.0;0.941;true
Apteryx_sp._2;1893;1782;111;111;1.0;0.941;true
Aramus_guarauna_1;1872;1782;90;90;1.0;0.951;true
Aramus_guarauna_2;1872;1782;90;90;1.0;0.951;true
Archilochus_colubris_1;1968;1776;192;192;1.0;0.902;true
Archilochus_colubris_2;1968;1776;192;192;1.0;0.902;true
Ardea_herodias_1;2040;1782;258;258;1.0;0.873;true
Ardea_herodias_2;2040;1782;258;258;1.0;0.873;true
Ardeotis_kori_1;1914;1782;132;132;1.0;0.931;true
Ardeotis_kori_2;1914;1782;132;132;1.0;0.931;true
Arenaria_interpres_1;1845;1782;63;63;1.0;0.965;true
Arenaria_interpres_2;1845;1782;63;63;1.0;0.965;true
Atelornis_pittoides_1;1971;1782;189;189;1.0;0.904;true
Atelornis_pittoides_2;1971;1782;189;189;1.0;0.904;true
Aythya_valisineria_1;1917;1782;135;135;1.0;0.929;true
Aythya_valisineria_2;1917;1782;135;135;1.0;0.929;true
Balaeniceps_rex_1;1239;1209;30;30;1.0;0.975;true
Balaeniceps_rex_2;1239;1209;30;30;1.0;0.975;true
Balearica_regulorum_1;1791;1773;18;18;1.0;0.989;true
Balearica_regulorum_2;1791;1773;18;18;1.0;0.989;true
Barnardius_zonarius_1;936;936;0;0;1.0;1.0;true
Barnardius_zonarius_2;936;936;0;0;1.0;1.0;true
Bonasa_umbellus_1;1848;1776;72;72;1.0;0.961;true
Bonasa_umbellus_2;1848;1776;72;72;1.0;0.961;true
Buccanodon_duchaillui_1;1986;1776;210;210;1.0;0.894;true
Buccanodon_duchaillui_2;1986;1776;210;210;1.0;0.894;true
Bucco_capensis_1;1899;1758;141;141;0.993;0.925;true
Bucco_capensis_2;1899;1770;129;129;1.0;0.932;true
Bucorvus_leadbeateri_1;2097;1782;315;315;1.0;0.849;true
Bucorvus_leadbeateri_2;2097;1782;315;315;1.0;0.849;true
Burhinus_oedicnemus_1;1857;1782;75;75;1.0;0.959;true
Burhinus_oedicnemus_2;1857;1782;75;75;1.0;0.959;true
Buteo_jamaicensis_1;2094;1776;318;318;1.0;0.848;true
Buteo_jamaicensis_2;2094;1776;318;318;1.0;0.848;true
Caiman_croccodilus_1;1848;1752;96;96;1.0;0.948;true
Caiman_croccodilus_2;1848;1752;96;96;1.0;0.948;true
Calandrella_brachydactyla_1;930;867;63;63;1.0;0.932;true
Calandrella_brachydactyla_2;930;867;63;63;1.0;0.932;true
Calyptomena_viridis_1;1911;1782;129;129;1.0;0.932;true
Calyptomena_viridis_2;1911;1782;129;129;1.0;0.932;true
Capito_niger_1;1881;1776;105;105;1.0;0.944;true
Capito_niger_2;1881;1776;105;105;1.0;0.944;true
Caprimulgus_europaeus_1;1869;1776;93;93;1.0;0.95;true
Caprimulgus_europaeus_2;1869;1776;93;93;1.0;0.95;true
Caracara_cheriway_1;2208;1782;426;426;1.0;0.807;true
Caracara_cheriway_2;2208;1782;426;426;1.0;0.807;true
Cariama_cristata_1;2124;1782;342;342;1.0;0.838;true
Cariama_cristata_2;2124;1782;342;342;1.0;0.838;true
Casuarius_bennetti_1;1875;1776;99;99;1.0;0.947;true
Casuarius_bennetti_2;1875;1776;99;99;1.0;0.947;true
Cathartes_burrovianus_1;1029;978;51;51;1.0;0.95;true
Cathartes_burrovianus_2;1029;978;51;51;1.0;0.95;true
Centropus_bengalensis_1;2055;1782;273;273;1.0;0.867;true
Centropus_bengalensis_2;2055;1782;273;273;1.0;0.867;true
Chaetura_brachyura_1;1875;1770;105;105;1.0;0.944;true
Chaetura_brachyura_2;1875;1770;105;105;1.0;0.944;true
Charadrius_hiaticula_1;864;864;0;0;1.0;1.0;true
Charadrius_hiaticula_2;864;864;0;0;1.0;1.0;true
Chauna_torquata_1;1944;1782;162;162;1.0;0.916;true
Chauna_torquata_2;1944;1782;162;162;1.0;0.916;true
Chelidoptera_tenebrosa_1;1821;1767;54;54;0.991;0.97;true
Chelidoptera_tenebrosa_2;1821;1767;54;54;0.991;0.97;true
Chloroceryle_inda_1;1824;1776;48;48;1.0;0.973;true
Chloroceryle_inda_2;1824;1776;48;48;1.0;0.973;true
Chordeiles_pusillus_1;1941;1782;159;159;1.0;0.918;true
Chordeiles_pusillus_2;1941;1782;159;159;1.0;0.918;true
Chroicocephalus_cirrocephalus_1;1746;1746;0;0;1.0;1.0;true
Chroicocephalus_cirrocephalus_2;1746;1746;0;0;1.0;1.0;true
Chunga_burmeisteri_1;2067;1782;285;285;1.0;0.862;true
Chunga_burmeisteri_2;2067;1782;285;285;1.0;0.862;true
Ciconia_nigra_1;1827;1782;45;45;1.0;0.975;true
Ciconia_nigra_2;1827;1782;45;45;1.0;0.975;true
Climacteris_melanura_1;2019;1782;237;237;1.0;0.882;true
Climacteris_melanura_2;2019;1782;237;237;1.0;0.882;true
Coccyzus_melacoryphus_1;1854;1782;72;72;1.0;0.961;true
Coccyzus_melacoryphus_2;1854;1782;72;72;1.0;0.961;true
Colinus_cristatus_1;1803;1743;60;60;1.0;0.966;true
Colinus_cristatus_2;1803;1743;60;60;1.0;0.966;true
Colius_colius_1;1560;1560;0;0;1.0;1.0;true
Colius_colius_2;1560;1560;0;0;1.0;1.0;true
Columba_livia_1;1824;1782;42;42;1.0;0.976;true
Columba_livia_2;1824;1782;42;42;1.0;0.976;true
Columbina_minuta_1;1908;1782;126;126;1.0;0.933;true
Columbina_minuta_2;1908;1782;126;126;1.0;0.933;true
Coracias_cyanogaster_1;1953;1782;171;171;1.0;0.912;true
Coracias_cyanogaster_2;1953;1782;171;171;1.0;0.912;true
Corvus_albus_1;894;771;123;123;1.0;0.862;true
Corvus_albus_2;894;771;123;123;1.0;0.862;true
Corythaeola_cristata_1;876;876;0;0;1.0;1.0;true
Corythaeola_cristata_2;876;876;0;0;1.0;1.0;true
Cotinga_cayana_1;1701;1689;12;12;1.0;0.992;true
Cotinga_cayana_2;1701;1689;12;12;1.0;0.992;true
Crax_alector_1;1998;1782;216;216;1.0;0.891;true
Crax_alector_2;1998;1782;216;216;1.0;0.891;true
Crocodylus_porosus_1;1602;1596;6;6;1.0;0.996;true
Crocodylus_porosus_2;1602;1596;6;6;1.0;0.996;true
Cryptopipo_aenigma_1;1770;1740;30;30;1.0;0.983;true
Cryptopipo_aenigma_2;1770;1740;30;30;1.0;0.983;true
Crypturellus_tataupa_1;1869;1773;96;96;1.0;0.948;true
Crypturellus_tataupa_2;1869;1773;96;96;1.0;0.948;true
Cuculus_optatus_1;1716;1650;66;66;1.0;0.961;true
Cuculus_optatus_2;1716;1650;66;66;1.0;0.961;true
Dendrocygna_viduata_1;1056;1008;48;48;1.0;0.954;true
Dendrocygna_viduata_2;1056;1008;48;48;1.0;0.954;true
Deroptyus_accipitrinus_1;1869;1767;102;102;1.0;0.945;true
Deroptyus_accipitrinus_2;1869;1767;102;102;1.0;0.945;true
Dromaius_novaehollandiae_1;1797;1743;54;54;1.0;0.969;true
Dromaius_novaehollandiae_2;1797;1743;54;54;1.0;0.969;true
Elaenia_flavogaster_1;2016;1782;234;234;1.0;0.883;true
Elaenia_flavogaster_2;2016;1782;234;234;1.0;0.883;true
Elanus_leucurus_1;1902;1755;147;147;1.0;0.922;true
Elanus_leucurus_2;1902;1755;147;147;1.0;0.922;true
Eudromia_elegans_1;2487;1779;708;708;1.0;0.715;true
Eudromia_elegans_2;2487;1779;708;708;1.0;0.715;true
Eurostopodus_macrotis_1;1998;1782;216;216;1.0;0.891;true
Eurostopodus_macrotis_2;1998;1782;216;216;1.0;0.891;true
Eurylaimus_ochromalus_1;1551;1551;0;0;1.0;1.0;true
Eurylaimus_ochromalus_2;1551;1551;0;0;1.0;1.0;true
Eurypyga_helias_1;1089;954;135;135;1.0;0.876;true
Eurypyga_helias_2;1089;954;135;135;1.0;0.876;true
Falco_sparverius_1;2193;1782;411;411;1.0;0.812;true
Falco_sparverius_2;2193;1782;411;411;1.0;0.812;true
Fregata_magnificens_1;1998;1782;216;216;1.0;0.891;true
Fregata_magnificens_2;1998;1782;216;216;1.0;0.891;true
Fringilla_coelebs_1;2073;1782;291;291;1.0;0.859;true
Fringilla_coelebs_2;2073;1782;291;291;1.0;0.859;true
Fulmarus_glacialoides_1;1959;1782;177;177;1.0;0.909;true
Fulmarus_glacialoides_2;1959;1782;177;177;1.0;0.909;true
Furnarius_rufus_1;1731;1665;66;66;1.0;0.961;true
Furnarius_rufus_2;1731;1665;66;66;1.0;0.961;true
Galbula_dea_1;1989;1782;207;207;1.0;0.895;true
Galbula_dea_2;1989;1782;207;207;1.0;0.895;true
Gallus_gallus_1;2016;1776;240;240;1.0;0.88;true
Gallus_gallus_2;2016;1776;240;240;1.0;0.88;true
Gavia_immer_1;1914;1782;132;132;1.0;0.931;true
Gavia_immer_2;1914;1782;132;132;1.0;0.931;true
Glareola_nuchalis_1;2103;1782;321;321;1.0;0.847;true
Glareola_nuchalis_2;2103;1782;321;321;1.0;0.847;true
Grus_canadensis_1;1920;1782;138;138;1.0;0.928;true
Grus_canadensis_2;1920;1782;138;138;1.0;0.928;true
Haematopus_palliatus_1;1851;1782;69;69;1.0;0.962;true
Haematopus_palliatus_2;1851;1782;69;69;1.0;0.962;true
Heliornis_fulica_1;2100;1782;318;318;1.0;0.848;true
Heliornis_fulica_2;2100;1782;318;318;1.0;0.848;true
Hemiprocne_comata_1;909;870;39;39;1.0;0.957;true
Hemiprocne_comata_2;909;870;39;39;1.0;0.957;true
Hirundinea_ferruginea_1;1908;1782;126;126;1.0;0.933;true
Hirundinea_ferruginea_2;1908;1782;126;126;1.0;0.933;true
Hymenops_perspicillatus_1;1866;1776;90;90;1.0;0.951;true
Hymenops_perspicillatus_2;1866;1776;90;90;1.0;0.951;true
Ibycter_americanus_1;1824;1779;45;45;1.0;0.975;true
Ibycter_americanus_2;1824;1779;45;45;1.0;0.975;true
Indicator_exilis_1;1926;1776;150;150;1.0;0.922;true
Indicator_exilis_2;1926;1776;150;150;1.0;0.922;true
Ixobrychus_minutus_1;1773;1746;27;27;1.0;0.984;true
Ixobrychus_minutus_2;1773;1746;27;27;1.0;0.984;true
Jacana_jacana_1;2148;1782;366;366;1.0;0.829;true
Jacana_jacana_2;2148;1782;366;366;1.0;0.829;true
Jynx_torquilla_1;1956;1776;180;180;1.0;0.907;true
Jynx_torquilla_2;1956;1776;180;180;1.0;0.907;true
Leipoa_ocellata_1;1860;1782;78;78;1.0;0.958;true
Leipoa_ocellata_2;1860;1782;78;78;1.0;0.958;true
Lepidocolaptes_angustirostr_1;1890;1782;108;108;1.0;0.942;true
Lepidocolaptes_angustirostr_2;1890;1782;108;108;1.0;0.942;true
Leptoptilos_crumeniferus_1;1800;1731;69;69;1.0;0.961;true
Leptoptilos_crumeniferus_2;1800;1731;69;69;1.0;0.961;true
Leptosomus_discolor_1;1971;1782;189;189;1.0;0.904;true
Leptosomus_discolor_2;1971;1782;189;189;1.0;0.904;true
Leptotila_rufaxilla_1;2034;1782;252;252;1.0;0.876;true
Leptotila_rufaxilla_2;2034;1782;252;252;1.0;0.876;true
Limosa_lapponica_1;1854;1761;93;93;1.0;0.949;true
Limosa_lapponica_2;1854;1761;93;93;1.0;0.949;true
Lophorina_superba_1;801;801;0;0;1.0;1.0;true
Lophorina_superba_2;801;801;0;0;1.0;1.0;true
Malurus_splendens_1;777;777;0;0;1.0;1.0;true
Malurus_splendens_2;777;777;0;0;1.0;1.0;true
Megalaima_chrysopogon_1;1827;1761;66;66;1.0;0.963;true
Megalaima_chrysopogon_2;1827;1761;66;66;1.0;0.963;true
Melanopareia_maximilian_1;1764;1725;39;39;1.0;0.977;true
Melanopareia_maximilian_2;1764;1725;39;39;1.0;0.977;true
Menura_novaehollandiae_1;2088;1782;306;306;1.0;0.853;true
Menura_novaehollandiae_2;2088;1782;306;306;1.0;0.853;true
Merops_muelleri_1;2028;1782;246;246;1.0;0.878;true
Merops_muelleri_2;2028;1782;246;246;1.0;0.878;true
Mesitornis_unicolor_1;897;897;0;0;1.0;1.0;true
Mesitornis_unicolor_2;897;897;0;0;1.0;1.0;true
Micrastur_gilvicollis_1;1965;1782;183;183;1.0;0.906;true
Micrastur_gilvicollis_2;1965;1782;183;183;1.0;0.906;true
Micropygia_schomburgkii_1;2004;1782;222;222;1.0;0.889;true
Micropygia_schomburgkii_2;2004;1782;222;222;1.0;0.889;true
Momotus_lessonii_1;1728;1662;66;66;1.0;0.961;true
Momotus_lessonii_2;1728;1644;84;84;0.989;0.951;true
Monias_benschi_1;2073;1782;291;291;1.0;0.859;true
Monias_benschi_2;2073;1782;291;291;1.0;0.859;true
Morus_serrator_1;1827;1782;45;45;1.0;0.975;true
Morus_serrator_2;1827;1782;45;45;1.0;0.975;true
Myiobius_barbatus_1;864;864;0;0;1.0;1.0;true
Myiobius_barbatus_2;864;864;0;0;1.0;1.0;true
Myrmornis_torquata_1;1902;1749;153;153;1.0;0.919;true
Myrmornis_torquata_2;1902;1749;153;153;1.0;0.919;true
Myrmothera_campanisona_1;948;852;96;96;1.0;0.898;true
Myrmothera_campanisona_2;948;852;96;96;1.0;0.898;true
Neodrepanis_coruscans_1;1857;1782;75;75;1.0;0.959;true
Neodrepanis_coruscans_2;1857;1782;75;75;1.0;0.959;true
Neopelma_chrysocephalum_1;2097;1782;315;315;1.0;0.849;true
Neopelma_chrysocephalum_2;2097;1782;315;315;1.0;0.849;true
Nestor_meridionalis_1;1959;1776;183;183;1.0;0.906;true
Nestor_meridionalis_2;1959;1776;183;183;1.0;0.906;true
Nothoprocta_ornata_1;1872;1779;93;93;1.0;0.95;true
Nothoprocta_ornata_2;1872;1779;93;93;1.0;0.95;true
Numida_malagris_1;1878;1776;102;102;1.0;0.945;true
Numida_malagris_2;1878;1776;102;102;1.0;0.945;true
Nyctibius_griseus_1;2160;1782;378;378;1.0;0.825;true
Nyctibius_griseus_2;2160;1782;378;378;1.0;0.825;true
Oceanites_oceanicus_1;1977;1782;195;195;1.0;0.901;true
Oceanites_oceanicus_2;1977;1782;195;195;1.0;0.901;true
Oceanodroma_leucorhoa_1;822;777;45;45;1.0;0.945;true
Oceanodroma_leucorhoa_2;822;777;45;45;1.0;0.945;true
Odontophorus_gujanensis_1;1692;1647;45;45;1.0;0.973;true
Odontophorus_gujanensis_2;1692;1647;45;45;1.0;0.973;true
Opisthocomus_hoazin_1;1827;1782;45;45;1.0;0.975;true
Opisthocomus_hoazin_2;1827;1782;45;45;1.0;0.975;true
Ortalis_motmot_1;1644;1644;0;0;1.0;1.0;true
Ortalis_motmot_2;1644;1644;0;0;1.0;1.0;true
Oxyruncus_cristatus_1;1698;1698;0;0;1.0;1.0;true
Oxyruncus_cristatus_2;1698;1698;0;0;1.0;1.0;true
Oxyura_jamaicensis_1;1890;1782;108;108;1.0;0.942;true
Oxyura_jamaicensis_2;1890;1782;108;108;1.0;0.942;true
Pandion_haliaetus_1;534;534;0;0;1.0;1.0;true
Pandion_haliaetus_2;534;534;0;0;1.0;1.0;true
Pedionomus_torquatus_1;2253;1782;471;471;1.0;0.79;true
Pedionomus_torquatus_2;2253;1782;471;471;1.0;0.79;true
Pelagodroma_marina_1;1173;1098;75;75;1.0;0.936;true
Pelagodroma_marina_2;1173;1098;75;75;1.0;0.936;true
Pelecanoides_urinatrix_1;1848;1782;66;66;1.0;0.964;true
Pelecanoides_urinatrix_2;1848;1782;66;66;1.0;0.964;true
Pelecanus_occidentalis_1;1932;1782;150;150;1.0;0.922;true
Pelecanus_occidentalis_2;1932;1782;150;150;1.0;0.922;true
Phaethon_rubricauda_1;1794;1761;33;33;1.0;0.981;true
Phaethon_rubricauda_2;1794;1761;33;33;1.0;0.981;true
Phaethornis_superciliosus_1;1698;1698;0;0;1.0;1.0;true
Phaethornis_superciliosus_2;1698;1698;0;0;1.0;1.0;true
Phalacrocorax_brasili_1;1983;1782;201;201;1.0;0.898;true
Phalacrocorax_brasili_2;1983;1782;201;201;1.0;0.898;true
Phoebastria_nigripes_1;1905;1782;123;123;1.0;0.935;true
Phoebastria_nigripes_2;1905;1782;123;123;1.0;0.935;true
Phoenicopterus_ruber_1;1305;1266;39;39;1.0;0.97;true
Phoenicopterus_ruber_2;1305;1266;39;39;1.0;0.97;true
Phoeniculus_purpureus_1;1710;1701;9;9;1.0;0.994;true
Phoeniculus_purpureus_2;1710;1701;9;9;1.0;0.994;true
Picus_canus_1;2025;1776;249;249;1.0;0.877;true
Picus_canus_2;2025;1776;249;249;1.0;0.877;true
Pipra_erythrocephala_1;1791;1746;45;45;1.0;0.974;true
Pipra_erythrocephala_2;1791;1746;45;45;1.0;0.974;true
Piprites_chloris_1;1962;1782;180;180;1.0;0.908;true
Piprites_chloris_2;1962;1782;180;180;1.0;0.908;true
Pitta_angolensis_1;1845;1764;81;81;1.0;0.956;true
Pitta_angolensis_2;1845;1764;81;81;1.0;0.956;true
Podargus_strigoides_1;2076;1782;294;294;1.0;0.858;true
Podargus_strigoides_2;2076;1782;294;294;1.0;0.858;true
Poecile_lugubris_1;906;903;3;3;1.0;0.996;true
Poecile_lugubris_2;906;903;3;3;1.0;0.996;true
Porphyrio_porphyrio_1;2244;1782;462;462;1.0;0.794;true
Porphyrio_porphyrio_2;2244;1782;462;462;1.0;0.794;true
Probosciger_aterrimus_1;1311;1311;0;0;1.0;1.0;true
Probosciger_aterrimus_2;1311;1311;0;0;1.0;1.0;true
Psittacus_erithacus_1;1983;1767;216;216;1.0;0.891;true
Psittacus_erithacus_2;1983;1767;216;216;1.0;0.891;true
Psittrichas_fulgidus_1;1857;1782;75;75;1.0;0.959;true
Psittrichas_fulgidus_2;1857;1782;75;75;1.0;0.959;true
Psophia_crepitans_1;1797;1665;132;132;1.0;0.926;true
Psophia_crepitans_2;1797;1665;132;132;1.0;0.926;true
Pterocles_bicinctus_1;1887;1770;117;117;1.0;0.937;true
Pterocles_bicinctus_2;1887;1770;117;117;1.0;0.937;true
Pterodroma_externa_1;1881;1725;156;156;1.0;0.917;true
Pterodroma_externa_2;1881;1725;156;156;1.0;0.917;true
Ptilinopus_magnificus_1;2013;1782;231;231;1.0;0.885;true
Ptilinopus_magnificus_2;2013;1782;231;231;1.0;0.885;true
Ptilonorhynchus_violaceus_1;2151;1782;369;369;1.0;0.828;true
Ptilonorhynchus_violaceus_2;2151;1782;369;369;1.0;0.828;true
Puffinus_griseus_1;1206;1008;198;198;1.0;0.835;true
Puffinus_griseus_2;1206;1008;198;198;1.0;0.835;true
Pycnonotus_macrotis_1;1959;1782;177;177;1.0;0.909;true
Pycnonotus_macrotis_2;1959;1782;177;177;1.0;0.909;true
Rallus_longirostris_1;795;777;18;18;0.977;0.977;true
Rallus_longirostris_2;795;777;18;18;0.977;0.977;true
Ramphastos_ambiguus_1;2097;1776;321;321;1.0;0.846;true
Ramphastos_ambiguus_2;2097;1776;321;321;1.0;0.846;true
Recurvirostra_americana_1;1839;1782;57;57;1.0;0.969;true
Recurvirostra_americana_2;1839;1782;57;57;1.0;0.969;true
Regulus_ignicapilla_1;1983;1782;201;201;1.0;0.898;true
Regulus_ignicapilla_2;1983;1782;201;201;1.0;0.898;true
Rhea_americana_1;1923;1782;141;141;1.0;0.926;true
Rhea_americana_2;1923;1782;141;141;1.0;0.926;true
Rhynchocyclus_olivaceus_1;2131;1782;349;349;1.0;0.836;true
Rhynchocyclus_olivaceus_2;2131;1782;349;349;1.0;0.836;true
Rollandia_rolland_1;1236;1155;81;81;1.0;0.934;true
Rollandia_rolland_2;1236;1155;81;81;1.0;0.934;true
Rollulus_rouloul_1;1650;1632;18;18;1.0;0.989;true
Rollulus_rouloul_2;1650;1632;18;18;1.0;0.989;true
Rostratula_benghalensis_1;1818;1779;39;39;1.0;0.978;true
Rostratula_benghalensis_2;1818;1779;39;39;1.0;0.978;true
Rupicola_rupicola_1;1152;1152;0;0;1.0;1.0;true
Rupicola_rupicola_2;1152;1152;0;0;1.0;1.0;true
Rynchops_niger_1;1932;1782;150;150;1.0;0.922;true
Rynchops_niger_2;1932;1782;150;150;1.0;0.922;true
Sagittarius_serpentarius_1;1098;1098;0;0;1.0;1.0;true
Sagittarius_serpentarius_2;1098;1098;0;0;1.0;1.0;true
Sarothrura_rufa_1;1290;1242;48;48;1.0;0.962;true
Sarothrura_rufa_2;1290;1242;48;48;1.0;0.962;true
Schiffornis_turdina_1;1668;1632;36;36;0.987;0.978;true
Schiffornis_turdina_2;1668;1632;36;36;0.987;0.978;true
Sclerurus_mexicanus_1;1884;1782;102;102;1.0;0.945;true
Sclerurus_mexicanus_2;1884;1782;102;102;1.0;0.945;true
Scopus_umbretta_1;1917;1776;141;141;1.0;0.926;true
Scopus_umbretta_2;1917;1776;141;141;1.0;0.926;true
Sericulus_bakeri_1;1896;1782;114;114;1.0;0.939;true
Sericulus_bakeri_2;1896;1782;114;114;1.0;0.939;true
Smithornis_rufolateralis_1;2073;1782;291;291;1.0;0.859;true
Smithornis_rufolateralis_2;2073;1782;291;291;1.0;0.859;true
Spheniscus_humboldti_1;1734;1650;84;84;1.0;0.951;true
Spheniscus_humboldti_2;1734;1650;84;84;1.0;0.951;true
Spizella_arborea_1;954;918;36;36;1.0;0.962;true
Spizella_arborea_2;954;918;36;36;1.0;0.962;true
Steatornis_caripensi_1;384;384;0;0;1.0;1.0;true
Steatornis_caripensi_2;384;384;0;0;1.0;1.0;true
Sterna_hirundo_1;1782;1749;33;33;1.0;0.981;true
Sterna_hirundo_2;1782;1749;33;33;1.0;0.981;true
Streptoprocne_zonaris_1;1644;1587;57;57;1.0;0.965;true
Streptoprocne_zonaris_2;1644;1587;57;57;1.0;0.965;true
Strix_varia_1;1128;1128;0;0;1.0;1.0;true
Strix_varia_2;1128;1128;0;0;1.0;1.0;true
Struthio_camelus_1;1569;1569;0;0;1.0;1.0;true
Struthio_camelus_2;1569;1569;0;0;1.0;1.0;true
Sylvia_melanocephala_1;906;906;0;0;1.0;1.0;true
Sylvia_melanocephala_2;906;906;0;0;1.0;1.0;true
Syrrhaptes_paradoxus_1;1800;1782;18;18;1.0;0.99;true
Syrrhaptes_paradoxus_2;1800;1782;18;18;1.0;0.99;true
Tapera_naevia_1;2055;1779;276;276;1.0;0.865;true
Tapera_naevia_2;2055;1779;276;276;1.0;0.865;true
Tauraco_macrorhynchus_1;1761;1761;0;0;1.0;1.0;true
Tauraco_macrorhynchus_2;1761;1761;0;0;1.0;1.0;true
Terenura_callinota_1;1974;1776;198;198;1.0;0.899;true
Terenura_callinota_2;1974;1776;198;198;1.0;0.899;true
Thamnophilus_ruficapillu_1;1716;1716;0;0;1.0;1.0;true
Thamnophilus_ruficapillu_2;1716;1716;0;0;1.0;1.0;true
Theristicus_caerulescens_1;1182;1122;60;60;1.0;0.949;true
Theristicus_caerulescens_2;1182;1122;60;60;1.0;0.949;true
Tigrisoma_lineatum_1;1467;1467;0;0;1.0;1.0;true
Tigrisoma_lineatum_2;1467;1467;0;0;1.0;1.0;true
Tinamus_major_1;738;738;0;0;1.0;1.0;true
Tinamus_major_2;738;738;0;0;1.0;1.0;true
Tityra_cayana_1;1878;1782;96;96;1.0;0.948;true
Tityra_cayana_2;1878;1782;96;96;1.0;0.948;true
Tockus_camurus_1;1884;1782;102;102;1.0;0.945;true
Tockus_camurus_2;1884;1782;102;102;1.0;0.945;true
Todus_mexicanus_1;1866;1758;108;108;1.0;0.942;true
Todus_mexicanus_2;1866;1758;108;108;1.0;0.942;true
Topaza_pella_1;984;936;48;48;1.0;0.951;true
Topaza_pella_2;984;936;48;48;1.0;0.951;true
Treron_calvus_1;2058;1782;276;276;1.0;0.865;true
Treron_calvus_2;2058;1782;276;276;1.0;0.865;true
Tringa_solitaria_1;1986;1782;204;204;1.0;0.897;true
Tringa_solitaria_2;1986;1782;204;204;1.0;0.897;true
Trogon_elegans_1;1941;1776;165;165;1.0;0.914;true
Trogon_elegans_2;1941;1776;165;165;1.0;0.914;true
Turdus_olivater_1;1005;849;156;156;1.0;0.844;true
Turdus_olivater_2;1005;849;156;156;1.0;0.844;true
Turnix_ocellata_1;933;933;0;0;1.0;1.0;true
Turnix_ocellata_2;933;933;0;0;1.0;1.0;true
Tyrannus_albogularis_1;2025;1782;243;243;1.0;0.88;true
Tyrannus_albogularis_2;2025;1782;243;243;1.0;0.88;true
Tyto_alba_1;873;873;0;0;1.0;1.0;true
Tyto_alba_2;873;873;0;0;1.0;1.0;true
Upupa_epops_1;1797;1764;33;33;1.0;0.981;true
Upupa_epops_2;1797;1764;33;33;1.0;0.981;true
Uria_aalge_1;1773;1764;9;9;1.0;0.994;true
Uria_aalge_2;1773;1764;9;9;1.0;0.994;true
Urocolius_indicus_1;1815;1779;36;36;1.0;0.98;true
Urocolius_indicus_2;1815;1779;36;36;1.0;0.98;true
Vultur_gryphus_1;798;798;0;0;1.0;1.0;true
Vultur_gryphus_2;798;798;0;0;1.0;1.0;true
