seqName;initialSeqLength;nbKeep;nbTrim;nbInformativeTrim;percentKeepExcludingExtremities;percentKeepIncludingExtremities;keptSequences
Acanthisitta_chloris_1;1200;603;597;597;1.0;0.502;true
Acanthisitta_chloris_2;1200;603;597;597;1.0;0.502;true
Accipiter_superciliosus_1;924;603;321;321;1.0;0.652;true
Accipiter_superciliosus_2;924;603;321;321;1.0;0.652;true
Aegotheles_insignis_1;1605;603;1002;1002;1.0;0.375;true
Aegotheles_insignis_2;1605;603;1002;1002;1.0;0.375;true
Alcedo_quadribrachys_1;624;426;198;198;1.0;0.682;true
Alcedo_quadribrachys_2;624;426;198;198;1.0;0.682;true
Anas_superciliosa_1;549;543;6;6;1.0;0.989;true
Anas_superciliosa_2;549;543;6;6;1.0;0.989;true
Anhinga_anhinga_1;1020;603;417;417;1.0;0.591;true
Anhinga_anhinga_2;1020;603;417;417;1.0;0.591;true
Anser_canagicus_1;462;183;279;279;1.0;0.396;true
Anser_canagicus_2;462;183;279;279;1.0;0.396;true
Anseranas_semipalmata_1;408;177;231;231;1.0;0.433;true
Anseranas_semipalmata_2;408;177;231;231;1.0;0.433;true
Apaloderma_aequatoriale_1;777;354;423;423;1.0;0.455;true
Apaloderma_aequatoriale_2;777;354;423;423;1.0;0.455;true
Apteryx_sp._1;468;381;87;87;1.0;0.814;true
Apteryx_sp._2;468;381;87;87;1.0;0.814;true
Aramus_guarauna_1;867;603;264;264;1.0;0.695;true
Aramus_guarauna_2;867;603;264;264;1.0;0.695;true
Archilochus_colubris_1;600;516;84;84;1.0;0.86;true
Archilochus_colubris_2;600;516;84;84;1.0;0.86;true
Ardea_herodias_1;1128;603;525;525;1.0;0.534;true
Ardea_herodias_2;1128;603;525;525;1.0;0.534;true
Ardeotis_kori_1;1107;603;504;504;1.0;0.544;true
Ardeotis_kori_2;1107;603;504;504;1.0;0.544;true
Arenaria_interpres_1;477;249;228;228;1.0;0.522;true
Arenaria_interpres_2;477;249;228;228;1.0;0.522;true
Atelornis_pittoides_1;633;546;87;87;1.0;0.862;true
Atelornis_pittoides_2;633;546;87;87;1.0;0.862;true
Aythya_valisineria_1;507;423;84;84;1.0;0.834;true
Aythya_valisineria_2;507;423;84;84;1.0;0.834;true
Balaeniceps_rex_1;1062;603;459;459;1.0;0.567;true
Balaeniceps_rex_2;1062;603;459;459;1.0;0.567;true
Balearica_regulorum_1;333;0;333;333;0.0;0.0;false
Balearica_regulorum_2;333;0;333;333;0.0;0.0;false
Barnardius_zonarius_1;351;0;351;351;0.0;0.0;false
Barnardius_zonarius_2;351;0;351;351;0.0;0.0;false
Bonasa_umbellus_1;1110;393;717;717;1.0;0.354;true
Bonasa_umbellus_2;1110;393;717;717;1.0;0.354;true
Buccanodon_duchaillui_1;471;408;63;63;1.0;0.866;true
Buccanodon_duchaillui_2;471;408;63;63;1.0;0.866;true
Bucco_capensis_1;990;603;387;387;1.0;0.609;true
Bucco_capensis_2;990;603;387;387;1.0;0.609;true
Bucorvus_leadbeateri_1;414;213;201;201;1.0;0.514;true
Bucorvus_leadbeateri_2;414;213;201;201;1.0;0.514;true
Burhinus_oedicnemus_1;1350;603;747;747;1.0;0.446;true
Burhinus_oedicnemus_2;1350;603;747;747;1.0;0.446;true
Buteo_jamaicensis_1;1080;603;477;477;1.0;0.558;true
Buteo_jamaicensis_2;1080;603;477;477;1.0;0.558;true
Calandrella_brachydactyla_1;375;0;375;375;0.0;0.0;false
Calandrella_brachydactyla_2;375;0;375;375;0.0;0.0;false
Calyptomena_viridis_1;834;606;228;228;1.0;0.726;true
Calyptomena_viridis_2;834;606;228;228;1.0;0.726;true
Capito_niger_1;777;603;174;174;1.0;0.776;true
Capito_niger_2;777;603;174;174;1.0;0.776;true
Caprimulgus_europaeus_1;969;603;366;366;1.0;0.622;true
Caprimulgus_europaeus_2;969;603;366;366;1.0;0.622;true
Caracara_cheriway_1;1503;603;900;900;1.0;0.401;true
Caracara_cheriway_2;1503;603;900;900;1.0;0.401;true
Cariama_cristata_1;648;561;87;87;1.0;0.865;true
Cariama_cristata_2;648;561;87;87;1.0;0.865;true
Casuarius_bennetti_1;351;318;33;33;1.0;0.905;true
Casuarius_bennetti_2;351;318;33;33;1.0;0.905;true
Cathartes_burrovianus_1;789;603;186;186;1.0;0.764;true
Cathartes_burrovianus_2;789;603;186;186;1.0;0.764;true
Centropus_bengalensis_1;1422;603;819;819;1.0;0.424;true
Centropus_bengalensis_2;1422;603;819;819;1.0;0.424;true
Chaetura_brachyura_1;1251;603;648;648;1.0;0.482;true
Chaetura_brachyura_2;1251;603;648;648;1.0;0.482;true
Charadrius_hiaticula_1;498;471;27;27;1.0;0.945;true
Charadrius_hiaticula_2;498;471;27;27;1.0;0.945;true
Chauna_torquata_1;1449;603;846;846;1.0;0.416;true
Chauna_torquata_2;1449;603;846;846;1.0;0.416;true
Chelidoptera_tenebrosa_1;780;603;177;177;1.0;0.773;true
Chelidoptera_tenebrosa_2;780;603;177;177;1.0;0.773;true
Chloroceryle_inda_1;843;603;240;240;1.0;0.715;true
Chloroceryle_inda_2;843;603;240;240;1.0;0.715;true
Chordeiles_pusillus_1;1371;603;768;768;1.0;0.439;true
Chordeiles_pusillus_2;1371;603;768;768;1.0;0.439;true
Chroicocephalus_cirrocephalus_1;240;207;33;33;1.0;0.862;true
Chroicocephalus_cirrocephalus_2;240;207;33;33;1.0;0.862;true
Chunga_burmeisteri_1;1569;603;966;966;1.0;0.384;true
Chunga_burmeisteri_2;1569;603;966;966;1.0;0.384;true
Ciconia_nigra_1;540;477;63;63;1.0;0.883;true
Ciconia_nigra_2;540;477;63;63;1.0;0.883;true
Climacteris_melanura_1;1563;603;960;960;1.0;0.385;true
Climacteris_melanura_2;1563;603;960;960;1.0;0.385;true
Coccyzus_melacoryphus_1;471;465;6;6;1.0;0.987;true
Coccyzus_melacoryphus_2;471;465;6;6;1.0;0.987;true
Colinus_cristatus_1;1239;603;636;636;1.0;0.486;true
Colinus_cristatus_2;1239;603;636;636;1.0;0.486;true
Colius_colius_1;639;342;297;297;1.0;0.535;true
Colius_colius_2;639;342;297;297;1.0;0.535;true
Columba_livia_1;957;603;354;354;1.0;0.63;true
Columba_livia_2;957;603;354;354;1.0;0.63;true
Columbina_minuta_1;882;603;279;279;1.0;0.683;true
Columbina_minuta_2;882;603;279;279;1.0;0.683;true
Coracias_cyanogaster_1;621;534;87;87;1.0;0.859;true
Coracias_cyanogaster_2;621;534;87;87;1.0;0.859;true
Corvus_albus_1;534;447;87;87;1.0;0.837;true
Corvus_albus_2;534;447;87;87;1.0;0.837;true
Corythaeola_cristata_1;327;0;327;327;0.0;0.0;false
Corythaeola_cristata_2;327;0;327;327;0.0;0.0;false
Cotinga_cayana_1;378;291;87;87;1.0;0.769;true
Cotinga_cayana_2;378;291;87;87;1.0;0.769;true
Crax_alector_1;477;0;477;477;0.0;0.0;false
Crax_alector_2;477;0;477;477;0.0;0.0;false
Cryptopipo_aenigma_1;450;363;87;87;1.0;0.806;true
Cryptopipo_aenigma_2;450;363;87;87;1.0;0.806;true
Crypturellus_tataupa_1;711;603;108;108;1.0;0.848;true
Crypturellus_tataupa_2;711;603;108;108;1.0;0.848;true
Cuculus_optatus_1;828;582;246;246;1.0;0.702;true
Cuculus_optatus_2;828;582;246;246;1.0;0.702;true
Deroptyus_accipitrinus_1;1062;0;1062;1062;0.0;0.0;false
Deroptyus_accipitrinus_2;1062;0;1062;1062;0.0;0.0;false
Dromaius_novaehollandiae_1;438;438;0;0;1.0;1.0;true
Dromaius_novaehollandiae_2;438;438;0;0;1.0;1.0;true
Elaenia_flavogaster_1;1542;603;939;939;1.0;0.391;true
Elaenia_flavogaster_2;1542;603;939;939;1.0;0.391;true
Elanus_leucurus_1;507;420;87;87;1.0;0.828;true
Elanus_leucurus_2;507;420;87;87;1.0;0.828;true
Eudromia_elegans_1;519;0;519;519;0.0;0.0;false
Eudromia_elegans_2;519;0;519;519;0.0;0.0;false
Eurostopodus_macrotis_1;531;444;87;87;1.0;0.836;true
Eurostopodus_macrotis_2;531;444;87;87;1.0;0.836;true
Eurylaimus_ochromalus_1;495;495;0;0;1.0;1.0;true
Eurylaimus_ochromalus_2;495;495;0;0;1.0;1.0;true
Eurypyga_helias_1;579;492;87;87;1.0;0.849;true
Eurypyga_helias_2;579;492;87;87;1.0;0.849;true
Falco_sparverius_1;1500;603;897;897;1.0;0.402;true
Falco_sparverius_2;1500;603;897;897;1.0;0.402;true
Fregata_magnificens_1;498;498;0;0;1.0;1.0;true
Fregata_magnificens_2;498;498;0;0;1.0;1.0;true
Fringilla_coelebs_1;1185;603;582;582;1.0;0.508;true
Fringilla_coelebs_2;1185;603;582;582;1.0;0.508;true
Fulmarus_glacialoides_1;1029;603;426;426;1.0;0.586;true
Fulmarus_glacialoides_2;1029;603;426;426;1.0;0.586;true
Furnarius_rufus_1;1326;603;723;723;1.0;0.454;true
Furnarius_rufus_2;1326;603;723;723;1.0;0.454;true
Galbula_dea_1;1584;603;981;981;1.0;0.38;true
Galbula_dea_2;1584;603;981;981;1.0;0.38;true
Gallus_gallus_1;1398;603;795;795;1.0;0.431;true
Gallus_gallus_2;1398;603;795;795;1.0;0.431;true
Gavia_immer_1;771;603;168;168;1.0;0.782;true
Gavia_immer_2;771;603;168;168;1.0;0.782;true
Glareola_nuchalis_1;978;603;375;375;1.0;0.616;true
Glareola_nuchalis_2;978;603;375;375;1.0;0.616;true
Grus_canadensis_1;711;558;153;153;1.0;0.784;true
Grus_canadensis_2;711;558;153;153;1.0;0.784;true
Haematopus_palliatus_1;993;0;993;993;0.0;0.0;false
Haematopus_palliatus_2;993;0;993;993;0.0;0.0;false
Heliornis_fulica_1;885;0;885;885;0.0;0.0;false
Heliornis_fulica_2;885;0;885;885;0.0;0.0;false
Hemiprocne_comata_1;525;474;51;51;1.0;0.902;true
Hemiprocne_comata_2;525;474;51;51;1.0;0.902;true
Hirundinea_ferruginea_1;645;591;54;54;1.0;0.916;true
Hirundinea_ferruginea_2;645;591;54;54;1.0;0.916;true
Hymenops_perspicillatus_1;894;603;291;291;1.0;0.674;true
Hymenops_perspicillatus_2;894;603;291;291;1.0;0.674;true
Ibycter_americanus_1;1629;603;1026;1026;1.0;0.37;true
Ibycter_americanus_2;1629;603;1026;1026;1.0;0.37;true
Indicator_exilis_1;633;546;87;87;1.0;0.862;true
Indicator_exilis_2;633;546;87;87;1.0;0.862;true
Ixobrychus_minutus_1;1023;603;420;420;1.0;0.589;true
Ixobrychus_minutus_2;1023;603;420;420;1.0;0.589;true
Jacana_jacana_1;1500;552;948;948;1.0;0.368;true
Jacana_jacana_2;1500;552;948;948;1.0;0.368;true
Jynx_torquilla_1;495;408;87;87;1.0;0.824;true
Jynx_torquilla_2;495;408;87;87;1.0;0.824;true
Leipoa_ocellata_1;993;603;390;390;1.0;0.607;true
Leipoa_ocellata_2;993;603;390;390;1.0;0.607;true
Lepidocolaptes_angustirostr_1;927;603;324;324;1.0;0.65;true
Lepidocolaptes_angustirostr_2;927;603;324;324;1.0;0.65;true
Leptoptilos_crumeniferus_1;549;225;324;324;1.0;0.409;true
Leptoptilos_crumeniferus_2;549;225;324;324;1.0;0.409;true
Leptosomus_discolor_1;414;0;414;414;0.0;0.0;false
Leptosomus_discolor_2;414;0;414;414;0.0;0.0;false
Leptotila_rufaxilla_1;465;378;87;87;1.0;0.812;true
Leptotila_rufaxilla_2;465;378;87;87;1.0;0.812;true
Limosa_lapponica_1;1059;603;456;456;1.0;0.569;true
Limosa_lapponica_2;1059;603;456;456;1.0;0.569;true
Lophorina_superba_1;390;309;81;81;1.0;0.792;true
Lophorina_superba_2;390;309;81;81;1.0;0.792;true
Malurus_splendens_1;222;102;120;120;1.0;0.459;true
Malurus_splendens_2;222;102;120;120;1.0;0.459;true
Megalaima_chrysopogon_1;483;420;63;63;1.0;0.869;true
Megalaima_chrysopogon_2;483;420;63;63;1.0;0.869;true
Melanopareia_maximilian_1;768;0;768;768;0.0;0.0;false
Melanopareia_maximilian_2;768;0;768;768;0.0;0.0;false
Menura_novaehollandiae_1;666;603;63;63;1.0;0.905;true
Menura_novaehollandiae_2;666;603;63;63;1.0;0.905;true
Merops_muelleri_1;549;462;87;87;1.0;0.841;true
Merops_muelleri_2;549;462;87;87;1.0;0.841;true
Mesitornis_unicolor_1;357;117;240;240;1.0;0.327;true
Mesitornis_unicolor_2;357;117;240;240;1.0;0.327;true
Micrastur_gilvicollis_1;1350;603;747;747;1.0;0.446;true
Micrastur_gilvicollis_2;1350;603;747;747;1.0;0.446;true
Micropygia_schomburgkii_1;999;603;396;396;1.0;0.603;true
Micropygia_schomburgkii_2;999;603;396;396;1.0;0.603;true
Momotus_lessonii_1;891;0;891;891;0.0;0.0;false
Momotus_lessonii_2;891;0;891;891;0.0;0.0;false
Monias_benschi_1;888;603;285;285;1.0;0.679;true
Monias_benschi_2;888;603;285;285;1.0;0.679;true
Morus_serrator_1;1122;603;519;519;1.0;0.537;true
Morus_serrator_2;1122;603;519;519;1.0;0.537;true
Myiobius_barbatus_1;363;276;87;87;1.0;0.76;true
Myiobius_barbatus_2;363;276;87;87;1.0;0.76;true
Myrmothera_campanisona_1;639;0;639;639;0.0;0.0;false
Myrmothera_campanisona_2;639;0;639;639;0.0;0.0;false
Neodrepanis_coruscans_1;633;0;633;633;0.0;0.0;false
Neodrepanis_coruscans_2;633;0;633;633;0.0;0.0;false
Neopelma_chrysocephalum_1;978;600;378;378;1.0;0.613;true
Neopelma_chrysocephalum_2;978;600;378;378;1.0;0.613;true
Nestor_meridionalis_1;609;522;87;87;1.0;0.857;true
Nestor_meridionalis_2;609;522;87;87;1.0;0.857;true
Nothoprocta_ornata_1;504;417;87;87;1.0;0.827;true
Nothoprocta_ornata_2;504;417;87;87;1.0;0.827;true
Numida_malagris_1;1005;603;402;402;1.0;0.6;true
Numida_malagris_2;1005;603;402;402;1.0;0.6;true
Nyctibius_griseus_1;1596;603;993;993;1.0;0.377;true
Nyctibius_griseus_2;1596;603;993;993;1.0;0.377;true
Oceanites_oceanicus_1;981;603;378;378;1.0;0.614;true
Oceanites_oceanicus_2;981;603;378;378;1.0;0.614;true
Odontophorus_gujanensis_1;384;174;210;210;1.0;0.453;true
Odontophorus_gujanensis_2;384;174;210;210;1.0;0.453;true
Opisthocomus_hoazin_1;366;0;366;366;0.0;0.0;false
Opisthocomus_hoazin_2;366;0;366;366;0.0;0.0;false
Ortalis_motmot_1;339;255;84;84;1.0;0.752;true
Ortalis_motmot_2;339;255;84;84;1.0;0.752;true
Oxyruncus_cristatus_1;1227;603;624;624;1.0;0.491;true
Oxyruncus_cristatus_2;1227;603;624;624;1.0;0.491;true
Oxyura_jamaicensis_1;732;303;429;429;1.0;0.413;true
Oxyura_jamaicensis_2;732;303;429;429;1.0;0.413;true
Pandion_haliaetus_1;417;396;21;21;1.0;0.949;true
Pandion_haliaetus_2;417;396;21;21;1.0;0.949;true
Pedionomus_torquatus_1;1596;603;993;993;1.0;0.377;true
Pedionomus_torquatus_2;1596;603;993;993;1.0;0.377;true
Pelagodroma_marina_1;450;135;315;315;1.0;0.3;true
Pelagodroma_marina_2;450;135;315;315;1.0;0.3;true
Pelecanoides_urinatrix_1;594;507;87;87;1.0;0.853;true
Pelecanoides_urinatrix_2;594;507;87;87;1.0;0.853;true
Pelecanus_occidentalis_1;474;159;315;315;1.0;0.335;true
Pelecanus_occidentalis_2;474;159;315;315;1.0;0.335;true
Phaethon_rubricauda_1;966;603;363;363;1.0;0.624;true
Phaethon_rubricauda_2;966;603;363;363;1.0;0.624;true
Phaethornis_superciliosus_1;285;285;0;0;1.0;1.0;true
Phaethornis_superciliosus_2;285;285;0;0;1.0;1.0;true
Phalacrocorax_brasili_1;990;603;387;387;1.0;0.609;true
Phalacrocorax_brasili_2;990;603;387;387;1.0;0.609;true
Phoebastria_nigripes_1;321;150;171;171;1.0;0.467;true
Phoebastria_nigripes_2;321;150;171;171;1.0;0.467;true
Phoeniculus_purpureus_1;444;444;0;0;1.0;1.0;true
Phoeniculus_purpureus_2;444;444;0;0;1.0;1.0;true
Picus_canus_1;453;384;69;69;1.0;0.847;true
Picus_canus_2;453;384;69;69;1.0;0.847;true
Pipra_erythrocephala_1;1557;603;954;954;1.0;0.387;true
Pipra_erythrocephala_2;1557;603;954;954;1.0;0.387;true
Piprites_chloris_1;1206;603;603;603;1.0;0.5;true
Piprites_chloris_2;1206;603;603;603;1.0;0.5;true
Pitta_angolensis_1;1101;606;495;495;1.0;0.55;true
Pitta_angolensis_2;1101;606;495;495;1.0;0.55;true
Podargus_strigoides_1;561;513;48;48;1.0;0.914;true
Podargus_strigoides_2;561;513;48;48;1.0;0.914;true
Poecile_lugubris_1;588;501;87;87;1.0;0.852;true
Poecile_lugubris_2;588;501;87;87;1.0;0.852;true
Porphyrio_porphyrio_1;1170;603;567;567;1.0;0.515;true
Porphyrio_porphyrio_2;1170;603;567;567;1.0;0.515;true
Probosciger_aterrimus_1;345;0;345;345;0.0;0.0;false
Probosciger_aterrimus_2;345;0;345;345;0.0;0.0;false
Psittacus_erithacus_1;399;387;12;12;1.0;0.969;true
Psittacus_erithacus_2;399;387;12;12;1.0;0.969;true
Psittrichas_fulgidus_1;417;204;213;213;1.0;0.489;true
Psittrichas_fulgidus_2;417;204;213;213;1.0;0.489;true
Psophia_crepitans_1;1344;603;741;741;1.0;0.448;true
Psophia_crepitans_2;1344;603;741;741;1.0;0.448;true
Pterocles_bicinctus_1;1089;558;531;531;1.0;0.512;true
Pterocles_bicinctus_2;1089;558;531;531;1.0;0.512;true
Pterodroma_externa_1;1389;603;786;786;1.0;0.434;true
Pterodroma_externa_2;1389;603;786;786;1.0;0.434;true
Ptilinopus_magnificus_1;816;0;816;816;0.0;0.0;false
Ptilinopus_magnificus_2;816;0;816;816;0.0;0.0;false
Ptilonorhynchus_violaceus_1;1443;603;840;840;1.0;0.417;true
Ptilonorhynchus_violaceus_2;1443;603;840;840;1.0;0.417;true
Puffinus_griseus_1;609;534;75;75;1.0;0.876;true
Puffinus_griseus_2;609;534;75;75;1.0;0.876;true
Pycnonotus_macrotis_1;480;387;93;93;1.0;0.806;true
Pycnonotus_macrotis_2;480;387;93;93;1.0;0.806;true
Rallus_longirostris_1;429;393;36;36;1.0;0.916;true
Rallus_longirostris_2;429;393;36;36;1.0;0.916;true
Ramphastos_ambiguus_1;1557;603;954;954;1.0;0.387;true
Ramphastos_ambiguus_2;1557;603;954;954;1.0;0.387;true
Recurvirostra_americana_1;366;279;87;87;1.0;0.762;true
Recurvirostra_americana_2;366;279;87;87;1.0;0.762;true
Regulus_ignicapilla_1;1488;603;885;885;1.0;0.405;true
Regulus_ignicapilla_2;1488;603;885;885;1.0;0.405;true
Rhea_americana_1;231;195;36;36;1.0;0.844;true
Rhea_americana_2;231;195;36;36;1.0;0.844;true
Rhynchocyclus_olivaceus_1;1281;603;678;678;1.0;0.47;true
Rhynchocyclus_olivaceus_2;1281;603;678;678;1.0;0.47;true
Rollandia_rolland_1;1071;603;468;468;1.0;0.563;true
Rollandia_rolland_2;1071;603;468;468;1.0;0.563;true
Rollulus_rouloul_1;480;396;84;84;1.0;0.825;true
Rollulus_rouloul_2;480;396;84;84;1.0;0.825;true
Rostratula_benghalensis_1;564;528;36;36;1.0;0.936;true
Rostratula_benghalensis_2;564;528;36;36;1.0;0.936;true
Rupicola_rupicola_1;663;576;87;87;1.0;0.868;true
Rupicola_rupicola_2;663;576;87;87;1.0;0.868;true
Rynchops_niger_1;1143;603;540;540;1.0;0.527;true
Rynchops_niger_2;1143;603;540;540;1.0;0.527;true
Sagittarius_serpentarius_1;1131;603;528;528;1.0;0.533;true
Sagittarius_serpentarius_2;1131;603;528;528;1.0;0.533;true
Sarothrura_rufa_1;243;243;0;0;1.0;1.0;true
Sarothrura_rufa_2;243;243;0;0;1.0;1.0;true
Schiffornis_turdina_1;825;0;825;825;0.0;0.0;false
Schiffornis_turdina_2;825;0;825;825;0.0;0.0;false
Sclerurus_mexicanus_1;1413;603;810;810;1.0;0.426;true
Sclerurus_mexicanus_2;1413;603;810;810;1.0;0.426;true
Scopus_umbretta_1;567;507;60;60;1.0;0.894;true
Scopus_umbretta_2;567;507;60;60;1.0;0.894;true
Sericulus_bakeri_1;1737;603;1134;1134;1.0;0.347;true
Sericulus_bakeri_2;1737;603;1134;1134;1.0;0.347;true
Smithornis_rufolateralis_1;1353;606;747;747;1.0;0.447;true
Smithornis_rufolateralis_2;1353;606;747;747;1.0;0.447;true
Spheniscus_humboldti_1;570;0;570;570;0.0;0.0;false
Spheniscus_humboldti_2;570;0;570;570;0.0;0.0;false
Spizella_arborea_1;543;498;45;45;1.0;0.917;true
Spizella_arborea_2;543;498;45;45;1.0;0.917;true
Steatornis_caripensi_1;282;129;153;153;1.0;0.457;true
Steatornis_caripensi_2;282;129;153;153;1.0;0.457;true
Sterna_hirundo_1;744;603;141;141;1.0;0.81;true
Sterna_hirundo_2;744;603;141;141;1.0;0.81;true
Streptoprocne_zonaris_1;903;603;300;300;1.0;0.667;true
Streptoprocne_zonaris_2;903;603;300;300;1.0;0.667;true
Strix_varia_1;837;603;234;234;1.0;0.72;true
Strix_varia_2;837;603;234;234;1.0;0.72;true
Sylvia_melanocephala_1;1041;603;438;438;1.0;0.579;true
Sylvia_melanocephala_2;1041;603;438;438;1.0;0.579;true
Syrrhaptes_paradoxus_1;252;189;63;63;1.0;0.75;true
Syrrhaptes_paradoxus_2;252;189;63;63;1.0;0.75;true
Tapera_naevia_1;582;495;87;87;1.0;0.85;true
Tapera_naevia_2;582;495;87;87;1.0;0.85;true
Tauraco_macrorhynchus_1;279;120;159;159;1.0;0.43;true
Tauraco_macrorhynchus_2;279;120;159;159;1.0;0.43;true
Terenura_callinota_1;594;507;87;87;1.0;0.853;true
Terenura_callinota_2;594;507;87;87;1.0;0.853;true
Thamnophilus_ruficapillu_1;813;0;813;813;0.0;0.0;false
Thamnophilus_ruficapillu_2;813;0;813;813;0.0;0.0;false
Theristicus_caerulescens_1;540;195;345;345;1.0;0.361;true
Theristicus_caerulescens_2;540;195;345;345;1.0;0.361;true
Tigrisoma_lineatum_1;901;601;300;300;1.0;0.667;true
Tigrisoma_lineatum_2;901;601;300;300;1.0;0.667;true
Tinamus_major_1;360;333;27;27;1.0;0.925;true
Tinamus_major_2;360;333;27;27;1.0;0.925;true
Tityra_cayana_1;240;240;0;0;1.0;1.0;true
Tityra_cayana_2;240;240;0;0;1.0;1.0;true
Tockus_camurus_1;720;0;720;720;0.0;0.0;false
Tockus_camurus_2;720;0;720;720;0.0;0.0;false
Todus_mexicanus_1;1227;603;624;624;1.0;0.491;true
Todus_mexicanus_2;1227;603;624;624;1.0;0.491;true
Topaza_pella_1;567;507;60;60;1.0;0.894;true
Topaza_pella_2;567;507;60;60;1.0;0.894;true
Treron_calvus_1;366;138;228;228;1.0;0.377;true
Treron_calvus_2;366;138;228;228;1.0;0.377;true
Tringa_solitaria_1;876;0;876;876;0.0;0.0;false
Tringa_solitaria_2;876;0;876;876;0.0;0.0;false
Trogon_elegans_1;1317;603;714;714;1.0;0.457;true
Trogon_elegans_2;1317;603;714;714;1.0;0.457;true
Turdus_olivater_1;927;603;324;324;1.0;0.65;true
Turdus_olivater_2;927;603;324;324;1.0;0.65;true
Turnix_ocellata_1;669;288;381;381;1.0;0.43;true
Turnix_ocellata_2;669;288;381;381;1.0;0.43;true
Tyrannus_albogularis_1;1404;603;801;801;1.0;0.429;true
Tyrannus_albogularis_2;1404;603;801;801;1.0;0.429;true
Upupa_epops_1;488;311;177;177;1.0;0.637;true
Upupa_epops_2;488;311;177;177;1.0;0.637;true
Uria_aalge_1;879;603;276;276;1.0;0.686;true
Uria_aalge_2;879;603;276;276;1.0;0.686;true
Urocolius_indicus_1;846;603;243;243;1.0;0.712;true
Urocolius_indicus_2;846;603;243;243;1.0;0.712;true
Vultur_gryphus_1;246;225;21;21;1.0;0.914;true
Vultur_gryphus_2;246;225;21;21;1.0;0.914;true
