seqName;initialSeqLength;nbKeep;nbTrim;nbInformativeTrim;percentHomologExcludingExtremities;percentHomologIncludingExtremities;keptSequences
Acanthisitta_chloris_1;1200;1200;0;0;1.0;1.0;true
Acanthisitta_chloris_2;1200;1200;0;0;1.0;1.0;true
Accipiter_superciliosus_1;924;924;0;0;1.0;1.0;true
Accipiter_superciliosus_2;924;924;0;0;1.0;1.0;true
Aegotheles_insignis_1;1605;1605;0;0;1.0;1.0;true
Aegotheles_insignis_2;1605;1605;0;0;1.0;1.0;true
Alcedo_quadribrachys_1;624;624;0;0;1.0;1.0;true
Alcedo_quadribrachys_2;624;624;0;0;1.0;1.0;true
Anas_superciliosa_1;549;549;0;0;1.0;1.0;true
Anas_superciliosa_2;549;549;0;0;1.0;1.0;true
Anhinga_anhinga_1;1020;1020;0;0;1.0;1.0;true
Anhinga_anhinga_2;1020;1020;0;0;1.0;1.0;true
Anser_canagicus_1;462;462;0;0;1.0;1.0;true
Anser_canagicus_2;462;462;0;0;1.0;1.0;true
Anseranas_semipalmata_1;408;408;0;0;1.0;1.0;true
Anseranas_semipalmata_2;408;408;0;0;1.0;1.0;true
Apaloderma_aequatoriale_1;777;777;0;0;1.0;1.0;true
Apaloderma_aequatoriale_2;777;777;0;0;1.0;1.0;true
Apteryx_sp._1;468;468;0;0;1.0;1.0;true
Apteryx_sp._2;468;468;0;0;1.0;1.0;true
Aramus_guarauna_1;867;867;0;0;1.0;1.0;true
Aramus_guarauna_2;867;867;0;0;1.0;1.0;true
Archilochus_colubris_1;600;600;0;0;1.0;1.0;true
Archilochus_colubris_2;600;600;0;0;1.0;1.0;true
Ardea_herodias_1;1128;1128;0;0;1.0;1.0;true
Ardea_herodias_2;1128;1128;0;0;1.0;1.0;true
Ardeotis_kori_1;1107;1107;0;0;1.0;1.0;true
Ardeotis_kori_2;1107;1107;0;0;1.0;1.0;true
Arenaria_interpres_1;477;477;0;0;1.0;1.0;true
Arenaria_interpres_2;477;477;0;0;1.0;1.0;true
Atelornis_pittoides_1;633;633;0;0;1.0;1.0;true
Atelornis_pittoides_2;633;633;0;0;1.0;1.0;true
Aythya_valisineria_1;507;507;0;0;1.0;1.0;true
Aythya_valisineria_2;507;507;0;0;1.0;1.0;true
Balaeniceps_rex_1;1062;1062;0;0;1.0;1.0;true
Balaeniceps_rex_2;1062;1062;0;0;1.0;1.0;true
Balearica_regulorum_1;333;333;0;0;1.0;1.0;true
Balearica_regulorum_2;333;333;0;0;1.0;1.0;true
Barnardius_zonarius_1;351;351;0;0;1.0;1.0;true
Barnardius_zonarius_2;351;351;0;0;1.0;1.0;true
Bonasa_umbellus_1;1110;1110;0;0;1.0;1.0;true
Bonasa_umbellus_2;1110;1110;0;0;1.0;1.0;true
Buccanodon_duchaillui_1;471;471;0;0;1.0;1.0;true
Buccanodon_duchaillui_2;471;471;0;0;1.0;1.0;true
Bucco_capensis_1;990;990;0;0;1.0;1.0;true
Bucco_capensis_2;990;990;0;0;1.0;1.0;true
Bucorvus_leadbeateri_1;414;414;0;0;1.0;1.0;true
Bucorvus_leadbeateri_2;414;414;0;0;1.0;1.0;true
Burhinus_oedicnemus_1;1350;1350;0;0;1.0;1.0;true
Burhinus_oedicnemus_2;1350;1350;0;0;1.0;1.0;true
Buteo_jamaicensis_1;1080;1080;0;0;1.0;1.0;true
Buteo_jamaicensis_2;1080;1080;0;0;1.0;1.0;true
Calandrella_brachydactyla_1;375;375;0;0;1.0;1.0;true
Calandrella_brachydactyla_2;375;375;0;0;1.0;1.0;true
Calyptomena_viridis_1;834;834;0;0;1.0;1.0;true
Calyptomena_viridis_2;834;834;0;0;1.0;1.0;true
Capito_niger_1;777;777;0;0;1.0;1.0;true
Capito_niger_2;777;777;0;0;1.0;1.0;true
Caprimulgus_europaeus_1;969;969;0;0;1.0;1.0;true
Caprimulgus_europaeus_2;969;969;0;0;1.0;1.0;true
Caracara_cheriway_1;1503;1503;0;0;1.0;1.0;true
Caracara_cheriway_2;1503;1503;0;0;1.0;1.0;true
Cariama_cristata_1;648;648;0;0;1.0;1.0;true
Cariama_cristata_2;648;648;0;0;1.0;1.0;true
Casuarius_bennetti_1;351;351;0;0;1.0;1.0;true
Casuarius_bennetti_2;351;351;0;0;1.0;1.0;true
Cathartes_burrovianus_1;789;789;0;0;1.0;1.0;true
Cathartes_burrovianus_2;789;789;0;0;1.0;1.0;true
Centropus_bengalensis_1;1422;1422;0;0;1.0;1.0;true
Centropus_bengalensis_2;1422;1422;0;0;1.0;1.0;true
Chaetura_brachyura_1;1251;1251;0;0;1.0;1.0;true
Chaetura_brachyura_2;1251;1251;0;0;1.0;1.0;true
Charadrius_hiaticula_1;498;498;0;0;1.0;1.0;true
Charadrius_hiaticula_2;498;498;0;0;1.0;1.0;true
Chauna_torquata_1;1449;1449;0;0;1.0;1.0;true
Chauna_torquata_2;1449;1449;0;0;1.0;1.0;true
Chelidoptera_tenebrosa_1;780;780;0;0;1.0;1.0;true
Chelidoptera_tenebrosa_2;780;780;0;0;1.0;1.0;true
Chloroceryle_inda_1;843;843;0;0;1.0;1.0;true
Chloroceryle_inda_2;843;843;0;0;1.0;1.0;true
Chordeiles_pusillus_1;1371;1371;0;0;1.0;1.0;true
Chordeiles_pusillus_2;1371;1371;0;0;1.0;1.0;true
Chroicocephalus_cirrocephalus_1;240;240;0;0;1.0;1.0;true
Chroicocephalus_cirrocephalus_2;240;240;0;0;1.0;1.0;true
Chunga_burmeisteri_1;1569;1569;0;0;1.0;1.0;true
Chunga_burmeisteri_2;1569;1569;0;0;1.0;1.0;true
Ciconia_nigra_1;540;540;0;0;1.0;1.0;true
Ciconia_nigra_2;540;540;0;0;1.0;1.0;true
Climacteris_melanura_1;1563;1563;0;0;1.0;1.0;true
Climacteris_melanura_2;1563;1563;0;0;1.0;1.0;true
Coccyzus_melacoryphus_1;471;471;0;0;1.0;1.0;true
Coccyzus_melacoryphus_2;471;471;0;0;1.0;1.0;true
Colinus_cristatus_1;1239;1239;0;0;1.0;1.0;true
Colinus_cristatus_2;1239;1239;0;0;1.0;1.0;true
Colius_colius_1;639;639;0;0;1.0;1.0;true
Colius_colius_2;639;639;0;0;1.0;1.0;true
Columba_livia_1;957;957;0;0;1.0;1.0;true
Columba_livia_2;957;957;0;0;1.0;1.0;true
Columbina_minuta_1;882;882;0;0;1.0;1.0;true
Columbina_minuta_2;882;882;0;0;1.0;1.0;true
Coracias_cyanogaster_1;621;621;0;0;1.0;1.0;true
Coracias_cyanogaster_2;621;621;0;0;1.0;1.0;true
Corvus_albus_1;534;534;0;0;1.0;1.0;true
Corvus_albus_2;534;534;0;0;1.0;1.0;true
Corythaeola_cristata_1;327;327;0;0;1.0;1.0;true
Corythaeola_cristata_2;327;327;0;0;1.0;1.0;true
Cotinga_cayana_1;378;378;0;0;1.0;1.0;true
Cotinga_cayana_2;378;378;0;0;1.0;1.0;true
Crax_alector_1;477;477;0;0;1.0;1.0;true
Crax_alector_2;477;477;0;0;1.0;1.0;true
Cryptopipo_aenigma_1;450;450;0;0;1.0;1.0;true
Cryptopipo_aenigma_2;450;450;0;0;1.0;1.0;true
Crypturellus_tataupa_1;711;711;0;0;1.0;1.0;true
Crypturellus_tataupa_2;711;711;0;0;1.0;1.0;true
Cuculus_optatus_1;828;828;0;0;1.0;1.0;true
Cuculus_optatus_2;828;828;0;0;1.0;1.0;true
Deroptyus_accipitrinus_1;1062;1062;0;0;1.0;1.0;true
Deroptyus_accipitrinus_2;1062;1062;0;0;1.0;1.0;true
Dromaius_novaehollandiae_1;438;438;0;0;1.0;1.0;true
Dromaius_novaehollandiae_2;438;438;0;0;1.0;1.0;true
Elaenia_flavogaster_1;1542;1542;0;0;1.0;1.0;true
Elaenia_flavogaster_2;1542;1542;0;0;1.0;1.0;true
Elanus_leucurus_1;507;507;0;0;1.0;1.0;true
Elanus_leucurus_2;507;507;0;0;1.0;1.0;true
Eudromia_elegans_1;519;519;0;0;1.0;1.0;true
Eudromia_elegans_2;519;519;0;0;1.0;1.0;true
Eurostopodus_macrotis_1;531;531;0;0;1.0;1.0;true
Eurostopodus_macrotis_2;531;531;0;0;1.0;1.0;true
Eurylaimus_ochromalus_1;495;495;0;0;1.0;1.0;true
Eurylaimus_ochromalus_2;495;495;0;0;1.0;1.0;true
Eurypyga_helias_1;579;579;0;0;1.0;1.0;true
Eurypyga_helias_2;579;579;0;0;1.0;1.0;true
Falco_sparverius_1;1500;1500;0;0;1.0;1.0;true
Falco_sparverius_2;1500;1500;0;0;1.0;1.0;true
Fregata_magnificens_1;498;498;0;0;1.0;1.0;true
Fregata_magnificens_2;498;498;0;0;1.0;1.0;true
Fringilla_coelebs_1;1185;1185;0;0;1.0;1.0;true
Fringilla_coelebs_2;1185;1185;0;0;1.0;1.0;true
Fulmarus_glacialoides_1;1029;1029;0;0;1.0;1.0;true
Fulmarus_glacialoides_2;1029;1029;0;0;1.0;1.0;true
Furnarius_rufus_1;1326;1326;0;0;1.0;1.0;true
Furnarius_rufus_2;1326;1326;0;0;1.0;1.0;true
Galbula_dea_1;1584;1584;0;0;1.0;1.0;true
Galbula_dea_2;1584;1584;0;0;1.0;1.0;true
Gallus_gallus_1;1398;1398;0;0;1.0;1.0;true
Gallus_gallus_2;1398;1398;0;0;1.0;1.0;true
Gavia_immer_1;771;771;0;0;1.0;1.0;true
Gavia_immer_2;771;771;0;0;1.0;1.0;true
Glareola_nuchalis_1;978;978;0;0;1.0;1.0;true
Glareola_nuchalis_2;978;978;0;0;1.0;1.0;true
Grus_canadensis_1;711;711;0;0;1.0;1.0;true
Grus_canadensis_2;711;711;0;0;1.0;1.0;true
Haematopus_palliatus_1;993;993;0;0;1.0;1.0;true
Haematopus_palliatus_2;993;993;0;0;1.0;1.0;true
Heliornis_fulica_1;885;885;0;0;1.0;1.0;true
Heliornis_fulica_2;885;885;0;0;1.0;1.0;true
Hemiprocne_comata_1;525;525;0;0;1.0;1.0;true
Hemiprocne_comata_2;525;525;0;0;1.0;1.0;true
Hirundinea_ferruginea_1;645;645;0;0;1.0;1.0;true
Hirundinea_ferruginea_2;645;645;0;0;1.0;1.0;true
Hymenops_perspicillatus_1;894;894;0;0;1.0;1.0;true
Hymenops_perspicillatus_2;894;894;0;0;1.0;1.0;true
Ibycter_americanus_1;1629;1629;0;0;1.0;1.0;true
Ibycter_americanus_2;1629;1629;0;0;1.0;1.0;true
Indicator_exilis_1;633;633;0;0;1.0;1.0;true
Indicator_exilis_2;633;633;0;0;1.0;1.0;true
Ixobrychus_minutus_1;1023;1023;0;0;1.0;1.0;true
Ixobrychus_minutus_2;1023;1023;0;0;1.0;1.0;true
Jacana_jacana_1;1500;1500;0;0;1.0;1.0;true
Jacana_jacana_2;1500;1500;0;0;1.0;1.0;true
Jynx_torquilla_1;495;495;0;0;1.0;1.0;true
Jynx_torquilla_2;495;495;0;0;1.0;1.0;true
Leipoa_ocellata_1;993;993;0;0;1.0;1.0;true
Leipoa_ocellata_2;993;993;0;0;1.0;1.0;true
Lepidocolaptes_angustirostr_1;927;927;0;0;1.0;1.0;true
Lepidocolaptes_angustirostr_2;927;927;0;0;1.0;1.0;true
Leptoptilos_crumeniferus_1;549;549;0;0;1.0;1.0;true
Leptoptilos_crumeniferus_2;549;549;0;0;1.0;1.0;true
Leptosomus_discolor_1;414;414;0;0;1.0;1.0;true
Leptosomus_discolor_2;414;414;0;0;1.0;1.0;true
Leptotila_rufaxilla_1;465;465;0;0;1.0;1.0;true
Leptotila_rufaxilla_2;465;465;0;0;1.0;1.0;true
Limosa_lapponica_1;1059;1059;0;0;1.0;1.0;true
Limosa_lapponica_2;1059;1059;0;0;1.0;1.0;true
Lophorina_superba_1;390;390;0;0;1.0;1.0;true
Lophorina_superba_2;390;390;0;0;1.0;1.0;true
Malurus_splendens_1;222;222;0;0;1.0;1.0;true
Malurus_splendens_2;222;222;0;0;1.0;1.0;true
Megalaima_chrysopogon_1;483;483;0;0;1.0;1.0;true
Megalaima_chrysopogon_2;483;483;0;0;1.0;1.0;true
Melanopareia_maximilian_1;768;768;0;0;1.0;1.0;true
Melanopareia_maximilian_2;768;768;0;0;1.0;1.0;true
Menura_novaehollandiae_1;666;666;0;0;1.0;1.0;true
Menura_novaehollandiae_2;666;666;0;0;1.0;1.0;true
Merops_muelleri_1;549;549;0;0;1.0;1.0;true
Merops_muelleri_2;549;549;0;0;1.0;1.0;true
Mesitornis_unicolor_1;357;357;0;0;1.0;1.0;true
Mesitornis_unicolor_2;357;357;0;0;1.0;1.0;true
Micrastur_gilvicollis_1;1350;1350;0;0;1.0;1.0;true
Micrastur_gilvicollis_2;1350;1350;0;0;1.0;1.0;true
Micropygia_schomburgkii_1;999;999;0;0;1.0;1.0;true
Micropygia_schomburgkii_2;999;999;0;0;1.0;1.0;true
Momotus_lessonii_1;891;891;0;0;1.0;1.0;true
Momotus_lessonii_2;891;891;0;0;1.0;1.0;true
Monias_benschi_1;888;888;0;0;1.0;1.0;true
Monias_benschi_2;888;888;0;0;1.0;1.0;true
Morus_serrator_1;1122;1122;0;0;1.0;1.0;true
Morus_serrator_2;1122;1122;0;0;1.0;1.0;true
Myiobius_barbatus_1;363;363;0;0;1.0;1.0;true
Myiobius_barbatus_2;363;363;0;0;1.0;1.0;true
Myrmothera_campanisona_1;639;639;0;0;1.0;1.0;true
Myrmothera_campanisona_2;639;639;0;0;1.0;1.0;true
Neodrepanis_coruscans_1;633;633;0;0;1.0;1.0;true
Neodrepanis_coruscans_2;633;633;0;0;1.0;1.0;true
Neopelma_chrysocephalum_1;978;978;0;0;1.0;1.0;true
Neopelma_chrysocephalum_2;978;978;0;0;1.0;1.0;true
Nestor_meridionalis_1;609;609;0;0;1.0;1.0;true
Nestor_meridionalis_2;609;609;0;0;1.0;1.0;true
Nothoprocta_ornata_1;504;504;0;0;1.0;1.0;true
Nothoprocta_ornata_2;504;504;0;0;1.0;1.0;true
Numida_malagris_1;1005;1005;0;0;1.0;1.0;true
Numida_malagris_2;1005;1005;0;0;1.0;1.0;true
Nyctibius_griseus_1;1596;1596;0;0;1.0;1.0;true
Nyctibius_griseus_2;1596;1596;0;0;1.0;1.0;true
Oceanites_oceanicus_1;981;981;0;0;1.0;1.0;true
Oceanites_oceanicus_2;981;981;0;0;1.0;1.0;true
Odontophorus_gujanensis_1;384;384;0;0;1.0;1.0;true
Odontophorus_gujanensis_2;384;384;0;0;1.0;1.0;true
Opisthocomus_hoazin_1;366;366;0;0;1.0;1.0;true
Opisthocomus_hoazin_2;366;366;0;0;1.0;1.0;true
Ortalis_motmot_1;339;339;0;0;1.0;1.0;true
Ortalis_motmot_2;339;339;0;0;1.0;1.0;true
Oxyruncus_cristatus_1;1227;1227;0;0;1.0;1.0;true
Oxyruncus_cristatus_2;1227;1227;0;0;1.0;1.0;true
Oxyura_jamaicensis_1;732;732;0;0;1.0;1.0;true
Oxyura_jamaicensis_2;732;732;0;0;1.0;1.0;true
Pandion_haliaetus_1;417;417;0;0;1.0;1.0;true
Pandion_haliaetus_2;417;417;0;0;1.0;1.0;true
Pedionomus_torquatus_1;1596;1596;0;0;1.0;1.0;true
Pedionomus_torquatus_2;1596;1596;0;0;1.0;1.0;true
Pelagodroma_marina_1;450;450;0;0;1.0;1.0;true
Pelagodroma_marina_2;450;450;0;0;1.0;1.0;true
Pelecanoides_urinatrix_1;594;594;0;0;1.0;1.0;true
Pelecanoides_urinatrix_2;594;594;0;0;1.0;1.0;true
Pelecanus_occidentalis_1;474;474;0;0;1.0;1.0;true
Pelecanus_occidentalis_2;474;474;0;0;1.0;1.0;true
Phaethon_rubricauda_1;966;966;0;0;1.0;1.0;true
Phaethon_rubricauda_2;966;966;0;0;1.0;1.0;true
Phaethornis_superciliosus_1;285;285;0;0;1.0;1.0;true
Phaethornis_superciliosus_2;285;285;0;0;1.0;1.0;true
Phalacrocorax_brasili_1;990;990;0;0;1.0;1.0;true
Phalacrocorax_brasili_2;990;990;0;0;1.0;1.0;true
Phoebastria_nigripes_1;321;321;0;0;1.0;1.0;true
Phoebastria_nigripes_2;321;321;0;0;1.0;1.0;true
Phoeniculus_purpureus_1;444;444;0;0;1.0;1.0;true
Phoeniculus_purpureus_2;444;444;0;0;1.0;1.0;true
Picus_canus_1;453;453;0;0;1.0;1.0;true
Picus_canus_2;453;453;0;0;1.0;1.0;true
Pipra_erythrocephala_1;1557;1557;0;0;1.0;1.0;true
Pipra_erythrocephala_2;1557;1557;0;0;1.0;1.0;true
Piprites_chloris_1;1206;1206;0;0;1.0;1.0;true
Piprites_chloris_2;1206;1206;0;0;1.0;1.0;true
Pitta_angolensis_1;1101;1101;0;0;1.0;1.0;true
Pitta_angolensis_2;1101;1101;0;0;1.0;1.0;true
Podargus_strigoides_1;561;561;0;0;1.0;1.0;true
Podargus_strigoides_2;561;561;0;0;1.0;1.0;true
Poecile_lugubris_1;588;588;0;0;1.0;1.0;true
Poecile_lugubris_2;588;588;0;0;1.0;1.0;true
Porphyrio_porphyrio_1;1170;1170;0;0;1.0;1.0;true
Porphyrio_porphyrio_2;1170;1170;0;0;1.0;1.0;true
Probosciger_aterrimus_1;345;345;0;0;1.0;1.0;true
Probosciger_aterrimus_2;345;345;0;0;1.0;1.0;true
Psittacus_erithacus_1;399;399;0;0;1.0;1.0;true
Psittacus_erithacus_2;399;399;0;0;1.0;1.0;true
Psittrichas_fulgidus_1;417;417;0;0;1.0;1.0;true
Psittrichas_fulgidus_2;417;417;0;0;1.0;1.0;true
Psophia_crepitans_1;1344;1344;0;0;1.0;1.0;true
Psophia_crepitans_2;1344;1344;0;0;1.0;1.0;true
Pterocles_bicinctus_1;1089;1089;0;0;1.0;1.0;true
Pterocles_bicinctus_2;1089;1089;0;0;1.0;1.0;true
Pterodroma_externa_1;1389;1389;0;0;1.0;1.0;true
Pterodroma_externa_2;1389;1389;0;0;1.0;1.0;true
Ptilinopus_magnificus_1;816;816;0;0;1.0;1.0;true
Ptilinopus_magnificus_2;816;816;0;0;1.0;1.0;true
Ptilonorhynchus_violaceus_1;1443;1443;0;0;1.0;1.0;true
Ptilonorhynchus_violaceus_2;1443;1443;0;0;1.0;1.0;true
Puffinus_griseus_1;609;609;0;0;1.0;1.0;true
Puffinus_griseus_2;609;609;0;0;1.0;1.0;true
Pycnonotus_macrotis_1;480;480;0;0;1.0;1.0;true
Pycnonotus_macrotis_2;480;480;0;0;1.0;1.0;true
Rallus_longirostris_1;429;429;0;0;1.0;1.0;true
Rallus_longirostris_2;429;429;0;0;1.0;1.0;true
Ramphastos_ambiguus_1;1557;1557;0;0;1.0;1.0;true
Ramphastos_ambiguus_2;1557;1557;0;0;1.0;1.0;true
Recurvirostra_americana_1;366;366;0;0;1.0;1.0;true
Recurvirostra_americana_2;366;366;0;0;1.0;1.0;true
Regulus_ignicapilla_1;1488;1488;0;0;1.0;1.0;true
Regulus_ignicapilla_2;1488;1488;0;0;1.0;1.0;true
Rhea_americana_1;231;231;0;0;1.0;1.0;true
Rhea_americana_2;231;231;0;0;1.0;1.0;true
Rhynchocyclus_olivaceus_1;1281;1281;0;0;1.0;1.0;true
Rhynchocyclus_olivaceus_2;1281;1281;0;0;1.0;1.0;true
Rollandia_rolland_1;1071;1071;0;0;1.0;1.0;true
Rollandia_rolland_2;1071;1071;0;0;1.0;1.0;true
Rollulus_rouloul_1;480;480;0;0;1.0;1.0;true
Rollulus_rouloul_2;480;480;0;0;1.0;1.0;true
Rostratula_benghalensis_1;564;564;0;0;1.0;1.0;true
Rostratula_benghalensis_2;564;564;0;0;1.0;1.0;true
Rupicola_rupicola_1;663;663;0;0;1.0;1.0;true
Rupicola_rupicola_2;663;663;0;0;1.0;1.0;true
Rynchops_niger_1;1143;1143;0;0;1.0;1.0;true
Rynchops_niger_2;1143;1143;0;0;1.0;1.0;true
Sagittarius_serpentarius_1;1131;1131;0;0;1.0;1.0;true
Sagittarius_serpentarius_2;1131;1131;0;0;1.0;1.0;true
Sarothrura_rufa_1;243;243;0;0;1.0;1.0;true
Sarothrura_rufa_2;243;243;0;0;1.0;1.0;true
Schiffornis_turdina_1;825;825;0;0;1.0;1.0;true
Schiffornis_turdina_2;825;825;0;0;1.0;1.0;true
Sclerurus_mexicanus_1;1413;1413;0;0;1.0;1.0;true
Sclerurus_mexicanus_2;1413;1413;0;0;1.0;1.0;true
Scopus_umbretta_1;567;567;0;0;1.0;1.0;true
Scopus_umbretta_2;567;567;0;0;1.0;1.0;true
Sericulus_bakeri_1;1737;1677;60;60;1.0;0.965;true
Sericulus_bakeri_2;1737;1677;60;60;1.0;0.965;true
Smithornis_rufolateralis_1;1353;1353;0;0;1.0;1.0;true
Smithornis_rufolateralis_2;1353;1353;0;0;1.0;1.0;true
Spheniscus_humboldti_1;570;570;0;0;1.0;1.0;true
Spheniscus_humboldti_2;570;570;0;0;1.0;1.0;true
Spizella_arborea_1;543;543;0;0;1.0;1.0;true
Spizella_arborea_2;543;543;0;0;1.0;1.0;true
Steatornis_caripensi_1;282;282;0;0;1.0;1.0;true
Steatornis_caripensi_2;282;282;0;0;1.0;1.0;true
Sterna_hirundo_1;744;744;0;0;1.0;1.0;true
Sterna_hirundo_2;744;744;0;0;1.0;1.0;true
Streptoprocne_zonaris_1;903;903;0;0;1.0;1.0;true
Streptoprocne_zonaris_2;903;903;0;0;1.0;1.0;true
Strix_varia_1;837;837;0;0;1.0;1.0;true
Strix_varia_2;837;837;0;0;1.0;1.0;true
Sylvia_melanocephala_1;1041;1041;0;0;1.0;1.0;true
Sylvia_melanocephala_2;1041;1041;0;0;1.0;1.0;true
Syrrhaptes_paradoxus_1;252;252;0;0;1.0;1.0;true
Syrrhaptes_paradoxus_2;252;252;0;0;1.0;1.0;true
Tapera_naevia_1;582;582;0;0;1.0;1.0;true
Tapera_naevia_2;582;582;0;0;1.0;1.0;true
Tauraco_macrorhynchus_1;279;279;0;0;1.0;1.0;true
Tauraco_macrorhynchus_2;279;279;0;0;1.0;1.0;true
Terenura_callinota_1;594;594;0;0;1.0;1.0;true
Terenura_callinota_2;594;594;0;0;1.0;1.0;true
Thamnophilus_ruficapillu_1;813;813;0;0;1.0;1.0;true
Thamnophilus_ruficapillu_2;813;813;0;0;1.0;1.0;true
Theristicus_caerulescens_1;540;540;0;0;1.0;1.0;true
Theristicus_caerulescens_2;540;540;0;0;1.0;1.0;true
Tigrisoma_lineatum_1;901;901;0;0;1.0;1.0;true
Tigrisoma_lineatum_2;901;901;0;0;1.0;1.0;true
Tinamus_major_1;360;360;0;0;1.0;1.0;true
Tinamus_major_2;360;360;0;0;1.0;1.0;true
Tityra_cayana_1;240;240;0;0;1.0;1.0;true
Tityra_cayana_2;240;240;0;0;1.0;1.0;true
Tockus_camurus_1;720;720;0;0;1.0;1.0;true
Tockus_camurus_2;720;720;0;0;1.0;1.0;true
Todus_mexicanus_1;1227;1227;0;0;1.0;1.0;true
Todus_mexicanus_2;1227;1227;0;0;1.0;1.0;true
Topaza_pella_1;567;567;0;0;1.0;1.0;true
Topaza_pella_2;567;567;0;0;1.0;1.0;true
Treron_calvus_1;366;366;0;0;1.0;1.0;true
Treron_calvus_2;366;366;0;0;1.0;1.0;true
Tringa_solitaria_1;876;876;0;0;1.0;1.0;true
Tringa_solitaria_2;876;876;0;0;1.0;1.0;true
Trogon_elegans_1;1317;1317;0;0;1.0;1.0;true
Trogon_elegans_2;1317;1317;0;0;1.0;1.0;true
Turdus_olivater_1;927;927;0;0;1.0;1.0;true
Turdus_olivater_2;927;927;0;0;1.0;1.0;true
Turnix_ocellata_1;669;669;0;0;1.0;1.0;true
Turnix_ocellata_2;669;669;0;0;1.0;1.0;true
Tyrannus_albogularis_1;1404;1404;0;0;1.0;1.0;true
Tyrannus_albogularis_2;1404;1404;0;0;1.0;1.0;true
Upupa_epops_1;488;488;0;0;1.0;1.0;true
Upupa_epops_2;488;488;0;0;1.0;1.0;true
Uria_aalge_1;879;879;0;0;1.0;1.0;true
Uria_aalge_2;879;879;0;0;1.0;1.0;true
Urocolius_indicus_1;846;846;0;0;1.0;1.0;true
Urocolius_indicus_2;846;846;0;0;1.0;1.0;true
Vultur_gryphus_1;246;246;0;0;1.0;1.0;true
Vultur_gryphus_2;246;246;0;0;1.0;1.0;true
