seqName;initialSeqLength;nbKeep;nbTrim;nbInformativeTrim;percentKeepExcludingExtremities;percentKeepIncludingExtremities;keptSequences
Acanthisitta_chloris_1;1731;1605;126;126;1.0;0.927;true
Acanthisitta_chloris_2;1731;1605;126;126;1.0;0.927;true
Accipiter_superciliosus_1;1599;1578;21;21;1.0;0.986;true
Accipiter_superciliosus_2;1599;1578;21;21;1.0;0.986;true
Aegotheles_insignis_1;1659;1557;102;102;1.0;0.938;true
Aegotheles_insignis_2;1659;1557;102;102;1.0;0.938;true
Alcedo_quadribrachys_1;1719;1605;114;114;1.0;0.933;true
Alcedo_quadribrachys_2;1719;1605;114;114;1.0;0.933;true
Anas_superciliosa_1;1581;1581;0;0;1.0;1.0;true
Anas_superciliosa_2;1581;1581;0;0;1.0;1.0;true
Anhinga_anhinga_1;1695;1608;87;87;1.0;0.948;true
Anhinga_anhinga_2;1695;1608;87;87;1.0;0.948;true
Anser_canagicus_1;1740;1602;138;138;1.0;0.92;true
Anser_canagicus_2;1740;1602;138;138;1.0;0.92;true
Anseranas_semipalmata_1;1824;1602;222;222;1.0;0.878;true
Anseranas_semipalmata_2;1824;1602;222;222;1.0;0.878;true
Apaloderma_aequatoriale_1;1593;1566;27;27;1.0;0.983;true
Apaloderma_aequatoriale_2;1593;1566;27;27;1.0;0.983;true
Apteryx_sp._1;1518;1518;0;0;1.0;1.0;true
Apteryx_sp._2;1518;1518;0;0;1.0;1.0;true
Aramus_guarauna_1;1725;1605;120;120;1.0;0.93;true
Aramus_guarauna_2;1725;1605;120;120;1.0;0.93;true
Archilochus_colubris_1;1719;1605;114;114;1.0;0.933;true
Archilochus_colubris_2;1719;1605;114;114;1.0;0.933;true
Ardea_herodias_1;1746;1608;138;138;1.0;0.92;true
Ardea_herodias_2;1746;1608;138;138;1.0;0.92;true
Ardeotis_kori_1;1785;1605;180;180;1.0;0.899;true
Ardeotis_kori_2;1785;1605;180;180;1.0;0.899;true
Arenaria_interpres_1;1692;1605;87;87;1.0;0.948;true
Arenaria_interpres_2;1692;1605;87;87;1.0;0.948;true
Atelornis_pittoides_1;1788;1605;183;183;1.0;0.897;true
Atelornis_pittoides_2;1788;1605;183;183;1.0;0.897;true
Aythya_valisineria_1;1677;1602;75;75;1.0;0.955;true
Aythya_valisineria_2;1677;1602;75;75;1.0;0.955;true
Balaeniceps_rex_1;1761;1608;153;153;0.998;0.913;true
Balaeniceps_rex_2;1761;1608;153;153;0.998;0.913;true
Balearica_regulorum_1;1155;1155;0;0;1.0;1.0;true
Balearica_regulorum_2;1155;1155;0;0;1.0;1.0;true
Barnardius_zonarius_1;1647;1578;69;69;1.0;0.958;true
Barnardius_zonarius_2;1647;1578;69;69;1.0;0.958;true
Bonasa_umbellus_1;1602;1512;90;90;1.0;0.943;true
Bonasa_umbellus_2;1602;1512;90;90;1.0;0.943;true
Buccanodon_duchaillui_1;1716;1605;111;111;1.0;0.935;true
Buccanodon_duchaillui_2;1716;1605;111;111;1.0;0.935;true
Bucco_capensis_1;1833;1581;252;252;1.0;0.862;true
Bucco_capensis_2;1833;1581;252;252;1.0;0.862;true
Bucorvus_leadbeateri_1;1677;1605;72;72;1.0;0.957;true
Bucorvus_leadbeateri_2;1677;1605;72;72;1.0;0.957;true
Burhinus_oedicnemus_1;1704;1599;105;105;1.0;0.938;true
Burhinus_oedicnemus_2;1704;1599;105;105;1.0;0.938;true
Buteo_jamaicensis_1;1686;1605;81;81;1.0;0.951;true
Buteo_jamaicensis_2;1686;1605;81;81;1.0;0.951;true
Caiman_croccodilus_1;1485;1473;12;12;0.991;0.991;true
Caiman_croccodilus_2;1485;1473;12;12;0.991;0.991;true
Calandrella_brachydactyla_1;1572;1551;21;21;1.0;0.986;true
Calandrella_brachydactyla_2;1572;1551;21;21;1.0;0.986;true
Calyptomena_viridis_1;1701;1605;96;96;1.0;0.943;true
Calyptomena_viridis_2;1701;1605;96;96;1.0;0.943;true
Capito_niger_1;1554;1554;0;0;1.0;1.0;true
Capito_niger_2;1554;1554;0;0;1.0;1.0;true
Caprimulgus_europaeus_1;1596;1593;3;3;1.0;0.998;true
Caprimulgus_europaeus_2;1596;1593;3;3;1.0;0.998;true
Caracara_cheriway_1;1677;1605;72;72;1.0;0.957;true
Caracara_cheriway_2;1677;1605;72;72;1.0;0.957;true
Cariama_cristata_1;1743;1605;138;138;1.0;0.92;true
Cariama_cristata_2;1743;1605;138;138;1.0;0.92;true
Casuarius_bennetti_1;1668;1599;69;69;1.0;0.958;true
Casuarius_bennetti_2;1668;1599;69;69;1.0;0.958;true
Cathartes_burrovianus_1;1668;1605;63;63;1.0;0.962;true
Cathartes_burrovianus_2;1668;1605;63;63;1.0;0.962;true
Centropus_bengalensis_1;1875;1596;279;279;1.0;0.851;true
Centropus_bengalensis_2;1875;1596;279;279;1.0;0.851;true
Chaetura_brachyura_1;1695;1593;102;102;1.0;0.939;true
Chaetura_brachyura_2;1695;1593;102;102;1.0;0.939;true
Charadrius_hiaticula_1;1089;1089;0;0;1.0;1.0;true
Charadrius_hiaticula_2;1089;1089;0;0;1.0;1.0;true
Chauna_torquata_1;1974;1602;372;372;1.0;0.811;true
Chauna_torquata_2;1974;1602;372;372;1.0;0.811;true
Chelidoptera_tenebrosa_1;1467;1467;0;0;1.0;1.0;true
Chelidoptera_tenebrosa_2;1467;1467;0;0;1.0;1.0;true
Chloroceryle_inda_1;1656;1605;51;51;1.0;0.969;true
Chloroceryle_inda_2;1656;1605;51;51;1.0;0.969;true
Chordeiles_pusillus_1;1716;1605;111;111;1.0;0.935;true
Chordeiles_pusillus_2;1716;1605;111;111;1.0;0.935;true
Chroicocephalus_cirrocephalus_1;1506;1359;147;147;1.0;0.902;true
Chroicocephalus_cirrocephalus_2;1506;1359;147;147;1.0;0.902;true
Chunga_burmeisteri_1;1899;1605;294;294;1.0;0.845;true
Chunga_burmeisteri_2;1899;1605;294;294;1.0;0.845;true
Ciconia_nigra_1;1686;1590;96;96;1.0;0.943;true
Ciconia_nigra_2;1686;1590;96;96;1.0;0.943;true
Climacteris_melanura_1;1767;1605;162;162;1.0;0.908;true
Climacteris_melanura_2;1767;1605;162;162;1.0;0.908;true
Coccyzus_melacoryphus_1;1689;1602;87;87;1.0;0.948;true
Coccyzus_melacoryphus_2;1689;1602;87;87;1.0;0.948;true
Colinus_cristatus_1;1476;1476;0;0;1.0;1.0;true
Colinus_cristatus_2;1476;1476;0;0;1.0;1.0;true
Colius_colius_1;1662;1566;96;96;1.0;0.942;true
Colius_colius_2;1662;1566;96;96;1.0;0.942;true
Columba_livia_1;1710;1605;105;105;1.0;0.938;true
Columba_livia_2;1710;1605;105;105;1.0;0.938;true
Columbina_minuta_1;1842;1605;237;237;1.0;0.871;true
Columbina_minuta_2;1842;1605;237;237;1.0;0.871;true
Coracias_cyanogaster_1;1860;1605;255;255;1.0;0.862;true
Coracias_cyanogaster_2;1860;1605;255;255;1.0;0.862;true
Corvus_albus_1;1710;1605;105;105;1.0;0.938;true
Corvus_albus_2;1710;1605;105;105;1.0;0.938;true
Corythaeola_cristata_1;1299;1299;0;0;1.0;1.0;true
Corythaeola_cristata_2;1299;1299;0;0;1.0;1.0;true
Cotinga_cayana_1;1611;1590;21;21;1.0;0.986;true
Cotinga_cayana_2;1611;1590;21;21;1.0;0.986;true
Crax_alector_1;1719;1593;126;126;1.0;0.926;true
Crax_alector_2;1719;1593;126;126;1.0;0.926;true
Crocodylus_porosus_1;1617;1566;51;51;0.992;0.968;true
Crocodylus_porosus_2;1617;1566;51;51;0.992;0.968;true
Cryptopipo_aenigma_1;1218;1170;48;48;1.0;0.96;true
Cryptopipo_aenigma_2;1218;1170;48;48;1.0;0.96;true
Crypturellus_tataupa_1;1698;1611;87;87;1.0;0.948;true
Crypturellus_tataupa_2;1698;1611;87;87;1.0;0.948;true
Cuculus_optatus_1;1686;1605;81;81;1.0;0.951;true
Cuculus_optatus_2;1686;1605;81;81;1.0;0.951;true
Dendrocygna_viduata_1;1341;1341;0;0;1.0;1.0;true
Dendrocygna_viduata_2;1341;1341;0;0;1.0;1.0;true
Deroptyus_accipitrinus_1;1635;1593;42;42;1.0;0.974;true
Deroptyus_accipitrinus_2;1635;1593;42;42;1.0;0.974;true
Dromaius_novaehollandiae_1;1650;1602;48;48;1.0;0.97;true
Dromaius_novaehollandiae_2;1650;1602;48;48;1.0;0.97;true
Elaenia_flavogaster_1;1950;1605;345;345;1.0;0.823;true
Elaenia_flavogaster_2;1950;1605;345;345;1.0;0.823;true
Elanus_leucurus_1;1521;1482;39;39;1.0;0.974;true
Elanus_leucurus_2;1521;1482;39;39;1.0;0.974;true
Eudromia_elegans_1;1824;1596;228;228;0.99;0.875;true
Eudromia_elegans_2;1824;1596;228;228;0.99;0.875;true
Eurostopodus_macrotis_1;1824;1605;219;219;1.0;0.879;true
Eurostopodus_macrotis_2;1824;1605;219;219;1.0;0.879;true
Eurylaimus_ochromalus_1;1542;1497;45;45;1.0;0.97;true
Eurylaimus_ochromalus_2;1542;1497;45;45;1.0;0.97;true
Eurypyga_helias_1;1719;1605;114;114;1.0;0.933;true
Eurypyga_helias_2;1719;1605;114;114;1.0;0.933;true
Falco_sparverius_1;1794;1605;189;189;1.0;0.894;true
Falco_sparverius_2;1794;1605;189;189;1.0;0.894;true
Fregata_magnificens_1;1506;1452;54;54;1.0;0.964;true
Fregata_magnificens_2;1506;1452;54;54;1.0;0.964;true
Fringilla_coelebs_1;1710;1590;120;120;1.0;0.929;true
Fringilla_coelebs_2;1710;1590;120;120;1.0;0.929;true
Fulmarus_glacialoides_1;1806;1608;198;198;1.0;0.89;true
Fulmarus_glacialoides_2;1806;1608;198;198;1.0;0.89;true
Furnarius_rufus_1;1614;1602;12;12;1.0;0.992;true
Furnarius_rufus_2;1614;1602;12;12;1.0;0.992;true
Galbula_dea_1;1008;894;114;114;0.993;0.886;true
Galbula_dea_2;1008;894;114;114;0.993;0.886;true
Gallus_gallus_1;1818;1602;216;216;1.0;0.881;true
Gallus_gallus_2;1818;1602;216;216;1.0;0.881;true
Gavia_immer_1;1554;1554;0;0;1.0;1.0;true
Gavia_immer_2;1554;1554;0;0;1.0;1.0;true
Glareola_nuchalis_1;2124;1605;519;519;1.0;0.755;true
Glareola_nuchalis_2;2124;1605;519;519;1.0;0.755;true
Grus_canadensis_1;1719;1605;114;114;1.0;0.933;true
Grus_canadensis_2;1719;1605;114;114;1.0;0.933;true
Haematopus_palliatus_1;1836;1605;231;231;1.0;0.874;true
Haematopus_palliatus_2;1836;1605;231;231;1.0;0.874;true
Heliornis_fulica_1;1872;1605;267;267;1.0;0.857;true
Heliornis_fulica_2;1872;1605;267;267;1.0;0.857;true
Hemiprocne_comata_1;912;912;0;0;1.0;1.0;true
Hemiprocne_comata_2;912;912;0;0;1.0;1.0;true
Hirundinea_ferruginea_1;1806;1605;201;201;1.0;0.888;true
Hirundinea_ferruginea_2;1806;1605;201;201;1.0;0.888;true
Hymenops_perspicillatus_1;1641;1581;60;60;1.0;0.963;true
Hymenops_perspicillatus_2;1641;1581;60;60;1.0;0.963;true
Ibycter_americanus_1;1641;1605;36;36;1.0;0.978;true
Ibycter_americanus_2;1641;1605;36;36;1.0;0.978;true
Indicator_exilis_1;1734;1605;129;129;1.0;0.925;true
Indicator_exilis_2;1734;1605;129;129;1.0;0.925;true
Ixobrychus_minutus_1;1767;1608;159;159;1.0;0.91;true
Ixobrychus_minutus_2;1767;1608;159;159;1.0;0.91;true
Jacana_jacana_1;1755;1608;147;147;1.0;0.916;true
Jacana_jacana_2;1755;1608;147;147;1.0;0.916;true
Jynx_torquilla_1;1746;1599;147;147;1.0;0.915;true
Jynx_torquilla_2;1746;1599;147;147;1.0;0.915;true
Leipoa_ocellata_1;1701;1602;99;99;1.0;0.941;true
Leipoa_ocellata_2;1701;1602;99;99;1.0;0.941;true
Lepidocolaptes_angustirostr_1;1686;1605;81;81;1.0;0.951;true
Lepidocolaptes_angustirostr_2;1686;1605;81;81;1.0;0.951;true
Leptoptilos_crumeniferus_1;1872;1608;264;264;1.0;0.858;true
Leptoptilos_crumeniferus_2;1872;1608;264;264;1.0;0.858;true
Leptosomus_discolor_1;816;801;15;15;1.0;0.981;true
Leptosomus_discolor_2;816;801;15;15;1.0;0.981;true
Leptotila_rufaxilla_1;1773;1605;168;168;1.0;0.905;true
Leptotila_rufaxilla_2;1773;1605;168;168;1.0;0.905;true
Limosa_lapponica_1;1653;1545;108;108;1.0;0.934;true
Limosa_lapponica_2;1653;1545;108;108;1.0;0.934;true
Lophorina_superba_1;1191;1191;0;0;1.0;1.0;true
Lophorina_superba_2;1191;1191;0;0;1.0;1.0;true
Malurus_splendens_1;1179;1179;0;0;1.0;1.0;true
Malurus_splendens_2;1179;1179;0;0;1.0;1.0;true
Megalaima_chrysopogon_1;1761;1605;156;156;1.0;0.911;true
Megalaima_chrysopogon_2;1761;1605;156;156;1.0;0.911;true
Melanopareia_maximilian_1;1677;1557;120;120;1.0;0.928;true
Melanopareia_maximilian_2;1677;1557;120;120;1.0;0.928;true
Menura_novaehollandiae_1;1677;1605;72;72;1.0;0.957;true
Menura_novaehollandiae_2;1677;1605;72;72;1.0;0.957;true
Merops_muelleri_1;1692;1605;87;87;1.0;0.948;true
Merops_muelleri_2;1692;1605;87;87;1.0;0.948;true
Mesitornis_unicolor_1;1788;1605;183;183;1.0;0.897;true
Mesitornis_unicolor_2;1788;1605;183;183;1.0;0.897;true
Micrastur_gilvicollis_1;1983;1605;378;378;1.0;0.809;true
Micrastur_gilvicollis_2;1983;1605;378;378;1.0;0.809;true
Micropygia_schomburgkii_1;1755;1605;150;150;0.998;0.914;true
Micropygia_schomburgkii_2;1755;1605;150;150;0.998;0.914;true
Momotus_lessonii_1;1653;1605;48;48;1.0;0.97;true
Momotus_lessonii_2;1653;1605;48;48;1.0;0.97;true
Monias_benschi_1;1785;1605;180;180;1.0;0.899;true
Monias_benschi_2;1785;1605;180;180;1.0;0.899;true
Morus_serrator_1;1596;1596;0;0;1.0;1.0;true
Morus_serrator_2;1596;1596;0;0;1.0;1.0;true
Myiobius_barbatus_1;1623;1602;21;21;1.0;0.987;true
Myiobius_barbatus_2;1623;1602;21;21;1.0;0.987;true
Myrmornis_torquata_1;1599;1515;84;84;1.0;0.947;true
Myrmornis_torquata_2;1599;1515;84;84;1.0;0.947;true
Myrmothera_campanisona_1;1572;1572;0;0;1.0;1.0;true
Myrmothera_campanisona_2;1572;1572;0;0;1.0;1.0;true
Neodrepanis_coruscans_1;1671;1605;66;66;1.0;0.96;true
Neodrepanis_coruscans_2;1671;1605;66;66;1.0;0.96;true
Neopelma_chrysocephalum_1;1737;1605;132;132;1.0;0.924;true
Neopelma_chrysocephalum_2;1737;1605;132;132;1.0;0.924;true
Nestor_meridionalis_1;1626;1578;48;48;1.0;0.97;true
Nestor_meridionalis_2;1626;1578;48;48;1.0;0.97;true
Nothoprocta_ornata_1;1821;1593;228;228;0.99;0.874;true
Nothoprocta_ornata_2;1821;1593;228;228;0.99;0.874;true
Numida_malagris_1;1890;1602;288;288;1.0;0.847;true
Numida_malagris_2;1890;1602;288;288;1.0;0.847;true
Nyctibius_griseus_1;1977;1605;372;372;1.0;0.811;true
Nyctibius_griseus_2;1977;1605;372;372;1.0;0.811;true
Oceanites_oceanicus_1;1689;1608;81;81;1.0;0.952;true
Oceanites_oceanicus_2;1689;1608;81;81;1.0;0.952;true
Oceanodroma_leucorhoa_1;1602;1488;114;114;1.0;0.928;true
Oceanodroma_leucorhoa_2;1602;1488;114;114;1.0;0.928;true
Odontophorus_gujanensis_1;1791;1602;189;189;1.0;0.894;true
Odontophorus_gujanensis_2;1791;1602;189;189;1.0;0.894;true
Opisthocomus_hoazin_1;1578;1479;99;99;1.0;0.937;true
Opisthocomus_hoazin_2;1578;1479;99;99;1.0;0.937;true
Ortalis_motmot_1;1536;1431;105;105;1.0;0.931;true
Ortalis_motmot_2;1536;1431;105;105;1.0;0.931;true
Oxyruncus_cristatus_1;1680;1599;81;81;1.0;0.951;true
Oxyruncus_cristatus_2;1680;1599;81;81;1.0;0.951;true
Oxyura_jamaicensis_1;1722;1602;120;120;1.0;0.93;true
Oxyura_jamaicensis_2;1722;1602;120;120;1.0;0.93;true
Pandion_haliaetus_1;1566;1566;0;0;1.0;1.0;true
Pandion_haliaetus_2;1566;1566;0;0;1.0;1.0;true
Pedionomus_torquatus_1;2452;1605;847;847;1.0;0.654;true
Pedionomus_torquatus_2;2452;1605;847;847;1.0;0.654;true
Pelagodroma_marina_1;837;825;12;12;1.0;0.985;true
Pelagodroma_marina_2;837;825;12;12;1.0;0.985;true
Pelecanoides_urinatrix_1;1716;1608;108;108;1.0;0.937;true
Pelecanoides_urinatrix_2;1716;1608;108;108;1.0;0.937;true
Pelecanus_occidentalis_1;1827;1608;219;219;1.0;0.88;true
Pelecanus_occidentalis_2;1827;1608;219;219;1.0;0.88;true
Phaethon_rubricauda_1;1620;1500;120;120;1.0;0.925;true
Phaethon_rubricauda_2;1620;1500;120;120;1.0;0.925;true
Phaethornis_superciliosus_1;1710;1605;105;105;1.0;0.938;true
Phaethornis_superciliosus_2;1710;1605;105;105;1.0;0.938;true
Phalacrocorax_brasili_1;1848;1608;240;240;1.0;0.87;true
Phalacrocorax_brasili_2;1848;1608;240;240;1.0;0.87;true
Phoebastria_nigripes_1;1737;1608;129;129;1.0;0.925;true
Phoebastria_nigripes_2;1737;1608;129;129;1.0;0.925;true
Phoenicopterus_ruber_1;1050;1050;0;0;1.0;1.0;true
Phoenicopterus_ruber_2;1050;1050;0;0;1.0;1.0;true
Phoeniculus_purpureus_1;1434;1386;48;48;1.0;0.966;true
Phoeniculus_purpureus_2;1434;1386;48;48;1.0;0.966;true
Picus_canus_1;1626;1605;21;21;1.0;0.987;true
Picus_canus_2;1626;1605;21;21;1.0;0.987;true
Pipra_erythrocephala_1;1680;1602;78;78;1.0;0.953;true
Pipra_erythrocephala_2;1680;1602;78;78;1.0;0.953;true
Piprites_chloris_1;1764;1605;159;159;1.0;0.909;true
Piprites_chloris_2;1764;1605;159;159;1.0;0.909;true
Pitta_angolensis_1;1668;1596;72;72;1.0;0.956;true
Pitta_angolensis_2;1668;1596;72;72;1.0;0.956;true
Podargus_strigoides_1;1812;1605;207;207;1.0;0.885;true
Podargus_strigoides_2;1812;1605;207;207;1.0;0.885;true
Poecile_lugubris_1;1770;1605;165;165;1.0;0.906;true
Poecile_lugubris_2;1770;1605;165;165;1.0;0.906;true
Porphyrio_porphyrio_1;1167;924;243;243;1.0;0.791;true
Porphyrio_porphyrio_2;1167;924;243;243;1.0;0.791;true
Probosciger_aterrimus_1;1638;1554;84;84;1.0;0.948;true
Probosciger_aterrimus_2;1638;1554;84;84;1.0;0.948;true
Psittacus_erithacus_1;1731;1596;135;135;1.0;0.922;true
Psittacus_erithacus_2;1731;1596;135;135;1.0;0.922;true
Psittrichas_fulgidus_1;1629;1596;33;33;1.0;0.979;true
Psittrichas_fulgidus_2;1629;1596;33;33;1.0;0.979;true
Psophia_crepitans_1;1692;1605;87;87;1.0;0.948;true
Psophia_crepitans_2;1692;1605;87;87;1.0;0.948;true
Pterocles_bicinctus_1;1593;1587;6;6;0.998;0.996;true
Pterocles_bicinctus_2;1593;1587;6;6;0.998;0.996;true
Pterodroma_externa_1;1689;1605;84;84;1.0;0.95;true
Pterodroma_externa_2;1689;1605;84;84;1.0;0.95;true
Ptilinopus_magnificus_1;1839;1593;246;246;1.0;0.866;true
Ptilinopus_magnificus_2;1839;1593;246;246;1.0;0.866;true
Ptilonorhynchus_violaceus_1;1713;1605;108;108;1.0;0.936;true
Ptilonorhynchus_violaceus_2;1713;1605;108;108;1.0;0.936;true
Puffinus_griseus_1;1707;1608;99;99;1.0;0.942;true
Puffinus_griseus_2;1707;1608;99;99;1.0;0.942;true
Pycnonotus_macrotis_1;1500;1500;0;0;1.0;1.0;true
Pycnonotus_macrotis_2;1500;1500;0;0;1.0;1.0;true
Rallus_longirostris_1;1515;1491;24;24;1.0;0.984;true
Rallus_longirostris_2;1515;1491;24;24;1.0;0.984;true
Ramphastos_ambiguus_1;1794;1605;189;189;1.0;0.894;true
Ramphastos_ambiguus_2;1794;1605;189;189;1.0;0.894;true
Recurvirostra_americana_1;1683;1602;81;81;1.0;0.951;true
Recurvirostra_americana_2;1683;1602;81;81;1.0;0.951;true
Regulus_ignicapilla_1;1821;1605;216;216;1.0;0.881;true
Regulus_ignicapilla_2;1821;1605;216;216;1.0;0.881;true
Rhea_americana_1;1665;1599;66;66;1.0;0.96;true
Rhea_americana_2;1665;1599;66;66;1.0;0.96;true
Rhynchocyclus_olivaceus_1;1767;1605;162;162;1.0;0.908;true
Rhynchocyclus_olivaceus_2;1767;1605;162;162;1.0;0.908;true
Rollandia_rolland_1;1743;1605;138;138;0.998;0.92;true
Rollandia_rolland_2;1743;1605;138;138;0.998;0.92;true
Rollulus_rouloul_1;1725;1602;123;123;1.0;0.928;true
Rollulus_rouloul_2;1725;1602;123;123;1.0;0.928;true
Rostratula_benghalensis_1;1509;1509;0;0;1.0;1.0;true
Rostratula_benghalensis_2;1509;1509;0;0;1.0;1.0;true
Rupicola_rupicola_1;1695;1605;90;90;1.0;0.946;true
Rupicola_rupicola_2;1695;1605;90;90;1.0;0.946;true
Rynchops_niger_1;1746;1599;147;147;1.0;0.915;true
Rynchops_niger_2;1746;1599;147;147;1.0;0.915;true
Sagittarius_serpentarius_1;1527;1482;45;45;1.0;0.97;true
Sagittarius_serpentarius_2;1527;1482;45;45;1.0;0.97;true
Sarothrura_rufa_1;1062;918;144;144;1.0;0.864;true
Sarothrura_rufa_2;1062;918;144;144;1.0;0.864;true
Schiffornis_turdina_1;1710;1605;105;105;1.0;0.938;true
Schiffornis_turdina_2;1710;1605;105;105;1.0;0.938;true
Sclerurus_mexicanus_1;1791;1605;186;186;1.0;0.896;true
Sclerurus_mexicanus_2;1791;1605;186;186;1.0;0.896;true
Scopus_umbretta_1;1353;1353;0;0;1.0;1.0;true
Scopus_umbretta_2;1353;1353;0;0;1.0;1.0;true
Sericulus_bakeri_1;1833;1605;228;228;1.0;0.875;true
Sericulus_bakeri_2;1833;1605;228;228;1.0;0.875;true
Smithornis_rufolateralis_1;1857;1605;252;252;1.0;0.864;true
Smithornis_rufolateralis_2;1857;1605;252;252;1.0;0.864;true
Spheniscus_humboldti_1;1116;1080;36;36;0.997;0.967;true
Spheniscus_humboldti_2;1116;1080;36;36;0.997;0.967;true
Spizella_arborea_1;1362;1332;30;30;1.0;0.977;true
Spizella_arborea_2;1362;1332;30;30;1.0;0.977;true
Steatornis_caripensi_1;504;504;0;0;1.0;1.0;true
Steatornis_caripensi_2;504;504;0;0;1.0;1.0;true
Sterna_hirundo_1;1401;1401;0;0;1.0;1.0;true
Sterna_hirundo_2;1401;1401;0;0;1.0;1.0;true
Streptoprocne_zonaris_1;1644;1590;54;54;1.0;0.967;true
Streptoprocne_zonaris_2;1644;1590;54;54;1.0;0.967;true
Strix_varia_1;1458;1458;0;0;1.0;1.0;true
Strix_varia_2;1458;1458;0;0;1.0;1.0;true
Struthio_camelus_1;1605;1512;93;93;1.0;0.942;true
Struthio_camelus_2;1605;1512;93;93;1.0;0.942;true
Sylvia_melanocephala_1;1566;1566;0;0;1.0;1.0;true
Sylvia_melanocephala_2;1566;1566;0;0;1.0;1.0;true
Syrrhaptes_paradoxus_1;1245;1224;21;21;1.0;0.983;true
Syrrhaptes_paradoxus_2;1245;1224;21;21;1.0;0.983;true
Tapera_naevia_1;1788;1605;183;183;1.0;0.897;true
Tapera_naevia_2;1788;1605;183;183;1.0;0.897;true
Tauraco_macrorhynchus_1;1470;1470;0;0;1.0;1.0;true
Tauraco_macrorhynchus_2;1470;1470;0;0;1.0;1.0;true
Terenura_callinota_1;1746;1605;141;141;1.0;0.919;true
Terenura_callinota_2;1746;1605;141;141;1.0;0.919;true
Thamnophilus_ruficapillu_1;1680;1572;108;108;1.0;0.935;true
Thamnophilus_ruficapillu_2;1680;1572;108;108;1.0;0.935;true
Theristicus_caerulescens_1;1695;1608;87;87;1.0;0.948;true
Theristicus_caerulescens_2;1695;1608;87;87;1.0;0.948;true
Tigrisoma_lineatum_1;1551;1494;57;57;1.0;0.963;true
Tigrisoma_lineatum_2;1551;1494;57;57;1.0;0.963;true
Tinamus_major_1;1767;1611;156;156;1.0;0.911;true
Tinamus_major_2;1767;1611;156;156;1.0;0.911;true
Tityra_cayana_1;708;708;0;0;1.0;1.0;true
Tityra_cayana_2;708;708;0;0;1.0;1.0;true
Tockus_camurus_1;1536;1515;21;21;1.0;0.986;true
Tockus_camurus_2;1536;1515;21;21;1.0;0.986;true
Todus_mexicanus_1;1614;1569;45;45;1.0;0.972;true
Todus_mexicanus_2;1614;1569;45;45;1.0;0.972;true
Topaza_pella_1;1758;1605;153;153;1.0;0.912;true
Topaza_pella_2;1758;1605;153;153;1.0;0.912;true
Treron_calvus_1;1827;1605;222;222;1.0;0.878;true
Treron_calvus_2;1827;1605;222;222;1.0;0.878;true
Tringa_solitaria_1;1653;1566;87;87;1.0;0.947;true
Tringa_solitaria_2;1653;1566;87;87;1.0;0.947;true
Trogon_elegans_1;1686;1605;81;81;1.0;0.951;true
Trogon_elegans_2;1686;1605;81;81;1.0;0.951;true
Turdus_olivater_1;1740;1605;135;135;1.0;0.922;true
Turdus_olivater_2;1740;1605;135;135;1.0;0.922;true
Turnix_ocellata_1;666;666;0;0;1.0;1.0;true
Turnix_ocellata_2;666;666;0;0;1.0;1.0;true
Tyrannus_albogularis_1;1827;1605;222;222;1.0;0.878;true
Tyrannus_albogularis_2;1827;1605;222;222;1.0;0.878;true
Tyto_alba_1;705;705;0;0;1.0;1.0;true
Tyto_alba_2;705;705;0;0;1.0;1.0;true
Upupa_epops_1;1611;1500;111;111;1.0;0.931;true
Upupa_epops_2;1611;1500;111;111;1.0;0.931;true
Uria_aalge_1;1590;1494;96;96;1.0;0.939;true
Uria_aalge_2;1590;1494;96;96;1.0;0.939;true
Urocolius_indicus_1;753;753;0;0;1.0;1.0;true
Urocolius_indicus_2;753;753;0;0;1.0;1.0;true
Vultur_gryphus_1;1413;1410;3;3;1.0;0.997;true
Vultur_gryphus_2;1413;1410;3;3;1.0;0.997;true
