seqName;initialSeqLength;nbKeep;nbTrim;nbInformativeTrim;percentKeepExcludingExtremities;percentKeepIncludingExtremities;keptSequences
Acanthisitta_chloris_1;1734;1413;321;321;1.0;0.814;true
Acanthisitta_chloris_2;1734;1413;321;321;1.0;0.814;true
Accipiter_superciliosus_1;1527;1353;174;174;1.0;0.886;true
Accipiter_superciliosus_2;1527;1353;174;174;1.0;0.886;true
Aegotheles_insignis_1;1563;1422;141;141;1.0;0.909;true
Aegotheles_insignis_2;1563;1422;141;141;1.0;0.909;true
Alcedo_quadribrachys_1;1548;1419;129;129;1.0;0.916;true
Alcedo_quadribrachys_2;1548;1419;129;129;1.0;0.916;true
Anas_superciliosa_1;1044;1044;0;0;1.0;1.0;true
Anas_superciliosa_2;1044;1044;0;0;1.0;1.0;true
Anhinga_anhinga_1;1641;1422;219;219;1.0;0.866;true
Anhinga_anhinga_2;1641;1422;219;219;1.0;0.866;true
Anser_canagicus_1;1518;1419;99;99;1.0;0.934;true
Anser_canagicus_2;1518;1419;99;99;1.0;0.934;true
Anseranas_semipalmata_1;1617;1407;210;210;1.0;0.87;true
Anseranas_semipalmata_2;1617;1407;210;210;1.0;0.87;true
Apaloderma_aequatoriale_1;1533;1422;111;111;1.0;0.927;true
Apaloderma_aequatoriale_2;1533;1422;111;111;1.0;0.927;true
Apteryx_sp._1;1665;1422;243;243;1.0;0.854;true
Apteryx_sp._2;1665;1422;243;243;1.0;0.854;true
Aramus_guarauna_1;1794;1419;375;375;1.0;0.79;true
Aramus_guarauna_2;1794;1419;375;375;1.0;0.79;true
Archilochus_colubris_1;1635;1416;219;219;1.0;0.866;true
Archilochus_colubris_2;1635;1416;219;219;1.0;0.866;true
Ardea_herodias_1;1725;1422;303;303;1.0;0.824;true
Ardea_herodias_2;1725;1422;303;303;1.0;0.824;true
Ardeotis_kori_1;1707;1422;285;285;1.0;0.833;true
Ardeotis_kori_2;1707;1422;285;285;1.0;0.833;true
Arenaria_interpres_1;783;714;69;69;1.0;0.911;true
Arenaria_interpres_2;783;714;69;69;1.0;0.911;true
Atelornis_pittoides_1;1545;1422;123;123;1.0;0.92;true
Atelornis_pittoides_2;1545;1422;123;123;1.0;0.92;true
Aythya_valisineria_1;1512;1401;111;111;1.0;0.926;true
Aythya_valisineria_2;1512;1401;111;111;1.0;0.926;true
Balaeniceps_rex_1;1746;1422;324;324;1.0;0.814;true
Balaeniceps_rex_2;1746;1422;324;324;1.0;0.814;true
Balearica_regulorum_1;699;648;51;51;1.0;0.927;true
Balearica_regulorum_2;699;648;51;51;1.0;0.927;true
Barnardius_zonarius_1;1368;1368;0;0;1.0;1.0;true
Barnardius_zonarius_2;1368;1368;0;0;1.0;1.0;true
Bonasa_umbellus_1;1659;1419;240;240;1.0;0.855;true
Bonasa_umbellus_2;1659;1419;240;240;1.0;0.855;true
Bucco_capensis_1;1545;1413;132;132;1.0;0.914;true
Bucco_capensis_2;1545;1413;132;132;1.0;0.914;true
Bucorvus_leadbeateri_1;1500;1416;84;84;1.0;0.944;true
Bucorvus_leadbeateri_2;1500;1416;84;84;1.0;0.944;true
Burhinus_oedicnemus_1;1545;1422;123;123;1.0;0.92;true
Burhinus_oedicnemus_2;1545;1422;123;123;1.0;0.92;true
Buteo_jamaicensis_1;1698;1410;288;288;1.0;0.83;true
Buteo_jamaicensis_2;1698;1410;288;288;1.0;0.83;true
Caiman_croccodilus_1;750;681;69;69;1.0;0.908;true
Caiman_croccodilus_2;750;681;69;69;1.0;0.908;true
Calandrella_brachydactyla_1;1554;1425;129;129;1.0;0.916;true
Calandrella_brachydactyla_2;1554;1425;129;129;1.0;0.916;true
Calyptomena_viridis_1;1548;1422;126;126;1.0;0.918;true
Calyptomena_viridis_2;1548;1422;126;126;1.0;0.918;true
Capito_niger_1;435;435;0;0;1.0;1.0;true
Capito_niger_2;435;435;0;0;1.0;1.0;true
Caprimulgus_europaeus_1;1530;1419;111;111;0.997;0.927;true
Caprimulgus_europaeus_2;1530;1419;111;111;0.997;0.927;true
Caracara_cheriway_1;1581;1422;159;159;1.0;0.899;true
Caracara_cheriway_2;1581;1422;159;159;1.0;0.899;true
Cariama_cristata_1;1719;1422;297;297;1.0;0.827;true
Cariama_cristata_2;1719;1422;297;297;1.0;0.827;true
Casuarius_bennetti_1;1638;1419;219;219;1.0;0.866;true
Casuarius_bennetti_2;1638;1419;219;219;1.0;0.866;true
Cathartes_burrovianus_1;975;975;0;0;1.0;1.0;true
Cathartes_burrovianus_2;975;975;0;0;1.0;1.0;true
Centropus_bengalensis_1;1881;1413;468;468;1.0;0.751;true
Centropus_bengalensis_2;1881;1413;468;468;1.0;0.751;true
Chaetura_brachyura_1;1614;1416;198;198;1.0;0.877;true
Chaetura_brachyura_2;1614;1416;198;198;1.0;0.877;true
Charadrius_hiaticula_1;1404;1401;3;3;1.0;0.997;true
Charadrius_hiaticula_2;1404;1401;3;3;1.0;0.997;true
Chauna_torquata_1;1611;1419;192;192;1.0;0.88;true
Chauna_torquata_2;1611;1419;192;192;1.0;0.88;true
Chelidoptera_tenebrosa_1;1569;1419;150;150;1.0;0.904;true
Chelidoptera_tenebrosa_2;1569;1419;150;150;1.0;0.904;true
Chloroceryle_inda_1;1665;1422;243;243;1.0;0.854;true
Chloroceryle_inda_2;1665;1422;243;243;1.0;0.854;true
Chordeiles_pusillus_1;1743;1422;321;321;1.0;0.815;true
Chordeiles_pusillus_2;1743;1422;321;321;1.0;0.815;true
Chroicocephalus_cirrocephalus_1;1377;1377;0;0;1.0;1.0;true
Chroicocephalus_cirrocephalus_2;1377;1377;0;0;1.0;1.0;true
Chunga_burmeisteri_1;1674;1422;252;252;1.0;0.849;true
Chunga_burmeisteri_2;1674;1422;252;252;1.0;0.849;true
Ciconia_nigra_1;1092;1092;0;0;1.0;1.0;true
Ciconia_nigra_2;1092;1092;0;0;1.0;1.0;true
Climacteris_melanura_1;1659;1413;246;246;1.0;0.851;true
Climacteris_melanura_2;1659;1413;246;246;1.0;0.851;true
Coccyzus_melacoryphus_1;1485;1368;117;117;1.0;0.921;true
Coccyzus_melacoryphus_2;1485;1368;117;117;1.0;0.921;true
Colinus_cristatus_1;1557;1413;144;144;1.0;0.907;true
Colinus_cristatus_2;1557;1413;144;144;1.0;0.907;true
Colius_colius_1;1482;1374;108;108;1.0;0.927;true
Colius_colius_2;1482;1374;108;108;1.0;0.927;true
Columba_livia_1;1566;1419;147;147;1.0;0.906;true
Columba_livia_2;1566;1419;147;147;1.0;0.906;true
Columbina_minuta_1;1593;1422;171;171;1.0;0.892;true
Columbina_minuta_2;1593;1422;171;171;1.0;0.892;true
Coracias_cyanogaster_1;1629;1419;210;210;1.0;0.871;true
Coracias_cyanogaster_2;1629;1419;210;210;1.0;0.871;true
Corvus_albus_1;1560;1425;135;135;1.0;0.913;true
Corvus_albus_2;1560;1425;135;135;1.0;0.913;true
Corythaeola_cristata_1;1023;1023;0;0;1.0;1.0;true
Corythaeola_cristata_2;1023;1023;0;0;1.0;1.0;true
Cotinga_cayana_1;1404;1401;3;3;1.0;0.997;true
Cotinga_cayana_2;1404;1401;3;3;1.0;0.997;true
Crax_alector_1;1623;1410;213;213;1.0;0.868;true
Crax_alector_2;1623;1410;213;213;1.0;0.868;true
Crocodylus_porosus_1;882;810;72;72;1.0;0.918;true
Crocodylus_porosus_2;882;810;72;72;1.0;0.918;true
Cryptopipo_aenigma_1;1512;1422;90;90;1.0;0.94;true
Cryptopipo_aenigma_2;1512;1422;90;90;1.0;0.94;true
Crypturellus_tataupa_1;1092;1017;75;75;0.976;0.931;true
Crypturellus_tataupa_2;1092;1017;75;75;0.976;0.931;true
Cuculus_optatus_1;1443;1422;21;21;1.0;0.985;true
Cuculus_optatus_2;1443;1422;21;21;1.0;0.985;true
Dendrocygna_viduata_1;1167;1095;72;72;1.0;0.938;true
Dendrocygna_viduata_2;1167;1095;72;72;1.0;0.938;true
Deroptyus_accipitrinus_1;1392;1371;21;21;1.0;0.984;true
Deroptyus_accipitrinus_2;1392;1371;21;21;1.0;0.984;true
Dromaius_novaehollandiae_1;1368;1368;0;0;1.0;1.0;true
Dromaius_novaehollandiae_2;1368;1368;0;0;1.0;1.0;true
Elaenia_flavogaster_1;1725;1419;306;306;1.0;0.822;true
Elaenia_flavogaster_2;1725;1419;306;306;1.0;0.822;true
Elanus_leucurus_1;1617;1410;207;207;1.0;0.871;true
Elanus_leucurus_2;1617;1410;207;207;1.0;0.871;true
Eudromia_elegans_1;243;243;0;0;1.0;1.0;true
Eudromia_elegans_2;243;243;0;0;1.0;1.0;true
Eurostopodus_macrotis_1;1653;1422;231;231;0.997;0.86;true
Eurostopodus_macrotis_2;1653;1422;231;231;0.997;0.86;true
Eurylaimus_ochromalus_1;1371;1356;15;15;1.0;0.989;true
Eurylaimus_ochromalus_2;1371;1356;15;15;1.0;0.989;true
Eurypyga_helias_1;1011;1011;0;0;1.0;1.0;true
Eurypyga_helias_2;1011;1011;0;0;1.0;1.0;true
Falco_sparverius_1;1794;1413;381;381;1.0;0.787;true
Falco_sparverius_2;1794;1413;381;381;1.0;0.787;true
Fregata_magnificens_1;1536;1422;114;114;1.0;0.925;true
Fregata_magnificens_2;1536;1422;114;114;1.0;0.925;true
Fringilla_coelebs_1;1521;1425;96;96;0.997;0.936;true
Fringilla_coelebs_2;1521;1425;96;96;0.997;0.936;true
Fulmarus_glacialoides_1;1599;1422;177;177;1.0;0.889;true
Fulmarus_glacialoides_2;1599;1422;177;177;1.0;0.889;true
Furnarius_rufus_1;1419;1392;27;27;1.0;0.98;true
Furnarius_rufus_2;1419;1392;27;27;1.0;0.98;true
Galbula_dea_1;1566;1416;150;150;1.0;0.904;true
Galbula_dea_2;1566;1416;150;150;1.0;0.904;true
Gallus_gallus_1;1845;1419;426;426;1.0;0.769;true
Gallus_gallus_2;1845;1419;426;426;1.0;0.769;true
Gavia_immer_1;1476;1422;54;54;1.0;0.963;true
Gavia_immer_2;1476;1422;54;54;1.0;0.963;true
Glareola_nuchalis_1;1584;1422;162;162;1.0;0.897;true
Glareola_nuchalis_2;1584;1422;162;162;1.0;0.897;true
Grus_canadensis_1;1593;1422;171;171;1.0;0.892;true
Grus_canadensis_2;1593;1422;171;171;1.0;0.892;true
Haematopus_palliatus_1;1770;1422;348;348;1.0;0.803;true
Haematopus_palliatus_2;1770;1422;348;348;1.0;0.803;true
Heliornis_fulica_1;1773;1422;351;351;1.0;0.802;true
Heliornis_fulica_2;1773;1422;351;351;1.0;0.802;true
Hemiprocne_comata_1;1458;1413;45;45;1.0;0.969;true
Hemiprocne_comata_2;1458;1413;45;45;1.0;0.969;true
Hirundinea_ferruginea_1;1587;1419;168;168;1.0;0.894;true
Hirundinea_ferruginea_2;1587;1419;168;168;1.0;0.894;true
Hymenops_perspicillatus_1;1485;1401;84;84;1.0;0.943;true
Hymenops_perspicillatus_2;1485;1401;84;84;1.0;0.943;true
Ibycter_americanus_1;1647;1422;225;225;1.0;0.863;true
Ibycter_americanus_2;1647;1422;225;225;1.0;0.863;true
Indicator_exilis_1;822;693;129;129;0.927;0.843;true
Indicator_exilis_2;822;684;138;138;0.915;0.832;true
Ixobrychus_minutus_1;1656;1422;234;234;1.0;0.858;true
Ixobrychus_minutus_2;1656;1422;234;234;1.0;0.858;true
Jacana_jacana_1;1272;1272;0;0;1.0;1.0;true
Jacana_jacana_2;1272;1272;0;0;1.0;1.0;true
Leipoa_ocellata_1;1395;1395;0;0;1.0;1.0;true
Leipoa_ocellata_2;1395;1395;0;0;1.0;1.0;true
Lepidocolaptes_angustirostr_1;948;948;0;0;1.0;1.0;true
Lepidocolaptes_angustirostr_2;948;948;0;0;1.0;1.0;true
Leptoptilos_crumeniferus_1;1482;1422;60;60;1.0;0.959;true
Leptoptilos_crumeniferus_2;1482;1422;60;60;1.0;0.959;true
Leptosomus_discolor_1;1527;1422;105;105;1.0;0.931;true
Leptosomus_discolor_2;1527;1422;105;105;1.0;0.931;true
Leptotila_rufaxilla_1;1500;1422;78;78;1.0;0.948;true
Leptotila_rufaxilla_2;1500;1422;78;78;1.0;0.948;true
Limosa_lapponica_1;1479;1329;150;150;1.0;0.898;true
Limosa_lapponica_2;1479;1329;150;150;1.0;0.898;true
Lophorina_superba_1;1311;1287;24;24;1.0;0.981;true
Lophorina_superba_2;1311;1287;24;24;1.0;0.981;true
Malurus_splendens_1;501;501;0;0;1.0;1.0;true
Malurus_splendens_2;501;501;0;0;1.0;1.0;true
Melanopareia_maximilian_1;1623;1422;201;201;1.0;0.876;true
Melanopareia_maximilian_2;1623;1422;201;201;1.0;0.876;true
Menura_novaehollandiae_1;1518;1419;99;99;0.997;0.934;true
Menura_novaehollandiae_2;1518;1419;99;99;0.997;0.934;true
Merops_muelleri_1;1695;1422;273;273;1.0;0.838;true
Merops_muelleri_2;1695;1422;273;273;1.0;0.838;true
Mesitornis_unicolor_1;1344;1341;3;3;1.0;0.997;true
Mesitornis_unicolor_2;1344;1341;3;3;1.0;0.997;true
Micrastur_gilvicollis_1;1800;1422;378;378;1.0;0.79;true
Micrastur_gilvicollis_2;1800;1422;378;378;1.0;0.79;true
Micropygia_schomburgkii_1;939;912;27;27;0.996;0.971;true
Micropygia_schomburgkii_2;939;912;27;27;0.996;0.971;true
Momotus_lessonii_1;1587;1422;165;165;1.0;0.896;true
Momotus_lessonii_2;1587;1422;165;165;1.0;0.896;true
Monias_benschi_1;1824;1422;402;402;1.0;0.779;true
Monias_benschi_2;1824;1422;402;402;1.0;0.779;true
Morus_serrator_1;1506;1422;84;84;1.0;0.944;true
Morus_serrator_2;1506;1422;84;84;1.0;0.944;true
Myiobius_barbatus_1;1068;951;117;117;1.0;0.89;true
Myiobius_barbatus_2;1068;951;117;117;1.0;0.89;true
Myrmornis_torquata_1;1611;1419;192;192;1.0;0.88;true
Myrmornis_torquata_2;1611;1419;192;192;1.0;0.88;true
Myrmothera_campanisona_1;1479;1374;105;105;0.997;0.929;true
Myrmothera_campanisona_2;1479;1374;105;105;0.997;0.929;true
Neodrepanis_coruscans_1;1584;1422;162;162;1.0;0.897;true
Neodrepanis_coruscans_2;1584;1422;162;162;1.0;0.897;true
Neopelma_chrysocephalum_1;1524;1356;168;168;1.0;0.889;true
Neopelma_chrysocephalum_2;1524;1356;168;168;1.0;0.889;true
Nestor_meridionalis_1;1422;1413;9;9;1.0;0.993;true
Nestor_meridionalis_2;1422;1413;9;9;1.0;0.993;true
Nothoprocta_ornata_1;678;633;45;45;0.933;0.933;true
Nothoprocta_ornata_2;678;633;45;45;0.933;0.933;true
Numida_malagris_1;1467;1410;57;57;0.997;0.961;true
Numida_malagris_2;1467;1410;57;57;0.997;0.961;true
Nyctibius_griseus_1;1794;1422;372;372;1.0;0.792;true
Nyctibius_griseus_2;1794;1422;372;372;1.0;0.792;true
Oceanites_oceanicus_1;1701;1419;282;282;1.0;0.834;true
Oceanites_oceanicus_2;1701;1419;282;282;1.0;0.834;true
Oceanodroma_leucorhoa_1;1428;1419;9;9;1.0;0.993;true
Oceanodroma_leucorhoa_2;1428;1419;9;9;1.0;0.993;true
Odontophorus_gujanensis_1;1638;1413;225;225;1.0;0.862;true
Odontophorus_gujanensis_2;1638;1413;225;225;1.0;0.862;true
Opisthocomus_hoazin_1;1446;1344;102;102;1.0;0.929;true
Opisthocomus_hoazin_2;1446;1344;102;102;1.0;0.929;true
Ortalis_motmot_1;654;654;0;0;1.0;1.0;true
Ortalis_motmot_2;654;654;0;0;1.0;1.0;true
Oxyruncus_cristatus_1;1620;1422;198;198;1.0;0.877;true
Oxyruncus_cristatus_2;1620;1422;198;198;1.0;0.877;true
Oxyura_jamaicensis_1;1716;1395;321;321;0.983;0.812;true
Oxyura_jamaicensis_2;1716;1395;321;321;0.983;0.812;true
Pandion_haliaetus_1;1497;1410;87;87;1.0;0.941;true
Pandion_haliaetus_2;1497;1410;87;87;1.0;0.941;true
Pedionomus_torquatus_1;2073;1413;660;660;1.0;0.681;true
Pedionomus_torquatus_2;2073;1413;660;660;1.0;0.681;true
Pelagodroma_marina_1;1533;1419;114;114;0.997;0.925;true
Pelagodroma_marina_2;1533;1419;114;114;0.997;0.925;true
Pelecanoides_urinatrix_1;792;792;0;0;1.0;1.0;true
Pelecanoides_urinatrix_2;792;792;0;0;1.0;1.0;true
Pelecanus_occidentalis_1;1560;1419;141;141;1.0;0.909;true
Pelecanus_occidentalis_2;1560;1419;141;141;1.0;0.909;true
Phaethon_rubricauda_1;1575;1419;156;156;1.0;0.9;true
Phaethon_rubricauda_2;1575;1419;156;156;1.0;0.9;true
Phaethornis_superciliosus_1;1506;1416;90;90;1.0;0.94;true
Phaethornis_superciliosus_2;1506;1416;90;90;1.0;0.94;true
Phalacrocorax_brasili_1;1650;1422;228;228;1.0;0.861;true
Phalacrocorax_brasili_2;1650;1422;228;228;1.0;0.861;true
Phoebastria_nigripes_1;1629;1419;210;210;1.0;0.871;true
Phoebastria_nigripes_2;1629;1419;210;210;1.0;0.871;true
Phoenicopterus_ruber_1;1107;1044;63;63;1.0;0.943;true
Phoenicopterus_ruber_2;1107;1044;63;63;1.0;0.943;true
Phoeniculus_purpureus_1;1263;1263;0;0;1.0;1.0;true
Phoeniculus_purpureus_2;1263;1263;0;0;1.0;1.0;true
Pipra_erythrocephala_1;1716;1422;294;294;1.0;0.828;true
Pipra_erythrocephala_2;1716;1422;294;294;1.0;0.828;true
Piprites_chloris_1;1467;1380;87;87;1.0;0.94;true
Piprites_chloris_2;1467;1380;87;87;1.0;0.94;true
Pitta_angolensis_1;1722;1422;300;300;1.0;0.825;true
Pitta_angolensis_2;1722;1422;300;300;1.0;0.825;true
Podargus_strigoides_1;1647;1416;231;231;1.0;0.859;true
Podargus_strigoides_2;1647;1416;231;231;1.0;0.859;true
Poecile_lugubris_1;1266;1200;66;66;1.0;0.947;true
Poecile_lugubris_2;1266;1200;66;66;1.0;0.947;true
Porphyrio_porphyrio_1;2013;1413;600;600;1.0;0.701;true
Porphyrio_porphyrio_2;2013;1413;600;600;1.0;0.701;true
Probosciger_aterrimus_1;1605;1422;183;183;1.0;0.885;true
Probosciger_aterrimus_2;1605;1422;183;183;1.0;0.885;true
Psittacus_erithacus_1;1029;993;36;36;1.0;0.965;true
Psittacus_erithacus_2;1029;993;36;36;1.0;0.965;true
Psittrichas_fulgidus_1;1755;1422;333;333;1.0;0.81;true
Psittrichas_fulgidus_2;1755;1422;333;333;1.0;0.81;true
Psophia_crepitans_1;1662;1410;252;252;0.991;0.848;true
Psophia_crepitans_2;1662;1410;252;252;0.991;0.848;true
Pterocles_bicinctus_1;1572;1389;183;183;1.0;0.883;true
Pterocles_bicinctus_2;1572;1389;183;183;1.0;0.883;true
Pterodroma_externa_1;1701;1422;279;279;1.0;0.835;true
Pterodroma_externa_2;1701;1422;279;279;1.0;0.835;true
Ptilinopus_magnificus_1;1593;1422;171;171;1.0;0.892;true
Ptilinopus_magnificus_2;1593;1422;171;171;1.0;0.892;true
Ptilonorhynchus_violaceus_1;1653;1422;231;231;1.0;0.86;true
Ptilonorhynchus_violaceus_2;1653;1422;231;231;1.0;0.86;true
Puffinus_griseus_1;1665;1422;243;243;1.0;0.854;true
Puffinus_griseus_2;1665;1422;243;243;1.0;0.854;true
Pycnonotus_macrotis_1;1446;1422;24;24;1.0;0.983;true
Pycnonotus_macrotis_2;1446;1422;24;24;1.0;0.983;true
Rallus_longirostris_1;537;537;0;0;1.0;1.0;true
Rallus_longirostris_2;537;537;0;0;1.0;1.0;true
Recurvirostra_americana_1;1449;1362;87;87;1.0;0.939;true
Recurvirostra_americana_2;1449;1362;87;87;1.0;0.939;true
Regulus_ignicapilla_1;1767;1425;342;342;1.0;0.806;true
Regulus_ignicapilla_2;1767;1425;342;342;1.0;0.806;true
Rhea_americana_1;1353;1338;15;15;0.988;0.988;true
Rhea_americana_2;1353;1338;15;15;0.988;0.988;true
Rhynchocyclus_olivaceus_1;1395;1371;24;24;1.0;0.982;true
Rhynchocyclus_olivaceus_2;1395;1371;24;24;1.0;0.982;true
Rollandia_rolland_1;1635;1407;228;228;1.0;0.86;true
Rollandia_rolland_2;1635;1407;228;228;1.0;0.86;true
Rollulus_rouloul_1;1509;1410;99;99;1.0;0.934;true
Rollulus_rouloul_2;1509;1410;99;99;1.0;0.934;true
Rostratula_benghalensis_1;660;660;0;0;1.0;1.0;true
Rostratula_benghalensis_2;660;660;0;0;1.0;1.0;true
Rupicola_rupicola_1;1152;1020;132;132;1.0;0.885;true
Rupicola_rupicola_2;1152;1020;132;132;1.0;0.885;true
Rynchops_niger_1;1545;1422;123;123;1.0;0.92;true
Rynchops_niger_2;1545;1422;123;123;1.0;0.92;true
Sagittarius_serpentarius_1;1521;1422;99;99;1.0;0.934;true
Sagittarius_serpentarius_2;1521;1422;99;99;1.0;0.934;true
Sarothrura_rufa_1;1176;1176;0;0;1.0;1.0;true
Sarothrura_rufa_2;1176;1176;0;0;1.0;1.0;true
Schiffornis_turdina_1;1491;1422;69;69;1.0;0.953;true
Schiffornis_turdina_2;1491;1422;69;69;1.0;0.953;true
Sclerurus_mexicanus_1;1719;1422;297;297;1.0;0.827;true
Sclerurus_mexicanus_2;1719;1422;297;297;1.0;0.827;true
Scopus_umbretta_1;1446;1362;84;84;1.0;0.941;true
Scopus_umbretta_2;1446;1362;84;84;1.0;0.941;true
Sericulus_bakeri_1;2082;1422;660;660;1.0;0.682;true
Sericulus_bakeri_2;2082;1422;660;660;1.0;0.682;true
Smithornis_rufolateralis_1;1929;1422;507;507;1.0;0.737;true
Smithornis_rufolateralis_2;1929;1422;507;507;1.0;0.737;true
Spheniscus_humboldti_1;1251;1251;0;0;1.0;1.0;true
Spheniscus_humboldti_2;1251;1251;0;0;1.0;1.0;true
Spizella_arborea_1;1527;1425;102;102;0.997;0.933;true
Spizella_arborea_2;1527;1425;102;102;0.997;0.933;true
Steatornis_caripensi_1;285;285;0;0;1.0;1.0;true
Steatornis_caripensi_2;285;285;0;0;1.0;1.0;true
Sterna_hirundo_1;1641;1422;219;219;1.0;0.866;true
Sterna_hirundo_2;1641;1422;219;219;1.0;0.866;true
Streptoprocne_zonaris_1;1512;1413;99;99;1.0;0.934;true
Streptoprocne_zonaris_2;1512;1413;99;99;1.0;0.934;true
Strix_varia_1;681;681;0;0;1.0;1.0;true
Strix_varia_2;681;681;0;0;1.0;1.0;true
Struthio_camelus_1;1551;1407;144;144;1.0;0.907;true
Struthio_camelus_2;1551;1407;144;144;1.0;0.907;true
Sylvia_melanocephala_1;1137;1113;24;24;1.0;0.978;true
Sylvia_melanocephala_2;1137;1113;24;24;1.0;0.978;true
Syrrhaptes_paradoxus_1;1632;1422;210;210;1.0;0.871;true
Syrrhaptes_paradoxus_2;1632;1422;210;210;1.0;0.871;true
Tapera_naevia_1;1614;1419;195;195;1.0;0.879;true
Tapera_naevia_2;1614;1419;195;195;1.0;0.879;true
Tauraco_macrorhynchus_1;1359;1359;0;0;1.0;1.0;true
Tauraco_macrorhynchus_2;1359;1359;0;0;1.0;1.0;true
Terenura_callinota_1;1662;1419;243;243;1.0;0.853;true
Terenura_callinota_2;1662;1419;243;243;1.0;0.853;true
Thamnophilus_ruficapillu_1;1653;1422;231;231;1.0;0.86;true
Thamnophilus_ruficapillu_2;1653;1422;231;231;1.0;0.86;true
Theristicus_caerulescens_1;1677;1422;255;255;1.0;0.847;true
Theristicus_caerulescens_2;1677;1422;255;255;1.0;0.847;true
Tigrisoma_lineatum_1;1440;1416;24;24;1.0;0.983;true
Tigrisoma_lineatum_2;1440;1416;24;24;1.0;0.983;true
Tinamus_major_1;441;441;0;0;1.0;1.0;true
Tinamus_major_2;441;441;0;0;1.0;1.0;true
Tityra_cayana_1;1565;1421;144;144;1.0;0.907;true
Tityra_cayana_2;1565;1421;144;144;1.0;0.907;true
Tockus_camurus_1;1359;1359;0;0;1.0;1.0;true
Tockus_camurus_2;1359;1359;0;0;1.0;1.0;true
Todus_mexicanus_1;1497;1422;75;75;1.0;0.949;true
Todus_mexicanus_2;1497;1422;75;75;1.0;0.949;true
Topaza_pella_1;1488;1416;72;72;1.0;0.951;true
Topaza_pella_2;1488;1416;72;72;1.0;0.951;true
Treron_calvus_1;1587;1422;165;165;1.0;0.896;true
Treron_calvus_2;1587;1422;165;165;1.0;0.896;true
Tringa_solitaria_1;1515;1416;99;99;1.0;0.934;true
Tringa_solitaria_2;1515;1416;99;99;1.0;0.934;true
Trogon_elegans_1;1536;1422;114;114;1.0;0.925;true
Trogon_elegans_2;1536;1422;114;114;1.0;0.925;true
Turdus_olivater_1;1554;1392;162;162;1.0;0.895;true
Turdus_olivater_2;1554;1392;162;162;1.0;0.895;true
Turnix_ocellata_1;1485;1398;87;87;0.997;0.941;true
Turnix_ocellata_2;1485;1398;87;87;0.997;0.941;true
Tyrannus_albogularis_1;1722;1422;300;300;1.0;0.825;true
Tyrannus_albogularis_2;1722;1422;300;300;1.0;0.825;true
Tyto_alba_1;1326;1326;0;0;1.0;1.0;true
Tyto_alba_2;1326;1326;0;0;1.0;1.0;true
Upupa_epops_1;1392;1266;126;126;1.0;0.909;true
Upupa_epops_2;1392;1266;126;126;1.0;0.909;true
Uria_aalge_1;1194;1194;0;0;1.0;1.0;true
Uria_aalge_2;1194;1194;0;0;1.0;1.0;true
Urocolius_indicus_1;960;960;0;0;1.0;1.0;true
Urocolius_indicus_2;960;960;0;0;1.0;1.0;true
Vultur_gryphus_1;1215;1194;21;21;1.0;0.982;true
Vultur_gryphus_2;1215;1194;21;21;1.0;0.982;true
