seqName;initialSeqLength;nbKeep;nbTrim;nbInformativeTrim;percentHomologExcludingExtremities;percentHomologIncludingExtremities;keptSequences
Acanthisitta_chloris_1;2571;2571;0;0;1.0;1.0;true
Acanthisitta_chloris_2;2571;2571;0;0;1.0;1.0;true
Accipiter_superciliosus_1;1905;1905;0;0;1.0;1.0;true
Accipiter_superciliosus_2;1905;1905;0;0;1.0;1.0;true
Aegotheles_insignis_1;2319;2319;0;0;1.0;1.0;true
Aegotheles_insignis_2;2319;2319;0;0;1.0;1.0;true
Alcedo_quadribrachys_1;2058;2058;0;0;1.0;1.0;true
Alcedo_quadribrachys_2;2058;2058;0;0;1.0;1.0;true
Anas_superciliosa_1;1887;1887;0;0;1.0;1.0;true
Anas_superciliosa_2;1887;1887;0;0;1.0;1.0;true
Anhinga_anhinga_1;2232;2232;0;0;1.0;1.0;true
Anhinga_anhinga_2;2232;2232;0;0;1.0;1.0;true
Anser_canagicus_1;2328;2328;0;0;1.0;1.0;true
Anser_canagicus_2;2328;2328;0;0;1.0;1.0;true
Anseranas_semipalmata_1;2190;2190;0;0;1.0;1.0;true
Anseranas_semipalmata_2;2190;2190;0;0;1.0;1.0;true
Apaloderma_aequatoriale_1;2199;2199;0;0;1.0;1.0;true
Apaloderma_aequatoriale_2;2199;2199;0;0;1.0;1.0;true
Apteryx_sp._1;1914;1914;0;0;1.0;1.0;true
Apteryx_sp._2;1914;1914;0;0;1.0;1.0;true
Aramus_guarauna_1;2334;2334;0;0;1.0;1.0;true
Aramus_guarauna_2;2334;2334;0;0;1.0;1.0;true
Archilochus_colubris_1;2283;2283;0;0;1.0;1.0;true
Archilochus_colubris_2;2283;2283;0;0;1.0;1.0;true
Ardea_herodias_1;2313;2313;0;0;1.0;1.0;true
Ardea_herodias_2;2313;2313;0;0;1.0;1.0;true
Ardeotis_kori_1;2280;2280;0;0;1.0;1.0;true
Ardeotis_kori_2;2280;2280;0;0;1.0;1.0;true
Arenaria_interpres_1;2253;2253;0;0;1.0;1.0;true
Arenaria_interpres_2;2253;2253;0;0;1.0;1.0;true
Atelornis_pittoides_1;2397;2397;0;0;1.0;1.0;true
Atelornis_pittoides_2;2397;2397;0;0;1.0;1.0;true
Aythya_valisineria_1;2541;2541;0;0;1.0;1.0;true
Aythya_valisineria_2;2541;2541;0;0;1.0;1.0;true
Balaeniceps_rex_1;2271;2271;0;0;1.0;1.0;true
Balaeniceps_rex_2;2271;2271;0;0;1.0;1.0;true
Balearica_regulorum_1;1527;1527;0;0;1.0;1.0;true
Balearica_regulorum_2;1527;1527;0;0;1.0;1.0;true
Barnardius_zonarius_1;1383;1383;0;0;1.0;1.0;true
Barnardius_zonarius_2;1383;1383;0;0;1.0;1.0;true
Bonasa_umbellus_1;2490;2490;0;0;1.0;1.0;true
Bonasa_umbellus_2;2490;2490;0;0;1.0;1.0;true
Buccanodon_duchaillui_1;2148;2148;0;0;1.0;1.0;true
Buccanodon_duchaillui_2;2148;2148;0;0;1.0;1.0;true
Bucco_capensis_1;2646;2646;0;0;1.0;1.0;true
Bucco_capensis_2;2646;2646;0;0;1.0;1.0;true
Bucorvus_leadbeateri_1;2220;2220;0;0;1.0;1.0;true
Bucorvus_leadbeateri_2;2220;2220;0;0;1.0;1.0;true
Burhinus_oedicnemus_1;2367;2367;0;0;1.0;1.0;true
Burhinus_oedicnemus_2;2367;2367;0;0;1.0;1.0;true
Buteo_jamaicensis_1;2328;2328;0;0;1.0;1.0;true
Buteo_jamaicensis_2;2328;2328;0;0;1.0;1.0;true
Caiman_croccodilus_1;2121;2121;0;0;1.0;1.0;true
Caiman_croccodilus_2;2121;2121;0;0;1.0;1.0;true
Calandrella_brachydactyla_1;2391;2391;0;0;1.0;1.0;true
Calandrella_brachydactyla_2;2391;2391;0;0;1.0;1.0;true
Calyptomena_viridis_1;2346;2346;0;0;1.0;1.0;true
Calyptomena_viridis_2;2346;2346;0;0;1.0;1.0;true
Capito_niger_1;2052;2052;0;0;1.0;1.0;true
Capito_niger_2;2052;2052;0;0;1.0;1.0;true
Caprimulgus_europaeus_1;2169;2169;0;0;1.0;1.0;true
Caprimulgus_europaeus_2;2169;2169;0;0;1.0;1.0;true
Caracara_cheriway_1;2310;2310;0;0;1.0;1.0;true
Caracara_cheriway_2;2310;2310;0;0;1.0;1.0;true
Cariama_cristata_1;2223;2223;0;0;1.0;1.0;true
Cariama_cristata_2;2223;2223;0;0;1.0;1.0;true
Casuarius_bennetti_1;2196;2196;0;0;1.0;1.0;true
Casuarius_bennetti_2;2196;2196;0;0;1.0;1.0;true
Cathartes_burrovianus_1;1716;1716;0;0;1.0;1.0;true
Cathartes_burrovianus_2;1716;1716;0;0;1.0;1.0;true
Centropus_bengalensis_1;2052;2052;0;0;1.0;1.0;true
Centropus_bengalensis_2;2052;2052;0;0;1.0;1.0;true
Chaetura_brachyura_1;2280;2280;0;0;1.0;1.0;true
Chaetura_brachyura_2;2280;2280;0;0;1.0;1.0;true
Charadrius_hiaticula_1;1896;1896;0;0;1.0;1.0;true
Charadrius_hiaticula_2;1896;1896;0;0;1.0;1.0;true
Chauna_torquata_1;2424;2424;0;0;1.0;1.0;true
Chauna_torquata_2;2424;2424;0;0;1.0;1.0;true
Chelidoptera_tenebrosa_1;1989;1989;0;0;1.0;1.0;true
Chelidoptera_tenebrosa_2;1989;1989;0;0;1.0;1.0;true
Chloroceryle_inda_1;1971;1971;0;0;1.0;1.0;true
Chloroceryle_inda_2;1971;1971;0;0;1.0;1.0;true
Chordeiles_pusillus_1;2106;2106;0;0;1.0;1.0;true
Chordeiles_pusillus_2;2106;2106;0;0;1.0;1.0;true
Chroicocephalus_cirrocephalus_1;1722;1722;0;0;1.0;1.0;true
Chroicocephalus_cirrocephalus_2;1722;1722;0;0;1.0;1.0;true
Chunga_burmeisteri_1;2577;2577;0;0;1.0;1.0;true
Chunga_burmeisteri_2;2577;2577;0;0;1.0;1.0;true
Ciconia_nigra_1;1851;1851;0;0;1.0;1.0;true
Ciconia_nigra_2;1851;1851;0;0;1.0;1.0;true
Climacteris_melanura_1;2298;2298;0;0;1.0;1.0;true
Climacteris_melanura_2;2298;2298;0;0;1.0;1.0;true
Coccyzus_melacoryphus_1;2043;2043;0;0;1.0;1.0;true
Coccyzus_melacoryphus_2;2043;2043;0;0;1.0;1.0;true
Colinus_cristatus_1;1473;1473;0;0;1.0;1.0;true
Colinus_cristatus_2;1473;1473;0;0;1.0;1.0;true
Colius_colius_1;2370;2370;0;0;1.0;1.0;true
Colius_colius_2;2370;2370;0;0;1.0;1.0;true
Columba_livia_1;2160;2160;0;0;1.0;1.0;true
Columba_livia_2;2160;2160;0;0;1.0;1.0;true
Columbina_minuta_1;2196;2196;0;0;1.0;1.0;true
Columbina_minuta_2;2196;2196;0;0;1.0;1.0;true
Coracias_cyanogaster_1;2325;2325;0;0;1.0;1.0;true
Coracias_cyanogaster_2;2325;2325;0;0;1.0;1.0;true
Corvus_albus_1;2019;2019;0;0;1.0;1.0;true
Corvus_albus_2;2019;2019;0;0;1.0;1.0;true
Corythaeola_cristata_1;1758;1758;0;0;1.0;1.0;true
Corythaeola_cristata_2;1758;1758;0;0;1.0;1.0;true
Cotinga_cayana_1;2286;2286;0;0;1.0;1.0;true
Cotinga_cayana_2;2286;2286;0;0;1.0;1.0;true
Crax_alector_1;2403;2403;0;0;1.0;1.0;true
Crax_alector_2;2403;2403;0;0;1.0;1.0;true
Crocodylus_porosus_1;2208;2208;0;0;1.0;1.0;true
Crocodylus_porosus_2;2208;2208;0;0;1.0;1.0;true
Cryptopipo_aenigma_1;1650;1650;0;0;1.0;1.0;true
Cryptopipo_aenigma_2;1650;1650;0;0;1.0;1.0;true
Crypturellus_tataupa_1;2532;2532;0;0;1.0;1.0;true
Crypturellus_tataupa_2;2532;2532;0;0;1.0;1.0;true
Cuculus_optatus_1;2226;2226;0;0;1.0;1.0;true
Cuculus_optatus_2;2226;2226;0;0;1.0;1.0;true
Dendrocygna_viduata_1;1860;1860;0;0;1.0;1.0;true
Dendrocygna_viduata_2;1860;1860;0;0;1.0;1.0;true
Deroptyus_accipitrinus_1;2292;2292;0;0;1.0;1.0;true
Deroptyus_accipitrinus_2;2292;2292;0;0;1.0;1.0;true
Dromaius_novaehollandiae_1;1962;1962;0;0;1.0;1.0;true
Dromaius_novaehollandiae_2;1962;1962;0;0;1.0;1.0;true
Elaenia_flavogaster_1;2586;2586;0;0;1.0;1.0;true
Elaenia_flavogaster_2;2586;2586;0;0;1.0;1.0;true
Elanus_leucurus_1;2175;2175;0;0;1.0;1.0;true
Elanus_leucurus_2;2175;2175;0;0;1.0;1.0;true
Eudromia_elegans_1;2583;2583;0;0;1.0;1.0;true
Eudromia_elegans_2;2583;2583;0;0;1.0;1.0;true
Eurostopodus_macrotis_1;2340;2340;0;0;1.0;1.0;true
Eurostopodus_macrotis_2;2340;2340;0;0;1.0;1.0;true
Eurylaimus_ochromalus_1;1149;1149;0;0;1.0;1.0;true
Eurylaimus_ochromalus_2;1149;1149;0;0;1.0;1.0;true
Eurypyga_helias_1;981;981;0;0;1.0;1.0;true
Eurypyga_helias_2;981;981;0;0;1.0;1.0;true
Falco_sparverius_1;2367;2367;0;0;1.0;1.0;true
Falco_sparverius_2;2367;2367;0;0;1.0;1.0;true
Fregata_magnificens_1;1137;1137;0;0;1.0;1.0;true
Fregata_magnificens_2;1137;1137;0;0;1.0;1.0;true
Fringilla_coelebs_1;2025;2025;0;0;1.0;1.0;true
Fringilla_coelebs_2;2025;2025;0;0;1.0;1.0;true
Fulmarus_glacialoides_1;2208;2208;0;0;1.0;1.0;true
Fulmarus_glacialoides_2;2208;2208;0;0;1.0;1.0;true
Furnarius_rufus_1;2208;2208;0;0;1.0;1.0;true
Furnarius_rufus_2;2208;2208;0;0;1.0;1.0;true
Galbula_dea_1;2472;2472;0;0;1.0;1.0;true
Galbula_dea_2;2472;2472;0;0;1.0;1.0;true
Gallus_gallus_1;2457;2457;0;0;1.0;1.0;true
Gallus_gallus_2;2457;2457;0;0;1.0;1.0;true
Gavia_immer_1;2376;2376;0;0;1.0;1.0;true
Gavia_immer_2;2376;2376;0;0;1.0;1.0;true
Glareola_nuchalis_1;2244;2244;0;0;1.0;1.0;true
Glareola_nuchalis_2;2244;2244;0;0;1.0;1.0;true
Grus_canadensis_1;2010;2010;0;0;1.0;1.0;true
Grus_canadensis_2;2010;2010;0;0;1.0;1.0;true
Haematopus_palliatus_1;2565;2565;0;0;1.0;1.0;true
Haematopus_palliatus_2;2565;2565;0;0;1.0;1.0;true
Heliornis_fulica_1;2181;2181;0;0;1.0;1.0;true
Heliornis_fulica_2;2181;2181;0;0;1.0;1.0;true
Hemiprocne_comata_1;2001;2001;0;0;1.0;1.0;true
Hemiprocne_comata_2;2001;2001;0;0;1.0;1.0;true
Hirundinea_ferruginea_1;2451;2451;0;0;1.0;1.0;true
Hirundinea_ferruginea_2;2451;2451;0;0;1.0;1.0;true
Hymenops_perspicillatus_1;2085;2085;0;0;1.0;1.0;true
Hymenops_perspicillatus_2;2085;2085;0;0;1.0;1.0;true
Ibycter_americanus_1;2346;2346;0;0;1.0;1.0;true
Ibycter_americanus_2;2346;2346;0;0;1.0;1.0;true
Indicator_exilis_1;2340;2340;0;0;1.0;1.0;true
Indicator_exilis_2;2340;2340;0;0;1.0;1.0;true
Ixobrychus_minutus_1;2415;2415;0;0;1.0;1.0;true
Ixobrychus_minutus_2;2415;2415;0;0;1.0;1.0;true
Jacana_jacana_1;2595;2595;0;0;1.0;1.0;true
Jacana_jacana_2;2595;2595;0;0;1.0;1.0;true
Jynx_torquilla_1;2628;2628;0;0;1.0;1.0;true
Jynx_torquilla_2;2628;2628;0;0;1.0;1.0;true
Leipoa_ocellata_1;2235;2235;0;0;1.0;1.0;true
Leipoa_ocellata_2;2235;2235;0;0;1.0;1.0;true
Lepidocolaptes_angustirostr_1;1968;1968;0;0;1.0;1.0;true
Lepidocolaptes_angustirostr_2;1968;1968;0;0;1.0;1.0;true
Leptoptilos_crumeniferus_1;2151;2151;0;0;1.0;1.0;true
Leptoptilos_crumeniferus_2;2151;2151;0;0;1.0;1.0;true
Leptosomus_discolor_1;1764;1764;0;0;1.0;1.0;true
Leptosomus_discolor_2;1764;1764;0;0;1.0;1.0;true
Leptotila_rufaxilla_1;2325;2325;0;0;1.0;1.0;true
Leptotila_rufaxilla_2;2325;2325;0;0;1.0;1.0;true
Limosa_lapponica_1;2310;2310;0;0;1.0;1.0;true
Limosa_lapponica_2;2310;2310;0;0;1.0;1.0;true
Lophorina_superba_1;2241;2241;0;0;1.0;1.0;true
Lophorina_superba_2;2241;2241;0;0;1.0;1.0;true
Malurus_splendens_1;1776;1776;0;0;1.0;1.0;true
Malurus_splendens_2;1776;1776;0;0;1.0;1.0;true
Megalaima_chrysopogon_1;2568;2568;0;0;1.0;1.0;true
Megalaima_chrysopogon_2;2568;2568;0;0;1.0;1.0;true
Melanopareia_maximilian_1;2070;2070;0;0;1.0;1.0;true
Melanopareia_maximilian_2;2070;2070;0;0;1.0;1.0;true
Menura_novaehollandiae_1;2256;2256;0;0;1.0;1.0;true
Menura_novaehollandiae_2;2256;2256;0;0;1.0;1.0;true
Merops_muelleri_1;2583;2583;0;0;1.0;1.0;true
Merops_muelleri_2;2583;2583;0;0;1.0;1.0;true
Mesitornis_unicolor_1;1968;1968;0;0;1.0;1.0;true
Mesitornis_unicolor_2;1968;1968;0;0;1.0;1.0;true
Micrastur_gilvicollis_1;2304;2304;0;0;1.0;1.0;true
Micrastur_gilvicollis_2;2304;2304;0;0;1.0;1.0;true
Micropygia_schomburgkii_1;2220;2220;0;0;1.0;1.0;true
Micropygia_schomburgkii_2;2220;2220;0;0;1.0;1.0;true
Momotus_lessonii_1;2244;2244;0;0;1.0;1.0;true
Momotus_lessonii_2;2244;2244;0;0;1.0;1.0;true
Monias_benschi_1;2169;2169;0;0;1.0;1.0;true
Monias_benschi_2;2169;2169;0;0;1.0;1.0;true
Morus_serrator_1;2130;2130;0;0;1.0;1.0;true
Morus_serrator_2;2130;2130;0;0;1.0;1.0;true
Myiobius_barbatus_1;1353;1353;0;0;1.0;1.0;true
Myiobius_barbatus_2;1353;1353;0;0;1.0;1.0;true
Myrmornis_torquata_1;2175;2175;0;0;1.0;1.0;true
Myrmornis_torquata_2;2175;2175;0;0;1.0;1.0;true
Myrmothera_campanisona_1;687;687;0;0;1.0;1.0;true
Myrmothera_campanisona_2;687;687;0;0;1.0;1.0;true
Neodrepanis_coruscans_1;2328;2328;0;0;1.0;1.0;true
Neodrepanis_coruscans_2;2328;2328;0;0;1.0;1.0;true
Neopelma_chrysocephalum_1;2292;2292;0;0;1.0;1.0;true
Neopelma_chrysocephalum_2;2292;2292;0;0;1.0;1.0;true
Nestor_meridionalis_1;1986;1986;0;0;1.0;1.0;true
Nestor_meridionalis_2;1986;1986;0;0;1.0;1.0;true
Nothoprocta_ornata_1;2478;2478;0;0;1.0;1.0;true
Nothoprocta_ornata_2;2478;2478;0;0;1.0;1.0;true
Numida_malagris_1;2418;2418;0;0;1.0;1.0;true
Numida_malagris_2;2418;2418;0;0;1.0;1.0;true
Nyctibius_griseus_1;2637;2637;0;0;1.0;1.0;true
Nyctibius_griseus_2;2637;2637;0;0;1.0;1.0;true
Oceanites_oceanicus_1;2400;2400;0;0;1.0;1.0;true
Oceanites_oceanicus_2;2400;2400;0;0;1.0;1.0;true
Oceanodroma_leucorhoa_1;2076;2076;0;0;1.0;1.0;true
Oceanodroma_leucorhoa_2;2076;2076;0;0;1.0;1.0;true
Odontophorus_gujanensis_1;2595;2595;0;0;1.0;1.0;true
Odontophorus_gujanensis_2;2595;2595;0;0;1.0;1.0;true
Opisthocomus_hoazin_1;1842;1842;0;0;1.0;1.0;true
Opisthocomus_hoazin_2;1842;1842;0;0;1.0;1.0;true
Ortalis_motmot_1;2268;2268;0;0;1.0;1.0;true
Ortalis_motmot_2;2268;2268;0;0;1.0;1.0;true
Oxyruncus_cristatus_1;2112;2112;0;0;1.0;1.0;true
Oxyruncus_cristatus_2;2112;2112;0;0;1.0;1.0;true
Oxyura_jamaicensis_1;2331;2331;0;0;1.0;1.0;true
Oxyura_jamaicensis_2;2331;2331;0;0;1.0;1.0;true
Pandion_haliaetus_1;1482;1482;0;0;1.0;1.0;true
Pandion_haliaetus_2;1482;1482;0;0;1.0;1.0;true
Pedionomus_torquatus_1;2610;2610;0;0;1.0;1.0;true
Pedionomus_torquatus_2;2610;2610;0;0;1.0;1.0;true
Pelagodroma_marina_1;2118;2118;0;0;1.0;1.0;true
Pelagodroma_marina_2;2118;2118;0;0;1.0;1.0;true
Pelecanoides_urinatrix_1;1218;1218;0;0;1.0;1.0;true
Pelecanoides_urinatrix_2;1218;1218;0;0;1.0;1.0;true
Pelecanus_occidentalis_1;2289;2289;0;0;1.0;1.0;true
Pelecanus_occidentalis_2;2289;2289;0;0;1.0;1.0;true
Phaethon_rubricauda_1;2286;2286;0;0;1.0;1.0;true
Phaethon_rubricauda_2;2286;2286;0;0;1.0;1.0;true
Phaethornis_superciliosus_1;2076;2076;0;0;1.0;1.0;true
Phaethornis_superciliosus_2;2076;2076;0;0;1.0;1.0;true
Phalacrocorax_brasili_1;2268;2268;0;0;1.0;1.0;true
Phalacrocorax_brasili_2;2268;2268;0;0;1.0;1.0;true
Phoebastria_nigripes_1;1809;1809;0;0;1.0;1.0;true
Phoebastria_nigripes_2;1809;1809;0;0;1.0;1.0;true
Phoenicopterus_ruber_1;837;837;0;0;1.0;1.0;true
Phoenicopterus_ruber_2;837;837;0;0;1.0;1.0;true
Phoeniculus_purpureus_1;2304;2304;0;0;1.0;1.0;true
Phoeniculus_purpureus_2;2304;2304;0;0;1.0;1.0;true
Picus_canus_1;2013;2013;0;0;1.0;1.0;true
Picus_canus_2;2013;2013;0;0;1.0;1.0;true
Pipra_erythrocephala_1;2445;2445;0;0;1.0;1.0;true
Pipra_erythrocephala_2;2445;2445;0;0;1.0;1.0;true
Piprites_chloris_1;2301;2301;0;0;1.0;1.0;true
Piprites_chloris_2;2301;2301;0;0;1.0;1.0;true
Pitta_angolensis_1;2295;2295;0;0;1.0;1.0;true
Pitta_angolensis_2;2295;2295;0;0;1.0;1.0;true
Podargus_strigoides_1;2088;2088;0;0;1.0;1.0;true
Podargus_strigoides_2;2088;2088;0;0;1.0;1.0;true
Poecile_lugubris_1;2337;2337;0;0;1.0;1.0;true
Poecile_lugubris_2;2337;2337;0;0;1.0;1.0;true
Porphyrio_porphyrio_1;993;993;0;0;1.0;1.0;true
Porphyrio_porphyrio_2;993;993;0;0;1.0;1.0;true
Probosciger_aterrimus_1;1662;1662;0;0;1.0;1.0;true
Probosciger_aterrimus_2;1662;1662;0;0;1.0;1.0;true
Psittacus_erithacus_1;2349;2349;0;0;1.0;1.0;true
Psittacus_erithacus_2;2349;2349;0;0;1.0;1.0;true
Psittrichas_fulgidus_1;2160;2160;0;0;1.0;1.0;true
Psittrichas_fulgidus_2;2160;2160;0;0;1.0;1.0;true
Psophia_crepitans_1;2211;2211;0;0;1.0;1.0;true
Psophia_crepitans_2;2211;2211;0;0;1.0;1.0;true
Pterocles_bicinctus_1;2166;2166;0;0;1.0;1.0;true
Pterocles_bicinctus_2;2166;2166;0;0;1.0;1.0;true
Pterodroma_externa_1;2202;2202;0;0;1.0;1.0;true
Pterodroma_externa_2;2202;2202;0;0;1.0;1.0;true
Ptilinopus_magnificus_1;2430;2430;0;0;1.0;1.0;true
Ptilinopus_magnificus_2;2430;2430;0;0;1.0;1.0;true
Ptilonorhynchus_violaceus_1;2580;2580;0;0;1.0;1.0;true
Ptilonorhynchus_violaceus_2;2580;2580;0;0;1.0;1.0;true
Puffinus_griseus_1;1425;1425;0;0;1.0;1.0;true
Puffinus_griseus_2;1425;1425;0;0;1.0;1.0;true
Pycnonotus_macrotis_1;2448;2448;0;0;1.0;1.0;true
Pycnonotus_macrotis_2;2448;2448;0;0;1.0;1.0;true
Rallus_longirostris_1;1233;1233;0;0;1.0;1.0;true
Rallus_longirostris_2;1233;1233;0;0;1.0;1.0;true
Ramphastos_ambiguus_1;2637;2637;0;0;1.0;1.0;true
Ramphastos_ambiguus_2;2637;2637;0;0;1.0;1.0;true
Recurvirostra_americana_1;1956;1956;0;0;1.0;1.0;true
Recurvirostra_americana_2;1956;1956;0;0;1.0;1.0;true
Regulus_ignicapilla_1;2421;2421;0;0;1.0;1.0;true
Regulus_ignicapilla_2;2421;2421;0;0;1.0;1.0;true
Rhea_americana_1;1323;1323;0;0;1.0;1.0;true
Rhea_americana_2;1323;1323;0;0;1.0;1.0;true
Rhynchocyclus_olivaceus_1;2139;2139;0;0;1.0;1.0;true
Rhynchocyclus_olivaceus_2;2139;2139;0;0;1.0;1.0;true
Rollandia_rolland_1;1245;1245;0;0;1.0;1.0;true
Rollandia_rolland_2;1245;1245;0;0;1.0;1.0;true
Rollulus_rouloul_1;771;771;0;0;1.0;1.0;true
Rollulus_rouloul_2;771;771;0;0;1.0;1.0;true
Rostratula_benghalensis_1;2097;2097;0;0;1.0;1.0;true
Rostratula_benghalensis_2;2097;2097;0;0;1.0;1.0;true
Rupicola_rupicola_1;2208;2208;0;0;1.0;1.0;true
Rupicola_rupicola_2;2208;2208;0;0;1.0;1.0;true
Rynchops_niger_1;2172;2172;0;0;1.0;1.0;true
Rynchops_niger_2;2172;2172;0;0;1.0;1.0;true
Sagittarius_serpentarius_1;1821;1821;0;0;1.0;1.0;true
Sagittarius_serpentarius_2;1821;1821;0;0;1.0;1.0;true
Sarothrura_rufa_1;1890;1890;0;0;1.0;1.0;true
Sarothrura_rufa_2;1890;1890;0;0;1.0;1.0;true
Schiffornis_turdina_1;654;654;0;0;1.0;1.0;true
Schiffornis_turdina_2;654;654;0;0;1.0;1.0;true
Sclerurus_mexicanus_1;2520;2520;0;0;1.0;1.0;true
Sclerurus_mexicanus_2;2520;2520;0;0;1.0;1.0;true
Scopus_umbretta_1;1326;1326;0;0;1.0;1.0;true
Scopus_umbretta_2;1326;1326;0;0;1.0;1.0;true
Sericulus_bakeri_1;2703;2703;0;0;1.0;1.0;true
Sericulus_bakeri_2;2703;2703;0;0;1.0;1.0;true
Smithornis_rufolateralis_1;2421;2421;0;0;1.0;1.0;true
Smithornis_rufolateralis_2;2421;2421;0;0;1.0;1.0;true
Spheniscus_humboldti_1;1923;1923;0;0;1.0;1.0;true
Spheniscus_humboldti_2;1923;1923;0;0;1.0;1.0;true
Spizella_arborea_1;2223;2223;0;0;1.0;1.0;true
Spizella_arborea_2;2223;2223;0;0;1.0;1.0;true
Steatornis_caripensi_1;360;360;0;0;1.0;1.0;true
Steatornis_caripensi_2;360;360;0;0;1.0;1.0;true
Sterna_hirundo_1;2052;2052;0;0;1.0;1.0;true
Sterna_hirundo_2;2052;2052;0;0;1.0;1.0;true
Streptoprocne_zonaris_1;2220;2220;0;0;1.0;1.0;true
Streptoprocne_zonaris_2;2220;2220;0;0;1.0;1.0;true
Strix_varia_1;1392;1392;0;0;1.0;1.0;true
Strix_varia_2;1392;1392;0;0;1.0;1.0;true
Struthio_camelus_1;1818;1818;0;0;1.0;1.0;true
Struthio_camelus_2;1818;1818;0;0;1.0;1.0;true
Sylvia_melanocephala_1;2013;2013;0;0;1.0;1.0;true
Sylvia_melanocephala_2;2013;2013;0;0;1.0;1.0;true
Syrrhaptes_paradoxus_1;2085;2085;0;0;1.0;1.0;true
Syrrhaptes_paradoxus_2;2085;2085;0;0;1.0;1.0;true
Tapera_naevia_1;2262;2262;0;0;1.0;1.0;true
Tapera_naevia_2;2262;2262;0;0;1.0;1.0;true
Tauraco_macrorhynchus_1;1869;1869;0;0;1.0;1.0;true
Tauraco_macrorhynchus_2;1869;1869;0;0;1.0;1.0;true
Terenura_callinota_1;2061;2061;0;0;1.0;1.0;true
Terenura_callinota_2;2061;2061;0;0;1.0;1.0;true
Thamnophilus_ruficapillu_1;2175;2175;0;0;1.0;1.0;true
Thamnophilus_ruficapillu_2;2175;2175;0;0;1.0;1.0;true
Theristicus_caerulescens_1;2235;2235;0;0;1.0;1.0;true
Theristicus_caerulescens_2;2235;2235;0;0;1.0;1.0;true
Tigrisoma_lineatum_1;2238;2238;0;0;1.0;1.0;true
Tigrisoma_lineatum_2;2238;2238;0;0;1.0;1.0;true
Tinamus_major_1;1239;1239;0;0;1.0;1.0;true
Tinamus_major_2;1239;1239;0;0;1.0;1.0;true
Tityra_cayana_1;978;978;0;0;1.0;1.0;true
Tityra_cayana_2;978;978;0;0;1.0;1.0;true
Tockus_camurus_1;2214;2214;0;0;1.0;1.0;true
Tockus_camurus_2;2214;2214;0;0;1.0;1.0;true
Todus_mexicanus_1;2304;2304;0;0;1.0;1.0;true
Todus_mexicanus_2;2304;2304;0;0;1.0;1.0;true
Topaza_pella_1;2001;2001;0;0;1.0;1.0;true
Topaza_pella_2;2001;2001;0;0;1.0;1.0;true
Treron_calvus_1;2211;2211;0;0;1.0;1.0;true
Treron_calvus_2;2211;2211;0;0;1.0;1.0;true
Tringa_solitaria_1;2229;2229;0;0;1.0;1.0;true
Tringa_solitaria_2;2229;2229;0;0;1.0;1.0;true
Trogon_elegans_1;2355;2355;0;0;1.0;1.0;true
Trogon_elegans_2;2355;2355;0;0;1.0;1.0;true
Turdus_olivater_1;2358;2358;0;0;1.0;1.0;true
Turdus_olivater_2;2358;2358;0;0;1.0;1.0;true
Turnix_ocellata_1;2220;2220;0;0;1.0;1.0;true
Turnix_ocellata_2;2220;2220;0;0;1.0;1.0;true
Tyrannus_albogularis_1;2493;2493;0;0;1.0;1.0;true
Tyrannus_albogularis_2;2493;2493;0;0;1.0;1.0;true
Tyto_alba_1;468;468;0;0;1.0;1.0;true
Tyto_alba_2;468;468;0;0;1.0;1.0;true
Upupa_epops_1;1038;1038;0;0;1.0;1.0;true
Upupa_epops_2;1038;1038;0;0;1.0;1.0;true
Uria_aalge_1;2313;2313;0;0;1.0;1.0;true
Uria_aalge_2;2313;2313;0;0;1.0;1.0;true
Urocolius_indicus_1;2139;2139;0;0;1.0;1.0;true
Urocolius_indicus_2;2139;2139;0;0;1.0;1.0;true
Vultur_gryphus_1;1242;1242;0;0;1.0;1.0;true
Vultur_gryphus_2;1242;1242;0;0;1.0;1.0;true
