seqName;initialSeqLength;nbKeep;nbTrim;nbInformativeTrim;percentKeepExcludingExtremities;percentKeepIncludingExtremities;keptSequences
Acanthisitta_chloris_1;1266;1233;33;33;1.0;0.973;true
Acanthisitta_chloris_2;1266;1233;33;33;1.0;0.973;true
Accipiter_superciliosus_1;1269;1233;36;36;0.997;0.971;true
Accipiter_superciliosus_2;1269;1233;36;36;0.997;0.971;true
Aegotheles_insignis_1;1266;1233;33;33;1.0;0.973;true
Aegotheles_insignis_2;1266;1233;33;33;1.0;0.973;true
Alcedo_quadribrachys_1;1233;1233;0;0;1.0;1.0;true
Alcedo_quadribrachys_2;1233;1233;0;0;1.0;1.0;true
Anas_superciliosa_1;1212;1212;0;0;1.0;1.0;true
Anas_superciliosa_2;1212;1212;0;0;1.0;1.0;true
Anhinga_anhinga_1;1266;1233;33;33;1.0;0.973;true
Anhinga_anhinga_2;1266;1233;33;33;1.0;0.973;true
Anser_canagicus_1;1233;1233;0;0;1.0;1.0;true
Anser_canagicus_2;1233;1233;0;0;1.0;1.0;true
Anseranas_semipalmata_1;1233;1233;0;0;1.0;1.0;true
Anseranas_semipalmata_2;1233;1233;0;0;1.0;1.0;true
Apaloderma_aequatoriale_1;1266;1233;33;33;1.0;0.973;true
Apaloderma_aequatoriale_2;1266;1233;33;33;1.0;0.973;true
Apteryx_sp._1;1266;1233;33;33;1.0;0.973;true
Apteryx_sp._2;1266;1233;33;33;1.0;0.973;true
Aramus_guarauna_1;1227;1227;0;0;1.0;1.0;true
Aramus_guarauna_2;1227;1227;0;0;1.0;1.0;true
Archilochus_colubris_1;1230;1230;0;0;1.0;1.0;true
Archilochus_colubris_2;1230;1230;0;0;1.0;1.0;true
Ardea_herodias_1;1266;1233;33;33;1.0;0.973;true
Ardea_herodias_2;1266;1233;33;33;1.0;0.973;true
Ardeotis_kori_1;1266;1233;33;33;1.0;0.973;true
Ardeotis_kori_2;1266;1233;33;33;1.0;0.973;true
Arenaria_interpres_1;1266;1233;33;33;1.0;0.973;true
Arenaria_interpres_2;1266;1233;33;33;1.0;0.973;true
Atelornis_pittoides_1;1233;1233;0;0;1.0;1.0;true
Atelornis_pittoides_2;1233;1233;0;0;1.0;1.0;true
Aythya_valisineria_1;1233;1233;0;0;1.0;1.0;true
Aythya_valisineria_2;1233;1233;0;0;1.0;1.0;true
Balaeniceps_rex_1;1266;1233;33;33;1.0;0.973;true
Balaeniceps_rex_2;1266;1233;33;33;1.0;0.973;true
Balearica_regulorum_1;900;900;0;0;1.0;1.0;true
Balearica_regulorum_2;900;900;0;0;1.0;1.0;true
Barnardius_zonarius_1;1266;1233;33;33;1.0;0.973;true
Barnardius_zonarius_2;1266;1233;33;33;1.0;0.973;true
Bonasa_umbellus_1;1233;1233;0;0;1.0;1.0;true
Bonasa_umbellus_2;1233;1233;0;0;1.0;1.0;true
Buccanodon_duchaillui_1;1266;1233;33;33;1.0;0.973;true
Buccanodon_duchaillui_2;1266;1233;33;33;1.0;0.973;true
Bucco_capensis_1;1266;1233;33;33;1.0;0.973;true
Bucco_capensis_2;1266;1233;33;33;1.0;0.973;true
Bucorvus_leadbeateri_1;1266;1233;33;33;1.0;0.973;true
Bucorvus_leadbeateri_2;1266;1233;33;33;1.0;0.973;true
Burhinus_oedicnemus_1;1266;1233;33;33;1.0;0.973;true
Burhinus_oedicnemus_2;1266;1233;33;33;1.0;0.973;true
Buteo_jamaicensis_1;1284;1233;51;51;1.0;0.96;true
Buteo_jamaicensis_2;1284;1233;51;51;1.0;0.96;true
Caiman_croccodilus_1;1236;1221;15;15;0.987;0.987;true
Caiman_croccodilus_2;1236;1221;15;15;0.987;0.987;true
Calandrella_brachydactyla_1;1269;1233;36;36;1.0;0.971;true
Calandrella_brachydactyla_2;1269;1233;36;36;1.0;0.971;true
Calyptomena_viridis_1;1254;1233;21;21;1.0;0.983;true
Calyptomena_viridis_2;1254;1233;21;21;1.0;0.983;true
Capito_niger_1;1266;1233;33;33;1.0;0.973;true
Capito_niger_2;1266;1233;33;33;1.0;0.973;true
Caprimulgus_europaeus_1;1266;1233;33;33;1.0;0.973;true
Caprimulgus_europaeus_2;1266;1233;33;33;1.0;0.973;true
Caracara_cheriway_1;1254;1233;21;21;1.0;0.983;true
Caracara_cheriway_2;1254;1233;21;21;1.0;0.983;true
Cariama_cristata_1;1266;1233;33;33;1.0;0.973;true
Cariama_cristata_2;1266;1233;33;33;1.0;0.973;true
Casuarius_bennetti_1;942;942;0;0;1.0;1.0;true
Casuarius_bennetti_2;942;942;0;0;1.0;1.0;true
Cathartes_burrovianus_1;1134;1101;33;33;1.0;0.97;true
Cathartes_burrovianus_2;1134;1101;33;33;1.0;0.97;true
Centropus_bengalensis_1;1257;1224;33;33;1.0;0.973;true
Centropus_bengalensis_2;1257;1224;33;33;1.0;0.973;true
Chaetura_brachyura_1;1260;1233;27;27;1.0;0.978;true
Chaetura_brachyura_2;1260;1233;27;27;1.0;0.978;true
Charadrius_hiaticula_1;1209;1209;0;0;1.0;1.0;true
Charadrius_hiaticula_2;1209;1209;0;0;1.0;1.0;true
Chauna_torquata_1;1233;1233;0;0;1.0;1.0;true
Chauna_torquata_2;1233;1233;0;0;1.0;1.0;true
Chelidoptera_tenebrosa_1;1233;1233;0;0;1.0;1.0;true
Chelidoptera_tenebrosa_2;1233;1233;0;0;1.0;1.0;true
Chloroceryle_inda_1;1233;1233;0;0;1.0;1.0;true
Chloroceryle_inda_2;1233;1233;0;0;1.0;1.0;true
Chordeiles_pusillus_1;1260;1233;27;27;1.0;0.978;true
Chordeiles_pusillus_2;1260;1233;27;27;1.0;0.978;true
Chroicocephalus_cirrocephalus_1;711;711;0;0;1.0;1.0;true
Chroicocephalus_cirrocephalus_2;711;711;0;0;1.0;1.0;true
Chunga_burmeisteri_1;1266;1233;33;33;1.0;0.973;true
Chunga_burmeisteri_2;1266;1233;33;33;1.0;0.973;true
Ciconia_nigra_1;1284;1233;51;51;1.0;0.96;true
Ciconia_nigra_2;1284;1233;51;51;1.0;0.96;true
Climacteris_melanura_1;1266;1233;33;33;1.0;0.973;true
Climacteris_melanura_2;1266;1233;33;33;1.0;0.973;true
Coccyzus_melacoryphus_1;1254;1233;21;21;1.0;0.983;true
Coccyzus_melacoryphus_2;1254;1233;21;21;1.0;0.983;true
Colinus_cristatus_1;1233;1233;0;0;1.0;1.0;true
Colinus_cristatus_2;1233;1233;0;0;1.0;1.0;true
Colius_colius_1;1233;1233;0;0;1.0;1.0;true
Colius_colius_2;1233;1233;0;0;1.0;1.0;true
Columba_livia_1;1233;1233;0;0;1.0;1.0;true
Columba_livia_2;1233;1233;0;0;1.0;1.0;true
Columbina_minuta_1;1233;1233;0;0;1.0;1.0;true
Columbina_minuta_2;1233;1233;0;0;1.0;1.0;true
Coracias_cyanogaster_1;1233;1233;0;0;1.0;1.0;true
Coracias_cyanogaster_2;1233;1233;0;0;1.0;1.0;true
Corvus_albus_1;1251;1218;33;33;1.0;0.973;true
Corvus_albus_2;1251;1218;33;33;1.0;0.973;true
Corythaeola_cristata_1;1281;1233;48;48;1.0;0.962;true
Corythaeola_cristata_2;1281;1233;48;48;1.0;0.962;true
Cotinga_cayana_1;1260;1233;27;27;1.0;0.978;true
Cotinga_cayana_2;1260;1233;27;27;1.0;0.978;true
Crax_alector_1;1233;1233;0;0;1.0;1.0;true
Crax_alector_2;1233;1233;0;0;1.0;1.0;true
Crocodylus_porosus_1;999;984;15;15;0.984;0.984;true
Crocodylus_porosus_2;999;984;15;15;0.984;0.984;true
Cryptopipo_aenigma_1;1260;1233;27;27;1.0;0.978;true
Cryptopipo_aenigma_2;1260;1233;27;27;1.0;0.978;true
Crypturellus_tataupa_1;1251;1233;18;18;1.0;0.985;true
Crypturellus_tataupa_2;1251;1233;18;18;1.0;0.985;true
Cuculus_optatus_1;1260;1233;27;27;1.0;0.978;true
Cuculus_optatus_2;1260;1233;27;27;1.0;0.978;true
Dendrocygna_viduata_1;1233;1233;0;0;1.0;1.0;true
Dendrocygna_viduata_2;1233;1233;0;0;1.0;1.0;true
Deroptyus_accipitrinus_1;1266;1233;33;33;1.0;0.973;true
Deroptyus_accipitrinus_2;1266;1233;33;33;1.0;0.973;true
Dromaius_novaehollandiae_1;1254;1233;21;21;1.0;0.983;true
Dromaius_novaehollandiae_2;1254;1233;21;21;1.0;0.983;true
Elaenia_flavogaster_1;1260;1233;27;27;1.0;0.978;true
Elaenia_flavogaster_2;1260;1233;27;27;1.0;0.978;true
Elanus_leucurus_1;1266;1233;33;33;1.0;0.973;true
Elanus_leucurus_2;1266;1233;33;33;1.0;0.973;true
Eudromia_elegans_1;1251;1233;18;18;1.0;0.985;true
Eudromia_elegans_2;1251;1233;18;18;1.0;0.985;true
Eurostopodus_macrotis_1;1302;1233;69;69;1.0;0.947;true
Eurostopodus_macrotis_2;1302;1233;69;69;1.0;0.947;true
Eurylaimus_ochromalus_1;1266;1233;33;33;1.0;0.973;true
Eurylaimus_ochromalus_2;1266;1233;33;33;1.0;0.973;true
Eurypyga_helias_1;1233;1233;0;0;1.0;1.0;true
Eurypyga_helias_2;1233;1233;0;0;1.0;1.0;true
Falco_sparverius_1;1233;1233;0;0;1.0;1.0;true
Falco_sparverius_2;1233;1233;0;0;1.0;1.0;true
Fregata_magnificens_1;1245;1233;12;12;1.0;0.99;true
Fregata_magnificens_2;1245;1233;12;12;1.0;0.99;true
Fringilla_coelebs_1;1266;1233;33;33;1.0;0.973;true
Fringilla_coelebs_2;1266;1233;33;33;1.0;0.973;true
Fulmarus_glacialoides_1;1266;1233;33;33;1.0;0.973;true
Fulmarus_glacialoides_2;1266;1233;33;33;1.0;0.973;true
Furnarius_rufus_1;1269;1233;36;36;1.0;0.971;true
Furnarius_rufus_2;1269;1233;36;36;1.0;0.971;true
Galbula_dea_1;1233;1233;0;0;1.0;1.0;true
Galbula_dea_2;1233;1233;0;0;1.0;1.0;true
Gallus_gallus_1;1233;1233;0;0;1.0;1.0;true
Gallus_gallus_2;1233;1233;0;0;1.0;1.0;true
Gavia_immer_1;1284;1233;51;51;1.0;0.96;true
Gavia_immer_2;1284;1233;51;51;1.0;0.96;true
Glareola_nuchalis_1;1230;1230;0;0;1.0;1.0;true
Glareola_nuchalis_2;1230;1230;0;0;1.0;1.0;true
Grus_canadensis_1;1227;1227;0;0;1.0;1.0;true
Grus_canadensis_2;1227;1227;0;0;1.0;1.0;true
Haematopus_palliatus_1;1266;1233;33;33;1.0;0.973;true
Haematopus_palliatus_2;1266;1233;33;33;1.0;0.973;true
Heliornis_fulica_1;1230;1230;0;0;1.0;1.0;true
Heliornis_fulica_2;1230;1230;0;0;1.0;1.0;true
Hemiprocne_comata_1;1284;1233;51;51;1.0;0.96;true
Hemiprocne_comata_2;1284;1233;51;51;1.0;0.96;true
Hirundinea_ferruginea_1;1260;1233;27;27;1.0;0.978;true
Hirundinea_ferruginea_2;1260;1233;27;27;1.0;0.978;true
Hymenops_perspicillatus_1;1260;1233;27;27;1.0;0.978;true
Hymenops_perspicillatus_2;1260;1233;27;27;1.0;0.978;true
Ibycter_americanus_1;1230;1230;0;0;1.0;1.0;true
Ibycter_americanus_2;1230;1230;0;0;1.0;1.0;true
Indicator_exilis_1;1233;1233;0;0;1.0;1.0;true
Indicator_exilis_2;1233;1233;0;0;1.0;1.0;true
Ixobrychus_minutus_1;1266;1233;33;33;1.0;0.973;true
Ixobrychus_minutus_2;1266;1233;33;33;1.0;0.973;true
Jacana_jacana_1;1266;1233;33;33;1.0;0.973;true
Jacana_jacana_2;1266;1233;33;33;1.0;0.973;true
Jynx_torquilla_1;1266;1233;33;33;1.0;0.973;true
Jynx_torquilla_2;1266;1233;33;33;1.0;0.973;true
Leipoa_ocellata_1;1233;1233;0;0;1.0;1.0;true
Leipoa_ocellata_2;1233;1233;0;0;1.0;1.0;true
Lepidocolaptes_angustirostr_1;1269;1233;36;36;1.0;0.971;true
Lepidocolaptes_angustirostr_2;1269;1233;36;36;1.0;0.971;true
Leptoptilos_crumeniferus_1;1284;1233;51;51;1.0;0.96;true
Leptoptilos_crumeniferus_2;1284;1233;51;51;1.0;0.96;true
Leptosomus_discolor_1;1266;1233;33;33;1.0;0.973;true
Leptosomus_discolor_2;1266;1233;33;33;1.0;0.973;true
Leptotila_rufaxilla_1;1233;1233;0;0;1.0;1.0;true
Leptotila_rufaxilla_2;1233;1233;0;0;1.0;1.0;true
Limosa_lapponica_1;1266;1233;33;33;1.0;0.973;true
Limosa_lapponica_2;1266;1233;33;33;1.0;0.973;true
Lophorina_superba_1;1266;1233;33;33;1.0;0.973;true
Lophorina_superba_2;1266;1233;33;33;1.0;0.973;true
Malurus_splendens_1;1245;1212;33;33;1.0;0.973;true
Malurus_splendens_2;1245;1212;33;33;1.0;0.973;true
Megalaima_chrysopogon_1;1266;1233;33;33;1.0;0.973;true
Megalaima_chrysopogon_2;1266;1233;33;33;1.0;0.973;true
Melanopareia_maximilian_1;1269;1233;36;36;1.0;0.971;true
Melanopareia_maximilian_2;1269;1233;36;36;1.0;0.971;true
Menura_novaehollandiae_1;1266;1233;33;33;1.0;0.973;true
Menura_novaehollandiae_2;1266;1233;33;33;1.0;0.973;true
Merops_muelleri_1;1233;1233;0;0;1.0;1.0;true
Merops_muelleri_2;1233;1233;0;0;1.0;1.0;true
Mesitornis_unicolor_1;1251;1233;18;18;1.0;0.985;true
Mesitornis_unicolor_2;1251;1233;18;18;1.0;0.985;true
Micrastur_gilvicollis_1;1266;1233;33;33;1.0;0.973;true
Micrastur_gilvicollis_2;1266;1233;33;33;1.0;0.973;true
Micropygia_schomburgkii_1;780;780;0;0;1.0;1.0;true
Micropygia_schomburgkii_2;780;780;0;0;1.0;1.0;true
Momotus_lessonii_1;1233;1233;0;0;1.0;1.0;true
Momotus_lessonii_2;1233;1233;0;0;1.0;1.0;true
Monias_benschi_1;1251;1233;18;18;1.0;0.985;true
Monias_benschi_2;1251;1233;18;18;1.0;0.985;true
Morus_serrator_1;1266;1233;33;33;1.0;0.973;true
Morus_serrator_2;1266;1233;33;33;1.0;0.973;true
Myiobius_barbatus_1;1269;1233;36;36;1.0;0.971;true
Myiobius_barbatus_2;1269;1233;36;36;1.0;0.971;true
Myrmornis_torquata_1;1269;1233;36;36;1.0;0.971;true
Myrmornis_torquata_2;1269;1233;36;36;1.0;0.971;true
Myrmothera_campanisona_1;1269;1233;36;36;1.0;0.971;true
Myrmothera_campanisona_2;1269;1233;36;36;1.0;0.971;true
Neodrepanis_coruscans_1;1281;1233;48;48;1.0;0.962;true
Neodrepanis_coruscans_2;1281;1233;48;48;1.0;0.962;true
Neopelma_chrysocephalum_1;1260;1233;27;27;1.0;0.978;true
Neopelma_chrysocephalum_2;1260;1233;27;27;1.0;0.978;true
Nestor_meridionalis_1;1266;1233;33;33;1.0;0.973;true
Nestor_meridionalis_2;1266;1233;33;33;1.0;0.973;true
Nothoprocta_ornata_1;1251;1233;18;18;1.0;0.985;true
Nothoprocta_ornata_2;1251;1233;18;18;1.0;0.985;true
Numida_malagris_1;1233;1233;0;0;1.0;1.0;true
Numida_malagris_2;1233;1233;0;0;1.0;1.0;true
Nyctibius_griseus_1;1269;1233;36;36;1.0;0.971;true
Nyctibius_griseus_2;1269;1233;36;36;1.0;0.971;true
Oceanites_oceanicus_1;1254;1233;21;21;1.0;0.983;true
Oceanites_oceanicus_2;1254;1233;21;21;1.0;0.983;true
Oceanodroma_leucorhoa_1;1266;1233;33;33;1.0;0.973;true
Oceanodroma_leucorhoa_2;1266;1233;33;33;1.0;0.973;true
Odontophorus_gujanensis_1;1233;1233;0;0;1.0;1.0;true
Odontophorus_gujanensis_2;1233;1233;0;0;1.0;1.0;true
Opisthocomus_hoazin_1;1251;1233;18;18;1.0;0.985;true
Opisthocomus_hoazin_2;1251;1233;18;18;1.0;0.985;true
Ortalis_motmot_1;996;996;0;0;1.0;1.0;true
Ortalis_motmot_2;996;996;0;0;1.0;1.0;true
Oxyruncus_cristatus_1;1260;1233;27;27;1.0;0.978;true
Oxyruncus_cristatus_2;1260;1233;27;27;1.0;0.978;true
Oxyura_jamaicensis_1;1233;1233;0;0;1.0;1.0;true
Oxyura_jamaicensis_2;1233;1233;0;0;1.0;1.0;true
Pandion_haliaetus_1;1137;1137;0;0;1.0;1.0;true
Pandion_haliaetus_2;1137;1137;0;0;1.0;1.0;true
Pedionomus_torquatus_1;1233;1233;0;0;1.0;1.0;true
Pedionomus_torquatus_2;1233;1233;0;0;1.0;1.0;true
Pelagodroma_marina_1;1014;1014;0;0;1.0;1.0;true
Pelagodroma_marina_2;1014;1014;0;0;1.0;1.0;true
Pelecanoides_urinatrix_1;1266;1233;33;33;1.0;0.973;true
Pelecanoides_urinatrix_2;1266;1233;33;33;1.0;0.973;true
Pelecanus_occidentalis_1;1266;1233;33;33;1.0;0.973;true
Pelecanus_occidentalis_2;1266;1233;33;33;1.0;0.973;true
Phaethon_rubricauda_1;1284;1233;51;51;1.0;0.96;true
Phaethon_rubricauda_2;1284;1233;51;51;1.0;0.96;true
Phaethornis_superciliosus_1;1230;1230;0;0;1.0;1.0;true
Phaethornis_superciliosus_2;1230;1230;0;0;1.0;1.0;true
Phalacrocorax_brasili_1;1266;1233;33;33;1.0;0.973;true
Phalacrocorax_brasili_2;1266;1233;33;33;1.0;0.973;true
Phoebastria_nigripes_1;1281;1233;48;48;1.0;0.962;true
Phoebastria_nigripes_2;1281;1233;48;48;1.0;0.962;true
Phoenicopterus_ruber_1;1266;1233;33;33;1.0;0.973;true
Phoenicopterus_ruber_2;1266;1233;33;33;1.0;0.973;true
Phoeniculus_purpureus_1;1176;1176;0;0;1.0;1.0;true
Phoeniculus_purpureus_2;1176;1176;0;0;1.0;1.0;true
Picus_canus_1;1266;1233;33;33;1.0;0.973;true
Picus_canus_2;1266;1233;33;33;1.0;0.973;true
Pipra_erythrocephala_1;1260;1233;27;27;1.0;0.978;true
Pipra_erythrocephala_2;1260;1233;27;27;1.0;0.978;true
Piprites_chloris_1;1260;1233;27;27;1.0;0.978;true
Piprites_chloris_2;1260;1233;27;27;1.0;0.978;true
Pitta_angolensis_1;1233;1233;0;0;1.0;1.0;true
Pitta_angolensis_2;1233;1233;0;0;1.0;1.0;true
Podargus_strigoides_1;1266;1233;33;33;1.0;0.973;true
Podargus_strigoides_2;1266;1233;33;33;1.0;0.973;true
Poecile_lugubris_1;1233;1233;0;0;1.0;1.0;true
Poecile_lugubris_2;1233;1233;0;0;1.0;1.0;true
Porphyrio_porphyrio_1;1233;1233;0;0;1.0;1.0;true
Porphyrio_porphyrio_2;1233;1233;0;0;1.0;1.0;true
Probosciger_aterrimus_1;1245;1212;33;33;1.0;0.973;true
Probosciger_aterrimus_2;1245;1212;33;33;1.0;0.973;true
Psittacus_erithacus_1;1266;1233;33;33;1.0;0.973;true
Psittacus_erithacus_2;1266;1233;33;33;1.0;0.973;true
Psittrichas_fulgidus_1;1017;1017;0;0;1.0;1.0;true
Psittrichas_fulgidus_2;1017;1017;0;0;1.0;1.0;true
Psophia_crepitans_1;1233;1233;0;0;1.0;1.0;true
Psophia_crepitans_2;1233;1233;0;0;1.0;1.0;true
Pterocles_bicinctus_1;1266;1233;33;33;1.0;0.973;true
Pterocles_bicinctus_2;1266;1233;33;33;1.0;0.973;true
Pterodroma_externa_1;1266;1233;33;33;1.0;0.973;true
Pterodroma_externa_2;1266;1233;33;33;1.0;0.973;true
Ptilinopus_magnificus_1;1233;1233;0;0;1.0;1.0;true
Ptilinopus_magnificus_2;1233;1233;0;0;1.0;1.0;true
Ptilonorhynchus_violaceus_1;1266;1233;33;33;1.0;0.973;true
Ptilonorhynchus_violaceus_2;1266;1233;33;33;1.0;0.973;true
Puffinus_griseus_1;1266;1233;33;33;1.0;0.973;true
Puffinus_griseus_2;1266;1233;33;33;1.0;0.973;true
Pycnonotus_macrotis_1;1233;1233;0;0;1.0;1.0;true
Pycnonotus_macrotis_2;1233;1233;0;0;1.0;1.0;true
Rallus_longirostris_1;534;534;0;0;1.0;1.0;true
Rallus_longirostris_2;534;534;0;0;1.0;1.0;true
Ramphastos_ambiguus_1;1272;1233;39;39;1.0;0.969;true
Ramphastos_ambiguus_2;1272;1233;39;39;1.0;0.969;true
Recurvirostra_americana_1;1266;1233;33;33;1.0;0.973;true
Recurvirostra_americana_2;1266;1233;33;33;1.0;0.973;true
Regulus_ignicapilla_1;1266;1233;33;33;1.0;0.973;true
Regulus_ignicapilla_2;1266;1233;33;33;1.0;0.973;true
Rhea_americana_1;1236;1233;3;3;1.0;0.997;true
Rhea_americana_2;1236;1233;3;3;1.0;0.997;true
Rhynchocyclus_olivaceus_1;1260;1233;27;27;1.0;0.978;true
Rhynchocyclus_olivaceus_2;1260;1233;27;27;1.0;0.978;true
Rollandia_rolland_1;1233;1233;0;0;1.0;1.0;true
Rollandia_rolland_2;1233;1233;0;0;1.0;1.0;true
Rollulus_rouloul_1;948;948;0;0;1.0;1.0;true
Rollulus_rouloul_2;948;948;0;0;1.0;1.0;true
Rostratula_benghalensis_1;1266;1233;33;33;1.0;0.973;true
Rostratula_benghalensis_2;1266;1233;33;33;1.0;0.973;true
Rupicola_rupicola_1;1260;1233;27;27;1.0;0.978;true
Rupicola_rupicola_2;1260;1233;27;27;1.0;0.978;true
Rynchops_niger_1;1266;1233;33;33;1.0;0.973;true
Rynchops_niger_2;1266;1233;33;33;1.0;0.973;true
Sagittarius_serpentarius_1;1227;1227;0;0;1.0;1.0;true
Sagittarius_serpentarius_2;1227;1227;0;0;1.0;1.0;true
Sarothrura_rufa_1;1233;1233;0;0;1.0;1.0;true
Sarothrura_rufa_2;1233;1233;0;0;1.0;1.0;true
Schiffornis_turdina_1;1259;1232;27;27;1.0;0.978;true
Schiffornis_turdina_2;1259;1232;27;27;1.0;0.978;true
Sclerurus_mexicanus_1;1269;1233;36;36;1.0;0.971;true
Sclerurus_mexicanus_2;1269;1233;36;36;1.0;0.971;true
Scopus_umbretta_1;963;963;0;0;1.0;1.0;true
Scopus_umbretta_2;963;963;0;0;1.0;1.0;true
Sericulus_bakeri_1;1266;1233;33;33;1.0;0.973;true
Sericulus_bakeri_2;1266;1233;33;33;1.0;0.973;true
Smithornis_rufolateralis_1;1233;1233;0;0;1.0;1.0;true
Smithornis_rufolateralis_2;1233;1233;0;0;1.0;1.0;true
Spheniscus_humboldti_1;510;510;0;0;1.0;1.0;true
Spheniscus_humboldti_2;510;510;0;0;1.0;1.0;true
Spizella_arborea_1;1266;1233;33;33;1.0;0.973;true
Spizella_arborea_2;1266;1233;33;33;1.0;0.973;true
Steatornis_caripensi_1;198;198;0;0;1.0;1.0;true
Steatornis_caripensi_2;198;198;0;0;1.0;1.0;true
Sterna_hirundo_1;1233;1233;0;0;1.0;1.0;true
Sterna_hirundo_2;1233;1233;0;0;1.0;1.0;true
Streptoprocne_zonaris_1;1359;1233;126;126;1.0;0.907;true
Streptoprocne_zonaris_2;1359;1233;126;126;1.0;0.907;true
Strix_varia_1;1233;1233;0;0;1.0;1.0;true
Strix_varia_2;1233;1233;0;0;1.0;1.0;true
Struthio_camelus_1;1266;1233;33;33;1.0;0.973;true
Struthio_camelus_2;1266;1233;33;33;1.0;0.973;true
Sylvia_melanocephala_1;1266;1233;33;33;1.0;0.973;true
Sylvia_melanocephala_2;1266;1233;33;33;1.0;0.973;true
Syrrhaptes_paradoxus_1;843;843;0;0;1.0;1.0;true
Syrrhaptes_paradoxus_2;843;843;0;0;1.0;1.0;true
Tapera_naevia_1;1251;1233;18;18;1.0;0.985;true
Tapera_naevia_2;1251;1233;18;18;1.0;0.985;true
Tauraco_macrorhynchus_1;1293;1233;60;60;1.0;0.953;true
Tauraco_macrorhynchus_2;1293;1233;60;60;1.0;0.953;true
Terenura_callinota_1;1269;1233;36;36;1.0;0.971;true
Terenura_callinota_2;1269;1233;36;36;1.0;0.971;true
Thamnophilus_ruficapillu_1;918;882;36;36;1.0;0.96;true
Thamnophilus_ruficapillu_2;918;882;36;36;1.0;0.96;true
Theristicus_caerulescens_1;1260;1233;27;27;1.0;0.978;true
Theristicus_caerulescens_2;1260;1233;27;27;1.0;0.978;true
Tigrisoma_lineatum_1;1233;1233;0;0;1.0;1.0;true
Tigrisoma_lineatum_2;1233;1233;0;0;1.0;1.0;true
Tinamus_major_1;1080;1080;0;0;1.0;1.0;true
Tinamus_major_2;1080;1080;0;0;1.0;1.0;true
Tityra_cayana_1;1233;1206;27;27;1.0;0.978;true
Tityra_cayana_2;1233;1206;27;27;1.0;0.978;true
Tockus_camurus_1;1266;1233;33;33;1.0;0.973;true
Tockus_camurus_2;1266;1233;33;33;1.0;0.973;true
Todus_mexicanus_1;1233;1233;0;0;1.0;1.0;true
Todus_mexicanus_2;1233;1233;0;0;1.0;1.0;true
Topaza_pella_1;1230;1230;0;0;1.0;1.0;true
Topaza_pella_2;1230;1230;0;0;1.0;1.0;true
Treron_calvus_1;1233;1233;0;0;1.0;1.0;true
Treron_calvus_2;1233;1233;0;0;1.0;1.0;true
Tringa_solitaria_1;1266;1233;33;33;1.0;0.973;true
Tringa_solitaria_2;1266;1233;33;33;1.0;0.973;true
Trogon_elegans_1;1233;1233;0;0;1.0;1.0;true
Trogon_elegans_2;1233;1233;0;0;1.0;1.0;true
Turdus_olivater_1;1260;1233;27;27;1.0;0.978;true
Turdus_olivater_2;1260;1233;27;27;1.0;0.978;true
Turnix_ocellata_1;1233;1233;0;0;1.0;1.0;true
Turnix_ocellata_2;1233;1233;0;0;1.0;1.0;true
Tyrannus_albogularis_1;1260;1233;27;27;1.0;0.978;true
Tyrannus_albogularis_2;1260;1233;27;27;1.0;0.978;true
Tyto_alba_1;1152;1152;0;0;1.0;1.0;true
Tyto_alba_2;1152;1152;0;0;1.0;1.0;true
Upupa_epops_1;1254;1233;21;21;1.0;0.983;true
Upupa_epops_2;1254;1233;21;21;1.0;0.983;true
Uria_aalge_1;1233;1233;0;0;1.0;1.0;true
Uria_aalge_2;1233;1233;0;0;1.0;1.0;true
Urocolius_indicus_1;1233;1233;0;0;1.0;1.0;true
Urocolius_indicus_2;1233;1233;0;0;1.0;1.0;true
Vultur_gryphus_1;735;702;33;33;1.0;0.955;true
Vultur_gryphus_2;735;702;33;33;1.0;0.955;true
