seqName;initialSeqLength;nbKeep;nbTrim;nbInformativeTrim;percentKeepExcludingExtremities;percentKeepIncludingExtremities;keptSequences
Acanthisitta_chloris_1;1158;1155;3;3;1.0;0.997;true
Acanthisitta_chloris_2;1158;1155;3;3;1.0;0.997;true
Accipiter_superciliosus_1;1176;1176;0;0;1.0;1.0;true
Accipiter_superciliosus_2;1176;1176;0;0;1.0;1.0;true
Aegotheles_insignis_1;1176;1176;0;0;1.0;1.0;true
Aegotheles_insignis_2;1176;1176;0;0;1.0;1.0;true
Alcedo_quadribrachys_1;1179;1176;3;3;1.0;0.997;true
Alcedo_quadribrachys_2;1179;1176;3;3;1.0;0.997;true
Anas_superciliosa_1;1167;1161;6;6;1.0;0.994;true
Anas_superciliosa_2;1167;1161;6;6;1.0;0.994;true
Anhinga_anhinga_1;1176;1176;0;0;1.0;1.0;true
Anhinga_anhinga_2;1176;1176;0;0;1.0;1.0;true
Anser_canagicus_1;1176;1176;0;0;1.0;1.0;true
Anser_canagicus_2;1176;1176;0;0;1.0;1.0;true
Anseranas_semipalmata_1;1176;1176;0;0;1.0;1.0;true
Anseranas_semipalmata_2;1176;1176;0;0;1.0;1.0;true
Apaloderma_aequatoriale_1;1179;1176;3;3;1.0;0.997;true
Apaloderma_aequatoriale_2;1179;1176;3;3;1.0;0.997;true
Apteryx_sp._1;1182;1176;6;6;1.0;0.994;true
Apteryx_sp._2;1182;1176;6;6;1.0;0.994;true
Aramus_guarauna_1;1176;1176;0;0;1.0;1.0;true
Aramus_guarauna_2;1176;1176;0;0;1.0;1.0;true
Archilochus_colubris_1;1176;1176;0;0;1.0;1.0;true
Archilochus_colubris_2;1176;1176;0;0;1.0;1.0;true
Ardea_herodias_1;1179;1176;3;3;1.0;0.997;true
Ardea_herodias_2;1179;1176;3;3;1.0;0.997;true
Ardeotis_kori_1;1176;1176;0;0;1.0;1.0;true
Ardeotis_kori_2;1176;1176;0;0;1.0;1.0;true
Arenaria_interpres_1;1176;1176;0;0;1.0;1.0;true
Arenaria_interpres_2;1176;1176;0;0;1.0;1.0;true
Atelornis_pittoides_1;1176;1176;0;0;1.0;1.0;true
Atelornis_pittoides_2;1176;1176;0;0;1.0;1.0;true
Aythya_valisineria_1;1179;1173;6;6;1.0;0.994;true
Aythya_valisineria_2;1179;1173;6;6;1.0;0.994;true
Balaeniceps_rex_1;1176;1176;0;0;1.0;1.0;true
Balaeniceps_rex_2;1176;1176;0;0;1.0;1.0;true
Balearica_regulorum_1;687;687;0;0;1.0;1.0;true
Balearica_regulorum_2;687;687;0;0;1.0;1.0;true
Barnardius_zonarius_1;1167;1164;3;3;1.0;0.997;true
Barnardius_zonarius_2;1167;1164;3;3;1.0;0.997;true
Bonasa_umbellus_1;1179;1173;6;6;1.0;0.994;true
Bonasa_umbellus_2;1179;1173;6;6;1.0;0.994;true
Buccanodon_duchaillui_1;1176;1176;0;0;1.0;1.0;true
Buccanodon_duchaillui_2;1176;1176;0;0;1.0;1.0;true
Bucco_capensis_1;1179;1176;3;3;1.0;0.997;true
Bucco_capensis_2;1179;1176;3;3;1.0;0.997;true
Bucorvus_leadbeateri_1;1176;1176;0;0;1.0;1.0;true
Bucorvus_leadbeateri_2;1176;1176;0;0;1.0;1.0;true
Burhinus_oedicnemus_1;1179;1176;3;3;1.0;0.997;true
Burhinus_oedicnemus_2;1179;1176;3;3;1.0;0.997;true
Buteo_jamaicensis_1;1176;1176;0;0;1.0;1.0;true
Buteo_jamaicensis_2;1176;1176;0;0;1.0;1.0;true
Caiman_croccodilus_1;1182;1179;3;3;1.0;0.997;true
Caiman_croccodilus_2;1182;1179;3;3;1.0;0.997;true
Calandrella_brachydactyla_1;789;774;15;15;1.0;0.98;true
Calandrella_brachydactyla_2;789;774;15;15;1.0;0.98;true
Calyptomena_viridis_1;1173;1170;3;3;1.0;0.997;true
Calyptomena_viridis_2;1173;1170;3;3;1.0;0.997;true
Capito_niger_1;1176;1176;0;0;1.0;1.0;true
Capito_niger_2;1176;1176;0;0;1.0;1.0;true
Caprimulgus_europaeus_1;1176;1176;0;0;1.0;1.0;true
Caprimulgus_europaeus_2;1176;1176;0;0;1.0;1.0;true
Caracara_cheriway_1;1179;1176;3;3;1.0;0.997;true
Caracara_cheriway_2;1179;1176;3;3;1.0;0.997;true
Cariama_cristata_1;1176;1176;0;0;1.0;1.0;true
Cariama_cristata_2;1176;1176;0;0;1.0;1.0;true
Casuarius_bennetti_1;1179;1176;3;3;1.0;0.997;true
Casuarius_bennetti_2;1179;1176;3;3;1.0;0.997;true
Cathartes_burrovianus_1;1176;1176;0;0;1.0;1.0;true
Cathartes_burrovianus_2;1176;1176;0;0;1.0;1.0;true
Centropus_bengalensis_1;1173;1170;3;3;1.0;0.997;true
Centropus_bengalensis_2;1173;1170;3;3;1.0;0.997;true
Chaetura_brachyura_1;1176;1176;0;0;1.0;1.0;true
Chaetura_brachyura_2;1176;1176;0;0;1.0;1.0;true
Charadrius_hiaticula_1;1173;1173;0;0;1.0;1.0;true
Charadrius_hiaticula_2;1173;1173;0;0;1.0;1.0;true
Chauna_torquata_1;1176;1176;0;0;1.0;1.0;true
Chauna_torquata_2;1176;1176;0;0;1.0;1.0;true
Chelidoptera_tenebrosa_1;1176;1176;0;0;1.0;1.0;true
Chelidoptera_tenebrosa_2;1176;1176;0;0;1.0;1.0;true
Chloroceryle_inda_1;1176;1176;0;0;1.0;1.0;true
Chloroceryle_inda_2;1176;1176;0;0;1.0;1.0;true
Chordeiles_pusillus_1;1173;1173;0;0;1.0;1.0;true
Chordeiles_pusillus_2;1173;1173;0;0;1.0;1.0;true
Chroicocephalus_cirrocephalus_1;696;696;0;0;1.0;1.0;true
Chroicocephalus_cirrocephalus_2;696;696;0;0;1.0;1.0;true
Chunga_burmeisteri_1;1176;1176;0;0;1.0;1.0;true
Chunga_burmeisteri_2;1176;1176;0;0;1.0;1.0;true
Ciconia_nigra_1;1176;1176;0;0;1.0;1.0;true
Ciconia_nigra_2;1176;1176;0;0;1.0;1.0;true
Climacteris_melanura_1;1170;1164;6;6;1.0;0.994;true
Climacteris_melanura_2;1170;1164;6;6;1.0;0.994;true
Coccyzus_melacoryphus_1;1176;1176;0;0;1.0;1.0;true
Coccyzus_melacoryphus_2;1176;1176;0;0;1.0;1.0;true
Colinus_cristatus_1;1182;1176;6;6;1.0;0.994;true
Colinus_cristatus_2;1182;1176;6;6;1.0;0.994;true
Colius_colius_1;1173;1173;0;0;1.0;1.0;true
Colius_colius_2;1173;1173;0;0;1.0;1.0;true
Columba_livia_1;1179;1176;3;3;1.0;0.997;true
Columba_livia_2;1179;1176;3;3;1.0;0.997;true
Columbina_minuta_1;1176;1176;0;0;1.0;1.0;true
Columbina_minuta_2;1176;1176;0;0;1.0;1.0;true
Coracias_cyanogaster_1;1179;1176;3;3;1.0;0.997;true
Coracias_cyanogaster_2;1179;1176;3;3;1.0;0.997;true
Corvus_albus_1;1170;1164;6;6;1.0;0.994;true
Corvus_albus_2;1170;1164;6;6;1.0;0.994;true
Corythaeola_cristata_1;1179;1176;3;3;1.0;0.997;true
Corythaeola_cristata_2;1179;1176;3;3;1.0;0.997;true
Cotinga_cayana_1;1176;1170;6;6;1.0;0.994;true
Cotinga_cayana_2;1176;1170;6;6;1.0;0.994;true
Crax_alector_1;1182;1176;6;6;1.0;0.994;true
Crax_alector_2;1182;1176;6;6;1.0;0.994;true
Crocodylus_porosus_1;1182;1179;3;3;1.0;0.997;true
Crocodylus_porosus_2;1182;1179;3;3;1.0;0.997;true
Cryptopipo_aenigma_1;1176;1170;6;6;1.0;0.994;true
Cryptopipo_aenigma_2;1176;1170;6;6;1.0;0.994;true
Crypturellus_tataupa_1;1173;1170;3;3;1.0;0.997;true
Crypturellus_tataupa_2;1173;1170;3;3;1.0;0.997;true
Cuculus_optatus_1;1176;1176;0;0;1.0;1.0;true
Cuculus_optatus_2;1176;1176;0;0;1.0;1.0;true
Dendrocygna_viduata_1;876;876;0;0;1.0;1.0;true
Dendrocygna_viduata_2;876;876;0;0;1.0;1.0;true
Deroptyus_accipitrinus_1;1167;1167;0;0;1.0;1.0;true
Deroptyus_accipitrinus_2;1167;1167;0;0;1.0;1.0;true
Dromaius_novaehollandiae_1;1179;1176;3;3;1.0;0.997;true
Dromaius_novaehollandiae_2;1179;1176;3;3;1.0;0.997;true
Elaenia_flavogaster_1;1176;1170;6;6;1.0;0.994;true
Elaenia_flavogaster_2;1176;1170;6;6;1.0;0.994;true
Elanus_leucurus_1;1179;1176;3;3;1.0;0.997;true
Elanus_leucurus_2;1179;1176;3;3;1.0;0.997;true
Eudromia_elegans_1;1179;1176;3;3;1.0;0.997;true
Eudromia_elegans_2;1179;1176;3;3;1.0;0.997;true
Eurostopodus_macrotis_1;1176;1176;0;0;1.0;1.0;true
Eurostopodus_macrotis_2;1176;1176;0;0;1.0;1.0;true
Eurylaimus_ochromalus_1;1173;1170;3;3;1.0;0.997;true
Eurylaimus_ochromalus_2;1173;1170;3;3;1.0;0.997;true
Eurypyga_helias_1;1179;1176;3;3;1.0;0.997;true
Eurypyga_helias_2;1179;1176;3;3;1.0;0.997;true
Falco_sparverius_1;1176;1176;0;0;1.0;1.0;true
Falco_sparverius_2;1176;1176;0;0;1.0;1.0;true
Fregata_magnificens_1;1182;1176;6;6;1.0;0.994;true
Fregata_magnificens_2;1182;1176;6;6;1.0;0.994;true
Fringilla_coelebs_1;1170;1164;6;6;1.0;0.994;true
Fringilla_coelebs_2;1170;1164;6;6;1.0;0.994;true
Fulmarus_glacialoides_1;1176;1176;0;0;1.0;1.0;true
Fulmarus_glacialoides_2;1176;1176;0;0;1.0;1.0;true
Furnarius_rufus_1;1176;1170;6;6;1.0;0.994;true
Furnarius_rufus_2;1176;1170;6;6;1.0;0.994;true
Galbula_dea_1;1176;1176;0;0;1.0;1.0;true
Galbula_dea_2;1176;1176;0;0;1.0;1.0;true
Gallus_gallus_1;1182;1176;6;6;1.0;0.994;true
Gallus_gallus_2;1182;1176;6;6;1.0;0.994;true
Gavia_immer_1;1176;1176;0;0;1.0;1.0;true
Gavia_immer_2;1176;1176;0;0;1.0;1.0;true
Glareola_nuchalis_1;1176;1176;0;0;1.0;1.0;true
Glareola_nuchalis_2;1176;1176;0;0;1.0;1.0;true
Grus_canadensis_1;1176;1176;0;0;1.0;1.0;true
Grus_canadensis_2;1176;1176;0;0;1.0;1.0;true
Haematopus_palliatus_1;1176;1176;0;0;1.0;1.0;true
Haematopus_palliatus_2;1176;1176;0;0;1.0;1.0;true
Heliornis_fulica_1;1176;1176;0;0;1.0;1.0;true
Heliornis_fulica_2;1176;1176;0;0;1.0;1.0;true
Hemiprocne_comata_1;1176;1176;0;0;1.0;1.0;true
Hemiprocne_comata_2;1176;1176;0;0;1.0;1.0;true
Hirundinea_ferruginea_1;1176;1170;6;6;1.0;0.994;true
Hirundinea_ferruginea_2;1176;1170;6;6;1.0;0.994;true
Hymenops_perspicillatus_1;1176;1170;6;6;1.0;0.994;true
Hymenops_perspicillatus_2;1176;1170;6;6;1.0;0.994;true
Ibycter_americanus_1;1179;1176;3;3;1.0;0.997;true
Ibycter_americanus_2;1179;1176;3;3;1.0;0.997;true
Indicator_exilis_1;1179;1176;3;3;1.0;0.997;true
Indicator_exilis_2;1179;1176;3;3;1.0;0.997;true
Ixobrychus_minutus_1;1176;1176;0;0;1.0;1.0;true
Ixobrychus_minutus_2;1176;1176;0;0;1.0;1.0;true
Jacana_jacana_1;1176;1176;0;0;1.0;1.0;true
Jacana_jacana_2;1176;1176;0;0;1.0;1.0;true
Jynx_torquilla_1;1176;1176;0;0;1.0;1.0;true
Jynx_torquilla_2;1176;1176;0;0;1.0;1.0;true
Leipoa_ocellata_1;1182;1176;6;6;1.0;0.994;true
Leipoa_ocellata_2;1182;1176;6;6;1.0;0.994;true
Lepidocolaptes_angustirostr_1;531;528;3;3;1.0;0.994;true
Lepidocolaptes_angustirostr_2;531;528;3;3;1.0;0.994;true
Leptoptilos_crumeniferus_1;1176;1176;0;0;1.0;1.0;true
Leptoptilos_crumeniferus_2;1176;1176;0;0;1.0;1.0;true
Leptosomus_discolor_1;1179;1176;3;3;1.0;0.997;true
Leptosomus_discolor_2;1179;1176;3;3;1.0;0.997;true
Leptotila_rufaxilla_1;1176;1176;0;0;1.0;1.0;true
Leptotila_rufaxilla_2;1176;1176;0;0;1.0;1.0;true
Limosa_lapponica_1;1176;1176;0;0;1.0;1.0;true
Limosa_lapponica_2;1176;1176;0;0;1.0;1.0;true
Lophorina_superba_1;735;732;3;3;1.0;0.995;true
Lophorina_superba_2;735;732;3;3;1.0;0.995;true
Malurus_splendens_1;774;768;6;6;1.0;0.992;true
Malurus_splendens_2;774;768;6;6;1.0;0.992;true
Megalaima_chrysopogon_1;1176;1176;0;0;1.0;1.0;true
Megalaima_chrysopogon_2;1176;1176;0;0;1.0;1.0;true
Melanopareia_maximilian_1;1176;1170;6;6;1.0;0.994;true
Melanopareia_maximilian_2;1176;1170;6;6;1.0;0.994;true
Menura_novaehollandiae_1;1176;1170;6;6;1.0;0.994;true
Menura_novaehollandiae_2;1176;1170;6;6;1.0;0.994;true
Merops_muelleri_1;1176;1176;0;0;1.0;1.0;true
Merops_muelleri_2;1176;1176;0;0;1.0;1.0;true
Mesitornis_unicolor_1;1176;1176;0;0;1.0;1.0;true
Mesitornis_unicolor_2;1176;1176;0;0;1.0;1.0;true
Micrastur_gilvicollis_1;1179;1176;3;3;1.0;0.997;true
Micrastur_gilvicollis_2;1179;1176;3;3;1.0;0.997;true
Micropygia_schomburgkii_1;1179;1176;3;3;1.0;0.997;true
Micropygia_schomburgkii_2;1179;1176;3;3;1.0;0.997;true
Momotus_lessonii_1;1176;1176;0;0;1.0;1.0;true
Momotus_lessonii_2;1176;1176;0;0;1.0;1.0;true
Monias_benschi_1;1176;1176;0;0;1.0;1.0;true
Monias_benschi_2;1176;1176;0;0;1.0;1.0;true
Morus_serrator_1;1176;1176;0;0;1.0;1.0;true
Morus_serrator_2;1176;1176;0;0;1.0;1.0;true
Myiobius_barbatus_1;1176;1170;6;6;1.0;0.994;true
Myiobius_barbatus_2;1176;1170;6;6;1.0;0.994;true
Myrmornis_torquata_1;1170;1164;6;6;1.0;0.994;true
Myrmornis_torquata_2;1170;1164;6;6;1.0;0.994;true
Myrmothera_campanisona_1;303;300;3;3;1.0;0.99;true
Myrmothera_campanisona_2;303;300;3;3;1.0;0.99;true
Neodrepanis_coruscans_1;1173;1170;3;3;1.0;0.997;true
Neodrepanis_coruscans_2;1173;1170;3;3;1.0;0.997;true
Neopelma_chrysocephalum_1;1176;1170;6;6;1.0;0.994;true
Neopelma_chrysocephalum_2;1176;1170;6;6;1.0;0.994;true
Nestor_meridionalis_1;1176;1176;0;0;1.0;1.0;true
Nestor_meridionalis_2;1176;1176;0;0;1.0;1.0;true
Nothoprocta_ornata_1;1179;1176;3;3;1.0;0.997;true
Nothoprocta_ornata_2;1179;1176;3;3;1.0;0.997;true
Numida_malagris_1;1182;1176;6;6;1.0;0.994;true
Numida_malagris_2;1182;1176;6;6;1.0;0.994;true
Nyctibius_griseus_1;1176;1176;0;0;1.0;1.0;true
Nyctibius_griseus_2;1176;1176;0;0;1.0;1.0;true
Oceanites_oceanicus_1;1176;1176;0;0;1.0;1.0;true
Oceanites_oceanicus_2;1176;1176;0;0;1.0;1.0;true
Oceanodroma_leucorhoa_1;1176;1176;0;0;1.0;1.0;true
Oceanodroma_leucorhoa_2;1176;1176;0;0;1.0;1.0;true
Odontophorus_gujanensis_1;1182;1176;6;6;1.0;0.994;true
Odontophorus_gujanensis_2;1182;1176;6;6;1.0;0.994;true
Opisthocomus_hoazin_1;1179;1176;3;3;1.0;0.997;true
Opisthocomus_hoazin_2;1179;1176;3;3;1.0;0.997;true
Ortalis_motmot_1;516;510;6;6;1.0;0.988;true
Ortalis_motmot_2;516;510;6;6;1.0;0.988;true
Oxyruncus_cristatus_1;1176;1170;6;6;1.0;0.994;true
Oxyruncus_cristatus_2;1176;1170;6;6;1.0;0.994;true
Oxyura_jamaicensis_1;1182;1176;6;6;1.0;0.994;true
Oxyura_jamaicensis_2;1182;1176;6;6;1.0;0.994;true
Pandion_haliaetus_1;1176;1176;0;0;1.0;1.0;true
Pandion_haliaetus_2;1176;1176;0;0;1.0;1.0;true
Pedionomus_torquatus_1;1176;1176;0;0;1.0;1.0;true
Pedionomus_torquatus_2;1176;1176;0;0;1.0;1.0;true
Pelagodroma_marina_1;1176;1176;0;0;1.0;1.0;true
Pelagodroma_marina_2;1176;1176;0;0;1.0;1.0;true
Pelecanoides_urinatrix_1;1179;1176;3;3;0.997;0.997;true
Pelecanoides_urinatrix_2;1179;1176;3;3;0.997;0.997;true
Pelecanus_occidentalis_1;1176;1176;0;0;1.0;1.0;true
Pelecanus_occidentalis_2;1176;1176;0;0;1.0;1.0;true
Phaethon_rubricauda_1;1176;1176;0;0;1.0;1.0;true
Phaethon_rubricauda_2;1176;1176;0;0;1.0;1.0;true
Phaethornis_superciliosus_1;1176;1176;0;0;1.0;1.0;true
Phaethornis_superciliosus_2;1176;1176;0;0;1.0;1.0;true
Phalacrocorax_brasili_1;1176;1176;0;0;1.0;1.0;true
Phalacrocorax_brasili_2;1176;1176;0;0;1.0;1.0;true
Phoebastria_nigripes_1;711;711;0;0;1.0;1.0;true
Phoebastria_nigripes_2;711;711;0;0;1.0;1.0;true
Phoenicopterus_ruber_1;336;333;3;3;1.0;0.991;true
Phoenicopterus_ruber_2;336;333;3;3;1.0;0.991;true
Phoeniculus_purpureus_1;1182;1176;6;6;1.0;0.994;true
Phoeniculus_purpureus_2;1182;1176;6;6;1.0;0.994;true
Picus_canus_1;1176;1176;0;0;1.0;1.0;true
Picus_canus_2;1176;1176;0;0;1.0;1.0;true
Pipra_erythrocephala_1;1176;1170;6;6;1.0;0.994;true
Pipra_erythrocephala_2;1176;1170;6;6;1.0;0.994;true
Piprites_chloris_1;1176;1170;6;6;1.0;0.994;true
Piprites_chloris_2;1176;1170;6;6;1.0;0.994;true
Pitta_angolensis_1;1173;1170;3;3;1.0;0.997;true
Pitta_angolensis_2;1173;1170;3;3;1.0;0.997;true
Podargus_strigoides_1;1176;1176;0;0;1.0;1.0;true
Podargus_strigoides_2;1176;1176;0;0;1.0;1.0;true
Poecile_lugubris_1;519;516;3;3;1.0;0.994;true
Poecile_lugubris_2;519;516;3;3;1.0;0.994;true
Porphyrio_porphyrio_1;660;657;3;3;1.0;0.995;true
Porphyrio_porphyrio_2;660;657;3;3;1.0;0.995;true
Probosciger_aterrimus_1;1167;1164;3;3;1.0;0.997;true
Probosciger_aterrimus_2;1167;1164;3;3;1.0;0.997;true
Psittacus_erithacus_1;1164;1164;0;0;1.0;1.0;true
Psittacus_erithacus_2;1164;1164;0;0;1.0;1.0;true
Psittrichas_fulgidus_1;1167;1167;0;0;1.0;1.0;true
Psittrichas_fulgidus_2;1167;1167;0;0;1.0;1.0;true
Psophia_crepitans_1;1179;1176;3;3;1.0;0.997;true
Psophia_crepitans_2;1179;1176;3;3;1.0;0.997;true
Pterocles_bicinctus_1;1179;1176;3;3;1.0;0.997;true
Pterocles_bicinctus_2;1179;1176;3;3;1.0;0.997;true
Pterodroma_externa_1;1176;1176;0;0;1.0;1.0;true
Pterodroma_externa_2;1176;1176;0;0;1.0;1.0;true
Ptilinopus_magnificus_1;1176;1176;0;0;1.0;1.0;true
Ptilinopus_magnificus_2;1176;1176;0;0;1.0;1.0;true
Ptilonorhynchus_violaceus_1;1170;1164;6;6;1.0;0.994;true
Ptilonorhynchus_violaceus_2;1170;1164;6;6;1.0;0.994;true
Puffinus_griseus_1;1176;1176;0;0;1.0;1.0;true
Puffinus_griseus_2;1176;1176;0;0;1.0;1.0;true
Pycnonotus_macrotis_1;1173;1164;9;9;0.997;0.992;true
Pycnonotus_macrotis_2;1173;1164;9;9;0.997;0.992;true
Rallus_longirostris_1;945;945;0;0;1.0;1.0;true
Rallus_longirostris_2;945;945;0;0;1.0;1.0;true
Ramphastos_ambiguus_1;1176;1176;0;0;1.0;1.0;true
Ramphastos_ambiguus_2;1176;1176;0;0;1.0;1.0;true
Recurvirostra_americana_1;1176;1176;0;0;1.0;1.0;true
Recurvirostra_americana_2;1176;1176;0;0;1.0;1.0;true
Regulus_ignicapilla_1;1176;1170;6;6;1.0;0.994;true
Regulus_ignicapilla_2;1176;1170;6;6;1.0;0.994;true
Rhea_americana_1;1182;1176;6;6;1.0;0.994;true
Rhea_americana_2;1182;1176;6;6;1.0;0.994;true
Rhynchocyclus_olivaceus_1;1176;1170;6;6;1.0;0.994;true
Rhynchocyclus_olivaceus_2;1176;1170;6;6;1.0;0.994;true
Rollandia_rolland_1;1179;1176;3;3;1.0;0.997;true
Rollandia_rolland_2;1179;1176;3;3;1.0;0.997;true
Rollulus_rouloul_1;1182;1176;6;6;1.0;0.994;true
Rollulus_rouloul_2;1182;1176;6;6;1.0;0.994;true
Rostratula_benghalensis_1;1176;1176;0;0;1.0;1.0;true
Rostratula_benghalensis_2;1176;1176;0;0;1.0;1.0;true
Rupicola_rupicola_1;552;549;3;3;1.0;0.994;true
Rupicola_rupicola_2;552;549;3;3;1.0;0.994;true
Rynchops_niger_1;1176;1176;0;0;1.0;1.0;true
Rynchops_niger_2;1176;1176;0;0;1.0;1.0;true
Sagittarius_serpentarius_1;468;468;0;0;1.0;1.0;true
Sagittarius_serpentarius_2;468;468;0;0;1.0;1.0;true
Sarothrura_rufa_1;321;321;0;0;1.0;1.0;true
Sarothrura_rufa_2;321;321;0;0;1.0;1.0;true
Schiffornis_turdina_1;1176;1170;6;6;1.0;0.994;true
Schiffornis_turdina_2;1176;1170;6;6;1.0;0.994;true
Sclerurus_mexicanus_1;1176;1170;6;6;1.0;0.994;true
Sclerurus_mexicanus_2;1176;1170;6;6;1.0;0.994;true
Scopus_umbretta_1;1179;1176;3;3;1.0;0.997;true
Scopus_umbretta_2;1179;1176;3;3;1.0;0.997;true
Sericulus_bakeri_1;1170;1164;6;6;1.0;0.994;true
Sericulus_bakeri_2;1170;1164;6;6;1.0;0.994;true
Smithornis_rufolateralis_1;1173;1170;3;3;1.0;0.997;true
Smithornis_rufolateralis_2;1173;1170;3;3;1.0;0.997;true
Spheniscus_humboldti_1;675;675;0;0;1.0;1.0;true
Spheniscus_humboldti_2;675;675;0;0;1.0;1.0;true
Spizella_arborea_1;675;672;3;3;1.0;0.995;true
Spizella_arborea_2;675;672;3;3;1.0;0.995;true
Steatornis_caripensi_1;279;279;0;0;1.0;1.0;true
Steatornis_caripensi_2;279;279;0;0;1.0;1.0;true
Sterna_hirundo_1;1179;1176;3;3;1.0;0.997;true
Sterna_hirundo_2;1179;1176;3;3;1.0;0.997;true
Streptoprocne_zonaris_1;1176;1176;0;0;1.0;1.0;true
Streptoprocne_zonaris_2;1176;1176;0;0;1.0;1.0;true
Strix_varia_1;1179;1176;3;3;1.0;0.997;true
Strix_varia_2;1179;1176;3;3;1.0;0.997;true
Struthio_camelus_1;1179;1176;3;3;1.0;0.997;true
Struthio_camelus_2;1179;1176;3;3;1.0;0.997;true
Sylvia_melanocephala_1;798;780;18;18;1.0;0.977;true
Sylvia_melanocephala_2;798;780;18;18;1.0;0.977;true
Syrrhaptes_paradoxus_1;1179;1176;3;3;1.0;0.997;true
Syrrhaptes_paradoxus_2;1179;1176;3;3;1.0;0.997;true
Tapera_naevia_1;1176;1176;0;0;1.0;1.0;true
Tapera_naevia_2;1176;1176;0;0;1.0;1.0;true
Tauraco_macrorhynchus_1;1179;1176;3;3;1.0;0.997;true
Tauraco_macrorhynchus_2;1179;1176;3;3;1.0;0.997;true
Terenura_callinota_1;1170;1164;6;6;1.0;0.994;true
Terenura_callinota_2;1170;1164;6;6;1.0;0.994;true
Thamnophilus_ruficapillu_1;1008;1005;3;3;1.0;0.997;true
Thamnophilus_ruficapillu_2;1008;1005;3;3;1.0;0.997;true
Theristicus_caerulescens_1;339;339;0;0;1.0;1.0;true
Theristicus_caerulescens_2;339;339;0;0;1.0;1.0;true
Tigrisoma_lineatum_1;1176;1176;0;0;1.0;1.0;true
Tigrisoma_lineatum_2;1176;1176;0;0;1.0;1.0;true
Tinamus_major_1;1179;1176;3;3;1.0;0.997;true
Tinamus_major_2;1179;1176;3;3;1.0;0.997;true
Tityra_cayana_1;1176;1170;6;6;1.0;0.994;true
Tityra_cayana_2;1176;1170;6;6;1.0;0.994;true
Tockus_camurus_1;1176;1176;0;0;1.0;1.0;true
Tockus_camurus_2;1176;1176;0;0;1.0;1.0;true
Todus_mexicanus_1;1173;1173;0;0;1.0;1.0;true
Todus_mexicanus_2;1173;1173;0;0;1.0;1.0;true
Topaza_pella_1;1176;1176;0;0;1.0;1.0;true
Topaza_pella_2;1176;1176;0;0;1.0;1.0;true
Treron_calvus_1;1179;1176;3;3;1.0;0.997;true
Treron_calvus_2;1179;1176;3;3;1.0;0.997;true
Tringa_solitaria_1;1176;1176;0;0;1.0;1.0;true
Tringa_solitaria_2;1176;1176;0;0;1.0;1.0;true
Trogon_elegans_1;1179;1176;3;3;1.0;0.997;true
Trogon_elegans_2;1179;1176;3;3;1.0;0.997;true
Turdus_olivater_1;810;786;24;24;1.0;0.97;true
Turdus_olivater_2;810;786;24;24;1.0;0.97;true
Turnix_ocellata_1;1179;1176;3;3;1.0;0.997;true
Turnix_ocellata_2;1179;1176;3;3;1.0;0.997;true
Tyrannus_albogularis_1;1176;1170;6;6;1.0;0.994;true
Tyrannus_albogularis_2;1176;1170;6;6;1.0;0.994;true
Tyto_alba_1;1056;1056;0;0;1.0;1.0;true
Tyto_alba_2;1056;1056;0;0;1.0;1.0;true
Upupa_epops_1;1176;1176;0;0;1.0;1.0;true
Upupa_epops_2;1176;1176;0;0;1.0;1.0;true
Uria_aalge_1;1179;1176;3;3;1.0;0.997;true
Uria_aalge_2;1179;1176;3;3;1.0;0.997;true
Urocolius_indicus_1;1164;1164;0;0;1.0;1.0;true
Urocolius_indicus_2;1164;1164;0;0;1.0;1.0;true
Vultur_gryphus_1;420;420;0;0;1.0;1.0;true
Vultur_gryphus_2;420;420;0;0;1.0;1.0;true
