seqName;initialSeqLength;nbKeep;nbTrim;nbInformativeTrim;percentKeepExcludingExtremities;percentKeepIncludingExtremities;keptSequences
Acanthisitta_chloris_1;867;867;0;0;1.0;1.0;true
Acanthisitta_chloris_2;867;867;0;0;1.0;1.0;true
Accipiter_superciliosus_1;991;990;1;1;1.0;0.998;true
Accipiter_superciliosus_2;991;990;1;1;1.0;0.998;true
Aegotheles_insignis_1;991;990;1;1;1.0;0.998;true
Aegotheles_insignis_2;991;990;1;1;1.0;0.998;true
Alcedo_quadribrachys_1;991;990;1;1;1.0;0.998;true
Alcedo_quadribrachys_2;991;990;1;1;1.0;0.998;true
Anas_superciliosa_1;880;879;1;1;1.0;0.998;true
Anas_superciliosa_2;880;879;1;1;1.0;0.998;true
Anhinga_anhinga_1;991;990;1;1;1.0;0.998;true
Anhinga_anhinga_2;991;990;1;1;1.0;0.998;true
Anser_canagicus_1;1006;990;16;16;1.0;0.984;true
Anser_canagicus_2;1006;990;16;16;1.0;0.984;true
Anseranas_semipalmata_1;991;990;1;1;1.0;0.998;true
Anseranas_semipalmata_2;991;990;1;1;1.0;0.998;true
Apaloderma_aequatoriale_1;991;990;1;1;1.0;0.998;true
Apaloderma_aequatoriale_2;991;990;1;1;1.0;0.998;true
Apteryx_sp._1;1024;990;34;34;1.0;0.966;true
Apteryx_sp._2;1024;990;34;34;1.0;0.966;true
Aramus_guarauna_1;991;990;1;1;1.0;0.998;true
Aramus_guarauna_2;991;990;1;1;1.0;0.998;true
Archilochus_colubris_1;991;990;1;1;1.0;0.998;true
Archilochus_colubris_2;991;990;1;1;1.0;0.998;true
Ardea_herodias_1;991;990;1;1;1.0;0.998;true
Ardea_herodias_2;991;990;1;1;1.0;0.998;true
Ardeotis_kori_1;991;990;1;1;1.0;0.998;true
Ardeotis_kori_2;991;990;1;1;1.0;0.998;true
Arenaria_interpres_1;991;990;1;1;1.0;0.998;true
Arenaria_interpres_2;991;990;1;1;1.0;0.998;true
Atelornis_pittoides_1;991;990;1;1;1.0;0.998;true
Atelornis_pittoides_2;991;990;1;1;1.0;0.998;true
Aythya_valisineria_1;1006;990;16;16;1.0;0.984;true
Aythya_valisineria_2;1006;990;16;16;1.0;0.984;true
Balaeniceps_rex_1;991;990;1;1;1.0;0.998;true
Balaeniceps_rex_2;991;990;1;1;1.0;0.998;true
Balearica_regulorum_1;973;972;1;1;1.0;0.998;true
Balearica_regulorum_2;973;972;1;1;1.0;0.998;true
Barnardius_zonarius_1;907;906;1;1;1.0;0.998;true
Barnardius_zonarius_2;907;906;1;1;1.0;0.998;true
Bonasa_umbellus_1;991;990;1;1;1.0;0.998;true
Bonasa_umbellus_2;991;990;1;1;1.0;0.998;true
Buccanodon_duchaillui_1;997;990;7;7;1.0;0.992;true
Buccanodon_duchaillui_2;997;990;7;7;1.0;0.992;true
Bucco_capensis_1;991;990;1;1;1.0;0.998;true
Bucco_capensis_2;991;990;1;1;1.0;0.998;true
Bucorvus_leadbeateri_1;991;990;1;1;1.0;0.998;true
Bucorvus_leadbeateri_2;991;990;1;1;1.0;0.998;true
Burhinus_oedicnemus_1;991;990;1;1;1.0;0.998;true
Burhinus_oedicnemus_2;991;990;1;1;1.0;0.998;true
Buteo_jamaicensis_1;991;990;1;1;1.0;0.998;true
Buteo_jamaicensis_2;991;990;1;1;1.0;0.998;true
Caiman_croccodilus_1;993;990;3;3;1.0;0.996;true
Caiman_croccodilus_2;993;990;3;3;1.0;0.996;true
Calandrella_brachydactyla_1;988;987;1;1;1.0;0.998;true
Calandrella_brachydactyla_2;988;987;1;1;1.0;0.998;true
Calyptomena_viridis_1;991;990;1;1;1.0;0.998;true
Calyptomena_viridis_2;991;990;1;1;1.0;0.998;true
Capito_niger_1;991;990;1;1;1.0;0.998;true
Capito_niger_2;991;990;1;1;1.0;0.998;true
Caprimulgus_europaeus_1;988;987;1;1;1.0;0.998;true
Caprimulgus_europaeus_2;988;987;1;1;1.0;0.998;true
Caracara_cheriway_1;991;990;1;1;1.0;0.998;true
Caracara_cheriway_2;991;990;1;1;1.0;0.998;true
Cariama_cristata_1;991;990;1;1;1.0;0.998;true
Cariama_cristata_2;991;990;1;1;1.0;0.998;true
Casuarius_bennetti_1;442;441;1;1;1.0;0.997;true
Casuarius_bennetti_2;442;441;1;1;1.0;0.997;true
Cathartes_burrovianus_1;697;696;1;1;1.0;0.998;true
Cathartes_burrovianus_2;697;696;1;1;1.0;0.998;true
Centropus_bengalensis_1;988;987;1;1;1.0;0.998;true
Centropus_bengalensis_2;988;987;1;1;1.0;0.998;true
Chaetura_brachyura_1;991;990;1;1;1.0;0.998;true
Chaetura_brachyura_2;991;990;1;1;1.0;0.998;true
Charadrius_hiaticula_1;991;990;1;1;1.0;0.998;true
Charadrius_hiaticula_2;991;990;1;1;1.0;0.998;true
Chauna_torquata_1;991;990;1;1;1.0;0.998;true
Chauna_torquata_2;991;990;1;1;1.0;0.998;true
Chelidoptera_tenebrosa_1;991;990;1;1;1.0;0.998;true
Chelidoptera_tenebrosa_2;991;990;1;1;1.0;0.998;true
Chloroceryle_inda_1;991;990;1;1;1.0;0.998;true
Chloroceryle_inda_2;991;990;1;1;1.0;0.998;true
Chordeiles_pusillus_1;988;987;1;1;1.0;0.998;true
Chordeiles_pusillus_2;988;987;1;1;1.0;0.998;true
Chroicocephalus_cirrocephalus_1;991;990;1;1;1.0;0.998;true
Chroicocephalus_cirrocephalus_2;991;990;1;1;1.0;0.998;true
Chunga_burmeisteri_1;991;990;1;1;1.0;0.998;true
Chunga_burmeisteri_2;991;990;1;1;1.0;0.998;true
Ciconia_nigra_1;991;990;1;1;1.0;0.998;true
Ciconia_nigra_2;991;990;1;1;1.0;0.998;true
Climacteris_melanura_1;991;990;1;1;1.0;0.998;true
Climacteris_melanura_2;991;990;1;1;1.0;0.998;true
Coccyzus_melacoryphus_1;991;990;1;1;1.0;0.998;true
Coccyzus_melacoryphus_2;991;990;1;1;1.0;0.998;true
Colinus_cristatus_1;991;990;1;1;1.0;0.998;true
Colinus_cristatus_2;991;990;1;1;1.0;0.998;true
Colius_colius_1;991;990;1;1;1.0;0.998;true
Colius_colius_2;991;990;1;1;1.0;0.998;true
Columba_livia_1;991;990;1;1;1.0;0.998;true
Columba_livia_2;991;990;1;1;1.0;0.998;true
Columbina_minuta_1;991;990;1;1;1.0;0.998;true
Columbina_minuta_2;991;990;1;1;1.0;0.998;true
Coracias_cyanogaster_1;991;990;1;1;1.0;0.998;true
Coracias_cyanogaster_2;991;990;1;1;1.0;0.998;true
Corvus_albus_1;991;990;1;1;1.0;0.998;true
Corvus_albus_2;991;990;1;1;1.0;0.998;true
Corythaeola_cristata_1;991;990;1;1;1.0;0.998;true
Corythaeola_cristata_2;991;990;1;1;1.0;0.998;true
Cotinga_cayana_1;988;987;1;1;1.0;0.998;true
Cotinga_cayana_2;988;987;1;1;1.0;0.998;true
Crax_alector_1;991;990;1;1;1.0;0.998;true
Crax_alector_2;991;990;1;1;1.0;0.998;true
Crocodylus_porosus_1;991;990;1;1;1.0;0.998;true
Crocodylus_porosus_2;991;990;1;1;1.0;0.998;true
Cryptopipo_aenigma_1;604;603;1;1;1.0;0.998;true
Cryptopipo_aenigma_2;604;603;1;1;1.0;0.998;true
Crypturellus_tataupa_1;991;990;1;1;1.0;0.998;true
Crypturellus_tataupa_2;991;990;1;1;1.0;0.998;true
Cuculus_optatus_1;991;990;1;1;1.0;0.998;true
Cuculus_optatus_2;991;990;1;1;1.0;0.998;true
Dendrocygna_viduata_1;720;720;0;0;1.0;1.0;true
Dendrocygna_viduata_2;720;720;0;0;1.0;1.0;true
Deroptyus_accipitrinus_1;991;990;1;1;1.0;0.998;true
Deroptyus_accipitrinus_2;991;990;1;1;1.0;0.998;true
Dromaius_novaehollandiae_1;997;990;7;7;1.0;0.992;true
Dromaius_novaehollandiae_2;997;990;7;7;1.0;0.992;true
Elaenia_flavogaster_1;988;987;1;1;1.0;0.998;true
Elaenia_flavogaster_2;988;987;1;1;1.0;0.998;true
Elanus_leucurus_1;991;990;1;1;1.0;0.998;true
Elanus_leucurus_2;991;990;1;1;1.0;0.998;true
Eudromia_elegans_1;988;987;1;1;1.0;0.998;true
Eudromia_elegans_2;988;987;1;1;1.0;0.998;true
Eurostopodus_macrotis_1;988;987;1;1;1.0;0.998;true
Eurostopodus_macrotis_2;988;987;1;1;1.0;0.998;true
Eurylaimus_ochromalus_1;673;672;1;1;1.0;0.998;true
Eurylaimus_ochromalus_2;673;672;1;1;1.0;0.998;true
Eurypyga_helias_1;991;990;1;1;1.0;0.998;true
Eurypyga_helias_2;991;990;1;1;1.0;0.998;true
Falco_sparverius_1;991;990;1;1;1.0;0.998;true
Falco_sparverius_2;991;990;1;1;1.0;0.998;true
Fregata_magnificens_1;991;990;1;1;1.0;0.998;true
Fregata_magnificens_2;991;990;1;1;1.0;0.998;true
Fringilla_coelebs_1;991;990;1;1;1.0;0.998;true
Fringilla_coelebs_2;991;990;1;1;1.0;0.998;true
Fulmarus_glacialoides_1;991;990;1;1;1.0;0.998;true
Fulmarus_glacialoides_2;991;990;1;1;1.0;0.998;true
Furnarius_rufus_1;991;990;1;1;1.0;0.998;true
Furnarius_rufus_2;991;990;1;1;1.0;0.998;true
Galbula_dea_1;991;990;1;1;1.0;0.998;true
Galbula_dea_2;991;990;1;1;1.0;0.998;true
Gallus_gallus_1;991;990;1;1;1.0;0.998;true
Gallus_gallus_2;991;990;1;1;1.0;0.998;true
Gavia_immer_1;991;990;1;1;1.0;0.998;true
Gavia_immer_2;991;990;1;1;1.0;0.998;true
Glareola_nuchalis_1;991;990;1;1;1.0;0.998;true
Glareola_nuchalis_2;991;990;1;1;1.0;0.998;true
Grus_canadensis_1;991;990;1;1;1.0;0.998;true
Grus_canadensis_2;991;990;1;1;1.0;0.998;true
Haematopus_palliatus_1;991;990;1;1;1.0;0.998;true
Haematopus_palliatus_2;991;990;1;1;1.0;0.998;true
Heliornis_fulica_1;988;987;1;1;1.0;0.998;true
Heliornis_fulica_2;988;987;1;1;1.0;0.998;true
Hemiprocne_comata_1;694;693;1;1;1.0;0.998;true
Hemiprocne_comata_2;694;693;1;1;1.0;0.998;true
Hirundinea_ferruginea_1;988;987;1;1;1.0;0.998;true
Hirundinea_ferruginea_2;988;987;1;1;1.0;0.998;true
Hymenops_perspicillatus_1;988;987;1;1;1.0;0.998;true
Hymenops_perspicillatus_2;988;987;1;1;1.0;0.998;true
Ibycter_americanus_1;991;990;1;1;1.0;0.998;true
Ibycter_americanus_2;991;990;1;1;1.0;0.998;true
Indicator_exilis_1;991;990;1;1;1.0;0.998;true
Indicator_exilis_2;991;990;1;1;1.0;0.998;true
Ixobrychus_minutus_1;991;990;1;1;1.0;0.998;true
Ixobrychus_minutus_2;991;990;1;1;1.0;0.998;true
Jacana_jacana_1;991;990;1;1;1.0;0.998;true
Jacana_jacana_2;991;990;1;1;1.0;0.998;true
Jynx_torquilla_1;991;990;1;1;1.0;0.998;true
Jynx_torquilla_2;991;990;1;1;1.0;0.998;true
Leipoa_ocellata_1;988;987;1;1;1.0;0.998;true
Leipoa_ocellata_2;988;987;1;1;1.0;0.998;true
Lepidocolaptes_angustirostr_1;991;990;1;1;1.0;0.998;true
Lepidocolaptes_angustirostr_2;991;990;1;1;1.0;0.998;true
Leptoptilos_crumeniferus_1;991;990;1;1;1.0;0.998;true
Leptoptilos_crumeniferus_2;991;990;1;1;1.0;0.998;true
Leptosomus_discolor_1;997;990;7;7;1.0;0.992;true
Leptosomus_discolor_2;997;990;7;7;1.0;0.992;true
Leptotila_rufaxilla_1;991;990;1;1;1.0;0.998;true
Leptotila_rufaxilla_2;991;990;1;1;1.0;0.998;true
Limosa_lapponica_1;991;990;1;1;1.0;0.998;true
Limosa_lapponica_2;991;990;1;1;1.0;0.998;true
Lophorina_superba_1;991;990;1;1;1.0;0.998;true
Lophorina_superba_2;991;990;1;1;1.0;0.998;true
Malurus_splendens_1;633;630;3;3;1.0;0.995;true
Malurus_splendens_2;633;630;3;3;1.0;0.995;true
Megalaima_chrysopogon_1;991;990;1;1;1.0;0.998;true
Megalaima_chrysopogon_2;991;990;1;1;1.0;0.998;true
Melanopareia_maximilian_1;991;990;1;1;1.0;0.998;true
Melanopareia_maximilian_2;991;990;1;1;1.0;0.998;true
Menura_novaehollandiae_1;991;990;1;1;1.0;0.998;true
Menura_novaehollandiae_2;991;990;1;1;1.0;0.998;true
Merops_muelleri_1;991;990;1;1;1.0;0.998;true
Merops_muelleri_2;991;990;1;1;1.0;0.998;true
Mesitornis_unicolor_1;991;990;1;1;1.0;0.998;true
Mesitornis_unicolor_2;991;990;1;1;1.0;0.998;true
Micrastur_gilvicollis_1;991;990;1;1;1.0;0.998;true
Micrastur_gilvicollis_2;991;990;1;1;1.0;0.998;true
Micropygia_schomburgkii_1;988;987;1;1;1.0;0.998;true
Micropygia_schomburgkii_2;988;987;1;1;1.0;0.998;true
Momotus_lessonii_1;991;990;1;1;1.0;0.998;true
Momotus_lessonii_2;991;990;1;1;1.0;0.998;true
Monias_benschi_1;991;990;1;1;1.0;0.998;true
Monias_benschi_2;991;990;1;1;1.0;0.998;true
Morus_serrator_1;988;987;1;1;1.0;0.998;true
Morus_serrator_2;988;987;1;1;1.0;0.998;true
Myiobius_barbatus_1;988;987;1;1;1.0;0.998;true
Myiobius_barbatus_2;988;987;1;1;1.0;0.998;true
Myrmornis_torquata_1;991;990;1;1;1.0;0.998;true
Myrmornis_torquata_2;991;990;1;1;1.0;0.998;true
Myrmothera_campanisona_1;991;990;1;1;1.0;0.998;true
Myrmothera_campanisona_2;991;990;1;1;1.0;0.998;true
Neodrepanis_coruscans_1;991;990;1;1;1.0;0.998;true
Neodrepanis_coruscans_2;991;990;1;1;1.0;0.998;true
Neopelma_chrysocephalum_1;988;987;1;1;1.0;0.998;true
Neopelma_chrysocephalum_2;988;987;1;1;1.0;0.998;true
Nestor_meridionalis_1;991;990;1;1;1.0;0.998;true
Nestor_meridionalis_2;991;990;1;1;1.0;0.998;true
Nothoprocta_ornata_1;991;990;1;1;1.0;0.998;true
Nothoprocta_ornata_2;991;990;1;1;1.0;0.998;true
Numida_malagris_1;991;990;1;1;1.0;0.998;true
Numida_malagris_2;991;990;1;1;1.0;0.998;true
Nyctibius_griseus_1;991;990;1;1;1.0;0.998;true
Nyctibius_griseus_2;991;990;1;1;1.0;0.998;true
Oceanites_oceanicus_1;991;990;1;1;1.0;0.998;true
Oceanites_oceanicus_2;991;990;1;1;1.0;0.998;true
Oceanodroma_leucorhoa_1;991;990;1;1;1.0;0.998;true
Oceanodroma_leucorhoa_2;991;990;1;1;1.0;0.998;true
Odontophorus_gujanensis_1;991;990;1;1;1.0;0.998;true
Odontophorus_gujanensis_2;991;990;1;1;1.0;0.998;true
Opisthocomus_hoazin_1;991;990;1;1;1.0;0.998;true
Opisthocomus_hoazin_2;991;990;1;1;1.0;0.998;true
Ortalis_motmot_1;991;990;1;1;1.0;0.998;true
Ortalis_motmot_2;991;990;1;1;1.0;0.998;true
Oxyruncus_cristatus_1;988;987;1;1;1.0;0.998;true
Oxyruncus_cristatus_2;988;987;1;1;1.0;0.998;true
Oxyura_jamaicensis_1;1006;990;16;16;1.0;0.984;true
Oxyura_jamaicensis_2;1006;990;16;16;1.0;0.984;true
Pandion_haliaetus_1;978;975;3;3;1.0;0.996;true
Pandion_haliaetus_2;978;975;3;3;1.0;0.996;true
Pedionomus_torquatus_1;991;990;1;1;1.0;0.998;true
Pedionomus_torquatus_2;991;990;1;1;1.0;0.998;true
Pelagodroma_marina_1;991;990;1;1;1.0;0.998;true
Pelagodroma_marina_2;991;990;1;1;1.0;0.998;true
Pelecanoides_urinatrix_1;991;990;1;1;1.0;0.998;true
Pelecanoides_urinatrix_2;991;990;1;1;1.0;0.998;true
Pelecanus_occidentalis_1;991;990;1;1;1.0;0.998;true
Pelecanus_occidentalis_2;991;990;1;1;1.0;0.998;true
Phaethon_rubricauda_1;991;990;1;1;1.0;0.998;true
Phaethon_rubricauda_2;991;990;1;1;1.0;0.998;true
Phaethornis_superciliosus_1;991;990;1;1;1.0;0.998;true
Phaethornis_superciliosus_2;991;990;1;1;1.0;0.998;true
Phalacrocorax_brasili_1;991;990;1;1;1.0;0.998;true
Phalacrocorax_brasili_2;991;990;1;1;1.0;0.998;true
Phoebastria_nigripes_1;937;936;1;1;1.0;0.998;true
Phoebastria_nigripes_2;937;936;1;1;1.0;0.998;true
Phoenicopterus_ruber_1;792;792;0;0;1.0;1.0;true
Phoenicopterus_ruber_2;792;792;0;0;1.0;1.0;true
Phoeniculus_purpureus_1;220;219;1;1;1.0;0.995;true
Phoeniculus_purpureus_2;220;219;1;1;1.0;0.995;true
Picus_canus_1;991;990;1;1;1.0;0.998;true
Picus_canus_2;991;990;1;1;1.0;0.998;true
Pipra_erythrocephala_1;988;987;1;1;1.0;0.998;true
Pipra_erythrocephala_2;988;987;1;1;1.0;0.998;true
Piprites_chloris_1;988;987;1;1;1.0;0.998;true
Piprites_chloris_2;988;987;1;1;1.0;0.998;true
Pitta_angolensis_1;795;795;0;0;1.0;1.0;true
Pitta_angolensis_2;795;795;0;0;1.0;1.0;true
Podargus_strigoides_1;991;990;1;1;1.0;0.998;true
Podargus_strigoides_2;991;990;1;1;1.0;0.998;true
Poecile_lugubris_1;999;990;9;9;1.0;0.99;true
Poecile_lugubris_2;999;990;9;9;1.0;0.99;true
Porphyrio_porphyrio_1;991;990;1;1;1.0;0.998;true
Porphyrio_porphyrio_2;991;990;1;1;1.0;0.998;true
Probosciger_aterrimus_1;991;990;1;1;1.0;0.998;true
Probosciger_aterrimus_2;991;990;1;1;1.0;0.998;true
Psittacus_erithacus_1;991;990;1;1;1.0;0.998;true
Psittacus_erithacus_2;991;990;1;1;1.0;0.998;true
Psittrichas_fulgidus_1;909;906;3;3;1.0;0.996;true
Psittrichas_fulgidus_2;909;906;3;3;1.0;0.996;true
Psophia_crepitans_1;991;990;1;1;1.0;0.998;true
Psophia_crepitans_2;991;990;1;1;1.0;0.998;true
Pterocles_bicinctus_1;991;990;1;1;1.0;0.998;true
Pterocles_bicinctus_2;991;990;1;1;1.0;0.998;true
Pterodroma_externa_1;991;990;1;1;1.0;0.998;true
Pterodroma_externa_2;991;990;1;1;1.0;0.998;true
Ptilinopus_magnificus_1;991;990;1;1;1.0;0.998;true
Ptilinopus_magnificus_2;991;990;1;1;1.0;0.998;true
Ptilonorhynchus_violaceus_1;991;990;1;1;1.0;0.998;true
Ptilonorhynchus_violaceus_2;991;990;1;1;1.0;0.998;true
Puffinus_griseus_1;991;990;1;1;1.0;0.998;true
Puffinus_griseus_2;991;990;1;1;1.0;0.998;true
Pycnonotus_macrotis_1;988;987;1;1;1.0;0.998;true
Pycnonotus_macrotis_2;988;987;1;1;1.0;0.998;true
Rallus_longirostris_1;585;582;3;3;1.0;0.994;true
Rallus_longirostris_2;585;582;3;3;1.0;0.994;true
Ramphastos_ambiguus_1;991;990;1;1;1.0;0.998;true
Ramphastos_ambiguus_2;991;990;1;1;1.0;0.998;true
Recurvirostra_americana_1;991;990;1;1;1.0;0.998;true
Recurvirostra_americana_2;991;990;1;1;1.0;0.998;true
Regulus_ignicapilla_1;988;987;1;1;1.0;0.998;true
Regulus_ignicapilla_2;988;987;1;1;1.0;0.998;true
Rhea_americana_1;1024;990;34;34;1.0;0.966;true
Rhea_americana_2;1024;990;34;34;1.0;0.966;true
Rhynchocyclus_olivaceus_1;988;987;1;1;1.0;0.998;true
Rhynchocyclus_olivaceus_2;988;987;1;1;1.0;0.998;true
Rollandia_rolland_1;991;990;1;1;1.0;0.998;true
Rollandia_rolland_2;991;990;1;1;1.0;0.998;true
Rollulus_rouloul_1;991;990;1;1;1.0;0.998;true
Rollulus_rouloul_2;991;990;1;1;1.0;0.998;true
Rostratula_benghalensis_1;511;510;1;1;1.0;0.998;true
Rostratula_benghalensis_2;511;510;1;1;1.0;0.998;true
Rupicola_rupicola_1;906;906;0;0;1.0;1.0;true
Rupicola_rupicola_2;906;906;0;0;1.0;1.0;true
Rynchops_niger_1;991;990;1;1;1.0;0.998;true
Rynchops_niger_2;991;990;1;1;1.0;0.998;true
Sagittarius_serpentarius_1;991;990;1;1;1.0;0.998;true
Sagittarius_serpentarius_2;991;990;1;1;1.0;0.998;true
Sarothrura_rufa_1;939;939;0;0;1.0;1.0;true
Sarothrura_rufa_2;939;939;0;0;1.0;1.0;true
Schiffornis_turdina_1;990;987;3;3;1.0;0.996;true
Schiffornis_turdina_2;990;987;3;3;1.0;0.996;true
Sclerurus_mexicanus_1;991;990;1;1;1.0;0.998;true
Sclerurus_mexicanus_2;991;990;1;1;1.0;0.998;true
Scopus_umbretta_1;991;990;1;1;1.0;0.998;true
Scopus_umbretta_2;991;990;1;1;1.0;0.998;true
Sericulus_bakeri_1;991;990;1;1;1.0;0.998;true
Sericulus_bakeri_2;991;990;1;1;1.0;0.998;true
Smithornis_rufolateralis_1;991;990;1;1;1.0;0.998;true
Smithornis_rufolateralis_2;991;990;1;1;1.0;0.998;true
Spheniscus_humboldti_1;886;885;1;1;1.0;0.998;true
Spheniscus_humboldti_2;886;885;1;1;1.0;0.998;true
Spizella_arborea_1;991;990;1;1;1.0;0.998;true
Spizella_arborea_2;991;990;1;1;1.0;0.998;true
Steatornis_caripensi_1;303;303;0;0;1.0;1.0;true
Steatornis_caripensi_2;303;303;0;0;1.0;1.0;true
Sterna_hirundo_1;913;912;1;1;1.0;0.998;true
Sterna_hirundo_2;913;912;1;1;1.0;0.998;true
Streptoprocne_zonaris_1;991;990;1;1;1.0;0.998;true
Streptoprocne_zonaris_2;991;990;1;1;1.0;0.998;true
Strix_varia_1;961;960;1;1;1.0;0.998;true
Strix_varia_2;961;960;1;1;1.0;0.998;true
Struthio_camelus_1;991;990;1;1;1.0;0.998;true
Struthio_camelus_2;991;990;1;1;1.0;0.998;true
Sylvia_melanocephala_1;988;987;1;1;1.0;0.998;true
Sylvia_melanocephala_2;988;987;1;1;1.0;0.998;true
Syrrhaptes_paradoxus_1;988;987;1;1;1.0;0.998;true
Syrrhaptes_paradoxus_2;988;987;1;1;1.0;0.998;true
Tapera_naevia_1;1024;990;34;34;1.0;0.966;true
Tapera_naevia_2;1024;990;34;34;1.0;0.966;true
Tauraco_macrorhynchus_1;991;990;1;1;1.0;0.998;true
Tauraco_macrorhynchus_2;991;990;1;1;1.0;0.998;true
Terenura_callinota_1;991;990;1;1;1.0;0.998;true
Terenura_callinota_2;991;990;1;1;1.0;0.998;true
Thamnophilus_ruficapillu_1;991;990;1;1;1.0;0.998;true
Thamnophilus_ruficapillu_2;991;990;1;1;1.0;0.998;true
Theristicus_caerulescens_1;991;990;1;1;1.0;0.998;true
Theristicus_caerulescens_2;991;990;1;1;1.0;0.998;true
Tigrisoma_lineatum_1;991;990;1;1;1.0;0.998;true
Tigrisoma_lineatum_2;991;990;1;1;1.0;0.998;true
Tinamus_major_1;991;990;1;1;1.0;0.998;true
Tinamus_major_2;991;990;1;1;1.0;0.998;true
Tityra_cayana_1;988;987;1;1;1.0;0.998;true
Tityra_cayana_2;988;987;1;1;1.0;0.998;true
Tockus_camurus_1;988;987;1;1;1.0;0.998;true
Tockus_camurus_2;988;987;1;1;1.0;0.998;true
Todus_mexicanus_1;991;990;1;1;1.0;0.998;true
Todus_mexicanus_2;991;990;1;1;1.0;0.998;true
Topaza_pella_1;991;990;1;1;1.0;0.998;true
Topaza_pella_2;991;990;1;1;1.0;0.998;true
Treron_calvus_1;991;990;1;1;1.0;0.998;true
Treron_calvus_2;991;990;1;1;1.0;0.998;true
Tringa_solitaria_1;991;990;1;1;1.0;0.998;true
Tringa_solitaria_2;991;990;1;1;1.0;0.998;true
Trogon_elegans_1;991;990;1;1;1.0;0.998;true
Trogon_elegans_2;991;990;1;1;1.0;0.998;true
Turdus_olivater_1;991;990;1;1;1.0;0.998;true
Turdus_olivater_2;991;990;1;1;1.0;0.998;true
Turnix_ocellata_1;991;990;1;1;1.0;0.998;true
Turnix_ocellata_2;991;990;1;1;1.0;0.998;true
Tyrannus_albogularis_1;988;987;1;1;1.0;0.998;true
Tyrannus_albogularis_2;988;987;1;1;1.0;0.998;true
Tyto_alba_1;516;513;3;3;1.0;0.994;true
Tyto_alba_2;516;513;3;3;1.0;0.994;true
Upupa_epops_1;991;990;1;1;1.0;0.998;true
Upupa_epops_2;991;990;1;1;1.0;0.998;true
Uria_aalge_1;991;990;1;1;1.0;0.998;true
Uria_aalge_2;991;990;1;1;1.0;0.998;true
Urocolius_indicus_1;988;987;1;1;1.0;0.998;true
Urocolius_indicus_2;988;987;1;1;1.0;0.998;true
Vultur_gryphus_1;606;606;0;0;1.0;1.0;true
Vultur_gryphus_2;606;606;0;0;1.0;1.0;true
