seqName;initialSeqLength;nbKeep;nbTrim;nbInformativeTrim;percentKeepExcludingExtremities;percentKeepIncludingExtremities;keptSequences
Acanthisitta_chloris_1;2088;1125;963;963;1.0;0.538;true
Acanthisitta_chloris_2;2088;1125;963;963;1.0;0.538;true
Accipiter_superciliosus_1;1239;1155;84;84;1.0;0.932;true
Accipiter_superciliosus_2;1239;1155;84;84;1.0;0.932;true
Aegotheles_insignis_1;1209;1155;54;54;1.0;0.955;true
Aegotheles_insignis_2;1209;1155;54;54;1.0;0.955;true
Alcedo_quadribrachys_1;1464;1155;309;309;1.0;0.788;true
Alcedo_quadribrachys_2;1464;1155;309;309;1.0;0.788;true
Anas_superciliosa_1;1107;1107;0;0;1.0;1.0;true
Anas_superciliosa_2;1107;1107;0;0;1.0;1.0;true
Anhinga_anhinga_1;1212;1155;57;57;1.0;0.952;true
Anhinga_anhinga_2;1212;1155;57;57;1.0;0.952;true
Anser_canagicus_1;1050;1050;0;0;1.0;1.0;true
Anser_canagicus_2;1050;1050;0;0;1.0;1.0;true
Anseranas_semipalmata_1;1161;1152;9;9;1.0;0.992;true
Anseranas_semipalmata_2;1161;1152;9;9;1.0;0.992;true
Apaloderma_aequatoriale_1;1203;1080;123;123;1.0;0.897;true
Apaloderma_aequatoriale_2;1203;1080;123;123;1.0;0.897;true
Apteryx_sp._1;1398;1155;243;243;0.997;0.826;true
Apteryx_sp._2;1398;1155;243;243;0.997;0.826;true
Aramus_guarauna_1;867;0;867;867;0.0;0.0;false
Aramus_guarauna_2;867;0;867;867;0.0;0.0;false
Archilochus_colubris_1;1080;1080;0;0;1.0;1.0;true
Archilochus_colubris_2;1080;1080;0;0;1.0;1.0;true
Ardea_herodias_1;1317;1155;162;162;1.0;0.876;true
Ardea_herodias_2;1317;1155;162;162;1.0;0.876;true
Ardeotis_kori_1;1221;1152;69;69;1.0;0.943;true
Ardeotis_kori_2;1221;1152;69;69;1.0;0.943;true
Arenaria_interpres_1;1068;1035;33;33;1.0;0.969;true
Arenaria_interpres_2;1068;1035;33;33;1.0;0.969;true
Atelornis_pittoides_1;1341;1155;186;186;1.0;0.861;true
Atelornis_pittoides_2;1341;1155;186;186;1.0;0.861;true
Aythya_valisineria_1;1179;1155;24;24;1.0;0.979;true
Aythya_valisineria_2;1179;1155;24;24;1.0;0.979;true
Balaeniceps_rex_1;1161;1155;6;6;1.0;0.994;true
Balaeniceps_rex_2;1161;1155;6;6;1.0;0.994;true
Balearica_regulorum_1;1227;1149;78;78;1.0;0.936;true
Balearica_regulorum_2;1227;1149;78;78;1.0;0.936;true
Barnardius_zonarius_1;1200;1146;54;54;1.0;0.955;true
Barnardius_zonarius_2;1200;1146;54;54;1.0;0.955;true
Bonasa_umbellus_1;1227;1152;75;75;1.0;0.938;true
Bonasa_umbellus_2;1227;1152;75;75;1.0;0.938;true
Buccanodon_duchaillui_1;1315;1146;169;169;1.0;0.871;true
Buccanodon_duchaillui_2;1315;1146;169;169;1.0;0.871;true
Bucco_capensis_1;1112;1010;102;102;1.0;0.908;true
Bucco_capensis_2;1112;1010;102;102;1.0;0.908;true
Bucorvus_leadbeateri_1;1218;1137;81;81;1.0;0.933;true
Bucorvus_leadbeateri_2;1218;1137;81;81;1.0;0.933;true
Burhinus_oedicnemus_1;1317;1155;162;162;1.0;0.876;true
Burhinus_oedicnemus_2;1317;1155;162;162;1.0;0.876;true
Buteo_jamaicensis_1;1254;1155;99;99;1.0;0.921;true
Buteo_jamaicensis_2;1254;1155;99;99;1.0;0.921;true
Calandrella_brachydactyla_1;1107;525;582;582;1.0;0.474;true
Calandrella_brachydactyla_2;1107;525;582;582;1.0;0.474;true
Calyptomena_viridis_1;1803;1116;687;687;1.0;0.618;true
Calyptomena_viridis_2;1803;1116;687;687;1.0;0.618;true
Capito_niger_1;1189;1146;43;43;1.0;0.963;true
Capito_niger_2;1189;1146;43;43;1.0;0.963;true
Caprimulgus_europaeus_1;801;0;801;801;0.0;0.0;false
Caprimulgus_europaeus_2;801;0;801;801;0.0;0.0;false
Caracara_cheriway_1;1302;1146;156;156;1.0;0.88;true
Caracara_cheriway_2;1302;1146;156;156;1.0;0.88;true
Cariama_cristata_1;1203;1155;48;48;1.0;0.96;true
Cariama_cristata_2;1203;1155;48;48;1.0;0.96;true
Casuarius_bennetti_1;1191;1155;36;36;1.0;0.969;true
Casuarius_bennetti_2;1191;1155;36;36;1.0;0.969;true
Cathartes_burrovianus_1;1107;1107;0;0;1.0;1.0;true
Cathartes_burrovianus_2;1107;1107;0;0;1.0;1.0;true
Centropus_bengalensis_1;1215;1026;189;189;1.0;0.844;true
Centropus_bengalensis_2;1215;1026;189;189;1.0;0.844;true
Chaetura_brachyura_1;1251;1155;96;96;1.0;0.923;true
Chaetura_brachyura_2;1251;1155;96;96;1.0;0.923;true
Charadrius_hiaticula_1;1248;1155;93;93;1.0;0.925;true
Charadrius_hiaticula_2;1248;1155;93;93;1.0;0.925;true
Chauna_torquata_1;1293;1083;210;210;1.0;0.837;true
Chauna_torquata_2;1293;1083;210;210;1.0;0.837;true
Chelidoptera_tenebrosa_1;1046;1010;36;36;1.0;0.965;true
Chelidoptera_tenebrosa_2;1046;1010;36;36;1.0;0.965;true
Chloroceryle_inda_1;1215;1143;72;72;1.0;0.94;true
Chloroceryle_inda_2;1215;1143;72;72;1.0;0.94;true
Chordeiles_pusillus_1;834;0;834;834;0.0;0.0;false
Chordeiles_pusillus_2;834;0;834;834;0.0;0.0;false
Chroicocephalus_cirrocephalus_1;1137;1137;0;0;1.0;1.0;true
Chroicocephalus_cirrocephalus_2;1137;1137;0;0;1.0;1.0;true
Chunga_burmeisteri_1;1293;1155;138;138;0.997;0.893;true
Chunga_burmeisteri_2;1293;1155;138;138;0.997;0.893;true
Ciconia_nigra_1;1305;1155;150;150;1.0;0.885;true
Ciconia_nigra_2;1305;1155;150;150;1.0;0.885;true
Climacteris_melanura_1;2043;1125;918;918;1.0;0.55;true
Climacteris_melanura_2;2043;1125;918;918;1.0;0.55;true
Coccyzus_melacoryphus_1;1146;1143;3;3;0.997;0.997;true
Coccyzus_melacoryphus_2;1146;1143;3;3;0.997;0.997;true
Colinus_cristatus_1;1167;1152;15;15;1.0;0.987;true
Colinus_cristatus_2;1167;1152;15;15;1.0;0.987;true
Colius_colius_1;1284;1155;129;129;1.0;0.899;true
Colius_colius_2;1284;1155;129;129;1.0;0.899;true
Columba_livia_1;1166;1112;54;54;1.0;0.953;true
Columba_livia_2;1166;1112;54;54;1.0;0.953;true
Columbina_minuta_1;1232;1112;120;120;1.0;0.902;true
Columbina_minuta_2;1232;1112;120;120;1.0;0.902;true
Coracias_cyanogaster_1;1557;1155;402;402;1.0;0.741;true
Coracias_cyanogaster_2;1557;1155;402;402;1.0;0.741;true
Corvus_albus_1;1821;1125;696;696;1.0;0.617;true
Corvus_albus_2;1821;1125;696;696;1.0;0.617;true
Corythaeola_cristata_1;1272;1155;117;117;1.0;0.908;true
Corythaeola_cristata_2;1272;1155;117;117;1.0;0.908;true
Cotinga_cayana_1;1782;1125;657;657;1.0;0.631;true
Cotinga_cayana_2;1782;1125;657;657;1.0;0.631;true
Crax_alector_1;1278;1149;129;129;1.0;0.899;true
Crax_alector_2;1278;1149;129;129;1.0;0.899;true
Cryptopipo_aenigma_1;1947;1128;819;819;1.0;0.579;true
Cryptopipo_aenigma_2;1947;1128;819;819;1.0;0.579;true
Crypturellus_tataupa_1;1133;1097;36;36;1.0;0.968;true
Crypturellus_tataupa_2;1133;1097;36;36;1.0;0.968;true
Cuculus_optatus_1;1107;1107;0;0;1.0;1.0;true
Cuculus_optatus_2;1107;1107;0;0;1.0;1.0;true
Dendrocygna_viduata_1;926;926;0;0;1.0;1.0;true
Dendrocygna_viduata_2;926;926;0;0;1.0;1.0;true
Deroptyus_accipitrinus_1;954;954;0;0;1.0;1.0;true
Deroptyus_accipitrinus_2;954;954;0;0;1.0;1.0;true
Dromaius_novaehollandiae_1;1164;1155;9;9;1.0;0.992;true
Dromaius_novaehollandiae_2;1164;1155;9;9;1.0;0.992;true
Elaenia_flavogaster_1;2196;1116;1080;1080;1.0;0.508;true
Elaenia_flavogaster_2;2196;1116;1080;1080;1.0;0.508;true
Elanus_leucurus_1;954;954;0;0;1.0;1.0;true
Elanus_leucurus_2;954;954;0;0;1.0;1.0;true
Eudromia_elegans_1;1206;1155;51;51;1.0;0.957;true
Eudromia_elegans_2;1206;1155;51;51;1.0;0.957;true
Eurostopodus_macrotis_1;933;0;933;933;0.0;0.0;false
Eurostopodus_macrotis_2;933;0;933;933;0.0;0.0;false
Eurylaimus_ochromalus_1;1980;1125;855;855;1.0;0.568;true
Eurylaimus_ochromalus_2;1980;1125;855;855;1.0;0.568;true
Eurypyga_helias_1;1224;1152;72;72;1.0;0.941;true
Eurypyga_helias_2;1224;1152;72;72;1.0;0.941;true
Falco_sparverius_1;1336;1152;184;184;1.0;0.862;true
Falco_sparverius_2;1336;1152;184;184;1.0;0.862;true
Fregata_magnificens_1;1224;1035;189;189;1.0;0.845;true
Fregata_magnificens_2;1224;1035;189;189;1.0;0.845;true
Fringilla_coelebs_1;2061;1122;939;939;1.0;0.544;true
Fringilla_coelebs_2;2061;1122;939;939;1.0;0.544;true
Fulmarus_glacialoides_1;1107;1107;0;0;1.0;1.0;true
Fulmarus_glacialoides_2;1107;1107;0;0;1.0;1.0;true
Furnarius_rufus_1;2046;1128;918;918;1.0;0.551;true
Furnarius_rufus_2;2046;1128;918;918;1.0;0.551;true
Galbula_dea_1;1007;1007;0;0;1.0;1.0;true
Galbula_dea_2;1007;1007;0;0;1.0;1.0;true
Gallus_gallus_1;1335;1152;183;183;1.0;0.862;true
Gallus_gallus_2;1335;1152;183;183;1.0;0.862;true
Gavia_immer_1;1053;1053;0;0;1.0;1.0;true
Gavia_immer_2;1053;1053;0;0;1.0;1.0;true
Glareola_nuchalis_1;1386;1155;231;231;1.0;0.833;true
Glareola_nuchalis_2;1386;1155;231;231;1.0;0.833;true
Grus_canadensis_1;1215;1149;66;66;1.0;0.945;true
Grus_canadensis_2;1215;1149;66;66;1.0;0.945;true
Haematopus_palliatus_1;1151;1007;144;144;1.0;0.874;true
Haematopus_palliatus_2;1151;1007;144;144;1.0;0.874;true
Heliornis_fulica_1;1953;1137;816;816;1.0;0.582;true
Heliornis_fulica_2;1953;1137;816;816;1.0;0.582;true
Hemiprocne_comata_1;1107;1107;0;0;1.0;1.0;true
Hemiprocne_comata_2;1107;1107;0;0;1.0;1.0;true
Hirundinea_ferruginea_1;2037;1116;921;921;1.0;0.547;true
Hirundinea_ferruginea_2;2037;1116;921;921;1.0;0.547;true
Hymenops_perspicillatus_1;1821;1116;705;705;1.0;0.612;true
Hymenops_perspicillatus_2;1821;1116;705;705;1.0;0.612;true
Ibycter_americanus_1;1179;1146;33;33;1.0;0.972;true
Ibycter_americanus_2;1179;1146;33;33;1.0;0.972;true
Indicator_exilis_1;1225;1152;73;73;1.0;0.94;true
Indicator_exilis_2;1225;1152;73;73;1.0;0.94;true
Ixobrychus_minutus_1;1164;1041;123;123;1.0;0.894;true
Ixobrychus_minutus_2;1164;1041;123;123;1.0;0.894;true
Jacana_jacana_1;1167;1080;87;87;1.0;0.925;true
Jacana_jacana_2;1167;1080;87;87;1.0;0.925;true
Jynx_torquilla_1;1318;1152;166;166;1.0;0.874;true
Jynx_torquilla_2;1318;1152;166;166;1.0;0.874;true
Leipoa_ocellata_1;1209;1155;54;54;1.0;0.955;true
Leipoa_ocellata_2;1209;1155;54;54;1.0;0.955;true
Lepidocolaptes_angustirostr_1;1980;1128;852;852;1.0;0.569;true
Lepidocolaptes_angustirostr_2;1980;1128;852;852;1.0;0.569;true
Leptoptilos_crumeniferus_1;1095;1095;0;0;1.0;1.0;true
Leptoptilos_crumeniferus_2;1095;1095;0;0;1.0;1.0;true
Leptosomus_discolor_1;1008;813;195;195;1.0;0.806;true
Leptosomus_discolor_2;1008;813;195;195;1.0;0.806;true
Leptotila_rufaxilla_1;1199;1112;87;87;1.0;0.927;true
Leptotila_rufaxilla_2;1199;1112;87;87;1.0;0.927;true
Limosa_lapponica_1;1272;1155;117;117;1.0;0.908;true
Limosa_lapponica_2;1272;1155;117;117;1.0;0.908;true
Lophorina_superba_1;1368;1023;345;345;1.0;0.747;true
Lophorina_superba_2;1368;1023;345;345;1.0;0.747;true
Malurus_splendens_1;1260;1074;186;186;1.0;0.852;true
Malurus_splendens_2;1260;1074;186;186;1.0;0.852;true
Megalaima_chrysopogon_1;1234;1146;88;88;1.0;0.928;true
Megalaima_chrysopogon_2;1234;1146;88;88;1.0;0.928;true
Melanopareia_maximilian_1;1860;1125;735;735;1.0;0.604;true
Melanopareia_maximilian_2;1860;1125;735;735;1.0;0.604;true
Menura_novaehollandiae_1;2106;1125;981;981;1.0;0.534;true
Menura_novaehollandiae_2;2106;1125;981;981;1.0;0.534;true
Merops_muelleri_1;873;777;96;96;1.0;0.89;true
Merops_muelleri_2;873;777;96;96;1.0;0.89;true
Mesitornis_unicolor_1;1266;1017;249;249;0.944;0.803;true
Mesitornis_unicolor_2;1266;1077;189;189;1.0;0.85;true
Micrastur_gilvicollis_1;852;696;156;156;1.0;0.816;true
Micrastur_gilvicollis_2;852;696;156;156;1.0;0.816;true
Micropygia_schomburgkii_1;1224;1152;72;72;1.0;0.941;true
Micropygia_schomburgkii_2;1224;1152;72;72;1.0;0.941;true
Momotus_lessonii_1;1146;1146;0;0;1.0;1.0;true
Momotus_lessonii_2;1146;1146;0;0;1.0;1.0;true
Monias_benschi_1;1233;1122;111;111;0.976;0.909;true
Monias_benschi_2;1233;1149;84;84;1.0;0.931;true
Morus_serrator_1;1275;1155;120;120;1.0;0.905;true
Morus_serrator_2;1275;1155;120;120;1.0;0.905;true
Myiobius_barbatus_1;1962;1128;834;834;1.0;0.574;true
Myiobius_barbatus_2;1962;1128;834;834;1.0;0.574;true
Myrmornis_torquata_1;1557;1128;429;429;1.0;0.724;true
Myrmornis_torquata_2;1557;1128;429;429;1.0;0.724;true
Myrmothera_campanisona_1;1803;1125;678;678;1.0;0.623;true
Myrmothera_campanisona_2;1803;1125;678;678;1.0;0.623;true
Neodrepanis_coruscans_1;1926;1125;801;801;1.0;0.584;true
Neodrepanis_coruscans_2;1926;1125;801;801;1.0;0.584;true
Neopelma_chrysocephalum_1;1422;1128;294;294;1.0;0.793;true
Neopelma_chrysocephalum_2;1422;1128;294;294;1.0;0.793;true
Nestor_meridionalis_1;1263;1155;108;108;1.0;0.914;true
Nestor_meridionalis_2;1263;1155;108;108;1.0;0.914;true
Nothoprocta_ornata_1;1332;1143;189;189;1.0;0.858;true
Nothoprocta_ornata_2;1332;1143;189;189;1.0;0.858;true
Numida_malagris_1;1251;1149;102;102;1.0;0.918;true
Numida_malagris_2;1251;1149;102;102;1.0;0.918;true
Nyctibius_griseus_1;630;630;0;0;1.0;1.0;true
Nyctibius_griseus_2;630;630;0;0;1.0;1.0;true
Oceanites_oceanicus_1;1299;1155;144;144;1.0;0.889;true
Oceanites_oceanicus_2;1299;1155;144;144;1.0;0.889;true
Oceanodroma_leucorhoa_1;992;992;0;0;1.0;1.0;true
Oceanodroma_leucorhoa_2;992;992;0;0;1.0;1.0;true
Odontophorus_gujanensis_1;1509;1140;369;369;0.989;0.755;true
Odontophorus_gujanensis_2;1509;1140;369;369;0.989;0.755;true
Opisthocomus_hoazin_1;1128;1128;0;0;1.0;1.0;true
Opisthocomus_hoazin_2;1128;1128;0;0;1.0;1.0;true
Ortalis_motmot_1;1047;1047;0;0;1.0;1.0;true
Ortalis_motmot_2;1047;1047;0;0;1.0;1.0;true
Oxyruncus_cristatus_1;1998;1128;870;870;1.0;0.564;true
Oxyruncus_cristatus_2;1998;1128;870;870;1.0;0.564;true
Oxyura_jamaicensis_1;1260;1155;105;105;1.0;0.916;true
Oxyura_jamaicensis_2;1260;1155;105;105;1.0;0.916;true
Pandion_haliaetus_1;789;789;0;0;1.0;1.0;true
Pandion_haliaetus_2;789;789;0;0;1.0;1.0;true
Pedionomus_torquatus_1;1371;1155;216;216;1.0;0.842;true
Pedionomus_torquatus_2;1371;1155;216;216;1.0;0.842;true
Pelagodroma_marina_1;1329;1155;174;174;1.0;0.869;true
Pelagodroma_marina_2;1329;1155;174;174;1.0;0.869;true
Pelecanoides_urinatrix_1;1176;1155;21;21;1.0;0.982;true
Pelecanoides_urinatrix_2;1176;1155;21;21;1.0;0.982;true
Pelecanus_occidentalis_1;1227;1152;75;75;1.0;0.938;true
Pelecanus_occidentalis_2;1227;1152;75;75;1.0;0.938;true
Phaethon_rubricauda_1;1326;1116;210;210;1.0;0.841;true
Phaethon_rubricauda_2;1326;1116;210;210;1.0;0.841;true
Phaethornis_superciliosus_1;1098;1098;0;0;1.0;1.0;true
Phaethornis_superciliosus_2;1098;1098;0;0;1.0;1.0;true
Phalacrocorax_brasili_1;1278;1083;195;195;1.0;0.847;true
Phalacrocorax_brasili_2;1278;1083;195;195;1.0;0.847;true
Phoebastria_nigripes_1;1308;1155;153;153;1.0;0.883;true
Phoebastria_nigripes_2;1308;1155;153;153;1.0;0.883;true
Phoenicopterus_ruber_1;1170;1140;30;30;1.0;0.974;true
Phoenicopterus_ruber_2;1170;1140;30;30;1.0;0.974;true
Phoeniculus_purpureus_1;1722;1119;603;603;1.0;0.649;true
Phoeniculus_purpureus_2;1722;1119;603;603;1.0;0.649;true
Picus_canus_1;1120;1104;16;16;1.0;0.985;true
Picus_canus_2;1120;1104;16;16;1.0;0.985;true
Pipra_erythrocephala_1;2019;1128;891;891;1.0;0.558;true
Pipra_erythrocephala_2;2019;1128;891;891;1.0;0.558;true
Piprites_chloris_1;1977;1128;849;849;1.0;0.57;true
Piprites_chloris_2;1977;1128;849;849;1.0;0.57;true
Pitta_angolensis_1;1770;1107;663;663;1.0;0.625;true
Pitta_angolensis_2;1770;1107;663;663;1.0;0.625;true
Podargus_strigoides_1;1125;1125;0;0;1.0;1.0;true
Podargus_strigoides_2;1125;1125;0;0;1.0;1.0;true
Poecile_lugubris_1;1842;1125;717;717;1.0;0.61;true
Poecile_lugubris_2;1842;1125;717;717;1.0;0.61;true
Porphyrio_porphyrio_1;1209;1155;54;54;1.0;0.955;true
Porphyrio_porphyrio_2;1209;1155;54;54;1.0;0.955;true
Probosciger_aterrimus_1;1206;1155;51;51;1.0;0.957;true
Probosciger_aterrimus_2;1206;1155;51;51;1.0;0.957;true
Psittacus_erithacus_1;1260;1041;219;219;1.0;0.826;true
Psittacus_erithacus_2;1260;1041;219;219;1.0;0.826;true
Psittrichas_fulgidus_1;1041;1041;0;0;1.0;1.0;true
Psittrichas_fulgidus_2;1041;1041;0;0;1.0;1.0;true
Psophia_crepitans_1;1215;1071;144;144;0.975;0.881;true
Psophia_crepitans_2;1215;1083;132;132;0.986;0.891;true
Pterocles_bicinctus_1;1311;1155;156;156;1.0;0.881;true
Pterocles_bicinctus_2;1311;1143;168;168;1.0;0.871;true
Pterodroma_externa_1;1164;1155;9;9;1.0;0.992;true
Pterodroma_externa_2;1164;1155;9;9;1.0;0.992;true
Ptilinopus_magnificus_1;1202;1112;90;90;1.0;0.925;true
Ptilinopus_magnificus_2;1202;1112;90;90;1.0;0.925;true
Ptilonorhynchus_violaceus_1;2118;1125;993;993;1.0;0.531;true
Ptilonorhynchus_violaceus_2;2118;1125;993;993;1.0;0.531;true
Puffinus_griseus_1;1191;1155;36;36;1.0;0.969;true
Puffinus_griseus_2;1191;1155;36;36;1.0;0.969;true
Pycnonotus_macrotis_1;1233;522;711;711;1.0;0.423;true
Pycnonotus_macrotis_2;1233;522;711;711;1.0;0.423;true
Rallus_longirostris_1;1209;1152;57;57;1.0;0.952;true
Rallus_longirostris_2;1209;1152;57;57;1.0;0.952;true
Ramphastos_ambiguus_1;1207;1134;73;73;1.0;0.939;true
Ramphastos_ambiguus_2;1207;1134;73;73;1.0;0.939;true
Recurvirostra_americana_1;1112;1007;105;105;1.0;0.905;true
Recurvirostra_americana_2;1112;1007;105;105;1.0;0.905;true
Regulus_ignicapilla_1;2139;1122;1017;1017;1.0;0.524;true
Regulus_ignicapilla_2;2139;1122;1017;1017;1.0;0.524;true
Rhea_americana_1;1101;1101;0;0;1.0;1.0;true
Rhea_americana_2;1101;1086;15;15;0.986;0.986;true
Rhynchocyclus_olivaceus_1;1935;1125;810;810;1.0;0.581;true
Rhynchocyclus_olivaceus_2;1935;1125;810;810;1.0;0.581;true
Rollandia_rolland_1;1170;1152;18;18;1.0;0.984;true
Rollandia_rolland_2;1170;1152;18;18;1.0;0.984;true
Rollulus_rouloul_1;1188;1152;36;36;1.0;0.969;true
Rollulus_rouloul_2;1188;1152;36;36;1.0;0.969;true
Rostratula_benghalensis_1;1194;1086;108;108;1.0;0.909;true
Rostratula_benghalensis_2;1194;1086;108;108;1.0;0.909;true
Rupicola_rupicola_1;2073;1128;945;945;1.0;0.544;true
Rupicola_rupicola_2;2073;1128;945;945;1.0;0.544;true
Rynchops_niger_1;1044;1044;0;0;1.0;1.0;true
Rynchops_niger_2;1044;1044;0;0;1.0;1.0;true
Sagittarius_serpentarius_1;1107;1107;0;0;1.0;1.0;true
Sagittarius_serpentarius_2;1107;1107;0;0;1.0;1.0;true
Sarothrura_rufa_1;1059;1059;0;0;1.0;1.0;true
Sarothrura_rufa_2;1059;1059;0;0;1.0;1.0;true
Schiffornis_turdina_1;2067;1128;939;939;1.0;0.545;true
Schiffornis_turdina_2;2067;1128;939;939;1.0;0.545;true
Sclerurus_mexicanus_1;2154;1122;1032;1032;1.0;0.52;true
Sclerurus_mexicanus_2;2154;1122;1032;1032;1.0;0.52;true
Scopus_umbretta_1;1053;1053;0;0;1.0;1.0;true
Scopus_umbretta_2;1053;1053;0;0;1.0;1.0;true
Sericulus_bakeri_1;2313;1125;1188;1188;1.0;0.486;true
Sericulus_bakeri_2;2313;1125;1188;1188;1.0;0.486;true
Smithornis_rufolateralis_1;2103;1128;975;975;1.0;0.536;true
Smithornis_rufolateralis_2;2103;1128;975;975;1.0;0.536;true
Spheniscus_humboldti_1;1071;1071;0;0;1.0;1.0;true
Spheniscus_humboldti_2;1071;1071;0;0;1.0;1.0;true
Spizella_arborea_1;1092;1053;39;39;1.0;0.964;true
Spizella_arborea_2;1092;1053;39;39;1.0;0.964;true
Steatornis_caripensi_1;387;387;0;0;1.0;1.0;true
Steatornis_caripensi_2;387;387;0;0;1.0;1.0;true
Sterna_hirundo_1;1089;1089;0;0;1.0;1.0;true
Sterna_hirundo_2;1089;1089;0;0;1.0;1.0;true
Streptoprocne_zonaris_1;1281;1155;126;126;1.0;0.901;true
Streptoprocne_zonaris_2;1281;1155;126;126;1.0;0.901;true
Strix_varia_1;1360;0;1360;1360;0.0;0.0;false
Strix_varia_2;1360;0;1360;1360;0.0;0.0;false
Struthio_camelus_1;648;0;648;648;0.0;0.0;false
Struthio_camelus_2;648;0;648;648;0.0;0.0;false
Sylvia_melanocephala_1;861;525;336;336;1.0;0.609;true
Sylvia_melanocephala_2;861;525;336;336;1.0;0.609;true
Syrrhaptes_paradoxus_1;1161;1155;6;6;1.0;0.994;true
Syrrhaptes_paradoxus_2;1161;1155;6;6;1.0;0.994;true
Tapera_naevia_1;1275;1155;120;120;1.0;0.905;true
Tapera_naevia_2;1275;1155;120;120;1.0;0.905;true
Tauraco_macrorhynchus_1;1167;1155;12;12;1.0;0.989;true
Tauraco_macrorhynchus_2;1167;1155;12;12;1.0;0.989;true
Terenura_callinota_1;1998;1122;876;876;1.0;0.561;true
Terenura_callinota_2;1998;1122;876;876;1.0;0.561;true
Thamnophilus_ruficapillu_1;1803;1023;780;780;1.0;0.567;true
Thamnophilus_ruficapillu_2;1803;1023;780;780;1.0;0.567;true
Theristicus_caerulescens_1;1053;1053;0;0;1.0;1.0;true
Theristicus_caerulescens_2;1053;1053;0;0;1.0;1.0;true
Tigrisoma_lineatum_1;978;921;57;57;1.0;0.941;true
Tigrisoma_lineatum_2;978;921;57;57;1.0;0.941;true
Tinamus_major_1;935;935;0;0;1.0;1.0;true
Tinamus_major_2;935;935;0;0;1.0;1.0;true
Tityra_cayana_1;1599;1128;471;471;1.0;0.705;true
Tityra_cayana_2;1599;1128;471;471;1.0;0.705;true
Tockus_camurus_1;1131;1095;36;36;1.0;0.968;true
Tockus_camurus_2;1131;1095;36;36;1.0;0.968;true
Todus_mexicanus_1;1260;1155;105;105;1.0;0.916;true
Todus_mexicanus_2;1260;1155;105;105;1.0;0.916;true
Topaza_pella_1;1128;1128;0;0;1.0;1.0;true
Topaza_pella_2;1128;1128;0;0;1.0;1.0;true
Treron_calvus_1;1238;1112;126;126;1.0;0.898;true
Treron_calvus_2;1238;1112;126;126;1.0;0.898;true
Tringa_solitaria_1;1281;1155;126;126;1.0;0.901;true
Tringa_solitaria_2;1281;1155;126;126;1.0;0.901;true
Trogon_elegans_1;1473;1155;318;318;1.0;0.784;true
Trogon_elegans_2;1473;1155;318;318;1.0;0.784;true
Turdus_olivater_1;1863;1125;738;738;1.0;0.603;true
Turdus_olivater_2;1863;1125;738;738;1.0;0.603;true
Turnix_ocellata_1;1557;1143;414;414;1.0;0.734;true
Turnix_ocellata_2;1557;1143;414;414;1.0;0.734;true
Tyrannus_albogularis_1;2046;1116;930;930;1.0;0.545;true
Tyrannus_albogularis_2;2046;1116;930;930;1.0;0.545;true
Tyto_alba_1;390;390;0;0;1.0;1.0;true
Tyto_alba_2;390;390;0;0;1.0;1.0;true
Upupa_epops_1;1121;992;129;129;1.0;0.884;true
Upupa_epops_2;1121;992;129;129;1.0;0.884;true
Uria_aalge_1;1239;1155;84;84;1.0;0.932;true
Uria_aalge_2;1239;1155;84;84;1.0;0.932;true
Urocolius_indicus_1;1146;1146;0;0;1.0;1.0;true
Urocolius_indicus_2;1146;1146;0;0;1.0;1.0;true
Vultur_gryphus_1;888;888;0;0;1.0;1.0;true
Vultur_gryphus_2;888;888;0;0;1.0;1.0;true
